issue_date,label_date,split,ticker,prob_up,actual_up,correct
2018-02-28,2018-03-01,train_in_sample,SPY,0.509846031665802,0,0
2018-02-28,2018-03-01,train_in_sample,QQQ,0.5326722264289856,0,0
2018-02-28,2018-03-01,train_in_sample,IWM,0.4634721279144287,0,1
2018-03-01,2018-03-02,train_in_sample,SPY,0.5337363481521606,1,1
2018-03-01,2018-03-02,train_in_sample,QQQ,0.5381684303283691,1,1
2018-03-01,2018-03-02,train_in_sample,IWM,0.5190432667732239,1,1
2018-03-02,2018-03-05,train_in_sample,SPY,0.5126879811286926,1,1
2018-03-02,2018-03-05,train_in_sample,QQQ,0.5809587240219116,1,1
2018-03-02,2018-03-05,train_in_sample,IWM,0.5237625241279602,1,1
2018-03-05,2018-03-06,train_in_sample,SPY,0.520757257938385,1,1
2018-03-05,2018-03-06,train_in_sample,QQQ,0.5382553339004517,1,1
2018-03-05,2018-03-06,train_in_sample,IWM,0.5441958904266357,1,1
2018-03-06,2018-03-07,train_in_sample,SPY,0.5164153575897217,0,0
2018-03-06,2018-03-07,train_in_sample,QQQ,0.5547639727592468,1,1
2018-03-06,2018-03-07,train_in_sample,IWM,0.5054960250854492,1,1
2018-03-07,2018-03-08,train_in_sample,SPY,0.5030621290206909,1,1
2018-03-07,2018-03-08,train_in_sample,QQQ,0.6051587462425232,1,1
2018-03-07,2018-03-08,train_in_sample,IWM,0.514331042766571,0,0
2018-03-08,2018-03-09,train_in_sample,SPY,0.5123865604400635,1,1
2018-03-08,2018-03-09,train_in_sample,QQQ,0.5778321027755737,1,1
2018-03-08,2018-03-09,train_in_sample,IWM,0.4806469976902008,1,0
2018-03-09,2018-03-12,train_in_sample,SPY,0.5240633487701416,0,0
2018-03-09,2018-03-12,train_in_sample,QQQ,0.5848063230514526,1,1
2018-03-09,2018-03-12,train_in_sample,IWM,0.5236793756484985,1,1
2018-03-12,2018-03-13,train_in_sample,SPY,0.49445459246635437,0,1
2018-03-12,2018-03-13,train_in_sample,QQQ,0.5607540607452393,0,0
2018-03-12,2018-03-13,train_in_sample,IWM,0.46180588006973267,0,1
2018-03-13,2018-03-14,train_in_sample,SPY,0.523788332939148,0,0
2018-03-13,2018-03-14,train_in_sample,QQQ,0.5778781771659851,0,0
2018-03-13,2018-03-14,train_in_sample,IWM,0.465820848941803,0,1
2018-03-14,2018-03-15,train_in_sample,SPY,0.48269912600517273,0,1
2018-03-14,2018-03-15,train_in_sample,QQQ,0.5579699277877808,0,0
2018-03-14,2018-03-15,train_in_sample,IWM,0.48604968190193176,0,1
2018-03-15,2018-03-16,train_in_sample,SPY,0.5108148455619812,1,1
2018-03-15,2018-03-16,train_in_sample,QQQ,0.544962465763092,0,0
2018-03-15,2018-03-16,train_in_sample,IWM,0.49332258105278015,1,0
2018-03-16,2018-03-19,train_in_sample,SPY,0.5410566329956055,0,0
2018-03-16,2018-03-19,train_in_sample,QQQ,0.628463625907898,0,0
2018-03-16,2018-03-19,train_in_sample,IWM,0.4687058627605438,0,1
2018-03-19,2018-03-20,train_in_sample,SPY,0.47840964794158936,1,0
2018-03-19,2018-03-20,train_in_sample,QQQ,0.5075309872627258,1,1
2018-03-19,2018-03-20,train_in_sample,IWM,0.4346969425678253,0,1
2018-03-20,2018-03-21,train_in_sample,SPY,0.4701164662837982,0,1
2018-03-20,2018-03-21,train_in_sample,QQQ,0.4974609315395355,0,1
2018-03-20,2018-03-21,train_in_sample,IWM,0.5049272775650024,1,1
2018-03-21,2018-03-22,train_in_sample,SPY,0.5167381763458252,0,0
2018-03-21,2018-03-22,train_in_sample,QQQ,0.5706501007080078,0,0
2018-03-21,2018-03-22,train_in_sample,IWM,0.48398980498313904,0,1
2018-03-22,2018-03-23,train_in_sample,SPY,0.4654737710952759,0,1
2018-03-22,2018-03-23,train_in_sample,QQQ,0.5085049867630005,0,0
2018-03-22,2018-03-23,train_in_sample,IWM,0.5166338086128235,0,0
2018-03-23,2018-03-26,train_in_sample,SPY,0.5067262649536133,1,1
2018-03-23,2018-03-26,train_in_sample,QQQ,0.5340777635574341,1,1
2018-03-23,2018-03-26,train_in_sample,IWM,0.49801716208457947,1,0
2018-03-26,2018-03-27,train_in_sample,SPY,0.5057497024536133,0,0
2018-03-26,2018-03-27,train_in_sample,QQQ,0.5350818037986755,0,0
2018-03-26,2018-03-27,train_in_sample,IWM,0.5489603877067566,0,0
2018-03-27,2018-03-28,train_in_sample,SPY,0.5052332282066345,0,0
2018-03-27,2018-03-28,train_in_sample,QQQ,0.547009289264679,0,0
2018-03-27,2018-03-28,train_in_sample,IWM,0.5285093784332275,0,0
2018-03-28,2018-03-29,train_in_sample,SPY,0.540090799331665,1,1
2018-03-28,2018-03-29,train_in_sample,QQQ,0.5609387755393982,1,1
2018-03-28,2018-03-29,train_in_sample,IWM,0.5085698962211609,1,1
2018-03-29,2018-04-02,train_in_sample,SPY,0.5333142280578613,0,0
2018-03-29,2018-04-02,train_in_sample,QQQ,0.5732740163803101,0,0
2018-03-29,2018-04-02,train_in_sample,IWM,0.5396137833595276,0,0
2018-04-02,2018-04-03,train_in_sample,SPY,0.4834953844547272,1,0
2018-04-02,2018-04-03,train_in_sample,QQQ,0.5452278852462769,1,1
2018-04-02,2018-04-03,train_in_sample,IWM,0.5262250304222107,1,1
2018-04-03,2018-04-04,train_in_sample,SPY,0.5515090823173523,1,1
2018-04-03,2018-04-04,train_in_sample,QQQ,0.5733968019485474,1,1
2018-04-03,2018-04-04,train_in_sample,IWM,0.5261463522911072,1,1
2018-04-04,2018-04-05,train_in_sample,SPY,0.5118803381919861,1,1
2018-04-04,2018-04-05,train_in_sample,QQQ,0.6054655313491821,1,1
2018-04-04,2018-04-05,train_in_sample,IWM,0.5479509830474854,1,1
2018-04-05,2018-04-06,train_in_sample,SPY,0.56035977602005,0,0
2018-04-05,2018-04-06,train_in_sample,QQQ,0.6173465251922607,0,0
2018-04-05,2018-04-06,train_in_sample,IWM,0.5110394358634949,0,0
2018-04-06,2018-04-09,train_in_sample,SPY,0.481719970703125,1,0
2018-04-06,2018-04-09,train_in_sample,QQQ,0.5127862691879272,1,1
2018-04-06,2018-04-09,train_in_sample,IWM,0.519524872303009,1,1
2018-04-09,2018-04-10,train_in_sample,SPY,0.49473080039024353,1,0
2018-04-09,2018-04-10,train_in_sample,QQQ,0.5794236063957214,1,1
2018-04-09,2018-04-10,train_in_sample,IWM,0.4732832610607147,1,0
2018-04-10,2018-04-11,train_in_sample,SPY,0.5288824439048767,0,0
2018-04-10,2018-04-11,train_in_sample,QQQ,0.5554295182228088,0,0
2018-04-10,2018-04-11,train_in_sample,IWM,0.5336326956748962,1,1
2018-04-11,2018-04-12,train_in_sample,SPY,0.4803275763988495,1,0
2018-04-11,2018-04-12,train_in_sample,QQQ,0.5611029267311096,1,1
2018-04-11,2018-04-12,train_in_sample,IWM,0.47981929779052734,1,0
2018-04-12,2018-04-13,train_in_sample,SPY,0.5072506070137024,0,0
2018-04-12,2018-04-13,train_in_sample,QQQ,0.5611872673034668,0,0
2018-04-12,2018-04-13,train_in_sample,IWM,0.5254082083702087,0,0
2018-04-13,2018-04-16,train_in_sample,SPY,0.4661242663860321,1,0
2018-04-13,2018-04-16,train_in_sample,QQQ,0.5575351119041443,1,1
2018-04-13,2018-04-16,train_in_sample,IWM,0.45393046736717224,1,0
2018-04-16,2018-04-17,train_in_sample,SPY,0.544051468372345,1,1
2018-04-16,2018-04-17,train_in_sample,QQQ,0.603106677532196,1,1
2018-04-16,2018-04-17,train_in_sample,IWM,0.5153763294219971,1,1
2018-04-17,2018-04-18,train_in_sample,SPY,0.5172233581542969,1,1
2018-04-17,2018-04-18,train_in_sample,QQQ,0.5824302434921265,1,1
2018-04-17,2018-04-18,train_in_sample,IWM,0.540624737739563,1,1
2018-04-18,2018-04-19,train_in_sample,SPY,0.48149168491363525,0,1
2018-04-18,2018-04-19,train_in_sample,QQQ,0.5868176817893982,0,0
2018-04-18,2018-04-19,train_in_sample,IWM,0.44908615946769714,0,1
2018-04-19,2018-04-20,train_in_sample,SPY,0.48789986968040466,0,1
2018-04-19,2018-04-20,train_in_sample,QQQ,0.5584427118301392,0,0
2018-04-19,2018-04-20,train_in_sample,IWM,0.39866355061531067,0,1
2018-04-20,2018-04-23,train_in_sample,SPY,0.5467512011528015,0,0
2018-04-20,2018-04-23,train_in_sample,QQQ,0.5746713876724243,0,0
2018-04-20,2018-04-23,train_in_sample,IWM,0.4783932864665985,0,1
2018-04-23,2018-04-24,train_in_sample,SPY,0.5013738870620728,0,0
2018-04-23,2018-04-24,train_in_sample,QQQ,0.5696405172348022,0,0
2018-04-23,2018-04-24,train_in_sample,IWM,0.457984060049057,0,1
2018-04-24,2018-04-25,train_in_sample,SPY,0.5035706758499146,1,1
2018-04-24,2018-04-25,train_in_sample,QQQ,0.5429652333259583,1,1
2018-04-24,2018-04-25,train_in_sample,IWM,0.47500020265579224,0,1
2018-04-25,2018-04-26,train_in_sample,SPY,0.551893413066864,1,1
2018-04-25,2018-04-26,train_in_sample,QQQ,0.5867397785186768,1,1
2018-04-25,2018-04-26,train_in_sample,IWM,0.5339265465736389,1,1
2018-04-26,2018-04-27,train_in_sample,SPY,0.5164614915847778,1,1
2018-04-26,2018-04-27,train_in_sample,QQQ,0.5828644037246704,1,1
2018-04-26,2018-04-27,train_in_sample,IWM,0.512543261051178,0,0
2018-04-27,2018-04-30,train_in_sample,SPY,0.5282011032104492,0,0
2018-04-27,2018-04-30,train_in_sample,QQQ,0.5661672353744507,0,0
2018-04-27,2018-04-30,train_in_sample,IWM,0.46472418308258057,0,1
2018-04-30,2018-05-01,train_in_sample,SPY,0.4902445673942566,1,0
2018-04-30,2018-05-01,train_in_sample,QQQ,0.5191291570663452,1,1
2018-04-30,2018-05-01,train_in_sample,IWM,0.4792134165763855,1,0
2018-05-01,2018-05-02,train_in_sample,SPY,0.4948558211326599,0,1
2018-05-01,2018-05-02,train_in_sample,QQQ,0.5374516248703003,0,0
2018-05-01,2018-05-02,train_in_sample,IWM,0.5257273316383362,1,1
2018-05-02,2018-05-03,train_in_sample,SPY,0.5479633212089539,0,0
2018-05-02,2018-05-03,train_in_sample,QQQ,0.5720072984695435,0,0
2018-05-02,2018-05-03,train_in_sample,IWM,0.4976814389228821,0,1
2018-05-03,2018-05-04,train_in_sample,SPY,0.5066429376602173,1,1
2018-05-03,2018-05-04,train_in_sample,QQQ,0.5335090756416321,1,1
2018-05-03,2018-05-04,train_in_sample,IWM,0.48677363991737366,1,0
2018-05-04,2018-05-07,train_in_sample,SPY,0.5229548811912537,1,1
2018-05-04,2018-05-07,train_in_sample,QQQ,0.5825076103210449,1,1
2018-05-04,2018-05-07,train_in_sample,IWM,0.5472187995910645,1,1
2018-05-07,2018-05-08,train_in_sample,SPY,0.5112375617027283,0,0
2018-05-07,2018-05-08,train_in_sample,QQQ,0.5737779140472412,0,0
2018-05-07,2018-05-08,train_in_sample,IWM,0.4879537522792816,1,0
2018-05-08,2018-05-09,train_in_sample,SPY,0.5050946474075317,1,1
2018-05-08,2018-05-09,train_in_sample,QQQ,0.5475907325744629,1,1
2018-05-08,2018-05-09,train_in_sample,IWM,0.49053966999053955,1,0
2018-05-09,2018-05-10,train_in_sample,SPY,0.5278780460357666,1,1
2018-05-09,2018-05-10,train_in_sample,QQQ,0.5923168659210205,1,1
2018-05-09,2018-05-10,train_in_sample,IWM,0.5175150632858276,1,1
2018-05-10,2018-05-11,train_in_sample,SPY,0.5186738967895508,1,1
2018-05-10,2018-05-11,train_in_sample,QQQ,0.5676649212837219,0,0
2018-05-10,2018-05-11,train_in_sample,IWM,0.48716211318969727,1,0
2018-05-11,2018-05-14,train_in_sample,SPY,0.5016347765922546,1,1
2018-05-11,2018-05-14,train_in_sample,QQQ,0.567800760269165,1,1
2018-05-11,2018-05-14,train_in_sample,IWM,0.46999627351760864,0,1
2018-05-14,2018-05-15,train_in_sample,SPY,0.46905040740966797,0,1
2018-05-14,2018-05-15,train_in_sample,QQQ,0.5810798406600952,0,0
2018-05-14,2018-05-15,train_in_sample,IWM,0.4277161955833435,1,0
2018-05-15,2018-05-16,train_in_sample,SPY,0.5194153785705566,1,1
2018-05-15,2018-05-16,train_in_sample,QQQ,0.5722864270210266,1,1
2018-05-15,2018-05-16,train_in_sample,IWM,0.5338398218154907,1,1
2018-05-16,2018-05-17,train_in_sample,SPY,0.5940107703208923,0,0
2018-05-16,2018-05-17,train_in_sample,QQQ,0.6700379252433777,0,0
2018-05-16,2018-05-17,train_in_sample,IWM,0.5177249312400818,1,1
2018-05-17,2018-05-18,train_in_sample,SPY,0.514163076877594,0,0
2018-05-17,2018-05-18,train_in_sample,QQQ,0.5985249876976013,0,0
2018-05-17,2018-05-18,train_in_sample,IWM,0.4479328989982605,1,0
2018-05-18,2018-05-21,train_in_sample,SPY,0.4991069436073303,1,0
2018-05-18,2018-05-21,train_in_sample,QQQ,0.6065263748168945,1,1
2018-05-18,2018-05-21,train_in_sample,IWM,0.4508137106895447,1,0
2018-05-21,2018-05-22,train_in_sample,SPY,0.5556913614273071,0,0
2018-05-21,2018-05-22,train_in_sample,QQQ,0.6436449289321899,0,0
2018-05-21,2018-05-22,train_in_sample,IWM,0.47171464562416077,0,1
2018-05-22,2018-05-23,train_in_sample,SPY,0.5357180833816528,1,1
2018-05-22,2018-05-23,train_in_sample,QQQ,0.586205005645752,1,1
2018-05-22,2018-05-23,train_in_sample,IWM,0.48743101954460144,1,0
2018-05-23,2018-05-24,train_in_sample,SPY,0.49733516573905945,0,1
2018-05-23,2018-05-24,train_in_sample,QQQ,0.554668664932251,0,0
2018-05-23,2018-05-24,train_in_sample,IWM,0.5256549715995789,1,1
2018-05-24,2018-05-25,train_in_sample,SPY,0.5323920249938965,0,0
2018-05-24,2018-05-25,train_in_sample,QQQ,0.6176614165306091,1,1
2018-05-24,2018-05-25,train_in_sample,IWM,0.48623237013816833,0,1
2018-05-25,2018-05-29,train_in_sample,SPY,0.5022098422050476,0,0
2018-05-25,2018-05-29,train_in_sample,QQQ,0.576858639717102,0,0
2018-05-25,2018-05-29,train_in_sample,IWM,0.4862128496170044,0,1
2018-05-29,2018-05-30,train_in_sample,SPY,0.5315725803375244,1,1
2018-05-29,2018-05-30,train_in_sample,QQQ,0.608857274055481,1,1
2018-05-29,2018-05-30,train_in_sample,IWM,0.5197551846504211,1,1
2018-05-30,2018-05-31,train_in_sample,SPY,0.5667433738708496,0,0
2018-05-30,2018-05-31,train_in_sample,QQQ,0.6029541492462158,0,0
2018-05-30,2018-05-31,train_in_sample,IWM,0.49802088737487793,0,1
2018-05-31,2018-06-01,train_in_sample,SPY,0.45472216606140137,1,0
2018-05-31,2018-06-01,train_in_sample,QQQ,0.5251942873001099,1,1
2018-05-31,2018-06-01,train_in_sample,IWM,0.49618077278137207,1,0
2018-06-01,2018-06-04,train_in_sample,SPY,0.5288307666778564,1,1
2018-06-01,2018-06-04,train_in_sample,QQQ,0.5743268132209778,1,1
2018-06-01,2018-06-04,train_in_sample,IWM,0.5012710690498352,1,1
2018-06-04,2018-06-05,train_in_sample,SPY,0.5109564065933228,1,1
2018-06-04,2018-06-05,train_in_sample,QQQ,0.5704222321510315,1,1
2018-06-04,2018-06-05,train_in_sample,IWM,0.5047708749771118,1,1
2018-06-05,2018-06-06,train_in_sample,SPY,0.5314927697181702,1,1
2018-06-05,2018-06-06,train_in_sample,QQQ,0.61626136302948,1,1
2018-06-05,2018-06-06,train_in_sample,IWM,0.4767996072769165,1,0
2018-06-06,2018-06-07,train_in_sample,SPY,0.5524963736534119,0,0
2018-06-06,2018-06-07,train_in_sample,QQQ,0.5980786085128784,0,0
2018-06-06,2018-06-07,train_in_sample,IWM,0.49412524700164795,0,1
2018-06-07,2018-06-08,train_in_sample,SPY,0.5419719815254211,1,1
2018-06-07,2018-06-08,train_in_sample,QQQ,0.5793787240982056,1,1
2018-06-07,2018-06-08,train_in_sample,IWM,0.48938751220703125,1,0
2018-06-08,2018-06-11,train_in_sample,SPY,0.5234273076057434,1,1
2018-06-08,2018-06-11,train_in_sample,QQQ,0.6123632192611694,1,1
2018-06-08,2018-06-11,train_in_sample,IWM,0.46098941564559937,1,0
2018-06-11,2018-06-12,train_in_sample,SPY,0.5271899104118347,1,1
2018-06-11,2018-06-12,train_in_sample,QQQ,0.6116319894790649,1,1
2018-06-11,2018-06-12,train_in_sample,IWM,0.4792306125164032,1,0
2018-06-12,2018-06-13,train_in_sample,SPY,0.5009915828704834,0,0
2018-06-12,2018-06-13,train_in_sample,QQQ,0.570085346698761,0,0
2018-06-12,2018-06-13,train_in_sample,IWM,0.5317646265029907,0,0
2018-06-13,2018-06-14,train_in_sample,SPY,0.5078620910644531,1,1
2018-06-13,2018-06-14,train_in_sample,QQQ,0.5936844944953918,1,1
2018-06-13,2018-06-14,train_in_sample,IWM,0.4665788412094116,1,0
2018-06-14,2018-06-15,train_in_sample,SPY,0.5274069905281067,0,0
2018-06-14,2018-06-15,train_in_sample,QQQ,0.632084310054779,0,0
2018-06-14,2018-06-15,train_in_sample,IWM,0.4783534109592438,0,1
2018-06-15,2018-06-18,train_in_sample,SPY,0.48222142457962036,0,1
2018-06-15,2018-06-18,train_in_sample,QQQ,0.5710294246673584,0,0
2018-06-15,2018-06-18,train_in_sample,IWM,0.4990502893924713,1,0
2018-06-18,2018-06-19,train_in_sample,SPY,0.5154911875724792,0,0
2018-06-18,2018-06-19,train_in_sample,QQQ,0.6189431548118591,0,0
2018-06-18,2018-06-19,train_in_sample,IWM,0.47868263721466064,1,0
2018-06-19,2018-06-20,train_in_sample,SPY,0.5090819001197815,1,1
2018-06-19,2018-06-20,train_in_sample,QQQ,0.6148777008056641,1,1
2018-06-19,2018-06-20,train_in_sample,IWM,0.4271448850631714,1,0
2018-06-20,2018-06-21,train_in_sample,SPY,0.5129859447479248,0,0
2018-06-20,2018-06-21,train_in_sample,QQQ,0.5853180885314941,0,0
2018-06-20,2018-06-21,train_in_sample,IWM,0.49076128005981445,0,1
2018-06-21,2018-06-22,train_in_sample,SPY,0.5026255249977112,1,1
2018-06-21,2018-06-22,train_in_sample,QQQ,0.5936459898948669,0,0
2018-06-21,2018-06-22,train_in_sample,IWM,0.3983764946460724,0,1
2018-06-22,2018-06-25,train_in_sample,SPY,0.5429204702377319,0,0
2018-06-22,2018-06-25,train_in_sample,QQQ,0.5969376564025879,0,0
2018-06-22,2018-06-25,train_in_sample,IWM,0.4731420576572418,0,1
2018-06-25,2018-06-26,train_in_sample,SPY,0.5267699956893921,1,1
2018-06-25,2018-06-26,train_in_sample,QQQ,0.5490435361862183,1,1
2018-06-25,2018-06-26,train_in_sample,IWM,0.49662652611732483,1,0
2018-06-26,2018-06-27,train_in_sample,SPY,0.5431618690490723,0,0
2018-06-26,2018-06-27,train_in_sample,QQQ,0.5746270418167114,0,0
2018-06-26,2018-06-27,train_in_sample,IWM,0.46873027086257935,0,1
2018-06-27,2018-06-28,train_in_sample,SPY,0.5175968408584595,1,1
2018-06-27,2018-06-28,train_in_sample,QQQ,0.5475248694419861,1,1
2018-06-27,2018-06-28,train_in_sample,IWM,0.48680877685546875,1,0
2018-06-28,2018-06-29,train_in_sample,SPY,0.5312536358833313,1,1
2018-06-28,2018-06-29,train_in_sample,QQQ,0.5743851661682129,1,1
2018-06-28,2018-06-29,train_in_sample,IWM,0.5093417763710022,0,0
2018-06-29,2018-07-02,train_in_sample,SPY,0.5406533479690552,1,1
2018-06-29,2018-07-02,train_in_sample,QQQ,0.5845128297805786,1,1
2018-06-29,2018-07-02,train_in_sample,IWM,0.466101735830307,1,0
2018-07-02,2018-07-03,train_in_sample,SPY,0.5021060705184937,0,0
2018-07-02,2018-07-03,train_in_sample,QQQ,0.5911566019058228,0,0
2018-07-02,2018-07-03,train_in_sample,IWM,0.4638078510761261,1,0
2018-07-03,2018-07-05,train_in_sample,SPY,0.5814248919487,1,1
2018-07-03,2018-07-05,train_in_sample,QQQ,0.6221233010292053,1,1
2018-07-03,2018-07-05,train_in_sample,IWM,0.48342517018318176,1,0
2018-07-05,2018-07-06,train_in_sample,SPY,0.484328031539917,1,0
2018-07-05,2018-07-06,train_in_sample,QQQ,0.5697558522224426,1,1
2018-07-05,2018-07-06,train_in_sample,IWM,0.5226428508758545,1,1
2018-07-06,2018-07-09,train_in_sample,SPY,0.4931442141532898,1,0
2018-07-06,2018-07-09,train_in_sample,QQQ,0.5919943451881409,1,1
2018-07-06,2018-07-09,train_in_sample,IWM,0.46480637788772583,1,0
2018-07-09,2018-07-10,train_in_sample,SPY,0.5330066680908203,1,1
2018-07-09,2018-07-10,train_in_sample,QQQ,0.6197043061256409,1,1
2018-07-09,2018-07-10,train_in_sample,IWM,0.4836726188659668,0,1
2018-07-10,2018-07-11,train_in_sample,SPY,0.5499683618545532,0,0
2018-07-10,2018-07-11,train_in_sample,QQQ,0.5995902419090271,0,0
2018-07-10,2018-07-11,train_in_sample,IWM,0.4790300726890564,0,1
2018-07-11,2018-07-12,train_in_sample,SPY,0.5418081283569336,1,1
2018-07-11,2018-07-12,train_in_sample,QQQ,0.5805851817131042,1,1
2018-07-11,2018-07-12,train_in_sample,IWM,0.45692920684814453,1,0
2018-07-12,2018-07-13,train_in_sample,SPY,0.5345197319984436,1,1
2018-07-12,2018-07-13,train_in_sample,QQQ,0.5981241464614868,1,1
2018-07-12,2018-07-13,train_in_sample,IWM,0.48051702976226807,0,1
2018-07-13,2018-07-16,train_in_sample,SPY,0.4941849112510681,0,1
2018-07-13,2018-07-16,train_in_sample,QQQ,0.5738419890403748,0,0
2018-07-13,2018-07-16,train_in_sample,IWM,0.4862571060657501,0,1
2018-07-16,2018-07-17,train_in_sample,SPY,0.48978835344314575,1,0
2018-07-16,2018-07-17,train_in_sample,QQQ,0.5602741837501526,1,1
2018-07-16,2018-07-17,train_in_sample,IWM,0.4734932482242584,1,0
2018-07-17,2018-07-18,train_in_sample,SPY,0.499972939491272,1,0
2018-07-17,2018-07-18,train_in_sample,QQQ,0.6119900345802307,0,0
2018-07-17,2018-07-18,train_in_sample,IWM,0.4727153480052948,1,0
2018-07-18,2018-07-19,train_in_sample,SPY,0.5040202736854553,0,0
2018-07-18,2018-07-19,train_in_sample,QQQ,0.6140760779380798,0,0
2018-07-18,2018-07-19,train_in_sample,IWM,0.4137380123138428,1,0
2018-07-19,2018-07-20,train_in_sample,SPY,0.5463943481445312,0,0
2018-07-19,2018-07-20,train_in_sample,QQQ,0.6005706787109375,0,0
2018-07-19,2018-07-20,train_in_sample,IWM,0.46711352467536926,0,1
2018-07-20,2018-07-23,train_in_sample,SPY,0.5304771661758423,1,1
2018-07-20,2018-07-23,train_in_sample,QQQ,0.5952149033546448,1,1
2018-07-20,2018-07-23,train_in_sample,IWM,0.4681650698184967,1,0
2018-07-23,2018-07-24,train_in_sample,SPY,0.5049312114715576,1,1
2018-07-23,2018-07-24,train_in_sample,QQQ,0.6248639822006226,1,1
2018-07-23,2018-07-24,train_in_sample,IWM,0.46253466606140137,0,1
2018-07-24,2018-07-25,train_in_sample,SPY,0.4940756559371948,1,0
2018-07-24,2018-07-25,train_in_sample,QQQ,0.5619344711303711,1,1
2018-07-24,2018-07-25,train_in_sample,IWM,0.4647059142589569,1,0
2018-07-25,2018-07-26,train_in_sample,SPY,0.5213685035705566,0,0
2018-07-25,2018-07-26,train_in_sample,QQQ,0.5943339467048645,0,0
2018-07-25,2018-07-26,train_in_sample,IWM,0.49891576170921326,1,0
2018-07-26,2018-07-27,train_in_sample,SPY,0.5366966724395752,0,0
2018-07-26,2018-07-27,train_in_sample,QQQ,0.5974444150924683,0,0
2018-07-26,2018-07-27,train_in_sample,IWM,0.4591977000236511,0,1
2018-07-27,2018-07-30,train_in_sample,SPY,0.5063962340354919,0,0
2018-07-27,2018-07-30,train_in_sample,QQQ,0.5451037883758545,0,0
2018-07-27,2018-07-30,train_in_sample,IWM,0.44305872917175293,0,1
2018-07-30,2018-07-31,train_in_sample,SPY,0.5358631014823914,1,1
2018-07-30,2018-07-31,train_in_sample,QQQ,0.558637797832489,1,1
2018-07-30,2018-07-31,train_in_sample,IWM,0.4789424538612366,1,0
2018-07-31,2018-08-01,train_in_sample,SPY,0.532686173915863,0,0
2018-07-31,2018-08-01,train_in_sample,QQQ,0.5837153196334839,1,1
2018-07-31,2018-08-01,train_in_sample,IWM,0.48800408840179443,0,1
2018-08-01,2018-08-02,train_in_sample,SPY,0.4861375093460083,1,0
2018-08-01,2018-08-02,train_in_sample,QQQ,0.5663151144981384,1,1
2018-08-01,2018-08-02,train_in_sample,IWM,0.4750405550003052,1,0
2018-08-02,2018-08-03,train_in_sample,SPY,0.4887937605381012,1,0
2018-08-02,2018-08-03,train_in_sample,QQQ,0.5755601525306702,1,1
2018-08-02,2018-08-03,train_in_sample,IWM,0.5121451616287231,0,0
2018-08-03,2018-08-06,train_in_sample,SPY,0.5388873815536499,1,1
2018-08-03,2018-08-06,train_in_sample,QQQ,0.5981115698814392,1,1
2018-08-03,2018-08-06,train_in_sample,IWM,0.47086629271507263,1,0
2018-08-06,2018-08-07,train_in_sample,SPY,0.5144197940826416,1,1
2018-08-06,2018-08-07,train_in_sample,QQQ,0.6141486763954163,1,1
2018-08-06,2018-08-07,train_in_sample,IWM,0.4830162525177002,1,0
2018-08-07,2018-08-08,train_in_sample,SPY,0.4874149262905121,0,1
2018-08-07,2018-08-08,train_in_sample,QQQ,0.5918368101119995,1,1
2018-08-07,2018-08-08,train_in_sample,IWM,0.4400710463523865,0,1
2018-08-08,2018-08-09,train_in_sample,SPY,0.4892643690109253,0,1
2018-08-08,2018-08-09,train_in_sample,QQQ,0.5793724656105042,0,0
2018-08-08,2018-08-09,train_in_sample,IWM,0.4347888231277466,1,0
2018-08-09,2018-08-10,train_in_sample,SPY,0.5094431638717651,0,0
2018-08-09,2018-08-10,train_in_sample,QQQ,0.5780820250511169,0,0
2018-08-09,2018-08-10,train_in_sample,IWM,0.4458596706390381,0,1
2018-08-10,2018-08-13,train_in_sample,SPY,0.5555839538574219,0,0
2018-08-10,2018-08-13,train_in_sample,QQQ,0.6307206153869629,0,0
2018-08-10,2018-08-13,train_in_sample,IWM,0.46007266640663147,0,1
2018-08-13,2018-08-14,train_in_sample,SPY,0.5123056173324585,1,1
2018-08-13,2018-08-14,train_in_sample,QQQ,0.5443471670150757,1,1
2018-08-13,2018-08-14,train_in_sample,IWM,0.4748424291610718,1,0
2018-08-14,2018-08-15,train_in_sample,SPY,0.5306360721588135,0,0
2018-08-14,2018-08-15,train_in_sample,QQQ,0.6047768592834473,0,0
2018-08-14,2018-08-15,train_in_sample,IWM,0.46256521344184875,0,1
2018-08-15,2018-08-16,train_in_sample,SPY,0.5168313384056091,1,1
2018-08-15,2018-08-16,train_in_sample,QQQ,0.5560228228569031,1,1
2018-08-15,2018-08-16,train_in_sample,IWM,0.47726932168006897,1,0
2018-08-16,2018-08-17,train_in_sample,SPY,0.5555060505867004,1,1
2018-08-16,2018-08-17,train_in_sample,QQQ,0.5822439193725586,1,1
2018-08-16,2018-08-17,train_in_sample,IWM,0.467741459608078,1,0
2018-08-17,2018-08-20,train_in_sample,SPY,0.5121617913246155,1,1
2018-08-17,2018-08-20,train_in_sample,QQQ,0.5769226551055908,0,0
2018-08-17,2018-08-20,train_in_sample,IWM,0.48095712065696716,1,0
2018-08-20,2018-08-21,train_in_sample,SPY,0.5108360052108765,1,1
2018-08-20,2018-08-21,train_in_sample,QQQ,0.5846015810966492,1,1
2018-08-20,2018-08-21,train_in_sample,IWM,0.44719991087913513,1,0
2018-08-21,2018-08-22,train_in_sample,SPY,0.5379341840744019,0,0
2018-08-21,2018-08-22,train_in_sample,QQQ,0.5997355580329895,1,1
2018-08-21,2018-08-22,train_in_sample,IWM,0.48382967710494995,1,0
2018-08-22,2018-08-23,train_in_sample,SPY,0.5085521340370178,0,0
2018-08-22,2018-08-23,train_in_sample,QQQ,0.6146172881126404,0,0
2018-08-22,2018-08-23,train_in_sample,IWM,0.44842347502708435,0,1
2018-08-23,2018-08-24,train_in_sample,SPY,0.5927096009254456,1,1
2018-08-23,2018-08-24,train_in_sample,QQQ,0.5962756872177124,1,1
2018-08-23,2018-08-24,train_in_sample,IWM,0.4929872453212738,1,0
2018-08-24,2018-08-27,train_in_sample,SPY,0.5581560134887695,1,1
2018-08-24,2018-08-27,train_in_sample,QQQ,0.6073349118232727,1,1
2018-08-24,2018-08-27,train_in_sample,IWM,0.48733314871788025,1,0
2018-08-27,2018-08-28,train_in_sample,SPY,0.5205293297767639,1,1
2018-08-27,2018-08-28,train_in_sample,QQQ,0.5770426988601685,1,1
2018-08-27,2018-08-28,train_in_sample,IWM,0.5037270784378052,1,1
2018-08-28,2018-08-29,train_in_sample,SPY,0.4891241192817688,1,0
2018-08-28,2018-08-29,train_in_sample,QQQ,0.5414822101593018,1,1
2018-08-28,2018-08-29,train_in_sample,IWM,0.5013747811317444,1,1
2018-08-29,2018-08-30,train_in_sample,SPY,0.5339390635490417,0,0
2018-08-29,2018-08-30,train_in_sample,QQQ,0.6360349655151367,0,0
2018-08-29,2018-08-30,train_in_sample,IWM,0.5016433000564575,0,0
2018-08-30,2018-08-31,train_in_sample,SPY,0.5153835415840149,0,0
2018-08-30,2018-08-31,train_in_sample,QQQ,0.5828611254692078,1,1
2018-08-30,2018-08-31,train_in_sample,IWM,0.5046493411064148,1,1
2018-08-31,2018-09-04,train_in_sample,SPY,0.49047672748565674,0,1
2018-08-31,2018-09-04,train_in_sample,QQQ,0.5862993597984314,0,0
2018-08-31,2018-09-04,train_in_sample,IWM,0.4577343463897705,0,1
2018-09-04,2018-09-05,train_in_sample,SPY,0.49959608912467957,0,1
2018-09-04,2018-09-05,train_in_sample,QQQ,0.5948960781097412,0,0
2018-09-04,2018-09-05,train_in_sample,IWM,0.47403523325920105,0,1
2018-09-05,2018-09-06,train_in_sample,SPY,0.5676546096801758,0,0
2018-09-05,2018-09-06,train_in_sample,QQQ,0.5768520832061768,0,0
2018-09-05,2018-09-06,train_in_sample,IWM,0.4980660676956177,0,1
2018-09-06,2018-09-07,train_in_sample,SPY,0.5030195116996765,0,0
2018-09-06,2018-09-07,train_in_sample,QQQ,0.551981508731842,0,0
2018-09-06,2018-09-07,train_in_sample,IWM,0.4408318102359772,0,1
2018-09-07,2018-09-10,train_in_sample,SPY,0.5250950455665588,1,1
2018-09-07,2018-09-10,train_in_sample,QQQ,0.5754696130752563,1,1
2018-09-07,2018-09-10,train_in_sample,IWM,0.4645739197731018,1,0
2018-09-10,2018-09-11,train_in_sample,SPY,0.5231963992118835,1,1
2018-09-10,2018-09-11,train_in_sample,QQQ,0.5987178087234497,1,1
2018-09-10,2018-09-11,train_in_sample,IWM,0.45164549350738525,1,0
2018-09-11,2018-09-12,train_in_sample,SPY,0.5133823752403259,1,1
2018-09-11,2018-09-12,train_in_sample,QQQ,0.5746328830718994,0,0
2018-09-11,2018-09-12,train_in_sample,IWM,0.46485283970832825,0,1
2018-09-12,2018-09-13,train_in_sample,SPY,0.5358418822288513,1,1
2018-09-12,2018-09-13,train_in_sample,QQQ,0.5663660168647766,1,1
2018-09-12,2018-09-13,train_in_sample,IWM,0.4856434166431427,1,0
2018-09-13,2018-09-14,train_in_sample,SPY,0.4936877489089966,1,0
2018-09-13,2018-09-14,train_in_sample,QQQ,0.5765089392662048,0,0
2018-09-13,2018-09-14,train_in_sample,IWM,0.5062271952629089,1,1
2018-09-14,2018-09-17,train_in_sample,SPY,0.5294365286827087,0,0
2018-09-14,2018-09-17,train_in_sample,QQQ,0.6113767623901367,0,0
2018-09-14,2018-09-17,train_in_sample,IWM,0.43721115589141846,0,1
2018-09-17,2018-09-18,train_in_sample,SPY,0.538500964641571,1,1
2018-09-17,2018-09-18,train_in_sample,QQQ,0.5843350291252136,1,1
2018-09-17,2018-09-18,train_in_sample,IWM,0.47379741072654724,1,0
2018-09-18,2018-09-19,train_in_sample,SPY,0.52906733751297,1,1
2018-09-18,2018-09-19,train_in_sample,QQQ,0.5737194418907166,0,0
2018-09-18,2018-09-19,train_in_sample,IWM,0.4520152807235718,0,1
2018-09-19,2018-09-20,train_in_sample,SPY,0.5049455761909485,1,1
2018-09-19,2018-09-20,train_in_sample,QQQ,0.555472731590271,1,1
2018-09-19,2018-09-20,train_in_sample,IWM,0.41944801807403564,1,0
2018-09-20,2018-09-21,train_in_sample,SPY,0.5640342831611633,0,0
2018-09-20,2018-09-21,train_in_sample,QQQ,0.5761147737503052,0,0
2018-09-20,2018-09-21,train_in_sample,IWM,0.495724081993103,0,1
2018-09-21,2018-09-24,train_in_sample,SPY,0.5185240507125854,0,0
2018-09-21,2018-09-24,train_in_sample,QQQ,0.5642081499099731,1,1
2018-09-21,2018-09-24,train_in_sample,IWM,0.47016021609306335,0,1
2018-09-24,2018-09-25,train_in_sample,SPY,0.4665556848049164,0,1
2018-09-24,2018-09-25,train_in_sample,QQQ,0.5370081663131714,1,1
2018-09-24,2018-09-25,train_in_sample,IWM,0.48202717304229736,1,0
2018-09-25,2018-09-26,train_in_sample,SPY,0.5303367376327515,0,0
2018-09-25,2018-09-26,train_in_sample,QQQ,0.5820148587226868,1,1
2018-09-25,2018-09-26,train_in_sample,IWM,0.46606284379959106,0,1
2018-09-26,2018-09-27,train_in_sample,SPY,0.5174117684364319,1,1
2018-09-26,2018-09-27,train_in_sample,QQQ,0.5367279052734375,1,1
2018-09-26,2018-09-27,train_in_sample,IWM,0.49605196714401245,1,0
2018-09-27,2018-09-28,train_in_sample,SPY,0.504280686378479,0,0
2018-09-27,2018-09-28,train_in_sample,QQQ,0.5588690042495728,0,0
2018-09-27,2018-09-28,train_in_sample,IWM,0.5010778307914734,1,1
2018-09-28,2018-10-01,train_in_sample,SPY,0.5324380397796631,1,1
2018-09-28,2018-10-01,train_in_sample,QQQ,0.6042165756225586,1,1
2018-09-28,2018-10-01,train_in_sample,IWM,0.4937712252140045,0,1
2018-10-01,2018-10-02,train_in_sample,SPY,0.5010988116264343,0,0
2018-10-01,2018-10-02,train_in_sample,QQQ,0.5323298573493958,0,0
2018-10-01,2018-10-02,train_in_sample,IWM,0.48731255531311035,0,1
2018-10-02,2018-10-03,train_in_sample,SPY,0.507013738155365,1,1
2018-10-02,2018-10-03,train_in_sample,QQQ,0.5696535110473633,1,1
2018-10-02,2018-10-03,train_in_sample,IWM,0.44464582204818726,1,0
2018-10-03,2018-10-04,train_in_sample,SPY,0.55765700340271,0,0
2018-10-03,2018-10-04,train_in_sample,QQQ,0.5694152116775513,0,0
2018-10-03,2018-10-04,train_in_sample,IWM,0.49361854791641235,0,1
2018-10-04,2018-10-05,train_in_sample,SPY,0.5567287802696228,0,0
2018-10-04,2018-10-05,train_in_sample,QQQ,0.5518439412117004,0,0
2018-10-04,2018-10-05,train_in_sample,IWM,0.47720515727996826,0,1
2018-10-05,2018-10-08,train_in_sample,SPY,0.5364972352981567,0,0
2018-10-05,2018-10-08,train_in_sample,QQQ,0.566912055015564,0,0
2018-10-05,2018-10-08,train_in_sample,IWM,0.4860909581184387,0,1
2018-10-08,2018-10-09,train_in_sample,SPY,0.5304438471794128,0,0
2018-10-08,2018-10-09,train_in_sample,QQQ,0.5735579133033752,1,1
2018-10-08,2018-10-09,train_in_sample,IWM,0.4832424819469452,0,1
2018-10-09,2018-10-10,train_in_sample,SPY,0.5238281488418579,0,0
2018-10-09,2018-10-10,train_in_sample,QQQ,0.5615247488021851,0,0
2018-10-09,2018-10-10,train_in_sample,IWM,0.4816311299800873,0,1
2018-10-10,2018-10-11,train_in_sample,SPY,0.5275940299034119,0,0
2018-10-10,2018-10-11,train_in_sample,QQQ,0.5315694808959961,0,0
2018-10-10,2018-10-11,train_in_sample,IWM,0.4909321069717407,0,1
2018-10-11,2018-10-12,train_in_sample,SPY,0.5188449025154114,1,1
2018-10-11,2018-10-12,train_in_sample,QQQ,0.5294976830482483,1,1
2018-10-11,2018-10-12,train_in_sample,IWM,0.5260879397392273,1,1
2018-10-12,2018-10-15,train_in_sample,SPY,0.5221842527389526,0,0
2018-10-12,2018-10-15,train_in_sample,QQQ,0.5186911225318909,0,0
2018-10-12,2018-10-15,train_in_sample,IWM,0.5250027179718018,1,1
2018-10-15,2018-10-16,train_in_sample,SPY,0.6116893887519836,1,1
2018-10-15,2018-10-16,train_in_sample,QQQ,0.613366961479187,1,1
2018-10-15,2018-10-16,train_in_sample,IWM,0.4893970489501953,1,0
2018-10-16,2018-10-17,train_in_sample,SPY,0.5380653142929077,1,1
2018-10-16,2018-10-17,train_in_sample,QQQ,0.5685224533081055,1,1
2018-10-16,2018-10-17,train_in_sample,IWM,0.49352753162384033,0,1
2018-10-17,2018-10-18,train_in_sample,SPY,0.5117871761322021,0,0
2018-10-17,2018-10-18,train_in_sample,QQQ,0.5765380859375,0,0
2018-10-17,2018-10-18,train_in_sample,IWM,0.4474560022354126,0,1
2018-10-18,2018-10-19,train_in_sample,SPY,0.5046606659889221,0,0
2018-10-18,2018-10-19,train_in_sample,QQQ,0.5366625189781189,0,0
2018-10-18,2018-10-19,train_in_sample,IWM,0.45115065574645996,0,1
2018-10-19,2018-10-22,train_in_sample,SPY,0.5272338390350342,0,0
2018-10-19,2018-10-22,train_in_sample,QQQ,0.541204035282135,1,1
2018-10-19,2018-10-22,train_in_sample,IWM,0.5163610577583313,0,0
2018-10-22,2018-10-23,train_in_sample,SPY,0.5094866156578064,0,0
2018-10-22,2018-10-23,train_in_sample,QQQ,0.5594441890716553,0,0
2018-10-22,2018-10-23,train_in_sample,IWM,0.4907396733760834,0,1
2018-10-23,2018-10-24,train_in_sample,SPY,0.5129284262657166,0,0
2018-10-23,2018-10-24,train_in_sample,QQQ,0.5729004144668579,0,0
2018-10-23,2018-10-24,train_in_sample,IWM,0.511623740196228,0,0
2018-10-24,2018-10-25,train_in_sample,SPY,0.5052517652511597,1,1
2018-10-24,2018-10-25,train_in_sample,QQQ,0.5265876054763794,1,1
2018-10-24,2018-10-25,train_in_sample,IWM,0.48589062690734863,1,0
2018-10-25,2018-10-26,train_in_sample,SPY,0.49444130063056946,0,1
2018-10-25,2018-10-26,train_in_sample,QQQ,0.5450390577316284,0,0
2018-10-25,2018-10-26,train_in_sample,IWM,0.5188339352607727,0,0
2018-10-26,2018-10-29,train_in_sample,SPY,0.5134777426719666,0,0
2018-10-26,2018-10-29,train_in_sample,QQQ,0.5672612190246582,0,0
2018-10-26,2018-10-29,train_in_sample,IWM,0.4768199622631073,0,1
2018-10-29,2018-10-30,train_in_sample,SPY,0.6255592107772827,1,1
2018-10-29,2018-10-30,train_in_sample,QQQ,0.6117528080940247,1,1
2018-10-29,2018-10-30,train_in_sample,IWM,0.4822104275226593,1,0
2018-10-30,2018-10-31,train_in_sample,SPY,0.5971530079841614,1,1
2018-10-30,2018-10-31,train_in_sample,QQQ,0.6229798793792725,1,1
2018-10-30,2018-10-31,train_in_sample,IWM,0.5456752777099609,1,1
2018-10-31,2018-11-01,train_in_sample,SPY,0.568997859954834,1,1
2018-10-31,2018-11-01,train_in_sample,QQQ,0.5878962278366089,1,1
2018-10-31,2018-11-01,train_in_sample,IWM,0.476838618516922,1,0
2018-11-01,2018-11-02,train_in_sample,SPY,0.6213008761405945,0,0
2018-11-01,2018-11-02,train_in_sample,QQQ,0.646885871887207,0,0
2018-11-01,2018-11-02,train_in_sample,IWM,0.44736427068710327,1,0
2018-11-02,2018-11-05,train_in_sample,SPY,0.5922240018844604,1,1
2018-11-02,2018-11-05,train_in_sample,QQQ,0.661872923374176,0,0
2018-11-02,2018-11-05,train_in_sample,IWM,0.4307241141796112,0,1
2018-11-05,2018-11-06,train_in_sample,SPY,0.6452228426933289,1,1
2018-11-05,2018-11-06,train_in_sample,QQQ,0.6395134329795837,1,1
2018-11-05,2018-11-06,train_in_sample,IWM,0.44055506587028503,1,0
2018-11-06,2018-11-07,train_in_sample,SPY,0.561836838722229,1,1
2018-11-06,2018-11-07,train_in_sample,QQQ,0.6096816062927246,1,1
2018-11-06,2018-11-07,train_in_sample,IWM,0.4590549170970917,1,0
2018-11-07,2018-11-08,train_in_sample,SPY,0.5641302466392517,0,0
2018-11-07,2018-11-08,train_in_sample,QQQ,0.6404761075973511,0,0
2018-11-07,2018-11-08,train_in_sample,IWM,0.46233662962913513,0,1
2018-11-08,2018-11-09,train_in_sample,SPY,0.5686913132667542,0,0
2018-11-08,2018-11-09,train_in_sample,QQQ,0.6384599804878235,0,0
2018-11-08,2018-11-09,train_in_sample,IWM,0.38761499524116516,0,1
2018-11-09,2018-11-12,train_in_sample,SPY,0.5499325394630432,0,0
2018-11-09,2018-11-12,train_in_sample,QQQ,0.6077461242675781,0,0
2018-11-09,2018-11-12,train_in_sample,IWM,0.3852404057979584,0,1
2018-11-12,2018-11-13,train_in_sample,SPY,0.5438485741615295,0,0
2018-11-12,2018-11-13,train_in_sample,QQQ,0.5417989492416382,1,1
2018-11-12,2018-11-13,train_in_sample,IWM,0.43852105736732483,0,1
2018-11-13,2018-11-14,train_in_sample,SPY,0.5576502680778503,0,0
2018-11-13,2018-11-14,train_in_sample,QQQ,0.6091702580451965,0,0
2018-11-13,2018-11-14,train_in_sample,IWM,0.43763458728790283,0,1
2018-11-14,2018-11-15,train_in_sample,SPY,0.5526660680770874,1,1
2018-11-14,2018-11-15,train_in_sample,QQQ,0.5930678844451904,1,1
2018-11-14,2018-11-15,train_in_sample,IWM,0.44568386673927307,1,0
2018-11-15,2018-11-16,train_in_sample,SPY,0.5256521105766296,1,1
2018-11-15,2018-11-16,train_in_sample,QQQ,0.5834884643554688,0,0
2018-11-15,2018-11-16,train_in_sample,IWM,0.4721452295780182,1,0
2018-11-16,2018-11-19,train_in_sample,SPY,0.6109966039657593,0,0
2018-11-16,2018-11-19,train_in_sample,QQQ,0.6440669894218445,0,0
2018-11-16,2018-11-19,train_in_sample,IWM,0.4927535057067871,0,1
2018-11-19,2018-11-20,train_in_sample,SPY,0.5082679390907288,0,0
2018-11-19,2018-11-20,train_in_sample,QQQ,0.5775166749954224,0,0
2018-11-19,2018-11-20,train_in_sample,IWM,0.4408097267150879,0,1
2018-11-20,2018-11-21,train_in_sample,SPY,0.4990312159061432,1,0
2018-11-20,2018-11-21,train_in_sample,QQQ,0.5720053911209106,1,1
2018-11-20,2018-11-21,train_in_sample,IWM,0.45851024985313416,1,0
2018-11-21,2018-11-23,train_in_sample,SPY,0.5780972242355347,0,0
2018-11-21,2018-11-23,train_in_sample,QQQ,0.6496859192848206,0,0
2018-11-21,2018-11-23,train_in_sample,IWM,0.4474940896034241,0,1
2018-11-23,2018-11-26,train_in_sample,SPY,0.5895131826400757,1,1
2018-11-23,2018-11-26,train_in_sample,QQQ,0.6352640986442566,1,1
2018-11-23,2018-11-26,train_in_sample,IWM,0.4255334138870239,1,0
2018-11-26,2018-11-27,train_in_sample,SPY,0.5556142926216125,1,1
2018-11-26,2018-11-27,train_in_sample,QQQ,0.5305285453796387,1,1
2018-11-26,2018-11-27,train_in_sample,IWM,0.43840134143829346,0,1
2018-11-27,2018-11-28,train_in_sample,SPY,0.5402455925941467,1,1
2018-11-27,2018-11-28,train_in_sample,QQQ,0.5752500295639038,1,1
2018-11-27,2018-11-28,train_in_sample,IWM,0.4112570881843567,1,0
2018-11-28,2018-11-29,train_in_sample,SPY,0.5722954869270325,0,0
2018-11-28,2018-11-29,train_in_sample,QQQ,0.607508659362793,0,0
2018-11-28,2018-11-29,train_in_sample,IWM,0.5490208864212036,0,0
2018-11-29,2018-11-30,train_in_sample,SPY,0.5780802965164185,1,1
2018-11-29,2018-11-30,train_in_sample,QQQ,0.6217983365058899,1,1
2018-11-29,2018-11-30,train_in_sample,IWM,0.4817323684692383,1,0
2018-11-30,2018-12-03,train_in_sample,SPY,0.5094825029373169,1,1
2018-11-30,2018-12-03,train_in_sample,QQQ,0.6331712007522583,1,1
2018-11-30,2018-12-03,train_in_sample,IWM,0.405957967042923,1,0
2018-12-03,2018-12-04,train_in_sample,SPY,0.6145555377006531,0,0
2018-12-03,2018-12-04,train_in_sample,QQQ,0.6012276411056519,0,0
2018-12-03,2018-12-04,train_in_sample,IWM,0.5299097299575806,0,0
2018-12-04,2018-12-06,train_in_sample,SPY,0.5684992074966431,0,0
2018-12-04,2018-12-06,train_in_sample,QQQ,0.5739636421203613,1,1
2018-12-04,2018-12-06,train_in_sample,IWM,0.5140015482902527,0,0
2018-12-06,2018-12-07,train_in_sample,SPY,0.5234199166297913,0,0
2018-12-06,2018-12-07,train_in_sample,QQQ,0.5834800601005554,0,0
2018-12-06,2018-12-07,train_in_sample,IWM,0.5636031031608582,0,0
2018-12-07,2018-12-10,train_in_sample,SPY,0.6028609871864319,1,1
2018-12-07,2018-12-10,train_in_sample,QQQ,0.6326972842216492,1,1
2018-12-07,2018-12-10,train_in_sample,IWM,0.5111303329467773,0,0
2018-12-10,2018-12-11,train_in_sample,SPY,0.5962784886360168,1,1
2018-12-10,2018-12-11,train_in_sample,QQQ,0.6213632822036743,1,1
2018-12-10,2018-12-11,train_in_sample,IWM,0.5822785496711731,0,0
2018-12-11,2018-12-12,train_in_sample,SPY,0.614026665687561,1,1
2018-12-11,2018-12-12,train_in_sample,QQQ,0.5996296405792236,1,1
2018-12-11,2018-12-12,train_in_sample,IWM,0.5179287195205688,1,1
2018-12-12,2018-12-13,train_in_sample,SPY,0.5843309164047241,0,0
2018-12-12,2018-12-13,train_in_sample,QQQ,0.6572363376617432,1,1
2018-12-12,2018-12-13,train_in_sample,IWM,0.513615608215332,0,0
2018-12-13,2018-12-14,train_in_sample,SPY,0.5631017684936523,0,0
2018-12-13,2018-12-14,train_in_sample,QQQ,0.572934091091156,0,0
2018-12-13,2018-12-14,train_in_sample,IWM,0.48882463574409485,0,1
2018-12-14,2018-12-17,train_in_sample,SPY,0.5756105780601501,0,0
2018-12-14,2018-12-17,train_in_sample,QQQ,0.6383431553840637,0,0
2018-12-14,2018-12-17,train_in_sample,IWM,0.500641405582428,0,0
2018-12-17,2018-12-18,train_in_sample,SPY,0.5926573872566223,0,0
2018-12-17,2018-12-18,train_in_sample,QQQ,0.6133540868759155,1,1
2018-12-17,2018-12-18,train_in_sample,IWM,0.48741358518600464,0,1
2018-12-18,2018-12-19,train_in_sample,SPY,0.5526120662689209,0,0
2018-12-18,2018-12-19,train_in_sample,QQQ,0.6059542894363403,0,0
2018-12-18,2018-12-19,train_in_sample,IWM,0.4858008027076721,0,1
2018-12-19,2018-12-20,train_in_sample,SPY,0.5800768136978149,0,0
2018-12-19,2018-12-20,train_in_sample,QQQ,0.5831236243247986,0,0
2018-12-19,2018-12-20,train_in_sample,IWM,0.5844525694847107,0,0
2018-12-20,2018-12-21,train_in_sample,SPY,0.5807542204856873,0,0
2018-12-20,2018-12-21,train_in_sample,QQQ,0.6071517467498779,0,0
2018-12-20,2018-12-21,train_in_sample,IWM,0.562080979347229,0,0
2018-12-21,2018-12-24,train_in_sample,SPY,0.5581656098365784,0,0
2018-12-21,2018-12-24,train_in_sample,QQQ,0.5741839408874512,0,0
2018-12-21,2018-12-24,train_in_sample,IWM,0.5002728700637817,0,0
2018-12-24,2018-12-26,train_in_sample,SPY,0.5237520337104797,1,1
2018-12-24,2018-12-26,train_in_sample,QQQ,0.5909748673439026,1,1
2018-12-24,2018-12-26,train_in_sample,IWM,0.4951045513153076,1,0
2018-12-26,2018-12-27,train_in_sample,SPY,0.5598773956298828,1,1
2018-12-26,2018-12-27,train_in_sample,QQQ,0.5788232684135437,1,1
2018-12-26,2018-12-27,train_in_sample,IWM,0.5569139719009399,1,1
2018-12-27,2018-12-28,train_in_sample,SPY,0.5689535737037659,0,0
2018-12-27,2018-12-28,train_in_sample,QQQ,0.6214866638183594,0,0
2018-12-27,2018-12-28,train_in_sample,IWM,0.5438124537467957,1,1
2018-12-28,2018-12-31,train_in_sample,SPY,0.5773719549179077,1,1
2018-12-28,2018-12-31,train_in_sample,QQQ,0.5966401100158691,1,1
2018-12-28,2018-12-31,train_in_sample,IWM,0.44389185309410095,1,0
2018-12-31,2019-01-02,train_in_sample,SPY,0.6270860433578491,1,1
2018-12-31,2019-01-02,train_in_sample,QQQ,0.6298030614852905,1,1
2018-12-31,2019-01-02,train_in_sample,IWM,0.580475389957428,1,1
2019-01-02,2019-01-03,train_in_sample,SPY,0.5475712418556213,0,0
2019-01-02,2019-01-03,train_in_sample,QQQ,0.6482670307159424,0,0
2019-01-02,2019-01-03,train_in_sample,IWM,0.5066330432891846,0,0
2019-01-03,2019-01-04,train_in_sample,SPY,0.5936642289161682,1,1
2019-01-03,2019-01-04,train_in_sample,QQQ,0.6579676866531372,1,1
2019-01-03,2019-01-04,train_in_sample,IWM,0.46450668573379517,1,0
2019-01-04,2019-01-07,train_in_sample,SPY,0.5468940138816833,1,1
2019-01-04,2019-01-07,train_in_sample,QQQ,0.6217275261878967,1,1
2019-01-04,2019-01-07,train_in_sample,IWM,0.5355314612388611,1,1
2019-01-07,2019-01-08,train_in_sample,SPY,0.5837183594703674,1,1
2019-01-07,2019-01-08,train_in_sample,QQQ,0.6630029678344727,1,1
2019-01-07,2019-01-08,train_in_sample,IWM,0.5279235243797302,1,1
2019-01-08,2019-01-09,train_in_sample,SPY,0.60747230052948,1,1
2019-01-08,2019-01-09,train_in_sample,QQQ,0.6214168667793274,1,1
2019-01-08,2019-01-09,train_in_sample,IWM,0.489030659198761,1,0
2019-01-09,2019-01-10,train_in_sample,SPY,0.5991265177726746,1,1
2019-01-09,2019-01-10,train_in_sample,QQQ,0.6468733549118042,1,1
2019-01-09,2019-01-10,train_in_sample,IWM,0.5328373312950134,1,1
2019-01-10,2019-01-11,train_in_sample,SPY,0.5788090229034424,0,0
2019-01-10,2019-01-11,train_in_sample,QQQ,0.6393004655838013,0,0
2019-01-10,2019-01-11,train_in_sample,IWM,0.44278162717819214,1,0
2019-01-11,2019-01-14,train_in_sample,SPY,0.6325602531433105,0,0
2019-01-11,2019-01-14,train_in_sample,QQQ,0.6595237851142883,0,0
2019-01-11,2019-01-14,train_in_sample,IWM,0.4918254315853119,0,1
2019-01-14,2019-01-15,train_in_sample,SPY,0.5285244584083557,1,1
2019-01-14,2019-01-15,train_in_sample,QQQ,0.5832401514053345,1,1
2019-01-14,2019-01-15,train_in_sample,IWM,0.4864676892757416,1,0
2019-01-15,2019-01-16,train_in_sample,SPY,0.5897394418716431,1,1
2019-01-15,2019-01-16,train_in_sample,QQQ,0.6058292984962463,0,0
2019-01-15,2019-01-16,train_in_sample,IWM,0.5430917143821716,1,1
2019-01-16,2019-01-17,train_in_sample,SPY,0.5975217819213867,1,1
2019-01-16,2019-01-17,train_in_sample,QQQ,0.6647268533706665,1,1
2019-01-16,2019-01-17,train_in_sample,IWM,0.46243083477020264,1,0
2019-01-17,2019-01-18,train_in_sample,SPY,0.6430699229240417,1,1
2019-01-17,2019-01-18,train_in_sample,QQQ,0.6588437557220459,1,1
2019-01-17,2019-01-18,train_in_sample,IWM,0.5223727226257324,1,1
2019-01-18,2019-01-22,train_in_sample,SPY,0.6316195726394653,0,0
2019-01-18,2019-01-22,train_in_sample,QQQ,0.5867169499397278,0,0
2019-01-18,2019-01-22,train_in_sample,IWM,0.44011273980140686,0,1
2019-01-22,2019-01-23,train_in_sample,SPY,0.5683282613754272,1,1
2019-01-22,2019-01-23,train_in_sample,QQQ,0.6021599173545837,1,1
2019-01-22,2019-01-23,train_in_sample,IWM,0.5093881487846375,0,0
2019-01-23,2019-01-24,train_in_sample,SPY,0.5433934926986694,1,1
2019-01-23,2019-01-24,train_in_sample,QQQ,0.6122273802757263,1,1
2019-01-23,2019-01-24,train_in_sample,IWM,0.4468003213405609,1,0
2019-01-24,2019-01-25,train_in_sample,SPY,0.6391549110412598,1,1
2019-01-24,2019-01-25,train_in_sample,QQQ,0.6764808297157288,1,1
2019-01-24,2019-01-25,train_in_sample,IWM,0.45794135332107544,1,0
2019-01-25,2019-01-28,train_in_sample,SPY,0.5902513265609741,0,0
2019-01-25,2019-01-28,train_in_sample,QQQ,0.610168993473053,0,0
2019-01-25,2019-01-28,train_in_sample,IWM,0.4544396996498108,0,1
2019-01-28,2019-01-29,train_in_sample,SPY,0.6000069379806519,0,0
2019-01-28,2019-01-29,train_in_sample,QQQ,0.6414473056793213,0,0
2019-01-28,2019-01-29,train_in_sample,IWM,0.47356322407722473,0,1
2019-01-29,2019-01-30,train_in_sample,SPY,0.5777551531791687,1,1
2019-01-29,2019-01-30,train_in_sample,QQQ,0.6695042252540588,1,1
2019-01-29,2019-01-30,train_in_sample,IWM,0.47232675552368164,1,0
2019-01-30,2019-01-31,train_in_sample,SPY,0.5628340840339661,1,1
2019-01-30,2019-01-31,train_in_sample,QQQ,0.6286655068397522,1,1
2019-01-30,2019-01-31,train_in_sample,IWM,0.5242813229560852,1,1
2019-01-31,2019-02-01,train_in_sample,SPY,0.574504017829895,1,1
2019-01-31,2019-02-01,train_in_sample,QQQ,0.6112779974937439,0,0
2019-01-31,2019-02-01,train_in_sample,IWM,0.4884131848812103,1,0
2019-02-01,2019-02-04,train_in_sample,SPY,0.6332289576530457,1,1
2019-02-01,2019-02-04,train_in_sample,QQQ,0.6487776637077332,1,1
2019-02-01,2019-02-04,train_in_sample,IWM,0.4827699065208435,1,0
2019-02-04,2019-02-05,train_in_sample,SPY,0.558622419834137,1,1
2019-02-04,2019-02-05,train_in_sample,QQQ,0.6135437488555908,1,1
2019-02-04,2019-02-05,train_in_sample,IWM,0.477081298828125,1,0
2019-02-05,2019-02-06,train_in_sample,SPY,0.5794379711151123,0,0
2019-02-05,2019-02-06,train_in_sample,QQQ,0.6705003380775452,0,0
2019-02-05,2019-02-06,train_in_sample,IWM,0.48747408390045166,0,1
2019-02-06,2019-02-07,train_in_sample,SPY,0.5252595543861389,0,0
2019-02-06,2019-02-07,train_in_sample,QQQ,0.6094427704811096,0,0
2019-02-06,2019-02-07,train_in_sample,IWM,0.43613842129707336,0,1
2019-02-07,2019-02-08,train_in_sample,SPY,0.57154381275177,1,1
2019-02-07,2019-02-08,train_in_sample,QQQ,0.6269979476928711,1,1
2019-02-07,2019-02-08,train_in_sample,IWM,0.41014423966407776,1,0
2019-02-08,2019-02-11,train_in_sample,SPY,0.5623454451560974,1,1
2019-02-08,2019-02-11,train_in_sample,QQQ,0.5895177125930786,0,0
2019-02-08,2019-02-11,train_in_sample,IWM,0.49402642250061035,1,0
2019-02-11,2019-02-12,train_in_sample,SPY,0.6301776766777039,1,1
2019-02-11,2019-02-12,train_in_sample,QQQ,0.6675012111663818,1,1
2019-02-11,2019-02-12,train_in_sample,IWM,0.43084007501602173,1,0
2019-02-12,2019-02-13,train_in_sample,SPY,0.622090756893158,1,1
2019-02-12,2019-02-13,train_in_sample,QQQ,0.6439283490180969,1,1
2019-02-12,2019-02-13,train_in_sample,IWM,0.4783448278903961,1,0
2019-02-13,2019-02-14,train_in_sample,SPY,0.595109760761261,0,0
2019-02-13,2019-02-14,train_in_sample,QQQ,0.628803014755249,1,1
2019-02-13,2019-02-14,train_in_sample,IWM,0.4876069128513336,1,0
2019-02-14,2019-02-15,train_in_sample,SPY,0.5735946297645569,1,1
2019-02-14,2019-02-15,train_in_sample,QQQ,0.6415189504623413,1,1
2019-02-14,2019-02-15,train_in_sample,IWM,0.4604424834251404,1,0
2019-02-15,2019-02-19,train_in_sample,SPY,0.6045014262199402,1,1
2019-02-15,2019-02-19,train_in_sample,QQQ,0.6060124039649963,1,1
2019-02-15,2019-02-19,train_in_sample,IWM,0.5014162659645081,1,1
2019-02-19,2019-02-20,train_in_sample,SPY,0.5759633779525757,1,1
2019-02-19,2019-02-20,train_in_sample,QQQ,0.6447296142578125,0,0
2019-02-19,2019-02-20,train_in_sample,IWM,0.45142650604248047,1,0
2019-02-20,2019-02-21,train_in_sample,SPY,0.5962077975273132,0,0
2019-02-20,2019-02-21,train_in_sample,QQQ,0.6569124460220337,0,0
2019-02-20,2019-02-21,train_in_sample,IWM,0.50982666015625,0,0
2019-02-21,2019-02-22,train_in_sample,SPY,0.589992344379425,1,1
2019-02-21,2019-02-22,train_in_sample,QQQ,0.6349456906318665,1,1
2019-02-21,2019-02-22,train_in_sample,IWM,0.4944034218788147,1,0
2019-02-22,2019-02-25,train_in_sample,SPY,0.6305674910545349,1,1
2019-02-22,2019-02-25,train_in_sample,QQQ,0.658665120601654,1,1
2019-02-22,2019-02-25,train_in_sample,IWM,0.5341222882270813,1,1
2019-02-25,2019-02-26,train_in_sample,SPY,0.5784674882888794,0,0
2019-02-25,2019-02-26,train_in_sample,QQQ,0.5991933941841125,1,1
2019-02-25,2019-02-26,train_in_sample,IWM,0.4847448170185089,0,1
2019-02-26,2019-02-27,train_in_sample,SPY,0.5806846022605896,0,0
2019-02-26,2019-02-27,train_in_sample,QQQ,0.6182253956794739,0,0
2019-02-26,2019-02-27,train_in_sample,IWM,0.5405024886131287,1,1
2019-02-27,2019-02-28,train_in_sample,SPY,0.6161304116249084,0,0
2019-02-27,2019-02-28,train_in_sample,QQQ,0.6969676613807678,0,0
2019-02-27,2019-02-28,train_in_sample,IWM,0.5393097400665283,0,0
2019-02-28,2019-03-01,train_in_sample,SPY,0.5867778658866882,1,1
2019-02-28,2019-03-01,train_in_sample,QQQ,0.6309220194816589,1,1
2019-02-28,2019-03-01,train_in_sample,IWM,0.4674263298511505,1,0
2019-03-01,2019-03-04,train_in_sample,SPY,0.5536067485809326,0,0
2019-03-01,2019-03-04,train_in_sample,QQQ,0.635337233543396,1,1
2019-03-01,2019-03-04,train_in_sample,IWM,0.508307933807373,0,0
2019-03-04,2019-03-05,train_in_sample,SPY,0.6001458168029785,0,0
2019-03-04,2019-03-05,train_in_sample,QQQ,0.6309312582015991,1,1
2019-03-04,2019-03-05,train_in_sample,IWM,0.5549378395080566,0,0
2019-03-05,2019-03-06,train_in_sample,SPY,0.5633816123008728,0,0
2019-03-05,2019-03-06,train_in_sample,QQQ,0.5992774367332458,0,0
2019-03-05,2019-03-06,train_in_sample,IWM,0.42037683725357056,0,1
2019-03-06,2019-03-07,train_in_sample,SPY,0.5202500224113464,0,0
2019-03-06,2019-03-07,train_in_sample,QQQ,0.6070756316184998,0,0
2019-03-06,2019-03-07,train_in_sample,IWM,0.4786803126335144,0,1
2019-03-07,2019-03-08,train_in_sample,SPY,0.5753297209739685,0,0
2019-03-07,2019-03-08,train_in_sample,QQQ,0.5998357534408569,0,0
2019-03-07,2019-03-08,train_in_sample,IWM,0.4823651611804962,0,1
2019-03-08,2019-03-11,train_in_sample,SPY,0.5967549085617065,1,1
2019-03-08,2019-03-11,train_in_sample,QQQ,0.6450256109237671,1,1
2019-03-08,2019-03-11,train_in_sample,IWM,0.5258795619010925,1,1
2019-03-11,2019-03-12,train_in_sample,SPY,0.6045678853988647,1,1
2019-03-11,2019-03-12,train_in_sample,QQQ,0.6389052867889404,1,1
2019-03-11,2019-03-12,train_in_sample,IWM,0.5807278752326965,1,1
2019-03-12,2019-03-13,train_in_sample,SPY,0.5989395380020142,1,1
2019-03-12,2019-03-13,train_in_sample,QQQ,0.6154319047927856,1,1
2019-03-12,2019-03-13,train_in_sample,IWM,0.5039159655570984,1,1
2019-03-13,2019-03-14,train_in_sample,SPY,0.5573017597198486,0,0
2019-03-13,2019-03-14,train_in_sample,QQQ,0.6060404181480408,0,0
2019-03-13,2019-03-14,train_in_sample,IWM,0.4789814352989197,0,1
2019-03-14,2019-03-15,train_in_sample,SPY,0.581347644329071,1,1
2019-03-14,2019-03-15,train_in_sample,QQQ,0.6087028980255127,1,1
2019-03-14,2019-03-15,train_in_sample,IWM,0.42367491126060486,1,0
2019-03-15,2019-03-18,train_in_sample,SPY,0.5795643925666809,1,1
2019-03-15,2019-03-18,train_in_sample,QQQ,0.5853203535079956,1,1
2019-03-15,2019-03-18,train_in_sample,IWM,0.4994443356990814,1,0
2019-03-18,2019-03-19,train_in_sample,SPY,0.5422887206077576,1,1
2019-03-18,2019-03-19,train_in_sample,QQQ,0.643480658531189,1,1
2019-03-18,2019-03-19,train_in_sample,IWM,0.4955711364746094,0,1
2019-03-19,2019-03-20,train_in_sample,SPY,0.5256038904190063,0,0
2019-03-19,2019-03-20,train_in_sample,QQQ,0.6133125424385071,1,1
2019-03-19,2019-03-20,train_in_sample,IWM,0.4665818512439728,0,1
2019-03-20,2019-03-21,train_in_sample,SPY,0.5465226173400879,1,1
2019-03-20,2019-03-21,train_in_sample,QQQ,0.5763682126998901,1,1
2019-03-20,2019-03-21,train_in_sample,IWM,0.5680285692214966,1,1
2019-03-21,2019-03-22,train_in_sample,SPY,0.5710562467575073,0,0
2019-03-21,2019-03-22,train_in_sample,QQQ,0.6275871992111206,0,0
2019-03-21,2019-03-22,train_in_sample,IWM,0.47696560621261597,0,1
2019-03-22,2019-03-25,train_in_sample,SPY,0.5013626217842102,0,0
2019-03-22,2019-03-25,train_in_sample,QQQ,0.5180073976516724,0,0
2019-03-22,2019-03-25,train_in_sample,IWM,0.5190330743789673,1,1
2019-03-25,2019-03-26,train_in_sample,SPY,0.5831595063209534,1,1
2019-03-25,2019-03-26,train_in_sample,QQQ,0.6047677993774414,1,1
2019-03-25,2019-03-26,train_in_sample,IWM,0.5005640387535095,1,1
2019-03-26,2019-03-27,train_in_sample,SPY,0.579628050327301,0,0
2019-03-26,2019-03-27,train_in_sample,QQQ,0.602325439453125,0,0
2019-03-26,2019-03-27,train_in_sample,IWM,0.5104383826255798,0,0
2019-03-27,2019-03-28,train_in_sample,SPY,0.6116660237312317,1,1
2019-03-27,2019-03-28,train_in_sample,QQQ,0.5771229863166809,1,1
2019-03-27,2019-03-28,train_in_sample,IWM,0.5345227122306824,1,1
2019-03-28,2019-03-29,train_in_sample,SPY,0.6041526794433594,1,1
2019-03-28,2019-03-29,train_in_sample,QQQ,0.6562865972518921,1,1
2019-03-28,2019-03-29,train_in_sample,IWM,0.4526062607765198,1,0
2019-03-29,2019-04-01,train_in_sample,SPY,0.5863306522369385,1,1
2019-03-29,2019-04-01,train_in_sample,QQQ,0.6151677370071411,1,1
2019-03-29,2019-04-01,train_in_sample,IWM,0.5041553974151611,1,1
2019-04-01,2019-04-02,train_in_sample,SPY,0.6140353083610535,1,1
2019-04-01,2019-04-02,train_in_sample,QQQ,0.6115806698799133,1,1
2019-04-01,2019-04-02,train_in_sample,IWM,0.5154612064361572,0,0
2019-04-02,2019-04-03,train_in_sample,SPY,0.5485369563102722,1,1
2019-04-02,2019-04-03,train_in_sample,QQQ,0.576567530632019,1,1
2019-04-02,2019-04-03,train_in_sample,IWM,0.4418162703514099,1,0
2019-04-03,2019-04-04,train_in_sample,SPY,0.5348402261734009,1,1
2019-04-03,2019-04-04,train_in_sample,QQQ,0.6259728074073792,0,0
2019-04-03,2019-04-04,train_in_sample,IWM,0.5103416442871094,1,1
2019-04-04,2019-04-05,train_in_sample,SPY,0.5964915156364441,1,1
2019-04-04,2019-04-05,train_in_sample,QQQ,0.6198286414146423,1,1
2019-04-04,2019-04-05,train_in_sample,IWM,0.49779173731803894,1,0
2019-04-05,2019-04-08,train_in_sample,SPY,0.6547126770019531,1,1
2019-04-05,2019-04-08,train_in_sample,QQQ,0.6928120851516724,1,1
2019-04-05,2019-04-08,train_in_sample,IWM,0.5482339859008789,0,0
2019-04-08,2019-04-09,train_in_sample,SPY,0.559563398361206,0,0
2019-04-08,2019-04-09,train_in_sample,QQQ,0.5911544561386108,0,0
2019-04-08,2019-04-09,train_in_sample,IWM,0.4574236273765564,0,1
2019-04-09,2019-04-10,train_in_sample,SPY,0.5203569531440735,1,1
2019-04-09,2019-04-10,train_in_sample,QQQ,0.5283668637275696,1,1
2019-04-09,2019-04-10,train_in_sample,IWM,0.4305727481842041,1,0
2019-04-10,2019-04-11,train_in_sample,SPY,0.6075254082679749,0,0
2019-04-10,2019-04-11,train_in_sample,QQQ,0.6607057452201843,0,0
2019-04-10,2019-04-11,train_in_sample,IWM,0.4925411343574524,0,1
2019-04-11,2019-04-12,train_in_sample,SPY,0.5972877740859985,1,1
2019-04-11,2019-04-12,train_in_sample,QQQ,0.5944416522979736,1,1
2019-04-11,2019-04-12,train_in_sample,IWM,0.4526922404766083,1,0
2019-04-12,2019-04-15,train_in_sample,SPY,0.592687726020813,0,0
2019-04-12,2019-04-15,train_in_sample,QQQ,0.6044986844062805,1,1
2019-04-12,2019-04-15,train_in_sample,IWM,0.4646259546279907,0,1
2019-04-15,2019-04-16,train_in_sample,SPY,0.5334933400154114,1,1
2019-04-15,2019-04-16,train_in_sample,QQQ,0.5924571752548218,1,1
2019-04-15,2019-04-16,train_in_sample,IWM,0.4870532751083374,1,0
2019-04-16,2019-04-17,train_in_sample,SPY,0.5458105206489563,0,0
2019-04-16,2019-04-17,train_in_sample,QQQ,0.55959552526474,1,1
2019-04-16,2019-04-17,train_in_sample,IWM,0.4727005362510681,0,1
2019-04-17,2019-04-18,train_in_sample,SPY,0.5644060969352722,1,1
2019-04-17,2019-04-18,train_in_sample,QQQ,0.5560494661331177,1,1
2019-04-17,2019-04-18,train_in_sample,IWM,0.4645984172821045,0,1
2019-04-18,2019-04-22,train_in_sample,SPY,0.5766234397888184,1,1
2019-04-18,2019-04-22,train_in_sample,QQQ,0.5824917554855347,1,1
2019-04-18,2019-04-22,train_in_sample,IWM,0.5578179955482483,0,0
2019-04-22,2019-04-23,train_in_sample,SPY,0.5352801084518433,1,1
2019-04-22,2019-04-23,train_in_sample,QQQ,0.5510790348052979,1,1
2019-04-22,2019-04-23,train_in_sample,IWM,0.44877195358276367,1,0
2019-04-23,2019-04-24,train_in_sample,SPY,0.4868409335613251,0,1
2019-04-23,2019-04-24,train_in_sample,QQQ,0.4893472492694855,0,1
2019-04-23,2019-04-24,train_in_sample,IWM,0.4996001422405243,1,0
2019-04-24,2019-04-25,train_in_sample,SPY,0.6291210055351257,0,0
2019-04-24,2019-04-25,train_in_sample,QQQ,0.6738193035125732,1,1
2019-04-24,2019-04-25,train_in_sample,IWM,0.5052317976951599,0,0
2019-04-25,2019-04-26,train_in_sample,SPY,0.5614433288574219,1,1
2019-04-25,2019-04-26,train_in_sample,QQQ,0.5904977917671204,1,1
2019-04-25,2019-04-26,train_in_sample,IWM,0.5105972290039062,1,1
2019-04-26,2019-04-29,train_in_sample,SPY,0.6106098294258118,1,1
2019-04-26,2019-04-29,train_in_sample,QQQ,0.6281429529190063,1,1
2019-04-26,2019-04-29,train_in_sample,IWM,0.46184438467025757,1,0
2019-04-29,2019-04-30,train_in_sample,SPY,0.5908470749855042,1,1
2019-04-29,2019-04-30,train_in_sample,QQQ,0.6392279863357544,0,0
2019-04-29,2019-04-30,train_in_sample,IWM,0.48684340715408325,0,1
2019-04-30,2019-05-01,train_in_sample,SPY,0.5512518286705017,0,0
2019-04-30,2019-05-01,train_in_sample,QQQ,0.5245494246482849,0,0
2019-04-30,2019-05-01,train_in_sample,IWM,0.5799497961997986,0,0
2019-05-01,2019-05-02,train_in_sample,SPY,0.4837271273136139,0,1
2019-05-01,2019-05-02,train_in_sample,QQQ,0.49018967151641846,0,1
2019-05-01,2019-05-02,train_in_sample,IWM,0.5016518831253052,1,1
2019-05-02,2019-05-03,train_in_sample,SPY,0.5329822301864624,1,1
2019-05-02,2019-05-03,train_in_sample,QQQ,0.5992863774299622,1,1
2019-05-02,2019-05-03,train_in_sample,IWM,0.5154538154602051,1,1
2019-05-03,2019-05-06,train_in_sample,SPY,0.5989812016487122,0,0
2019-05-03,2019-05-06,train_in_sample,QQQ,0.6349900960922241,0,0
2019-05-03,2019-05-06,train_in_sample,IWM,0.5172667503356934,1,1
2019-05-06,2019-05-07,train_in_sample,SPY,0.537439227104187,0,0
2019-05-06,2019-05-07,train_in_sample,QQQ,0.5484924912452698,0,0
2019-05-06,2019-05-07,train_in_sample,IWM,0.49358004331588745,0,1
2019-05-07,2019-05-08,train_in_sample,SPY,0.5085428357124329,0,0
2019-05-07,2019-05-08,train_in_sample,QQQ,0.5240325927734375,0,0
2019-05-07,2019-05-08,train_in_sample,IWM,0.4131348729133606,0,1
2019-05-08,2019-05-09,train_in_sample,SPY,0.6662080883979797,0,0
2019-05-08,2019-05-09,train_in_sample,QQQ,0.6173663139343262,0,0
2019-05-08,2019-05-09,train_in_sample,IWM,0.39611148834228516,0,1
2019-05-09,2019-05-10,train_in_sample,SPY,0.5926668643951416,1,1
2019-05-09,2019-05-10,train_in_sample,QQQ,0.6420056819915771,1,1
2019-05-09,2019-05-10,train_in_sample,IWM,0.558750569820404,1,1
2019-05-10,2019-05-13,train_in_sample,SPY,0.6137922406196594,0,0
2019-05-10,2019-05-13,train_in_sample,QQQ,0.5999716520309448,0,0
2019-05-10,2019-05-13,train_in_sample,IWM,0.690788745880127,0,0
2019-05-13,2019-05-14,train_in_sample,SPY,0.5731772780418396,1,1
2019-05-13,2019-05-14,train_in_sample,QQQ,0.5853538513183594,1,1
2019-05-13,2019-05-14,train_in_sample,IWM,0.4471253454685211,1,0
2019-05-14,2019-05-15,train_in_sample,SPY,0.6107611656188965,1,1
2019-05-14,2019-05-15,train_in_sample,QQQ,0.6635322570800781,1,1
2019-05-14,2019-05-15,train_in_sample,IWM,0.5348938703536987,1,1
2019-05-15,2019-05-16,train_in_sample,SPY,0.5443166494369507,1,1
2019-05-15,2019-05-16,train_in_sample,QQQ,0.618506908416748,1,1
2019-05-15,2019-05-16,train_in_sample,IWM,0.5130959153175354,1,1
2019-05-16,2019-05-17,train_in_sample,SPY,0.5773776769638062,0,0
2019-05-16,2019-05-17,train_in_sample,QQQ,0.5848881006240845,0,0
2019-05-16,2019-05-17,train_in_sample,IWM,0.49800384044647217,0,1
2019-05-17,2019-05-20,train_in_sample,SPY,0.5359403491020203,0,0
2019-05-17,2019-05-20,train_in_sample,QQQ,0.5740878582000732,0,0
2019-05-17,2019-05-20,train_in_sample,IWM,0.48744338750839233,0,1
2019-05-20,2019-05-21,train_in_sample,SPY,0.5520744323730469,1,1
2019-05-20,2019-05-21,train_in_sample,QQQ,0.5756682753562927,1,1
2019-05-20,2019-05-21,train_in_sample,IWM,0.49021798372268677,1,0
2019-05-21,2019-05-22,train_in_sample,SPY,0.6004118919372559,0,0
2019-05-21,2019-05-22,train_in_sample,QQQ,0.5089757442474365,0,0
2019-05-21,2019-05-22,train_in_sample,IWM,0.5265932083129883,0,0
2019-05-22,2019-05-23,train_in_sample,SPY,0.6179839968681335,0,0
2019-05-22,2019-05-23,train_in_sample,QQQ,0.6433671116828918,0,0
2019-05-22,2019-05-23,train_in_sample,IWM,0.5377821922302246,0,0
2019-05-23,2019-05-24,train_in_sample,SPY,0.6210874319076538,1,1
2019-05-23,2019-05-24,train_in_sample,QQQ,0.6594225764274597,0,0
2019-05-23,2019-05-24,train_in_sample,IWM,0.5415369868278503,1,1
2019-05-24,2019-05-28,train_in_sample,SPY,0.6005873084068298,0,0
2019-05-24,2019-05-28,train_in_sample,QQQ,0.6283091306686401,0,0
2019-05-24,2019-05-28,train_in_sample,IWM,0.490511029958725,0,1
2019-05-28,2019-05-29,train_in_sample,SPY,0.5970285534858704,0,0
2019-05-28,2019-05-29,train_in_sample,QQQ,0.6736774444580078,0,0
2019-05-28,2019-05-29,train_in_sample,IWM,0.5597760677337646,0,0
2019-05-29,2019-05-30,train_in_sample,SPY,0.5987889170646667,1,1
2019-05-29,2019-05-30,train_in_sample,QQQ,0.6169127225875854,1,1
2019-05-29,2019-05-30,train_in_sample,IWM,0.4708824157714844,0,1
2019-05-30,2019-05-31,train_in_sample,SPY,0.6442444324493408,0,0
2019-05-30,2019-05-31,train_in_sample,QQQ,0.6200128793716431,0,0
2019-05-30,2019-05-31,train_in_sample,IWM,0.5918548703193665,0,0
2019-05-31,2019-06-03,train_in_sample,SPY,0.5509490966796875,0,0
2019-05-31,2019-06-03,train_in_sample,QQQ,0.5836704969406128,0,0
2019-05-31,2019-06-03,train_in_sample,IWM,0.44771909713745117,1,0
2019-06-03,2019-06-04,train_in_sample,SPY,0.6076754331588745,1,1
2019-06-03,2019-06-04,train_in_sample,QQQ,0.6034551858901978,1,1
2019-06-03,2019-06-04,train_in_sample,IWM,0.5330473184585571,1,1
2019-06-04,2019-06-05,train_in_sample,SPY,0.4992420971393585,1,0
2019-06-04,2019-06-05,train_in_sample,QQQ,0.5257116556167603,1,1
2019-06-04,2019-06-05,train_in_sample,IWM,0.5303258299827576,0,0
2019-06-05,2019-06-06,train_in_sample,SPY,0.5835207104682922,1,1
2019-06-05,2019-06-06,train_in_sample,QQQ,0.601291298866272,1,1
2019-06-05,2019-06-06,train_in_sample,IWM,0.5211596488952637,0,0
2019-06-06,2019-06-07,train_in_sample,SPY,0.6213973164558411,1,1
2019-06-06,2019-06-07,train_in_sample,QQQ,0.5823739171028137,1,1
2019-06-06,2019-06-07,train_in_sample,IWM,0.5611771941184998,1,1
2019-06-07,2019-06-10,train_in_sample,SPY,0.5748497247695923,1,1
2019-06-07,2019-06-10,train_in_sample,QQQ,0.637340784072876,1,1
2019-06-07,2019-06-10,train_in_sample,IWM,0.5541180372238159,1,1
2019-06-10,2019-06-11,train_in_sample,SPY,0.5376589298248291,0,0
2019-06-10,2019-06-11,train_in_sample,QQQ,0.6184008717536926,1,1
2019-06-10,2019-06-11,train_in_sample,IWM,0.4910484850406647,0,1
2019-06-11,2019-06-12,train_in_sample,SPY,0.59776371717453,0,0
2019-06-11,2019-06-12,train_in_sample,QQQ,0.5926861763000488,0,0
2019-06-11,2019-06-12,train_in_sample,IWM,0.5367128849029541,1,1
2019-06-12,2019-06-13,train_in_sample,SPY,0.5314772129058838,1,1
2019-06-12,2019-06-13,train_in_sample,QQQ,0.4715645909309387,1,0
2019-06-12,2019-06-13,train_in_sample,IWM,0.48940882086753845,1,0
2019-06-13,2019-06-14,train_in_sample,SPY,0.653032124042511,0,0
2019-06-13,2019-06-14,train_in_sample,QQQ,0.6728770136833191,0,0
2019-06-13,2019-06-14,train_in_sample,IWM,0.4596308171749115,0,1
2019-06-14,2019-06-17,train_in_sample,SPY,0.5791577696800232,1,1
2019-06-14,2019-06-17,train_in_sample,QQQ,0.6413335800170898,1,1
2019-06-14,2019-06-17,train_in_sample,IWM,0.4774506986141205,1,0
2019-06-17,2019-06-18,train_in_sample,SPY,0.5736331939697266,1,1
2019-06-17,2019-06-18,train_in_sample,QQQ,0.6675196886062622,1,1
2019-06-17,2019-06-18,train_in_sample,IWM,0.4613263010978699,1,0
2019-06-18,2019-06-19,train_in_sample,SPY,0.5949113965034485,1,1
2019-06-18,2019-06-19,train_in_sample,QQQ,0.6524593830108643,1,1
2019-06-18,2019-06-19,train_in_sample,IWM,0.5413450598716736,1,1
2019-06-19,2019-06-20,train_in_sample,SPY,0.6239408254623413,1,1
2019-06-19,2019-06-20,train_in_sample,QQQ,0.6163407564163208,1,1
2019-06-19,2019-06-20,train_in_sample,IWM,0.5142349600791931,1,1
2019-06-20,2019-06-21,train_in_sample,SPY,0.6408181190490723,0,0
2019-06-20,2019-06-21,train_in_sample,QQQ,0.6105563044548035,0,0
2019-06-20,2019-06-21,train_in_sample,IWM,0.4951009452342987,0,1
2019-06-21,2019-06-24,train_in_sample,SPY,0.6730948686599731,0,0
2019-06-21,2019-06-24,train_in_sample,QQQ,0.6222748160362244,1,1
2019-06-21,2019-06-24,train_in_sample,IWM,0.5385494232177734,0,0
2019-06-24,2019-06-25,train_in_sample,SPY,0.5608439445495605,0,0
2019-06-24,2019-06-25,train_in_sample,QQQ,0.5115094184875488,0,0
2019-06-24,2019-06-25,train_in_sample,IWM,0.49215397238731384,0,1
2019-06-25,2019-06-26,train_in_sample,SPY,0.6014190912246704,0,0
2019-06-25,2019-06-26,train_in_sample,QQQ,0.6239672303199768,1,1
2019-06-25,2019-06-26,train_in_sample,IWM,0.43726199865341187,0,1
2019-06-26,2019-06-27,train_in_sample,SPY,0.5822532773017883,1,1
2019-06-26,2019-06-27,train_in_sample,QQQ,0.5824055075645447,1,1
2019-06-26,2019-06-27,train_in_sample,IWM,0.5235649943351746,1,1
2019-06-27,2019-06-28,train_in_sample,SPY,0.637653648853302,1,1
2019-06-27,2019-06-28,train_in_sample,QQQ,0.6524152755737305,1,1
2019-06-27,2019-06-28,train_in_sample,IWM,0.5102339386940002,1,1
2019-06-28,2019-07-01,train_in_sample,SPY,0.6078720092773438,1,1
2019-06-28,2019-07-01,train_in_sample,QQQ,0.6578834652900696,1,1
2019-06-28,2019-07-01,train_in_sample,IWM,0.4617711305618286,1,0
2019-07-01,2019-07-02,train_in_sample,SPY,0.6563421487808228,1,1
2019-07-01,2019-07-02,train_in_sample,QQQ,0.6202900409698486,1,1
2019-07-01,2019-07-02,train_in_sample,IWM,0.5361376404762268,0,0
2019-07-02,2019-07-03,train_in_sample,SPY,0.6900633573532104,1,1
2019-07-02,2019-07-03,train_in_sample,QQQ,0.6297037601470947,1,1
2019-07-02,2019-07-03,train_in_sample,IWM,0.6072619557380676,1,1
2019-07-03,2019-07-05,train_in_sample,SPY,0.6010331511497498,0,0
2019-07-03,2019-07-05,train_in_sample,QQQ,0.6512963175773621,0,0
2019-07-03,2019-07-05,train_in_sample,IWM,0.4560209810733795,1,0
2019-07-05,2019-07-08,train_in_sample,SPY,0.5914390683174133,0,0
2019-07-05,2019-07-08,train_in_sample,QQQ,0.6076082587242126,0,0
2019-07-05,2019-07-08,train_in_sample,IWM,0.47065597772598267,0,1
2019-07-08,2019-07-09,train_in_sample,SPY,0.6109461188316345,1,1
2019-07-08,2019-07-09,train_in_sample,QQQ,0.6459593772888184,1,1
2019-07-08,2019-07-09,train_in_sample,IWM,0.5366551280021667,1,1
2019-07-09,2019-07-10,train_in_sample,SPY,0.6236122250556946,1,1
2019-07-09,2019-07-10,train_in_sample,QQQ,0.6471371054649353,1,1
2019-07-09,2019-07-10,train_in_sample,IWM,0.525829017162323,1,1
2019-07-10,2019-07-11,train_in_sample,SPY,0.5717419981956482,1,1
2019-07-10,2019-07-11,train_in_sample,QQQ,0.5962299108505249,0,0
2019-07-10,2019-07-11,train_in_sample,IWM,0.5748801231384277,0,0
2019-07-11,2019-07-12,train_in_sample,SPY,0.5725349187850952,1,1
2019-07-11,2019-07-12,train_in_sample,QQQ,0.5690746903419495,1,1
2019-07-11,2019-07-12,train_in_sample,IWM,0.4827626943588257,1,0
2019-07-12,2019-07-15,train_in_sample,SPY,0.5845325589179993,1,1
2019-07-12,2019-07-15,train_in_sample,QQQ,0.6093528270721436,1,1
2019-07-12,2019-07-15,train_in_sample,IWM,0.4751281440258026,0,1
2019-07-15,2019-07-16,train_in_sample,SPY,0.621553361415863,0,0
2019-07-15,2019-07-16,train_in_sample,QQQ,0.6774346232414246,0,0
2019-07-15,2019-07-16,train_in_sample,IWM,0.5239155292510986,0,0
2019-07-16,2019-07-17,train_in_sample,SPY,0.5966067910194397,0,0
2019-07-16,2019-07-17,train_in_sample,QQQ,0.6471697688102722,0,0
2019-07-16,2019-07-17,train_in_sample,IWM,0.5238206386566162,0,0
2019-07-17,2019-07-18,train_in_sample,SPY,0.6315931677818298,1,1
2019-07-17,2019-07-18,train_in_sample,QQQ,0.7023550271987915,1,1
2019-07-17,2019-07-18,train_in_sample,IWM,0.5394190549850464,1,1
2019-07-18,2019-07-19,train_in_sample,SPY,0.5528439879417419,0,0
2019-07-18,2019-07-19,train_in_sample,QQQ,0.6300168037414551,0,0
2019-07-18,2019-07-19,train_in_sample,IWM,0.5207868218421936,0,0
2019-07-19,2019-07-22,train_in_sample,SPY,0.62293940782547,1,1
2019-07-19,2019-07-22,train_in_sample,QQQ,0.6685876846313477,1,1
2019-07-19,2019-07-22,train_in_sample,IWM,0.5650964975357056,0,0
2019-07-22,2019-07-23,train_in_sample,SPY,0.5847209692001343,1,1
2019-07-22,2019-07-23,train_in_sample,QQQ,0.6334226727485657,1,1
2019-07-22,2019-07-23,train_in_sample,IWM,0.580132782459259,1,1
2019-07-23,2019-07-24,train_in_sample,SPY,0.5020933151245117,1,1
2019-07-23,2019-07-24,train_in_sample,QQQ,0.5291489362716675,1,1
2019-07-23,2019-07-24,train_in_sample,IWM,0.4231914281845093,1,0
2019-07-24,2019-07-25,train_in_sample,SPY,0.6200759410858154,0,0
2019-07-24,2019-07-25,train_in_sample,QQQ,0.683320164680481,0,0
2019-07-24,2019-07-25,train_in_sample,IWM,0.5300653576850891,0,0
2019-07-25,2019-07-26,train_in_sample,SPY,0.49484264850616455,1,0
2019-07-25,2019-07-26,train_in_sample,QQQ,0.5130907297134399,1,1
2019-07-25,2019-07-26,train_in_sample,IWM,0.4624479115009308,1,0
2019-07-26,2019-07-29,train_in_sample,SPY,0.5004079341888428,0,0
2019-07-26,2019-07-29,train_in_sample,QQQ,0.5510682463645935,0,0
2019-07-26,2019-07-29,train_in_sample,IWM,0.49802976846694946,0,1
2019-07-29,2019-07-30,train_in_sample,SPY,0.5934122204780579,0,0
2019-07-29,2019-07-30,train_in_sample,QQQ,0.5956881642341614,0,0
2019-07-29,2019-07-30,train_in_sample,IWM,0.5375338196754456,1,1
2019-07-30,2019-07-31,train_in_sample,SPY,0.6108883023262024,0,0
2019-07-30,2019-07-31,train_in_sample,QQQ,0.5637199282646179,0,0
2019-07-30,2019-07-31,train_in_sample,IWM,0.5082768797874451,0,0
2019-07-31,2019-08-01,train_in_sample,SPY,0.5615325570106506,0,0
2019-07-31,2019-08-01,train_in_sample,QQQ,0.5685102343559265,0,0
2019-07-31,2019-08-01,train_in_sample,IWM,0.4996504783630371,0,1
2019-08-01,2019-08-02,train_in_sample,SPY,0.5658347010612488,0,0
2019-08-01,2019-08-02,train_in_sample,QQQ,0.5781728625297546,0,0
2019-08-01,2019-08-02,train_in_sample,IWM,0.600156307220459,0,0
2019-08-02,2019-08-05,train_in_sample,SPY,0.46932899951934814,0,1
2019-08-02,2019-08-05,train_in_sample,QQQ,0.46778881549835205,0,1
2019-08-02,2019-08-05,train_in_sample,IWM,0.4951343536376953,0,1
2019-08-05,2019-08-06,train_in_sample,SPY,0.557698667049408,1,1
2019-08-05,2019-08-06,train_in_sample,QQQ,0.548832356929779,1,1
2019-08-05,2019-08-06,train_in_sample,IWM,0.608109176158905,1,1
2019-08-06,2019-08-07,train_in_sample,SPY,0.5742269158363342,1,1
2019-08-06,2019-08-07,train_in_sample,QQQ,0.5460604429244995,1,1
2019-08-06,2019-08-07,train_in_sample,IWM,0.5172523856163025,1,1
2019-08-07,2019-08-08,train_in_sample,SPY,0.5991725325584412,1,1
2019-08-07,2019-08-08,train_in_sample,QQQ,0.6260112524032593,1,1
2019-08-07,2019-08-08,train_in_sample,IWM,0.5403884053230286,1,1
2019-08-08,2019-08-09,train_in_sample,SPY,0.5063106417655945,0,0
2019-08-08,2019-08-09,train_in_sample,QQQ,0.5586221814155579,0,0
2019-08-08,2019-08-09,train_in_sample,IWM,0.5378450155258179,0,0
2019-08-09,2019-08-12,train_in_sample,SPY,0.5593101382255554,0,0
2019-08-09,2019-08-12,train_in_sample,QQQ,0.6014105677604675,0,0
2019-08-09,2019-08-12,train_in_sample,IWM,0.49924391508102417,0,1
2019-08-12,2019-08-13,train_in_sample,SPY,0.578183114528656,1,1
2019-08-12,2019-08-13,train_in_sample,QQQ,0.5703282952308655,1,1
2019-08-12,2019-08-13,train_in_sample,IWM,0.5278748869895935,1,1
2019-08-13,2019-08-14,train_in_sample,SPY,0.6119282841682434,0,0
2019-08-13,2019-08-14,train_in_sample,QQQ,0.6096404194831848,0,0
2019-08-13,2019-08-14,train_in_sample,IWM,0.548414945602417,0,0
2019-08-14,2019-08-15,train_in_sample,SPY,0.4648981988430023,1,0
2019-08-14,2019-08-15,train_in_sample,QQQ,0.44410938024520874,0,1
2019-08-14,2019-08-15,train_in_sample,IWM,0.5946879982948303,0,0
2019-08-15,2019-08-16,train_in_sample,SPY,0.6238245964050293,1,1
2019-08-15,2019-08-16,train_in_sample,QQQ,0.6247522234916687,1,1
2019-08-15,2019-08-16,train_in_sample,IWM,0.49287664890289307,1,0
2019-08-16,2019-08-19,train_in_sample,SPY,0.576870858669281,1,1
2019-08-16,2019-08-19,train_in_sample,QQQ,0.6145807504653931,1,1
2019-08-16,2019-08-19,train_in_sample,IWM,0.5159468054771423,1,1
2019-08-19,2019-08-20,train_in_sample,SPY,0.6665387153625488,0,0
2019-08-19,2019-08-20,train_in_sample,QQQ,0.6712152361869812,0,0
2019-08-19,2019-08-20,train_in_sample,IWM,0.499314546585083,0,1
2019-08-20,2019-08-21,train_in_sample,SPY,0.614587664604187,1,1
2019-08-20,2019-08-21,train_in_sample,QQQ,0.6055983901023865,1,1
2019-08-20,2019-08-21,train_in_sample,IWM,0.5609416961669922,1,1
2019-08-21,2019-08-22,train_in_sample,SPY,0.6048612594604492,0,0
2019-08-21,2019-08-22,train_in_sample,QQQ,0.693198025226593,0,0
2019-08-21,2019-08-22,train_in_sample,IWM,0.5002653002738953,0,0
2019-08-22,2019-08-23,train_in_sample,SPY,0.5992695689201355,0,0
2019-08-22,2019-08-23,train_in_sample,QQQ,0.6588553190231323,0,0
2019-08-22,2019-08-23,train_in_sample,IWM,0.5086317658424377,0,0
2019-08-23,2019-08-26,train_in_sample,SPY,0.5594541430473328,1,1
2019-08-23,2019-08-26,train_in_sample,QQQ,0.5935603380203247,1,1
2019-08-23,2019-08-26,train_in_sample,IWM,0.5557932257652283,1,1
2019-08-26,2019-08-27,train_in_sample,SPY,0.6536992192268372,0,0
2019-08-26,2019-08-27,train_in_sample,QQQ,0.7073625326156616,0,0
2019-08-26,2019-08-27,train_in_sample,IWM,0.5689759254455566,0,0
2019-08-27,2019-08-28,train_in_sample,SPY,0.6025859713554382,1,1
2019-08-27,2019-08-28,train_in_sample,QQQ,0.618713915348053,1,1
2019-08-27,2019-08-28,train_in_sample,IWM,0.5177055597305298,1,1
2019-08-28,2019-08-29,train_in_sample,SPY,0.6052348017692566,1,1
2019-08-28,2019-08-29,train_in_sample,QQQ,0.6157196760177612,1,1
2019-08-28,2019-08-29,train_in_sample,IWM,0.537290632724762,1,1
2019-08-29,2019-08-30,train_in_sample,SPY,0.6050181984901428,0,0
2019-08-29,2019-08-30,train_in_sample,QQQ,0.5963503122329712,0,0
2019-08-29,2019-08-30,train_in_sample,IWM,0.550478458404541,0,0
2019-08-30,2019-09-03,train_in_sample,SPY,0.5630571246147156,0,0
2019-08-30,2019-09-03,train_in_sample,QQQ,0.6184797286987305,0,0
2019-08-30,2019-09-03,train_in_sample,IWM,0.44787368178367615,0,1
2019-09-03,2019-09-04,train_in_sample,SPY,0.5657657980918884,1,1
2019-09-03,2019-09-04,train_in_sample,QQQ,0.5940915942192078,1,1
2019-09-03,2019-09-04,train_in_sample,IWM,0.5111979842185974,1,1
2019-09-04,2019-09-05,train_in_sample,SPY,0.5997905135154724,1,1
2019-09-04,2019-09-05,train_in_sample,QQQ,0.6123225688934326,1,1
2019-09-04,2019-09-05,train_in_sample,IWM,0.5891820192337036,1,1
2019-09-05,2019-09-06,train_in_sample,SPY,0.5894092321395874,1,1
2019-09-05,2019-09-06,train_in_sample,QQQ,0.604464054107666,0,0
2019-09-05,2019-09-06,train_in_sample,IWM,0.5348040461540222,0,0
2019-09-06,2019-09-09,train_in_sample,SPY,0.6011822819709778,1,1
2019-09-06,2019-09-09,train_in_sample,QQQ,0.603628396987915,0,0
2019-09-06,2019-09-09,train_in_sample,IWM,0.43690839409828186,1,0
2019-09-09,2019-09-10,train_in_sample,SPY,0.6417055130004883,0,0
2019-09-09,2019-09-10,train_in_sample,QQQ,0.662703275680542,0,0
2019-09-09,2019-09-10,train_in_sample,IWM,0.531654417514801,1,1
2019-09-10,2019-09-11,train_in_sample,SPY,0.6234570145606995,1,1
2019-09-10,2019-09-11,train_in_sample,QQQ,0.6516993045806885,1,1
2019-09-10,2019-09-11,train_in_sample,IWM,0.5032151937484741,1,1
2019-09-11,2019-09-12,train_in_sample,SPY,0.6215259432792664,1,1
2019-09-11,2019-09-12,train_in_sample,QQQ,0.6388943791389465,1,1
2019-09-11,2019-09-12,train_in_sample,IWM,0.4796392321586609,1,0
2019-09-12,2019-09-13,train_in_sample,SPY,0.5944517850875854,0,0
2019-09-12,2019-09-13,train_in_sample,QQQ,0.5623905658721924,0,0
2019-09-12,2019-09-13,train_in_sample,IWM,0.4382753074169159,1,0
2019-09-13,2019-09-16,train_in_sample,SPY,0.6108753681182861,0,0
2019-09-13,2019-09-16,train_in_sample,QQQ,0.6667612195014954,0,0
2019-09-13,2019-09-16,train_in_sample,IWM,0.4677784740924835,1,0
2019-09-16,2019-09-17,train_in_sample,SPY,0.6016214489936829,1,1
2019-09-16,2019-09-17,train_in_sample,QQQ,0.6805843710899353,1,1
2019-09-16,2019-09-17,train_in_sample,IWM,0.4897500276565552,0,1
2019-09-17,2019-09-18,train_in_sample,SPY,0.5296075344085693,1,1
2019-09-17,2019-09-18,train_in_sample,QQQ,0.6056976914405823,0,0
2019-09-17,2019-09-18,train_in_sample,IWM,0.48090100288391113,0,1
2019-09-18,2019-09-19,train_in_sample,SPY,0.5903571844100952,0,0
2019-09-18,2019-09-19,train_in_sample,QQQ,0.6390634775161743,1,1
2019-09-18,2019-09-19,train_in_sample,IWM,0.4470914900302887,0,1
2019-09-19,2019-09-20,train_in_sample,SPY,0.5582252144813538,0,0
2019-09-19,2019-09-20,train_in_sample,QQQ,0.5987433791160583,0,0
2019-09-19,2019-09-20,train_in_sample,IWM,0.4734915792942047,0,1
2019-09-20,2019-09-23,train_in_sample,SPY,0.532231330871582,1,1
2019-09-20,2019-09-23,train_in_sample,QQQ,0.6038973927497864,1,1
2019-09-20,2019-09-23,train_in_sample,IWM,0.481283962726593,0,1
2019-09-23,2019-09-24,train_in_sample,SPY,0.587929368019104,0,0
2019-09-23,2019-09-24,train_in_sample,QQQ,0.6460117697715759,0,0
2019-09-23,2019-09-24,train_in_sample,IWM,0.4812486171722412,0,1
2019-09-24,2019-09-25,train_in_sample,SPY,0.5687436461448669,1,1
2019-09-24,2019-09-25,train_in_sample,QQQ,0.5786512494087219,1,1
2019-09-24,2019-09-25,train_in_sample,IWM,0.4620557725429535,1,0
2019-09-25,2019-09-26,train_in_sample,SPY,0.5760937929153442,0,0
2019-09-25,2019-09-26,train_in_sample,QQQ,0.6361071467399597,0,0
2019-09-25,2019-09-26,train_in_sample,IWM,0.4814240634441376,0,1
2019-09-26,2019-09-27,train_in_sample,SPY,0.5542058348655701,0,0
2019-09-26,2019-09-27,train_in_sample,QQQ,0.5794345736503601,0,0
2019-09-26,2019-09-27,train_in_sample,IWM,0.44288450479507446,0,1
2019-09-27,2019-09-30,train_in_sample,SPY,0.5656653046607971,1,1
2019-09-27,2019-09-30,train_in_sample,QQQ,0.6038873791694641,1,1
2019-09-27,2019-09-30,train_in_sample,IWM,0.45938605070114136,1,0
2019-09-30,2019-10-01,train_in_sample,SPY,0.5960457921028137,0,0
2019-09-30,2019-10-01,train_in_sample,QQQ,0.6500836610794067,0,0
2019-09-30,2019-10-01,train_in_sample,IWM,0.5473318099975586,0,0
2019-10-01,2019-10-02,train_in_sample,SPY,0.5688614249229431,0,0
2019-10-01,2019-10-02,train_in_sample,QQQ,0.563676118850708,0,0
2019-10-01,2019-10-02,train_in_sample,IWM,0.5558585524559021,0,0
2019-10-02,2019-10-03,train_in_sample,SPY,0.5558044910430908,1,1
2019-10-02,2019-10-03,train_in_sample,QQQ,0.5854893326759338,1,1
2019-10-02,2019-10-03,train_in_sample,IWM,0.4869602918624878,1,0
2019-10-03,2019-10-04,train_in_sample,SPY,0.6362254023551941,1,1
2019-10-03,2019-10-04,train_in_sample,QQQ,0.6636911034584045,1,1
2019-10-03,2019-10-04,train_in_sample,IWM,0.5380291938781738,1,1
2019-10-04,2019-10-07,train_in_sample,SPY,0.6175395846366882,0,0
2019-10-04,2019-10-07,train_in_sample,QQQ,0.6417977809906006,0,0
2019-10-04,2019-10-07,train_in_sample,IWM,0.5097965002059937,0,0
2019-10-07,2019-10-08,train_in_sample,SPY,0.5510781407356262,0,0
2019-10-07,2019-10-08,train_in_sample,QQQ,0.5768442749977112,0,0
2019-10-07,2019-10-08,train_in_sample,IWM,0.533863365650177,0,0
2019-10-08,2019-10-09,train_in_sample,SPY,0.5788838863372803,1,1
2019-10-08,2019-10-09,train_in_sample,QQQ,0.5507887601852417,1,1
2019-10-08,2019-10-09,train_in_sample,IWM,0.5468202233314514,1,1
2019-10-09,2019-10-10,train_in_sample,SPY,0.6174252033233643,1,1
2019-10-09,2019-10-10,train_in_sample,QQQ,0.6832512617111206,1,1
2019-10-09,2019-10-10,train_in_sample,IWM,0.5416656732559204,1,1
2019-10-10,2019-10-11,train_in_sample,SPY,0.6279618144035339,1,1
2019-10-10,2019-10-11,train_in_sample,QQQ,0.6169163584709167,1,1
2019-10-10,2019-10-11,train_in_sample,IWM,0.4789007902145386,1,0
2019-10-11,2019-10-14,train_in_sample,SPY,0.6357958912849426,0,0
2019-10-11,2019-10-14,train_in_sample,QQQ,0.6623767614364624,0,0
2019-10-11,2019-10-14,train_in_sample,IWM,0.531937837600708,0,0
2019-10-14,2019-10-15,train_in_sample,SPY,0.5829529762268066,1,1
2019-10-14,2019-10-15,train_in_sample,QQQ,0.6298270225524902,1,1
2019-10-14,2019-10-15,train_in_sample,IWM,0.4986874461174011,1,0
2019-10-15,2019-10-16,train_in_sample,SPY,0.5801120400428772,0,0
2019-10-15,2019-10-16,train_in_sample,QQQ,0.5769443511962891,0,0
2019-10-15,2019-10-16,train_in_sample,IWM,0.5541873574256897,1,1
2019-10-16,2019-10-17,train_in_sample,SPY,0.5793724060058594,1,1
2019-10-16,2019-10-17,train_in_sample,QQQ,0.6466006636619568,1,1
2019-10-16,2019-10-17,train_in_sample,IWM,0.504173755645752,1,1
2019-10-17,2019-10-18,train_in_sample,SPY,0.5954616665840149,0,0
2019-10-17,2019-10-18,train_in_sample,QQQ,0.6522870063781738,0,0
2019-10-17,2019-10-18,train_in_sample,IWM,0.5211632251739502,0,0
2019-10-18,2019-10-21,train_in_sample,SPY,0.6218052506446838,1,1
2019-10-18,2019-10-21,train_in_sample,QQQ,0.6064254641532898,1,1
2019-10-18,2019-10-21,train_in_sample,IWM,0.5489005446434021,1,1
2019-10-21,2019-10-22,train_in_sample,SPY,0.6161681413650513,0,0
2019-10-21,2019-10-22,train_in_sample,QQQ,0.6534016728401184,0,0
2019-10-21,2019-10-22,train_in_sample,IWM,0.5307984948158264,1,1
2019-10-22,2019-10-23,train_in_sample,SPY,0.603618323802948,1,1
2019-10-22,2019-10-23,train_in_sample,QQQ,0.6631655097007751,1,1
2019-10-22,2019-10-23,train_in_sample,IWM,0.5070598125457764,1,1
2019-10-23,2019-10-24,train_in_sample,SPY,0.6620558500289917,1,1
2019-10-23,2019-10-24,train_in_sample,QQQ,0.6710858345031738,1,1
2019-10-23,2019-10-24,train_in_sample,IWM,0.5570757389068604,0,0
2019-10-24,2019-10-25,train_in_sample,SPY,0.5846094489097595,1,1
2019-10-24,2019-10-25,train_in_sample,QQQ,0.6152812242507935,1,1
2019-10-24,2019-10-25,train_in_sample,IWM,0.4900290369987488,1,0
2019-10-25,2019-10-28,train_in_sample,SPY,0.5545993447303772,1,1
2019-10-25,2019-10-28,train_in_sample,QQQ,0.6219178438186646,1,1
2019-10-25,2019-10-28,train_in_sample,IWM,0.5693291425704956,1,1
2019-10-28,2019-10-29,train_in_sample,SPY,0.6030301451683044,0,0
2019-10-28,2019-10-29,train_in_sample,QQQ,0.6482301354408264,0,0
2019-10-28,2019-10-29,train_in_sample,IWM,0.560731828212738,1,1
2019-10-29,2019-10-30,train_in_sample,SPY,0.5747085213661194,1,1
2019-10-29,2019-10-30,train_in_sample,QQQ,0.627060055732727,1,1
2019-10-29,2019-10-30,train_in_sample,IWM,0.43461376428604126,0,1
2019-10-30,2019-10-31,train_in_sample,SPY,0.5584142208099365,0,0
2019-10-30,2019-10-31,train_in_sample,QQQ,0.6184887290000916,1,1
2019-10-30,2019-10-31,train_in_sample,IWM,0.5113694071769714,0,0
2019-10-31,2019-11-01,train_in_sample,SPY,0.6029428839683533,1,1
2019-10-31,2019-11-01,train_in_sample,QQQ,0.5848985314369202,1,1
2019-10-31,2019-11-01,train_in_sample,IWM,0.5759193301200867,1,1
2019-11-01,2019-11-04,train_in_sample,SPY,0.6217028498649597,1,1
2019-11-01,2019-11-04,train_in_sample,QQQ,0.6677775382995605,1,1
2019-11-01,2019-11-04,train_in_sample,IWM,0.5707539916038513,1,1
2019-11-04,2019-11-05,train_in_sample,SPY,0.56756192445755,0,0
2019-11-04,2019-11-05,train_in_sample,QQQ,0.6391277313232422,1,1
2019-11-04,2019-11-05,train_in_sample,IWM,0.4747028648853302,1,0
2019-11-05,2019-11-06,train_in_sample,SPY,0.6168007254600525,1,1
2019-11-05,2019-11-06,train_in_sample,QQQ,0.6067511439323425,0,0
2019-11-05,2019-11-06,train_in_sample,IWM,0.4869954586029053,0,1
2019-11-06,2019-11-07,train_in_sample,SPY,0.6052556037902832,1,1
2019-11-06,2019-11-07,train_in_sample,QQQ,0.6622495651245117,1,1
2019-11-06,2019-11-07,train_in_sample,IWM,0.49905264377593994,1,0
2019-11-07,2019-11-08,train_in_sample,SPY,0.6096247434616089,1,1
2019-11-07,2019-11-08,train_in_sample,QQQ,0.6184964776039124,1,1
2019-11-07,2019-11-08,train_in_sample,IWM,0.5124903321266174,1,1
2019-11-08,2019-11-11,train_in_sample,SPY,0.6018170118331909,0,0
2019-11-08,2019-11-11,train_in_sample,QQQ,0.6515529751777649,0,0
2019-11-08,2019-11-11,train_in_sample,IWM,0.4706268906593323,0,1
2019-11-11,2019-11-12,train_in_sample,SPY,0.5689341425895691,1,1
2019-11-11,2019-11-12,train_in_sample,QQQ,0.6621314287185669,1,1
2019-11-11,2019-11-12,train_in_sample,IWM,0.5093501806259155,1,1
2019-11-12,2019-11-13,train_in_sample,SPY,0.5842865705490112,1,1
2019-11-12,2019-11-13,train_in_sample,QQQ,0.6419500708580017,1,1
2019-11-12,2019-11-13,train_in_sample,IWM,0.45216768980026245,0,1
2019-11-13,2019-11-14,train_in_sample,SPY,0.5036730170249939,1,1
2019-11-13,2019-11-14,train_in_sample,QQQ,0.5521747469902039,0,0
2019-11-13,2019-11-14,train_in_sample,IWM,0.5040822625160217,0,0
2019-11-14,2019-11-15,train_in_sample,SPY,0.6332314014434814,1,1
2019-11-14,2019-11-15,train_in_sample,QQQ,0.7062152624130249,1,1
2019-11-14,2019-11-15,train_in_sample,IWM,0.5737407803535461,1,1
2019-11-15,2019-11-18,train_in_sample,SPY,0.579497754573822,1,1
2019-11-15,2019-11-18,train_in_sample,QQQ,0.6731465458869934,1,1
2019-11-15,2019-11-18,train_in_sample,IWM,0.5049008131027222,0,0
2019-11-18,2019-11-19,train_in_sample,SPY,0.6054167151451111,0,0
2019-11-18,2019-11-19,train_in_sample,QQQ,0.6633575558662415,1,1
2019-11-18,2019-11-19,train_in_sample,IWM,0.5652180314064026,1,1
2019-11-19,2019-11-20,train_in_sample,SPY,0.5786007642745972,0,0
2019-11-19,2019-11-20,train_in_sample,QQQ,0.6019425988197327,0,0
2019-11-19,2019-11-20,train_in_sample,IWM,0.4888121485710144,0,1
2019-11-20,2019-11-21,train_in_sample,SPY,0.6101755499839783,0,0
2019-11-20,2019-11-21,train_in_sample,QQQ,0.6393740177154541,0,0
2019-11-20,2019-11-21,train_in_sample,IWM,0.5400823950767517,0,0
2019-11-21,2019-11-22,train_in_sample,SPY,0.5764865279197693,1,1
2019-11-21,2019-11-22,train_in_sample,QQQ,0.6140329241752625,1,1
2019-11-21,2019-11-22,train_in_sample,IWM,0.5003341436386108,1,1
2019-11-22,2019-11-25,train_in_sample,SPY,0.5831609964370728,1,1
2019-11-22,2019-11-25,train_in_sample,QQQ,0.6769776940345764,1,1
2019-11-22,2019-11-25,train_in_sample,IWM,0.5125720500946045,1,1
2019-11-25,2019-11-26,train_in_sample,SPY,0.6355262398719788,1,1
2019-11-25,2019-11-26,train_in_sample,QQQ,0.6917058825492859,1,1
2019-11-25,2019-11-26,train_in_sample,IWM,0.5351570844650269,1,1
2019-11-26,2019-11-27,train_in_sample,SPY,0.5519794225692749,1,1
2019-11-26,2019-11-27,train_in_sample,QQQ,0.6137191653251648,1,1
2019-11-26,2019-11-27,train_in_sample,IWM,0.5770998597145081,1,1
2019-11-27,2019-11-29,train_in_sample,SPY,0.5466870069503784,0,0
2019-11-27,2019-11-29,train_in_sample,QQQ,0.5666435956954956,0,0
2019-11-27,2019-11-29,train_in_sample,IWM,0.5409214496612549,0,0
2019-11-29,2019-12-02,train_in_sample,SPY,0.5571641325950623,0,0
2019-11-29,2019-12-02,train_in_sample,QQQ,0.6020227670669556,0,0
2019-11-29,2019-12-02,train_in_sample,IWM,0.4984755516052246,0,1
2019-12-02,2019-12-03,train_in_sample,SPY,0.5982533693313599,0,0
2019-12-02,2019-12-03,train_in_sample,QQQ,0.6203209757804871,0,0
2019-12-02,2019-12-03,train_in_sample,IWM,0.4930664300918579,0,1
2019-12-03,2019-12-04,train_in_sample,SPY,0.5972935557365417,1,1
2019-12-03,2019-12-04,train_in_sample,QQQ,0.6146638989448547,1,1
2019-12-03,2019-12-04,train_in_sample,IWM,0.517798125743866,1,1
2019-12-04,2019-12-05,train_in_sample,SPY,0.630680501461029,1,1
2019-12-04,2019-12-05,train_in_sample,QQQ,0.6387608051300049,1,1
2019-12-04,2019-12-05,train_in_sample,IWM,0.5404311418533325,1,1
2019-12-05,2019-12-06,train_in_sample,SPY,0.5902731418609619,1,1
2019-12-05,2019-12-06,train_in_sample,QQQ,0.5901753306388855,1,1
2019-12-05,2019-12-06,train_in_sample,IWM,0.5161663293838501,1,1
2019-12-06,2019-12-09,train_in_sample,SPY,0.5924426913261414,0,0
2019-12-06,2019-12-09,train_in_sample,QQQ,0.6071285009384155,0,0
2019-12-06,2019-12-09,train_in_sample,IWM,0.5081523656845093,0,0
2019-12-09,2019-12-10,train_in_sample,SPY,0.5363882780075073,0,0
2019-12-09,2019-12-10,train_in_sample,QQQ,0.5736810564994812,0,0
2019-12-09,2019-12-10,train_in_sample,IWM,0.4563233554363251,1,0
2019-12-10,2019-12-11,train_in_sample,SPY,0.5952467918395996,1,1
2019-12-10,2019-12-11,train_in_sample,QQQ,0.56052565574646,1,1
2019-12-10,2019-12-11,train_in_sample,IWM,0.5256434082984924,0,0
2019-12-11,2019-12-12,train_in_sample,SPY,0.6276891827583313,1,1
2019-12-11,2019-12-12,train_in_sample,QQQ,0.6580522060394287,1,1
2019-12-11,2019-12-12,train_in_sample,IWM,0.472147673368454,1,0
2019-12-12,2019-12-13,train_in_sample,SPY,0.573043942451477,1,1
2019-12-12,2019-12-13,train_in_sample,QQQ,0.5887043476104736,1,1
2019-12-12,2019-12-13,train_in_sample,IWM,0.5106130242347717,0,0
2019-12-13,2019-12-16,train_in_sample,SPY,0.6482290029525757,1,1
2019-12-13,2019-12-16,train_in_sample,QQQ,0.6461544036865234,1,1
2019-12-13,2019-12-16,train_in_sample,IWM,0.500896692276001,1,1
2019-12-16,2019-12-17,train_in_sample,SPY,0.6192625164985657,1,1
2019-12-16,2019-12-17,train_in_sample,QQQ,0.6422346234321594,1,1
2019-12-16,2019-12-17,train_in_sample,IWM,0.5576499700546265,1,1
2019-12-17,2019-12-18,train_in_sample,SPY,0.5988191962242126,1,1
2019-12-17,2019-12-18,train_in_sample,QQQ,0.6368052959442139,1,1
2019-12-17,2019-12-18,train_in_sample,IWM,0.47645294666290283,1,0
2019-12-18,2019-12-19,train_in_sample,SPY,0.60788494348526,1,1
2019-12-18,2019-12-19,train_in_sample,QQQ,0.6337196826934814,1,1
2019-12-18,2019-12-19,train_in_sample,IWM,0.48425817489624023,1,0
2019-12-19,2019-12-20,train_in_sample,SPY,0.5910520553588867,1,1
2019-12-19,2019-12-20,train_in_sample,QQQ,0.6309762001037598,1,1
2019-12-19,2019-12-20,train_in_sample,IWM,0.524031400680542,1,1
2019-12-20,2019-12-23,train_in_sample,SPY,0.6362419724464417,1,1
2019-12-20,2019-12-23,train_in_sample,QQQ,0.6325459480285645,1,1
2019-12-20,2019-12-23,train_in_sample,IWM,0.5646119713783264,1,1
2019-12-23,2019-12-24,train_in_sample,SPY,0.6121753454208374,0,0
2019-12-23,2019-12-24,train_in_sample,QQQ,0.6687547564506531,1,1
2019-12-23,2019-12-24,train_in_sample,IWM,0.4861682653427124,1,0
2019-12-24,2019-12-26,train_in_sample,SPY,0.6195109486579895,1,1
2019-12-24,2019-12-26,train_in_sample,QQQ,0.6253665089607239,1,1
2019-12-24,2019-12-26,train_in_sample,IWM,0.5255632400512695,0,0
2019-12-26,2019-12-27,train_in_sample,SPY,0.6481577157974243,0,0
2019-12-26,2019-12-27,train_in_sample,QQQ,0.6363463401794434,0,0
2019-12-26,2019-12-27,train_in_sample,IWM,0.5195060968399048,0,0
2019-12-27,2019-12-30,train_in_sample,SPY,0.5345449447631836,0,0
2019-12-27,2019-12-30,train_in_sample,QQQ,0.5754253268241882,0,0
2019-12-27,2019-12-30,train_in_sample,IWM,0.4934466481208801,0,1
2019-12-30,2019-12-31,train_in_sample,SPY,0.5911902785301208,1,1
2019-12-30,2019-12-31,train_in_sample,QQQ,0.627180278301239,1,1
2019-12-30,2019-12-31,train_in_sample,IWM,0.49535059928894043,1,0
2019-12-31,2020-01-02,train_in_sample,SPY,0.6035079956054688,1,1
2019-12-31,2020-01-02,train_in_sample,QQQ,0.6781001091003418,1,1
2019-12-31,2020-01-02,train_in_sample,IWM,0.43035000562667847,1,0
2020-01-02,2020-01-03,train_in_sample,SPY,0.5799535512924194,0,0
2020-01-02,2020-01-03,train_in_sample,QQQ,0.5727128982543945,0,0
2020-01-02,2020-01-03,train_in_sample,IWM,0.5151955485343933,0,0
2020-01-03,2020-01-06,train_in_sample,SPY,0.6193501949310303,1,1
2020-01-03,2020-01-06,train_in_sample,QQQ,0.6561509370803833,1,1
2020-01-03,2020-01-06,train_in_sample,IWM,0.49480557441711426,1,0
2020-01-06,2020-01-07,train_in_sample,SPY,0.6071324944496155,0,0
2020-01-06,2020-01-07,train_in_sample,QQQ,0.6528151631355286,0,0
2020-01-06,2020-01-07,train_in_sample,IWM,0.5730636119842529,0,0
2020-01-07,2020-01-08,train_in_sample,SPY,0.5756959319114685,1,1
2020-01-07,2020-01-08,train_in_sample,QQQ,0.6370195150375366,1,1
2020-01-07,2020-01-08,train_in_sample,IWM,0.5010306239128113,1,1
2020-01-08,2020-01-09,train_in_sample,SPY,0.6321993470191956,1,1
2020-01-08,2020-01-09,train_in_sample,QQQ,0.6944038271903992,1,1
2020-01-08,2020-01-09,train_in_sample,IWM,0.549099326133728,1,1
2020-01-09,2020-01-10,train_in_sample,SPY,0.5730427503585815,0,0
2020-01-09,2020-01-10,train_in_sample,QQQ,0.6133473515510559,0,0
2020-01-09,2020-01-10,train_in_sample,IWM,0.49454307556152344,0,1
2020-01-10,2020-01-13,train_in_sample,SPY,0.5907788872718811,1,1
2020-01-10,2020-01-13,train_in_sample,QQQ,0.6144590377807617,1,1
2020-01-10,2020-01-13,train_in_sample,IWM,0.5655280947685242,1,1
2020-01-13,2020-01-14,train_in_sample,SPY,0.5607945322990417,0,0
2020-01-13,2020-01-14,train_in_sample,QQQ,0.6261910200119019,0,0
2020-01-13,2020-01-14,train_in_sample,IWM,0.49108821153640747,1,0
2020-01-14,2020-01-15,train_in_sample,SPY,0.570012629032135,1,1
2020-01-14,2020-01-15,train_in_sample,QQQ,0.5856907367706299,1,1
2020-01-14,2020-01-15,train_in_sample,IWM,0.4135258197784424,1,0
2020-01-15,2020-01-16,train_in_sample,SPY,0.6281026005744934,1,1
2020-01-15,2020-01-16,train_in_sample,QQQ,0.6744576692581177,1,1
2020-01-15,2020-01-16,train_in_sample,IWM,0.4625576138496399,1,0
2020-01-16,2020-01-17,train_in_sample,SPY,0.6217016577720642,1,1
2020-01-16,2020-01-17,train_in_sample,QQQ,0.6747415661811829,1,1
2020-01-16,2020-01-17,train_in_sample,IWM,0.4870557487010956,0,1
2020-01-17,2020-01-21,train_in_sample,SPY,0.6313582062721252,0,0
2020-01-17,2020-01-21,train_in_sample,QQQ,0.6334240436553955,0,0
2020-01-17,2020-01-21,train_in_sample,IWM,0.5827268958091736,0,0
2020-01-21,2020-01-22,train_in_sample,SPY,0.604545533657074,1,1
2020-01-21,2020-01-22,train_in_sample,QQQ,0.6717413663864136,1,1
2020-01-21,2020-01-22,train_in_sample,IWM,0.5075699090957642,0,0
2020-01-22,2020-01-23,train_in_sample,SPY,0.5885215401649475,1,1
2020-01-22,2020-01-23,train_in_sample,QQQ,0.5981801748275757,1,1
2020-01-22,2020-01-23,train_in_sample,IWM,0.4917655885219574,0,1
2020-01-23,2020-01-24,train_in_sample,SPY,0.606717586517334,0,0
2020-01-23,2020-01-24,train_in_sample,QQQ,0.6115387678146362,0,0
2020-01-23,2020-01-24,train_in_sample,IWM,0.522222101688385,0,0
2020-01-24,2020-01-27,train_in_sample,SPY,0.5927520394325256,0,0
2020-01-24,2020-01-27,train_in_sample,QQQ,0.6557691097259521,0,0
2020-01-24,2020-01-27,train_in_sample,IWM,0.5091274976730347,0,0
2020-01-27,2020-01-28,train_in_sample,SPY,0.6087568402290344,1,1
2020-01-27,2020-01-28,train_in_sample,QQQ,0.6161307692527771,1,1
2020-01-27,2020-01-28,train_in_sample,IWM,0.5173354148864746,1,1
2020-01-28,2020-01-29,train_in_sample,SPY,0.5575742125511169,0,0
2020-01-28,2020-01-29,train_in_sample,QQQ,0.60700923204422,1,1
2020-01-28,2020-01-29,train_in_sample,IWM,0.5331582427024841,0,0
2020-01-29,2020-01-30,train_in_sample,SPY,0.6372032165527344,1,1
2020-01-29,2020-01-30,train_in_sample,QQQ,0.6556409001350403,1,1
2020-01-29,2020-01-30,train_in_sample,IWM,0.44131743907928467,0,1
2020-01-30,2020-01-31,train_in_sample,SPY,0.5882487297058105,0,0
2020-01-30,2020-01-31,train_in_sample,QQQ,0.6224326491355896,0,0
2020-01-30,2020-01-31,train_in_sample,IWM,0.5922164916992188,0,0
2020-01-31,2020-02-03,train_in_sample,SPY,0.574887216091156,1,1
2020-01-31,2020-02-03,train_in_sample,QQQ,0.5355525016784668,1,1
2020-01-31,2020-02-03,train_in_sample,IWM,0.6055486798286438,1,1
2020-02-03,2020-02-04,train_in_sample,SPY,0.5853943824768066,1,1
2020-02-03,2020-02-04,train_in_sample,QQQ,0.6429278254508972,1,1
2020-02-03,2020-02-04,train_in_sample,IWM,0.4933612644672394,1,0
2020-02-04,2020-02-05,train_in_sample,SPY,0.581916093826294,1,1
2020-02-04,2020-02-05,train_in_sample,QQQ,0.6134858727455139,1,1
2020-02-04,2020-02-05,train_in_sample,IWM,0.5546221733093262,1,1
2020-02-05,2020-02-06,train_in_sample,SPY,0.5974026322364807,1,1
2020-02-05,2020-02-06,train_in_sample,QQQ,0.6320914626121521,1,1
2020-02-05,2020-02-06,train_in_sample,IWM,0.5481351613998413,0,0
2020-02-06,2020-02-07,train_in_sample,SPY,0.5583122372627258,0,0
2020-02-06,2020-02-07,train_in_sample,QQQ,0.5678186416625977,0,0
2020-02-06,2020-02-07,train_in_sample,IWM,0.5418152213096619,0,0
2020-02-07,2020-02-10,train_in_sample,SPY,0.549762487411499,1,1
2020-02-07,2020-02-10,train_in_sample,QQQ,0.6219685673713684,1,1
2020-02-07,2020-02-10,train_in_sample,IWM,0.5178401470184326,1,1
2020-02-10,2020-02-11,train_in_sample,SPY,0.528999924659729,1,1
2020-02-10,2020-02-11,train_in_sample,QQQ,0.6075525283813477,1,1
2020-02-10,2020-02-11,train_in_sample,IWM,0.5341812968254089,1,1
2020-02-11,2020-02-12,train_in_sample,SPY,0.538385272026062,1,1
2020-02-11,2020-02-12,train_in_sample,QQQ,0.5503356456756592,1,1
2020-02-11,2020-02-12,train_in_sample,IWM,0.4619694650173187,1,0
2020-02-12,2020-02-13,train_in_sample,SPY,0.6045501232147217,0,0
2020-02-12,2020-02-13,train_in_sample,QQQ,0.6358580589294434,0,0
2020-02-12,2020-02-13,train_in_sample,IWM,0.5630063414573669,1,1
2020-02-13,2020-02-14,train_in_sample,SPY,0.5626829266548157,1,1
2020-02-13,2020-02-14,train_in_sample,QQQ,0.5704473257064819,1,1
2020-02-13,2020-02-14,train_in_sample,IWM,0.4766446352005005,0,1
2020-02-14,2020-02-18,train_in_sample,SPY,0.5644768476486206,0,0
2020-02-14,2020-02-18,train_in_sample,QQQ,0.6223942637443542,1,1
2020-02-14,2020-02-18,train_in_sample,IWM,0.49945467710494995,0,1
2020-02-18,2020-02-19,train_in_sample,SPY,0.5942996144294739,1,1
2020-02-18,2020-02-19,train_in_sample,QQQ,0.6577622890472412,1,1
2020-02-18,2020-02-19,train_in_sample,IWM,0.5374112725257874,1,1
2020-02-19,2020-02-20,train_in_sample,SPY,0.554358184337616,0,0
2020-02-19,2020-02-20,train_in_sample,QQQ,0.617250382900238,0,0
2020-02-19,2020-02-20,train_in_sample,IWM,0.49433577060699463,1,0
2020-02-20,2020-02-21,train_in_sample,SPY,0.5971400737762451,0,0
2020-02-20,2020-02-21,train_in_sample,QQQ,0.6523956060409546,0,0
2020-02-20,2020-02-21,train_in_sample,IWM,0.5123935341835022,0,0
2020-02-21,2020-02-24,train_in_sample,SPY,0.669009268283844,0,0
2020-02-21,2020-02-24,train_in_sample,QQQ,0.6201016902923584,0,0
2020-02-21,2020-02-24,train_in_sample,IWM,0.5386738181114197,0,0
2020-02-24,2020-02-25,train_in_sample,SPY,0.5393831729888916,0,0
2020-02-24,2020-02-25,train_in_sample,QQQ,0.5959472060203552,0,0
2020-02-24,2020-02-25,train_in_sample,IWM,0.513050377368927,0,0
2020-02-25,2020-02-26,train_in_sample,SPY,0.5858059525489807,0,0
2020-02-25,2020-02-26,train_in_sample,QQQ,0.553475022315979,1,1
2020-02-25,2020-02-26,train_in_sample,IWM,0.5786489248275757,0,0
2020-02-26,2020-02-27,train_in_sample,SPY,0.5685188174247742,0,0
2020-02-26,2020-02-27,train_in_sample,QQQ,0.543418288230896,0,0
2020-02-26,2020-02-27,train_in_sample,IWM,0.5387998819351196,0,0
2020-02-27,2020-02-28,train_in_sample,SPY,0.516546905040741,0,0
2020-02-27,2020-02-28,train_in_sample,QQQ,0.5512312650680542,1,1
2020-02-27,2020-02-28,train_in_sample,IWM,0.6015467643737793,0,0
2020-02-28,2020-03-02,train_in_sample,SPY,0.530967652797699,1,1
2020-02-28,2020-03-02,train_in_sample,QQQ,0.5542131066322327,1,1
2020-02-28,2020-03-02,train_in_sample,IWM,0.6536291837692261,1,1
2020-03-02,2020-03-03,train_in_sample,SPY,0.5732420086860657,0,0
2020-03-02,2020-03-03,train_in_sample,QQQ,0.5709064602851868,0,0
2020-03-02,2020-03-03,train_in_sample,IWM,0.6526246070861816,0,0
2020-03-03,2020-03-04,train_in_sample,SPY,0.5467736721038818,1,1
2020-03-03,2020-03-04,train_in_sample,QQQ,0.5532211065292358,1,1
2020-03-03,2020-03-04,train_in_sample,IWM,0.5282264947891235,1,1
2020-03-04,2020-03-05,train_in_sample,SPY,0.5878142714500427,0,0
2020-03-04,2020-03-05,train_in_sample,QQQ,0.550590455532074,0,0
2020-03-04,2020-03-05,train_in_sample,IWM,0.5696812868118286,0,0
2020-03-05,2020-03-06,train_in_sample,SPY,0.4712155759334564,0,1
2020-03-05,2020-03-06,train_in_sample,QQQ,0.5569527745246887,0,0
2020-03-05,2020-03-06,train_in_sample,IWM,0.4603354334831238,0,1
2020-03-06,2020-03-09,train_in_sample,SPY,0.5638113021850586,0,0
2020-03-06,2020-03-09,train_in_sample,QQQ,0.5786313414573669,0,0
2020-03-06,2020-03-09,train_in_sample,IWM,0.6019737720489502,0,0
2020-03-09,2020-03-10,train_in_sample,SPY,0.41163012385368347,1,0
2020-03-09,2020-03-10,train_in_sample,QQQ,0.550037145614624,1,1
2020-03-09,2020-03-10,train_in_sample,IWM,0.6180033683776855,1,1
2020-03-10,2020-03-11,train_in_sample,SPY,0.5675347447395325,0,0
2020-03-10,2020-03-11,train_in_sample,QQQ,0.4854576289653778,0,1
2020-03-10,2020-03-11,train_in_sample,IWM,0.6154899001121521,0,0
2020-03-11,2020-03-12,train_in_sample,SPY,0.48947757482528687,0,1
2020-03-11,2020-03-12,train_in_sample,QQQ,0.5408164262771606,0,0
2020-03-11,2020-03-12,train_in_sample,IWM,0.6080475449562073,0,0
2020-03-12,2020-03-13,train_in_sample,SPY,0.40766987204551697,1,0
2020-03-12,2020-03-13,train_in_sample,QQQ,0.5227118134498596,1,1
2020-03-12,2020-03-13,train_in_sample,IWM,0.6642756462097168,1,1
2020-03-13,2020-03-16,train_in_sample,SPY,0.5702212452888489,0,0
2020-03-13,2020-03-16,train_in_sample,QQQ,0.49495089054107666,0,1
2020-03-13,2020-03-16,train_in_sample,IWM,0.6302437782287598,0,0
2020-03-16,2020-03-17,train_in_sample,SPY,0.4299778342247009,1,0
2020-03-16,2020-03-17,train_in_sample,QQQ,0.5389531850814819,1,1
2020-03-16,2020-03-17,train_in_sample,IWM,0.6654558777809143,1,1
2020-03-17,2020-03-18,train_in_sample,SPY,0.5044977068901062,0,0
2020-03-17,2020-03-18,train_in_sample,QQQ,0.47852832078933716,0,1
2020-03-17,2020-03-18,train_in_sample,IWM,0.6505060195922852,0,0
2020-03-18,2020-03-19,train_in_sample,SPY,0.36286836862564087,1,0
2020-03-18,2020-03-19,train_in_sample,QQQ,0.5022284984588623,1,1
2020-03-18,2020-03-19,train_in_sample,IWM,0.7288231253623962,1,1
2020-03-19,2020-03-20,train_in_sample,SPY,0.5522003173828125,0,0
2020-03-19,2020-03-20,train_in_sample,QQQ,0.5069719552993774,0,0
2020-03-19,2020-03-20,train_in_sample,IWM,0.6159576177597046,0,0
2020-03-20,2020-03-23,train_in_sample,SPY,0.487667053937912,0,1
2020-03-20,2020-03-23,train_in_sample,QQQ,0.5254607200622559,1,1
2020-03-20,2020-03-23,train_in_sample,IWM,0.6238371729850769,0,0
2020-03-23,2020-03-24,train_in_sample,SPY,0.4893568456172943,1,0
2020-03-23,2020-03-24,train_in_sample,QQQ,0.5550327301025391,1,1
2020-03-23,2020-03-24,train_in_sample,IWM,0.6980965733528137,1,1
2020-03-24,2020-03-25,train_in_sample,SPY,0.5982773303985596,1,1
2020-03-24,2020-03-25,train_in_sample,QQQ,0.5049217343330383,0,0
2020-03-24,2020-03-25,train_in_sample,IWM,0.5698177814483643,1,1
2020-03-25,2020-03-26,train_in_sample,SPY,0.5958957672119141,1,1
2020-03-25,2020-03-26,train_in_sample,QQQ,0.5384745001792908,1,1
2020-03-25,2020-03-26,train_in_sample,IWM,0.5873509049415588,1,1
2020-03-26,2020-03-27,train_in_sample,SPY,0.5793114900588989,0,0
2020-03-26,2020-03-27,train_in_sample,QQQ,0.5675826072692871,0,0
2020-03-26,2020-03-27,train_in_sample,IWM,0.5969359278678894,0,0
2020-03-27,2020-03-30,train_in_sample,SPY,0.5227788090705872,1,1
2020-03-27,2020-03-30,train_in_sample,QQQ,0.5278489589691162,1,1
2020-03-27,2020-03-30,train_in_sample,IWM,0.5896175503730774,1,1
2020-03-30,2020-03-31,train_in_sample,SPY,0.5754982233047485,0,0
2020-03-30,2020-03-31,train_in_sample,QQQ,0.5837844014167786,0,0
2020-03-30,2020-03-31,train_in_sample,IWM,0.6146093606948853,0,0
2020-03-31,2020-04-01,train_in_sample,SPY,0.5947559475898743,0,0
2020-03-31,2020-04-01,train_in_sample,QQQ,0.605813205242157,0,0
2020-03-31,2020-04-01,train_in_sample,IWM,0.5180167555809021,0,0
2020-04-01,2020-04-02,train_in_sample,SPY,0.47915440797805786,1,0
2020-04-01,2020-04-02,train_in_sample,QQQ,0.5441586971282959,1,1
2020-04-01,2020-04-02,train_in_sample,IWM,0.6074001789093018,1,1
2020-04-02,2020-04-03,train_in_sample,SPY,0.5912790894508362,0,0
2020-04-02,2020-04-03,train_in_sample,QQQ,0.5260846614837646,0,0
2020-04-02,2020-04-03,train_in_sample,IWM,0.6409142017364502,0,0
2020-04-03,2020-04-06,train_in_sample,SPY,0.541470468044281,1,1
2020-04-03,2020-04-06,train_in_sample,QQQ,0.5282418727874756,1,1
2020-04-03,2020-04-06,train_in_sample,IWM,0.6021735668182373,1,1
2020-04-06,2020-04-07,train_in_sample,SPY,0.6015371680259705,1,1
2020-04-06,2020-04-07,train_in_sample,QQQ,0.527809739112854,0,0
2020-04-06,2020-04-07,train_in_sample,IWM,0.6059664487838745,1,1
2020-04-07,2020-04-08,train_in_sample,SPY,0.5935282707214355,1,1
2020-04-07,2020-04-08,train_in_sample,QQQ,0.5524903535842896,1,1
2020-04-07,2020-04-08,train_in_sample,IWM,0.5313668251037598,1,1
2020-04-08,2020-04-09,train_in_sample,SPY,0.6026194095611572,1,1
2020-04-08,2020-04-09,train_in_sample,QQQ,0.582019567489624,1,1
2020-04-08,2020-04-09,train_in_sample,IWM,0.583516538143158,1,1
2020-04-09,2020-04-13,train_in_sample,SPY,0.6479066610336304,0,0
2020-04-09,2020-04-13,train_in_sample,QQQ,0.611351728439331,1,1
2020-04-09,2020-04-13,train_in_sample,IWM,0.5533927083015442,0,0
2020-04-13,2020-04-14,train_in_sample,SPY,0.4780217111110687,1,0
2020-04-13,2020-04-14,train_in_sample,QQQ,0.5635725855827332,1,1
2020-04-13,2020-04-14,train_in_sample,IWM,0.5736720561981201,1,1
2020-04-14,2020-04-15,train_in_sample,SPY,0.5932102203369141,0,0
2020-04-14,2020-04-15,train_in_sample,QQQ,0.5884150862693787,0,0
2020-04-14,2020-04-15,train_in_sample,IWM,0.5837318897247314,0,0
2020-04-15,2020-04-16,train_in_sample,SPY,0.4594181478023529,1,0
2020-04-15,2020-04-16,train_in_sample,QQQ,0.5350847244262695,1,1
2020-04-15,2020-04-16,train_in_sample,IWM,0.5788394808769226,0,0
2020-04-16,2020-04-17,train_in_sample,SPY,0.49858003854751587,1,0
2020-04-16,2020-04-17,train_in_sample,QQQ,0.5605749487876892,1,1
2020-04-16,2020-04-17,train_in_sample,IWM,0.5872876048088074,1,1
2020-04-17,2020-04-20,train_in_sample,SPY,0.63351970911026,0,0
2020-04-17,2020-04-20,train_in_sample,QQQ,0.601006031036377,0,0
2020-04-17,2020-04-20,train_in_sample,IWM,0.5481547713279724,0,0
2020-04-20,2020-04-21,train_in_sample,SPY,0.5460789799690247,0,0
2020-04-20,2020-04-21,train_in_sample,QQQ,0.5875139236450195,0,0
2020-04-20,2020-04-21,train_in_sample,IWM,0.5631157159805298,0,0
2020-04-21,2020-04-22,train_in_sample,SPY,0.5482971668243408,1,1
2020-04-21,2020-04-22,train_in_sample,QQQ,0.59285968542099,1,1
2020-04-21,2020-04-22,train_in_sample,IWM,0.5743193030357361,1,1
2020-04-22,2020-04-23,train_in_sample,SPY,0.5836707353591919,0,0
2020-04-22,2020-04-23,train_in_sample,QQQ,0.5829027891159058,0,0
2020-04-22,2020-04-23,train_in_sample,IWM,0.5755704045295715,1,1
2020-04-23,2020-04-24,train_in_sample,SPY,0.6219421029090881,1,1
2020-04-23,2020-04-24,train_in_sample,QQQ,0.6421021819114685,1,1
2020-04-23,2020-04-24,train_in_sample,IWM,0.5609931945800781,1,1
2020-04-24,2020-04-27,train_in_sample,SPY,0.5545739531517029,1,1
2020-04-24,2020-04-27,train_in_sample,QQQ,0.6204087734222412,1,1
2020-04-24,2020-04-27,train_in_sample,IWM,0.5568937063217163,1,1
2020-04-27,2020-04-28,train_in_sample,SPY,0.6209078431129456,0,0
2020-04-27,2020-04-28,train_in_sample,QQQ,0.6306937336921692,0,0
2020-04-27,2020-04-28,train_in_sample,IWM,0.5385013222694397,1,1
2020-04-28,2020-04-29,train_in_sample,SPY,0.6439361572265625,1,1
2020-04-28,2020-04-29,train_in_sample,QQQ,0.6666788458824158,1,1
2020-04-28,2020-04-29,train_in_sample,IWM,0.49387773871421814,1,0
2020-04-29,2020-04-30,train_in_sample,SPY,0.6153026223182678,0,0
2020-04-29,2020-04-30,train_in_sample,QQQ,0.6171197891235352,0,0
2020-04-29,2020-04-30,train_in_sample,IWM,0.5435838103294373,0,0
2020-04-30,2020-05-01,train_in_sample,SPY,0.476838618516922,0,1
2020-04-30,2020-05-01,train_in_sample,QQQ,0.5452680587768555,0,0
2020-04-30,2020-05-01,train_in_sample,IWM,0.5456272959709167,0,0
2020-05-01,2020-05-04,train_in_sample,SPY,0.5628870129585266,1,1
2020-05-01,2020-05-04,train_in_sample,QQQ,0.5919655561447144,1,1
2020-05-01,2020-05-04,train_in_sample,IWM,0.6064704060554504,1,1
2020-05-04,2020-05-05,train_in_sample,SPY,0.5634181499481201,1,1
2020-05-04,2020-05-05,train_in_sample,QQQ,0.615722119808197,1,1
2020-05-04,2020-05-05,train_in_sample,IWM,0.5695888996124268,1,1
2020-05-05,2020-05-06,train_in_sample,SPY,0.5989642143249512,0,0
2020-05-05,2020-05-06,train_in_sample,QQQ,0.6248835325241089,1,1
2020-05-05,2020-05-06,train_in_sample,IWM,0.5081279873847961,0,0
2020-05-06,2020-05-07,train_in_sample,SPY,0.5044907331466675,1,1
2020-05-06,2020-05-07,train_in_sample,QQQ,0.5346535444259644,1,1
2020-05-06,2020-05-07,train_in_sample,IWM,0.5457063913345337,1,1
2020-05-07,2020-05-08,train_in_sample,SPY,0.6300223469734192,1,1
2020-05-07,2020-05-08,train_in_sample,QQQ,0.653723418712616,1,1
2020-05-07,2020-05-08,train_in_sample,IWM,0.5940889716148376,1,1
2020-05-08,2020-05-11,train_in_sample,SPY,0.6201964616775513,1,1
2020-05-08,2020-05-11,train_in_sample,QQQ,0.6783157587051392,1,1
2020-05-08,2020-05-11,train_in_sample,IWM,0.5557344555854797,0,0
2020-05-11,2020-05-12,train_in_sample,SPY,0.562559962272644,0,0
2020-05-11,2020-05-12,train_in_sample,QQQ,0.6419422030448914,0,0
2020-05-11,2020-05-12,train_in_sample,IWM,0.5891309380531311,0,0
2020-05-12,2020-05-13,train_in_sample,SPY,0.481638103723526,0,1
2020-05-12,2020-05-13,train_in_sample,QQQ,0.502547562122345,0,0
2020-05-12,2020-05-13,train_in_sample,IWM,0.5208849906921387,0,0
2020-05-13,2020-05-14,train_in_sample,SPY,0.5316495299339294,1,1
2020-05-13,2020-05-14,train_in_sample,QQQ,0.564127504825592,1,1
2020-05-13,2020-05-14,train_in_sample,IWM,0.5842914581298828,1,1
2020-05-14,2020-05-15,train_in_sample,SPY,0.5684677362442017,1,1
2020-05-14,2020-05-15,train_in_sample,QQQ,0.5800366401672363,1,1
2020-05-14,2020-05-15,train_in_sample,IWM,0.6183112859725952,1,1
2020-05-15,2020-05-18,train_in_sample,SPY,0.5850318670272827,1,1
2020-05-15,2020-05-18,train_in_sample,QQQ,0.6486266255378723,1,1
2020-05-15,2020-05-18,train_in_sample,IWM,0.5749457478523254,1,1
2020-05-18,2020-05-19,train_in_sample,SPY,0.6376786828041077,0,0
2020-05-18,2020-05-19,train_in_sample,QQQ,0.6470693945884705,0,0
2020-05-18,2020-05-19,train_in_sample,IWM,0.558906614780426,0,0
2020-05-19,2020-05-20,train_in_sample,SPY,0.5547045469284058,1,1
2020-05-19,2020-05-20,train_in_sample,QQQ,0.6061457395553589,1,1
2020-05-19,2020-05-20,train_in_sample,IWM,0.5394250750541687,1,1
2020-05-20,2020-05-21,train_in_sample,SPY,0.5857526659965515,0,0
2020-05-20,2020-05-21,train_in_sample,QQQ,0.620085597038269,0,0
2020-05-20,2020-05-21,train_in_sample,IWM,0.5399254560470581,1,1
2020-05-21,2020-05-22,train_in_sample,SPY,0.6416686177253723,1,1
2020-05-21,2020-05-22,train_in_sample,QQQ,0.6724691987037659,1,1
2020-05-21,2020-05-22,train_in_sample,IWM,0.5327373743057251,1,1
2020-05-22,2020-05-26,train_in_sample,SPY,0.600265622138977,1,1
2020-05-22,2020-05-26,train_in_sample,QQQ,0.6245007514953613,0,0
2020-05-22,2020-05-26,train_in_sample,IWM,0.5641272068023682,1,1
2020-05-26,2020-05-27,train_in_sample,SPY,0.6219127774238586,1,1
2020-05-26,2020-05-27,train_in_sample,QQQ,0.6206485629081726,1,1
2020-05-26,2020-05-27,train_in_sample,IWM,0.5526174306869507,1,1
2020-05-27,2020-05-28,train_in_sample,SPY,0.5912877917289734,0,0
2020-05-27,2020-05-28,train_in_sample,QQQ,0.6413658261299133,0,0
2020-05-27,2020-05-28,train_in_sample,IWM,0.5258840322494507,0,0
2020-05-28,2020-05-29,train_in_sample,SPY,0.4956102669239044,1,0
2020-05-28,2020-05-29,train_in_sample,QQQ,0.5062188506126404,1,1
2020-05-28,2020-05-29,train_in_sample,IWM,0.5770593881607056,0,0
2020-05-29,2020-06-01,train_in_sample,SPY,0.5511875748634338,1,1
2020-05-29,2020-06-01,train_in_sample,QQQ,0.595486581325531,1,1
2020-05-29,2020-06-01,train_in_sample,IWM,0.6004254221916199,1,1
2020-06-01,2020-06-02,train_in_sample,SPY,0.6004830598831177,1,1
2020-06-01,2020-06-02,train_in_sample,QQQ,0.6626513600349426,1,1
2020-06-01,2020-06-02,train_in_sample,IWM,0.5052487850189209,1,1
2020-06-02,2020-06-03,train_in_sample,SPY,0.5945681929588318,1,1
2020-06-02,2020-06-03,train_in_sample,QQQ,0.619003176689148,1,1
2020-06-02,2020-06-03,train_in_sample,IWM,0.5665597915649414,1,1
2020-06-03,2020-06-04,train_in_sample,SPY,0.5807495713233948,0,0
2020-06-03,2020-06-04,train_in_sample,QQQ,0.5650269389152527,0,0
2020-06-03,2020-06-04,train_in_sample,IWM,0.5346826314926147,0,0
2020-06-04,2020-06-05,train_in_sample,SPY,0.597846508026123,1,1
2020-06-04,2020-06-05,train_in_sample,QQQ,0.6234961152076721,1,1
2020-06-04,2020-06-05,train_in_sample,IWM,0.5677134394645691,1,1
2020-06-05,2020-06-08,train_in_sample,SPY,0.601879358291626,1,1
2020-06-05,2020-06-08,train_in_sample,QQQ,0.6176934242248535,1,1
2020-06-05,2020-06-08,train_in_sample,IWM,0.5228567123413086,1,1
2020-06-08,2020-06-09,train_in_sample,SPY,0.5510468482971191,0,0
2020-06-08,2020-06-09,train_in_sample,QQQ,0.6144294738769531,1,1
2020-06-08,2020-06-09,train_in_sample,IWM,0.5099672079086304,0,0
2020-06-09,2020-06-10,train_in_sample,SPY,0.49721449613571167,0,1
2020-06-09,2020-06-10,train_in_sample,QQQ,0.48881494998931885,1,0
2020-06-09,2020-06-10,train_in_sample,IWM,0.5432755351066589,0,0
2020-06-10,2020-06-11,train_in_sample,SPY,0.49351057410240173,0,1
2020-06-10,2020-06-11,train_in_sample,QQQ,0.4909646213054657,0,1
2020-06-10,2020-06-11,train_in_sample,IWM,0.6020641922950745,0,0
2020-06-11,2020-06-12,train_in_sample,SPY,0.4169197082519531,1,0
2020-06-11,2020-06-12,train_in_sample,QQQ,0.5057607889175415,1,1
2020-06-11,2020-06-12,train_in_sample,IWM,0.6094777584075928,1,1
2020-06-12,2020-06-15,train_in_sample,SPY,0.6431151032447815,1,1
2020-06-12,2020-06-15,train_in_sample,QQQ,0.6239461898803711,1,1
2020-06-12,2020-06-15,train_in_sample,IWM,0.5435253381729126,1,1
2020-06-15,2020-06-16,train_in_sample,SPY,0.5519768595695496,1,1
2020-06-15,2020-06-16,train_in_sample,QQQ,0.5738847851753235,1,1
2020-06-15,2020-06-16,train_in_sample,IWM,0.5970747470855713,1,1
2020-06-16,2020-06-17,train_in_sample,SPY,0.5655876398086548,0,0
2020-06-16,2020-06-17,train_in_sample,QQQ,0.5961345434188843,1,1
2020-06-16,2020-06-17,train_in_sample,IWM,0.5156794786453247,0,0
2020-06-17,2020-06-18,train_in_sample,SPY,0.5185410380363464,1,1
2020-06-17,2020-06-18,train_in_sample,QQQ,0.5934654474258423,1,1
2020-06-17,2020-06-18,train_in_sample,IWM,0.49375948309898376,1,0
2020-06-18,2020-06-19,train_in_sample,SPY,0.5536536574363708,0,0
2020-06-18,2020-06-19,train_in_sample,QQQ,0.5739493370056152,0,0
2020-06-18,2020-06-19,train_in_sample,IWM,0.5516183972358704,0,0
2020-06-19,2020-06-22,train_in_sample,SPY,0.5664811730384827,1,1
2020-06-19,2020-06-22,train_in_sample,QQQ,0.5623189210891724,1,1
2020-06-19,2020-06-22,train_in_sample,IWM,0.5723985433578491,1,1
2020-06-22,2020-06-23,train_in_sample,SPY,0.6119792461395264,1,1
2020-06-22,2020-06-23,train_in_sample,QQQ,0.6400869488716125,1,1
2020-06-22,2020-06-23,train_in_sample,IWM,0.626006543636322,1,1
2020-06-23,2020-06-24,train_in_sample,SPY,0.5465778112411499,0,0
2020-06-23,2020-06-24,train_in_sample,QQQ,0.6560148596763611,0,0
2020-06-23,2020-06-24,train_in_sample,IWM,0.4975326955318451,0,1
2020-06-24,2020-06-25,train_in_sample,SPY,0.5093018412590027,1,1
2020-06-24,2020-06-25,train_in_sample,QQQ,0.5544410347938538,1,1
2020-06-24,2020-06-25,train_in_sample,IWM,0.6288489103317261,1,1
2020-06-25,2020-06-26,train_in_sample,SPY,0.5749952793121338,0,0
2020-06-25,2020-06-26,train_in_sample,QQQ,0.5838069915771484,0,0
2020-06-25,2020-06-26,train_in_sample,IWM,0.5529581308364868,0,0
2020-06-26,2020-06-29,train_in_sample,SPY,0.5400235056877136,1,1
2020-06-26,2020-06-29,train_in_sample,QQQ,0.5949772000312805,1,1
2020-06-26,2020-06-29,train_in_sample,IWM,0.575005829334259,1,1
2020-06-29,2020-06-30,train_in_sample,SPY,0.6106131076812744,1,1
2020-06-29,2020-06-30,train_in_sample,QQQ,0.6445253491401672,1,1
2020-06-29,2020-06-30,train_in_sample,IWM,0.5755055546760559,1,1
2020-06-30,2020-07-01,train_in_sample,SPY,0.5826590061187744,1,1
2020-06-30,2020-07-01,train_in_sample,QQQ,0.6271461844444275,1,1
2020-06-30,2020-07-01,train_in_sample,IWM,0.5315030217170715,0,0
2020-07-01,2020-07-02,train_in_sample,SPY,0.5146984457969666,1,1
2020-07-01,2020-07-02,train_in_sample,QQQ,0.5905438661575317,1,1
2020-07-01,2020-07-02,train_in_sample,IWM,0.5362015962600708,1,1
2020-07-02,2020-07-06,train_in_sample,SPY,0.5955541133880615,1,1
2020-07-02,2020-07-06,train_in_sample,QQQ,0.631976306438446,1,1
2020-07-02,2020-07-06,train_in_sample,IWM,0.5393192768096924,1,1
2020-07-06,2020-07-07,train_in_sample,SPY,0.5181875824928284,0,0
2020-07-06,2020-07-07,train_in_sample,QQQ,0.6004883050918579,0,0
2020-07-06,2020-07-07,train_in_sample,IWM,0.5392839908599854,0,0
2020-07-07,2020-07-08,train_in_sample,SPY,0.5266821384429932,1,1
2020-07-07,2020-07-08,train_in_sample,QQQ,0.4974728524684906,1,0
2020-07-07,2020-07-08,train_in_sample,IWM,0.5543365478515625,1,1
2020-07-08,2020-07-09,train_in_sample,SPY,0.5421574711799622,0,0
2020-07-08,2020-07-09,train_in_sample,QQQ,0.6055772304534912,1,1
2020-07-08,2020-07-09,train_in_sample,IWM,0.5556634664535522,0,0
2020-07-09,2020-07-10,train_in_sample,SPY,0.48607924580574036,1,0
2020-07-09,2020-07-10,train_in_sample,QQQ,0.5158736109733582,1,1
2020-07-09,2020-07-10,train_in_sample,IWM,0.5798609256744385,1,1
2020-07-10,2020-07-13,train_in_sample,SPY,0.5745320320129395,0,0
2020-07-10,2020-07-13,train_in_sample,QQQ,0.6176367998123169,0,0
2020-07-10,2020-07-13,train_in_sample,IWM,0.5855178236961365,0,0
2020-07-13,2020-07-14,train_in_sample,SPY,0.5369828343391418,1,1
2020-07-13,2020-07-14,train_in_sample,QQQ,0.5549986362457275,1,1
2020-07-13,2020-07-14,train_in_sample,IWM,0.5418006777763367,1,1
2020-07-14,2020-07-15,train_in_sample,SPY,0.5144944190979004,1,1
2020-07-14,2020-07-15,train_in_sample,QQQ,0.5683649778366089,1,1
2020-07-14,2020-07-15,train_in_sample,IWM,0.583000659942627,1,1
2020-07-15,2020-07-16,train_in_sample,SPY,0.6466251015663147,0,0
2020-07-15,2020-07-16,train_in_sample,QQQ,0.6585087776184082,0,0
2020-07-15,2020-07-16,train_in_sample,IWM,0.5368707180023193,0,0
2020-07-16,2020-07-17,train_in_sample,SPY,0.5644773840904236,1,1
2020-07-16,2020-07-17,train_in_sample,QQQ,0.6209076046943665,1,1
2020-07-16,2020-07-17,train_in_sample,IWM,0.5422218441963196,1,1
2020-07-17,2020-07-20,train_in_sample,SPY,0.5813030004501343,1,1
2020-07-17,2020-07-20,train_in_sample,QQQ,0.6060644388198853,1,1
2020-07-17,2020-07-20,train_in_sample,IWM,0.566262423992157,0,0
2020-07-20,2020-07-21,train_in_sample,SPY,0.5046689510345459,1,1
2020-07-20,2020-07-21,train_in_sample,QQQ,0.5390872359275818,0,0
2020-07-20,2020-07-21,train_in_sample,IWM,0.5505932569503784,1,1
2020-07-21,2020-07-22,train_in_sample,SPY,0.5777975916862488,1,1
2020-07-21,2020-07-22,train_in_sample,QQQ,0.6501202583312988,1,1
2020-07-21,2020-07-22,train_in_sample,IWM,0.5322571396827698,1,1
2020-07-22,2020-07-23,train_in_sample,SPY,0.5577449798583984,0,0
2020-07-22,2020-07-23,train_in_sample,QQQ,0.5974944233894348,0,0
2020-07-22,2020-07-23,train_in_sample,IWM,0.5675745606422424,1,1
2020-07-23,2020-07-24,train_in_sample,SPY,0.606292724609375,0,0
2020-07-23,2020-07-24,train_in_sample,QQQ,0.6418404579162598,0,0
2020-07-23,2020-07-24,train_in_sample,IWM,0.5349934697151184,0,0
2020-07-24,2020-07-27,train_in_sample,SPY,0.5659273862838745,1,1
2020-07-24,2020-07-27,train_in_sample,QQQ,0.563571572303772,1,1
2020-07-24,2020-07-27,train_in_sample,IWM,0.5734327435493469,1,1
2020-07-27,2020-07-28,train_in_sample,SPY,0.5654016733169556,0,0
2020-07-27,2020-07-28,train_in_sample,QQQ,0.5918064713478088,0,0
2020-07-27,2020-07-28,train_in_sample,IWM,0.6370840668678284,0,0
2020-07-28,2020-07-29,train_in_sample,SPY,0.6130439043045044,1,1
2020-07-28,2020-07-29,train_in_sample,QQQ,0.5273151993751526,1,1
2020-07-28,2020-07-29,train_in_sample,IWM,0.5444384813308716,1,1
2020-07-29,2020-07-30,train_in_sample,SPY,0.6035482883453369,0,0
2020-07-29,2020-07-30,train_in_sample,QQQ,0.6338844895362854,1,1
2020-07-29,2020-07-30,train_in_sample,IWM,0.5263184309005737,0,0
2020-07-30,2020-07-31,train_in_sample,SPY,0.5290460586547852,1,1
2020-07-30,2020-07-31,train_in_sample,QQQ,0.5694043040275574,1,1
2020-07-30,2020-07-31,train_in_sample,IWM,0.5792297720909119,0,0
2020-07-31,2020-08-03,train_in_sample,SPY,0.606798529624939,1,1
2020-07-31,2020-08-03,train_in_sample,QQQ,0.6274669766426086,1,1
2020-07-31,2020-08-03,train_in_sample,IWM,0.5786473751068115,1,1
2020-08-03,2020-08-04,train_in_sample,SPY,0.5695610046386719,1,1
2020-08-03,2020-08-04,train_in_sample,QQQ,0.6088953018188477,1,1
2020-08-03,2020-08-04,train_in_sample,IWM,0.5085733532905579,1,1
2020-08-04,2020-08-05,train_in_sample,SPY,0.583946704864502,1,1
2020-08-04,2020-08-05,train_in_sample,QQQ,0.6395750641822815,1,1
2020-08-04,2020-08-05,train_in_sample,IWM,0.46706733107566833,1,0
2020-08-05,2020-08-06,train_in_sample,SPY,0.5669764876365662,1,1
2020-08-05,2020-08-06,train_in_sample,QQQ,0.6011501550674438,1,1
2020-08-05,2020-08-06,train_in_sample,IWM,0.519123375415802,1,1
2020-08-06,2020-08-07,train_in_sample,SPY,0.5385752320289612,1,1
2020-08-06,2020-08-07,train_in_sample,QQQ,0.6023023128509521,0,0
2020-08-06,2020-08-07,train_in_sample,IWM,0.5224588513374329,1,1
2020-08-07,2020-08-10,train_in_sample,SPY,0.6036050915718079,1,1
2020-08-07,2020-08-10,train_in_sample,QQQ,0.6253402829170227,0,0
2020-08-07,2020-08-10,train_in_sample,IWM,0.5841925740242004,1,1
2020-08-10,2020-08-11,train_in_sample,SPY,0.6240290403366089,0,0
2020-08-10,2020-08-11,train_in_sample,QQQ,0.6643496155738831,0,0
2020-08-10,2020-08-11,train_in_sample,IWM,0.5321992039680481,0,0
2020-08-11,2020-08-12,train_in_sample,SPY,0.5818846225738525,1,1
2020-08-11,2020-08-12,train_in_sample,QQQ,0.671776533126831,1,1
2020-08-11,2020-08-12,train_in_sample,IWM,0.48425713181495667,1,0
2020-08-12,2020-08-13,train_in_sample,SPY,0.5393989682197571,0,0
2020-08-12,2020-08-13,train_in_sample,QQQ,0.5977845788002014,1,1
2020-08-12,2020-08-13,train_in_sample,IWM,0.5511461496353149,0,0
2020-08-13,2020-08-14,train_in_sample,SPY,0.5283182859420776,1,1
2020-08-13,2020-08-14,train_in_sample,QQQ,0.566624104976654,0,0
2020-08-13,2020-08-14,train_in_sample,IWM,0.49206823110580444,0,1
2020-08-14,2020-08-17,train_in_sample,SPY,0.6237974762916565,1,1
2020-08-14,2020-08-17,train_in_sample,QQQ,0.6080770492553711,1,1
2020-08-14,2020-08-17,train_in_sample,IWM,0.4867503046989441,1,0
2020-08-17,2020-08-18,train_in_sample,SPY,0.5937764048576355,1,1
2020-08-17,2020-08-18,train_in_sample,QQQ,0.6632170677185059,1,1
2020-08-17,2020-08-18,train_in_sample,IWM,0.5489197373390198,0,0
2020-08-18,2020-08-19,train_in_sample,SPY,0.5057224035263062,0,0
2020-08-18,2020-08-19,train_in_sample,QQQ,0.574955940246582,0,0
2020-08-18,2020-08-19,train_in_sample,IWM,0.505195677280426,0,0
2020-08-19,2020-08-20,train_in_sample,SPY,0.5609296560287476,1,1
2020-08-19,2020-08-20,train_in_sample,QQQ,0.6043906211853027,1,1
2020-08-19,2020-08-20,train_in_sample,IWM,0.4970746636390686,0,1
2020-08-20,2020-08-21,train_in_sample,SPY,0.5515487790107727,1,1
2020-08-20,2020-08-21,train_in_sample,QQQ,0.6396974325180054,1,1
2020-08-20,2020-08-21,train_in_sample,IWM,0.5514087080955505,0,0
2020-08-21,2020-08-24,train_in_sample,SPY,0.563498854637146,1,1
2020-08-21,2020-08-24,train_in_sample,QQQ,0.5912373065948486,1,1
2020-08-21,2020-08-24,train_in_sample,IWM,0.5134332776069641,1,1
2020-08-24,2020-08-25,train_in_sample,SPY,0.5907592177391052,1,1
2020-08-24,2020-08-25,train_in_sample,QQQ,0.6273717880249023,1,1
2020-08-24,2020-08-25,train_in_sample,IWM,0.5472493171691895,1,1
2020-08-25,2020-08-26,train_in_sample,SPY,0.5586042404174805,1,1
2020-08-25,2020-08-26,train_in_sample,QQQ,0.5938263535499573,1,1
2020-08-25,2020-08-26,train_in_sample,IWM,0.46036291122436523,0,1
2020-08-26,2020-08-27,train_in_sample,SPY,0.511510968208313,1,1
2020-08-26,2020-08-27,train_in_sample,QQQ,0.5929306745529175,0,0
2020-08-26,2020-08-27,train_in_sample,IWM,0.52247554063797,1,1
2020-08-27,2020-08-28,train_in_sample,SPY,0.5721666812896729,1,1
2020-08-27,2020-08-28,train_in_sample,QQQ,0.5903618335723877,1,1
2020-08-27,2020-08-28,train_in_sample,IWM,0.49277016520500183,1,0
2020-08-28,2020-08-31,train_in_sample,SPY,0.5928227305412292,0,0
2020-08-28,2020-08-31,train_in_sample,QQQ,0.6222927570343018,1,1
2020-08-28,2020-08-31,train_in_sample,IWM,0.5141187906265259,0,0
2020-08-31,2020-09-01,train_in_sample,SPY,0.5402089357376099,1,1
2020-08-31,2020-09-01,train_in_sample,QQQ,0.5842286348342896,1,1
2020-08-31,2020-09-01,train_in_sample,IWM,0.5498573780059814,1,1
2020-09-01,2020-09-02,train_in_sample,SPY,0.5150368809700012,1,1
2020-09-01,2020-09-02,train_in_sample,QQQ,0.5971843600273132,1,1
2020-09-01,2020-09-02,train_in_sample,IWM,0.5294634103775024,1,1
2020-09-02,2020-09-03,train_in_sample,SPY,0.5657972693443298,0,0
2020-09-02,2020-09-03,train_in_sample,QQQ,0.6237261891365051,0,0
2020-09-02,2020-09-03,train_in_sample,IWM,0.4844834506511688,0,1
2020-09-03,2020-09-04,train_in_sample,SPY,0.5605737566947937,0,0
2020-09-03,2020-09-04,train_in_sample,QQQ,0.5676647424697876,0,0
2020-09-03,2020-09-04,train_in_sample,IWM,0.5017471313476562,0,0
2020-09-04,2020-09-08,train_in_sample,SPY,0.5664330720901489,0,0
2020-09-04,2020-09-08,train_in_sample,QQQ,0.5641338229179382,0,0
2020-09-04,2020-09-08,train_in_sample,IWM,0.6256706714630127,0,0
2020-09-08,2020-09-09,train_in_sample,SPY,0.5884547233581543,1,1
2020-09-08,2020-09-09,train_in_sample,QQQ,0.6207985281944275,1,1
2020-09-08,2020-09-09,train_in_sample,IWM,0.5459092855453491,1,1
2020-09-09,2020-09-10,train_in_sample,SPY,0.5798358917236328,0,0
2020-09-09,2020-09-10,train_in_sample,QQQ,0.6452246308326721,0,0
2020-09-09,2020-09-10,train_in_sample,IWM,0.5454868078231812,0,0
2020-09-10,2020-09-11,train_in_sample,SPY,0.5885006189346313,0,0
2020-09-10,2020-09-11,train_in_sample,QQQ,0.5502450466156006,0,0
2020-09-10,2020-09-11,train_in_sample,IWM,0.544433057308197,0,0
2020-09-11,2020-09-14,train_in_sample,SPY,0.5760738849639893,1,1
2020-09-11,2020-09-14,train_in_sample,QQQ,0.5713862776756287,1,1
2020-09-11,2020-09-14,train_in_sample,IWM,0.49685585498809814,1,0
2020-09-14,2020-09-15,train_in_sample,SPY,0.6207921504974365,1,1
2020-09-14,2020-09-15,train_in_sample,QQQ,0.6298992037773132,1,1
2020-09-14,2020-09-15,train_in_sample,IWM,0.5663952827453613,1,1
2020-09-15,2020-09-16,train_in_sample,SPY,0.5588524341583252,0,0
2020-09-15,2020-09-16,train_in_sample,QQQ,0.5798953771591187,0,0
2020-09-15,2020-09-16,train_in_sample,IWM,0.568788468837738,1,1
2020-09-16,2020-09-17,train_in_sample,SPY,0.5883800387382507,0,0
2020-09-16,2020-09-17,train_in_sample,QQQ,0.6647831201553345,0,0
2020-09-16,2020-09-17,train_in_sample,IWM,0.49481579661369324,0,1
2020-09-17,2020-09-18,train_in_sample,SPY,0.6048864126205444,0,0
2020-09-17,2020-09-18,train_in_sample,QQQ,0.6797819137573242,0,0
2020-09-17,2020-09-18,train_in_sample,IWM,0.5255768299102783,0,0
2020-09-18,2020-09-21,train_in_sample,SPY,0.5756841897964478,0,0
2020-09-18,2020-09-21,train_in_sample,QQQ,0.5900819301605225,1,1
2020-09-18,2020-09-21,train_in_sample,IWM,0.48892742395401,0,1
2020-09-21,2020-09-22,train_in_sample,SPY,0.45471930503845215,1,0
2020-09-21,2020-09-22,train_in_sample,QQQ,0.5292759537696838,1,1
2020-09-21,2020-09-22,train_in_sample,IWM,0.6095572113990784,1,1
2020-09-22,2020-09-23,train_in_sample,SPY,0.5470236539840698,0,0
2020-09-22,2020-09-23,train_in_sample,QQQ,0.6212002635002136,0,0
2020-09-22,2020-09-23,train_in_sample,IWM,0.49599578976631165,0,1
2020-09-23,2020-09-24,train_in_sample,SPY,0.5048991441726685,1,1
2020-09-23,2020-09-24,train_in_sample,QQQ,0.541644811630249,1,1
2020-09-23,2020-09-24,train_in_sample,IWM,0.5246685743331909,0,0
2020-09-24,2020-09-25,train_in_sample,SPY,0.5122647285461426,1,1
2020-09-24,2020-09-25,train_in_sample,QQQ,0.5281499028205872,1,1
2020-09-24,2020-09-25,train_in_sample,IWM,0.5706381797790527,1,1
2020-09-25,2020-09-28,train_in_sample,SPY,0.5458575487136841,1,1
2020-09-25,2020-09-28,train_in_sample,QQQ,0.6027005314826965,1,1
2020-09-25,2020-09-28,train_in_sample,IWM,0.5645124912261963,1,1
2020-09-28,2020-09-29,train_in_sample,SPY,0.5697674751281738,0,0
2020-09-28,2020-09-29,train_in_sample,QQQ,0.6120632290840149,0,0
2020-09-28,2020-09-29,train_in_sample,IWM,0.5190696716308594,0,0
2020-09-29,2020-09-30,train_in_sample,SPY,0.5815905332565308,1,1
2020-09-29,2020-09-30,train_in_sample,QQQ,0.610150933265686,1,1
2020-09-29,2020-09-30,train_in_sample,IWM,0.527159571647644,1,1
2020-09-30,2020-10-01,train_in_sample,SPY,0.5910801887512207,1,1
2020-09-30,2020-10-01,train_in_sample,QQQ,0.6110602617263794,1,1
2020-09-30,2020-10-01,train_in_sample,IWM,0.5324594378471375,1,1
2020-10-01,2020-10-02,train_in_sample,SPY,0.5788736343383789,0,0
2020-10-01,2020-10-02,train_in_sample,QQQ,0.6258680820465088,0,0
2020-10-01,2020-10-02,train_in_sample,IWM,0.5305567979812622,1,1
2020-10-02,2020-10-05,train_in_sample,SPY,0.6156411170959473,1,1
2020-10-02,2020-10-05,train_in_sample,QQQ,0.6488630771636963,1,1
2020-10-02,2020-10-05,train_in_sample,IWM,0.5270286798477173,1,1
2020-10-05,2020-10-06,train_in_sample,SPY,0.5993419885635376,0,0
2020-10-05,2020-10-06,train_in_sample,QQQ,0.6320741772651672,0,0
2020-10-05,2020-10-06,train_in_sample,IWM,0.5083296895027161,0,0
2020-10-06,2020-10-07,train_in_sample,SPY,0.5677909255027771,1,1
2020-10-06,2020-10-07,train_in_sample,QQQ,0.5831261873245239,1,1
2020-10-06,2020-10-07,train_in_sample,IWM,0.5201998949050903,1,1
2020-10-07,2020-10-08,train_in_sample,SPY,0.6054311990737915,1,1
2020-10-07,2020-10-08,train_in_sample,QQQ,0.6269875168800354,1,1
2020-10-07,2020-10-08,train_in_sample,IWM,0.5728656649589539,1,1
2020-10-08,2020-10-09,train_in_sample,SPY,0.5984395146369934,1,1
2020-10-08,2020-10-09,train_in_sample,QQQ,0.6139297485351562,1,1
2020-10-08,2020-10-09,train_in_sample,IWM,0.503434419631958,1,1
2020-10-09,2020-10-12,train_in_sample,SPY,0.5732458233833313,1,1
2020-10-09,2020-10-12,train_in_sample,QQQ,0.6162694096565247,1,1
2020-10-09,2020-10-12,train_in_sample,IWM,0.5665543079376221,1,1
2020-10-12,2020-10-13,train_in_sample,SPY,0.553923487663269,0,0
2020-10-12,2020-10-13,train_in_sample,QQQ,0.5780496597290039,0,0
2020-10-12,2020-10-13,train_in_sample,IWM,0.5953882336616516,0,0
2020-10-13,2020-10-14,train_in_sample,SPY,0.5412717461585999,0,0
2020-10-13,2020-10-14,train_in_sample,QQQ,0.6290351748466492,0,0
2020-10-13,2020-10-14,train_in_sample,IWM,0.4260660409927368,0,1
2020-10-14,2020-10-15,train_in_sample,SPY,0.5598821640014648,0,0
2020-10-14,2020-10-15,train_in_sample,QQQ,0.593909502029419,0,0
2020-10-14,2020-10-15,train_in_sample,IWM,0.48352736234664917,1,0
2020-10-15,2020-10-16,train_in_sample,SPY,0.5745394229888916,0,0
2020-10-15,2020-10-16,train_in_sample,QQQ,0.6388911008834839,0,0
2020-10-15,2020-10-16,train_in_sample,IWM,0.5532551407814026,0,0
2020-10-16,2020-10-19,train_in_sample,SPY,0.5712839365005493,0,0
2020-10-16,2020-10-19,train_in_sample,QQQ,0.6492123603820801,0,0
2020-10-16,2020-10-19,train_in_sample,IWM,0.47617924213409424,0,1
2020-10-19,2020-10-20,train_in_sample,SPY,0.5587981343269348,1,1
2020-10-19,2020-10-20,train_in_sample,QQQ,0.5694222450256348,1,1
2020-10-19,2020-10-20,train_in_sample,IWM,0.5176519155502319,1,1
2020-10-20,2020-10-21,train_in_sample,SPY,0.6243351697921753,0,0
2020-10-20,2020-10-21,train_in_sample,QQQ,0.6574172973632812,0,0
2020-10-20,2020-10-21,train_in_sample,IWM,0.5234448909759521,0,0
2020-10-21,2020-10-22,train_in_sample,SPY,0.5485743284225464,1,1
2020-10-21,2020-10-22,train_in_sample,QQQ,0.6059285402297974,0,0
2020-10-21,2020-10-22,train_in_sample,IWM,0.5085987448692322,1,1
2020-10-22,2020-10-23,train_in_sample,SPY,0.6102717518806458,1,1
2020-10-22,2020-10-23,train_in_sample,QQQ,0.626443088054657,1,1
2020-10-22,2020-10-23,train_in_sample,IWM,0.5158849358558655,1,1
2020-10-23,2020-10-26,train_in_sample,SPY,0.6026831269264221,0,0
2020-10-23,2020-10-26,train_in_sample,QQQ,0.6511093974113464,0,0
2020-10-23,2020-10-26,train_in_sample,IWM,0.514508843421936,0,0
2020-10-26,2020-10-27,train_in_sample,SPY,0.5345232486724854,0,0
2020-10-26,2020-10-27,train_in_sample,QQQ,0.6296271681785583,1,1
2020-10-26,2020-10-27,train_in_sample,IWM,0.547569751739502,0,0
2020-10-27,2020-10-28,train_in_sample,SPY,0.5176473259925842,0,0
2020-10-27,2020-10-28,train_in_sample,QQQ,0.5612186193466187,0,0
2020-10-27,2020-10-28,train_in_sample,IWM,0.5082753300666809,0,0
2020-10-28,2020-10-29,train_in_sample,SPY,0.5643869042396545,1,1
2020-10-28,2020-10-29,train_in_sample,QQQ,0.5709113478660583,1,1
2020-10-28,2020-10-29,train_in_sample,IWM,0.5494076609611511,1,1
2020-10-29,2020-10-30,train_in_sample,SPY,0.5746564865112305,0,0
2020-10-29,2020-10-30,train_in_sample,QQQ,0.6454846262931824,0,0
2020-10-29,2020-10-30,train_in_sample,IWM,0.5326467752456665,0,0
2020-10-30,2020-11-02,train_in_sample,SPY,0.6018887758255005,1,1
2020-10-30,2020-11-02,train_in_sample,QQQ,0.5819650888442993,1,1
2020-10-30,2020-11-02,train_in_sample,IWM,0.5280689001083374,1,1
2020-11-02,2020-11-03,train_in_sample,SPY,0.6252645254135132,1,1
2020-11-02,2020-11-03,train_in_sample,QQQ,0.6449088454246521,1,1
2020-11-02,2020-11-03,train_in_sample,IWM,0.5260546803474426,1,1
2020-11-03,2020-11-04,train_in_sample,SPY,0.6020647287368774,1,1
2020-11-03,2020-11-04,train_in_sample,QQQ,0.6080197095870972,1,1
2020-11-03,2020-11-04,train_in_sample,IWM,0.5437922477722168,1,1
2020-11-04,2020-11-05,train_in_sample,SPY,0.5016648769378662,1,1
2020-11-04,2020-11-05,train_in_sample,QQQ,0.5299882888793945,1,1
2020-11-04,2020-11-05,train_in_sample,IWM,0.6010646224021912,1,1
2020-11-05,2020-11-06,train_in_sample,SPY,0.5880321264266968,0,0
2020-11-05,2020-11-06,train_in_sample,QQQ,0.6481372117996216,1,1
2020-11-05,2020-11-06,train_in_sample,IWM,0.485337495803833,0,1
2020-11-06,2020-11-09,train_in_sample,SPY,0.5279203057289124,1,1
2020-11-06,2020-11-09,train_in_sample,QQQ,0.5459644198417664,0,0
2020-11-06,2020-11-09,train_in_sample,IWM,0.578526496887207,1,1
2020-11-09,2020-11-10,train_in_sample,SPY,0.6255196928977966,0,0
2020-11-09,2020-11-10,train_in_sample,QQQ,0.571366012096405,0,0
2020-11-09,2020-11-10,train_in_sample,IWM,0.5209269523620605,1,1
2020-11-10,2020-11-11,train_in_sample,SPY,0.6044189929962158,1,1
2020-11-10,2020-11-11,train_in_sample,QQQ,0.6234316229820251,1,1
2020-11-10,2020-11-11,train_in_sample,IWM,0.503424882888794,1,1
2020-11-11,2020-11-12,train_in_sample,SPY,0.539356529712677,0,0
2020-11-11,2020-11-12,train_in_sample,QQQ,0.5785009264945984,0,0
2020-11-11,2020-11-12,train_in_sample,IWM,0.5450300574302673,0,0
2020-11-12,2020-11-13,train_in_sample,SPY,0.5013442635536194,1,1
2020-11-12,2020-11-13,train_in_sample,QQQ,0.5602670311927795,1,1
2020-11-12,2020-11-13,train_in_sample,IWM,0.455546498298645,1,0
2020-11-13,2020-11-16,train_in_sample,SPY,0.5889653563499451,1,1
2020-11-13,2020-11-16,train_in_sample,QQQ,0.6072475910186768,1,1
2020-11-13,2020-11-16,train_in_sample,IWM,0.5316892266273499,1,1
2020-11-16,2020-11-17,train_in_sample,SPY,0.5925880074501038,0,0
2020-11-16,2020-11-17,train_in_sample,QQQ,0.6228939890861511,0,0
2020-11-16,2020-11-17,train_in_sample,IWM,0.5660039782524109,1,1
2020-11-17,2020-11-18,train_in_sample,SPY,0.5777468681335449,0,0
2020-11-17,2020-11-18,train_in_sample,QQQ,0.6237686276435852,0,0
2020-11-17,2020-11-18,train_in_sample,IWM,0.5212374925613403,0,0
2020-11-18,2020-11-19,train_in_sample,SPY,0.513661801815033,1,1
2020-11-18,2020-11-19,train_in_sample,QQQ,0.5746838450431824,1,1
2020-11-18,2020-11-19,train_in_sample,IWM,0.4780958294868469,1,0
2020-11-19,2020-11-20,train_in_sample,SPY,0.6024755239486694,0,0
2020-11-19,2020-11-20,train_in_sample,QQQ,0.6268613338470459,0,0
2020-11-19,2020-11-20,train_in_sample,IWM,0.5717191696166992,1,1
2020-11-20,2020-11-23,train_in_sample,SPY,0.5867128372192383,1,1
2020-11-20,2020-11-23,train_in_sample,QQQ,0.6239028573036194,1,1
2020-11-20,2020-11-23,train_in_sample,IWM,0.5109318494796753,1,1
2020-11-23,2020-11-24,train_in_sample,SPY,0.5394178032875061,1,1
2020-11-23,2020-11-24,train_in_sample,QQQ,0.6269362568855286,1,1
2020-11-23,2020-11-24,train_in_sample,IWM,0.5438051223754883,1,1
2020-11-24,2020-11-25,train_in_sample,SPY,0.5810823440551758,0,0
2020-11-24,2020-11-25,train_in_sample,QQQ,0.6300112009048462,1,1
2020-11-24,2020-11-25,train_in_sample,IWM,0.5387871861457825,0,0
2020-11-25,2020-11-27,train_in_sample,SPY,0.5418344736099243,1,1
2020-11-25,2020-11-27,train_in_sample,QQQ,0.6212133765220642,1,1
2020-11-25,2020-11-27,train_in_sample,IWM,0.5694609880447388,1,1
2020-11-27,2020-11-30,train_in_sample,SPY,0.5764234662055969,0,0
2020-11-27,2020-11-30,train_in_sample,QQQ,0.5820605754852295,1,1
2020-11-27,2020-11-30,train_in_sample,IWM,0.5278417468070984,0,0
2020-11-30,2020-12-01,train_in_sample,SPY,0.540791928768158,1,1
2020-11-30,2020-12-01,train_in_sample,QQQ,0.5698702931404114,1,1
2020-11-30,2020-12-01,train_in_sample,IWM,0.561927318572998,1,1
2020-12-01,2020-12-02,train_in_sample,SPY,0.5751317143440247,1,1
2020-12-01,2020-12-02,train_in_sample,QQQ,0.5878177881240845,1,1
2020-12-01,2020-12-02,train_in_sample,IWM,0.5376534461975098,1,1
2020-12-02,2020-12-03,train_in_sample,SPY,0.6019985675811768,0,0
2020-12-02,2020-12-03,train_in_sample,QQQ,0.6707233786582947,1,1
2020-12-02,2020-12-03,train_in_sample,IWM,0.517857015132904,1,1
2020-12-03,2020-12-04,train_in_sample,SPY,0.5850086212158203,1,1
2020-12-03,2020-12-04,train_in_sample,QQQ,0.6400062441825867,1,1
2020-12-03,2020-12-04,train_in_sample,IWM,0.5270546674728394,1,1
2020-12-04,2020-12-07,train_in_sample,SPY,0.6399499773979187,0,0
2020-12-04,2020-12-07,train_in_sample,QQQ,0.6511500477790833,1,1
2020-12-04,2020-12-07,train_in_sample,IWM,0.5576956868171692,1,1
2020-12-07,2020-12-08,train_in_sample,SPY,0.562397301197052,1,1
2020-12-07,2020-12-08,train_in_sample,QQQ,0.642418384552002,1,1
2020-12-07,2020-12-08,train_in_sample,IWM,0.5502432584762573,1,1
2020-12-08,2020-12-09,train_in_sample,SPY,0.5649584531784058,0,0
2020-12-08,2020-12-09,train_in_sample,QQQ,0.6417672634124756,0,0
2020-12-08,2020-12-09,train_in_sample,IWM,0.48713603615760803,0,1
2020-12-09,2020-12-10,train_in_sample,SPY,0.5594162940979004,1,1
2020-12-09,2020-12-10,train_in_sample,QQQ,0.6165063381195068,1,1
2020-12-09,2020-12-10,train_in_sample,IWM,0.5116834044456482,1,1
2020-12-10,2020-12-11,train_in_sample,SPY,0.6047770380973816,0,0
2020-12-10,2020-12-11,train_in_sample,QQQ,0.6337223649024963,0,0
2020-12-10,2020-12-11,train_in_sample,IWM,0.555277407169342,0,0
2020-12-11,2020-12-14,train_in_sample,SPY,0.5470762848854065,0,0
2020-12-11,2020-12-14,train_in_sample,QQQ,0.6272416710853577,1,1
2020-12-11,2020-12-14,train_in_sample,IWM,0.49174973368644714,1,0
2020-12-14,2020-12-15,train_in_sample,SPY,0.5552123188972473,1,1
2020-12-14,2020-12-15,train_in_sample,QQQ,0.6278428435325623,1,1
2020-12-14,2020-12-15,train_in_sample,IWM,0.5576353073120117,1,1
2020-12-15,2020-12-16,train_in_sample,SPY,0.6233953237533569,1,1
2020-12-15,2020-12-16,train_in_sample,QQQ,0.6248558163642883,1,1
2020-12-15,2020-12-16,train_in_sample,IWM,0.5163129568099976,0,0
2020-12-16,2020-12-17,train_in_sample,SPY,0.5870856046676636,1,1
2020-12-16,2020-12-17,train_in_sample,QQQ,0.6096932888031006,1,1
2020-12-16,2020-12-17,train_in_sample,IWM,0.5657960176467896,1,1
2020-12-17,2020-12-18,train_in_sample,SPY,0.577385663986206,0,0
2020-12-17,2020-12-18,train_in_sample,QQQ,0.6198119521141052,0,0
2020-12-17,2020-12-18,train_in_sample,IWM,0.5143880844116211,0,0
2020-12-18,2020-12-21,train_in_sample,SPY,0.568364679813385,0,0
2020-12-18,2020-12-21,train_in_sample,QQQ,0.6079127192497253,0,0
2020-12-18,2020-12-21,train_in_sample,IWM,0.5192598104476929,0,0
2020-12-21,2020-12-22,train_in_sample,SPY,0.559357762336731,0,0
2020-12-21,2020-12-22,train_in_sample,QQQ,0.6012985110282898,1,1
2020-12-21,2020-12-22,train_in_sample,IWM,0.6310277581214905,1,1
2020-12-22,2020-12-23,train_in_sample,SPY,0.5623939037322998,1,1
2020-12-22,2020-12-23,train_in_sample,QQQ,0.6430873274803162,0,0
2020-12-22,2020-12-23,train_in_sample,IWM,0.5370597243309021,1,1
2020-12-23,2020-12-24,train_in_sample,SPY,0.5970379710197449,1,1
2020-12-23,2020-12-24,train_in_sample,QQQ,0.6108155250549316,1,1
2020-12-23,2020-12-24,train_in_sample,IWM,0.5242665410041809,0,0
2020-12-24,2020-12-28,train_in_sample,SPY,0.5721545815467834,1,1
2020-12-24,2020-12-28,train_in_sample,QQQ,0.6387260556221008,1,1
2020-12-24,2020-12-28,train_in_sample,IWM,0.4794859290122986,0,1
2020-12-28,2020-12-29,train_in_sample,SPY,0.5453513860702515,0,0
2020-12-28,2020-12-29,train_in_sample,QQQ,0.603247880935669,1,1
2020-12-28,2020-12-29,train_in_sample,IWM,0.5216028094291687,0,0
2020-12-29,2020-12-30,train_in_sample,SPY,0.4859907627105713,1,0
2020-12-29,2020-12-30,train_in_sample,QQQ,0.5417506098747253,1,1
2020-12-29,2020-12-30,train_in_sample,IWM,0.4737743139266968,1,0
2020-12-30,2020-12-31,train_in_sample,SPY,0.5958011746406555,1,1
2020-12-30,2020-12-31,train_in_sample,QQQ,0.645599365234375,1,1
2020-12-30,2020-12-31,train_in_sample,IWM,0.5663044452667236,0,0
2020-12-31,2021-01-04,train_in_sample,SPY,0.5887532234191895,0,0
2020-12-31,2021-01-04,train_in_sample,QQQ,0.6341230273246765,0,0
2020-12-31,2021-01-04,train_in_sample,IWM,0.49993640184402466,0,1
2021-01-04,2021-01-05,train_in_sample,SPY,0.5997927784919739,1,1
2021-01-04,2021-01-05,train_in_sample,QQQ,0.6265357136726379,1,1
2021-01-04,2021-01-05,train_in_sample,IWM,0.5506316423416138,1,1
2021-01-05,2021-01-06,train_in_sample,SPY,0.5670828223228455,1,1
2021-01-05,2021-01-06,train_in_sample,QQQ,0.6468867659568787,0,0
2021-01-05,2021-01-06,train_in_sample,IWM,0.5046820044517517,1,1
2021-01-06,2021-01-07,train_in_sample,SPY,0.6544203162193298,1,1
2021-01-06,2021-01-07,train_in_sample,QQQ,0.6509568095207214,1,1
2021-01-06,2021-01-07,train_in_sample,IWM,0.5629929900169373,1,1
2021-01-07,2021-01-08,train_in_sample,SPY,0.5456370115280151,1,1
2021-01-07,2021-01-08,train_in_sample,QQQ,0.6395952701568604,1,1
2021-01-07,2021-01-08,train_in_sample,IWM,0.53879314661026,0,0
2021-01-08,2021-01-11,train_in_sample,SPY,0.5329951643943787,0,0
2021-01-08,2021-01-11,train_in_sample,QQQ,0.6145970225334167,0,0
2021-01-08,2021-01-11,train_in_sample,IWM,0.5878229737281799,0,0
2021-01-11,2021-01-12,train_in_sample,SPY,0.6117877960205078,0,0
2021-01-11,2021-01-12,train_in_sample,QQQ,0.6562002301216125,0,0
2021-01-11,2021-01-12,train_in_sample,IWM,0.5428527593612671,1,1
2021-01-12,2021-01-13,train_in_sample,SPY,0.5593065023422241,1,1
2021-01-12,2021-01-13,train_in_sample,QQQ,0.6438013315200806,1,1
2021-01-12,2021-01-13,train_in_sample,IWM,0.5310524702072144,0,0
2021-01-13,2021-01-14,train_in_sample,SPY,0.4942639470100403,0,1
2021-01-13,2021-01-14,train_in_sample,QQQ,0.575249969959259,0,0
2021-01-13,2021-01-14,train_in_sample,IWM,0.49454542994499207,1,0
2021-01-14,2021-01-15,train_in_sample,SPY,0.6111367344856262,0,0
2021-01-14,2021-01-15,train_in_sample,QQQ,0.6663474440574646,0,0
2021-01-14,2021-01-15,train_in_sample,IWM,0.502815306186676,0,0
2021-01-15,2021-01-19,train_in_sample,SPY,0.56706702709198,1,1
2021-01-15,2021-01-19,train_in_sample,QQQ,0.601065993309021,1,1
2021-01-15,2021-01-19,train_in_sample,IWM,0.5121912956237793,1,1
2021-01-19,2021-01-20,train_in_sample,SPY,0.57984459400177,1,1
2021-01-19,2021-01-20,train_in_sample,QQQ,0.6533099412918091,1,1
2021-01-19,2021-01-20,train_in_sample,IWM,0.5055763125419617,1,1
2021-01-20,2021-01-21,train_in_sample,SPY,0.53741455078125,1,1
2021-01-20,2021-01-21,train_in_sample,QQQ,0.6203109622001648,1,1
2021-01-20,2021-01-21,train_in_sample,IWM,0.5575723052024841,0,0
2021-01-21,2021-01-22,train_in_sample,SPY,0.535277247428894,0,0
2021-01-21,2021-01-22,train_in_sample,QQQ,0.5918510556221008,0,0
2021-01-21,2021-01-22,train_in_sample,IWM,0.5555431246757507,1,1
2021-01-22,2021-01-25,train_in_sample,SPY,0.5494487881660461,1,1
2021-01-22,2021-01-25,train_in_sample,QQQ,0.5977722406387329,1,1
2021-01-22,2021-01-25,train_in_sample,IWM,0.5292049646377563,0,0
2021-01-25,2021-01-26,train_in_sample,SPY,0.5798914432525635,0,0
2021-01-25,2021-01-26,train_in_sample,QQQ,0.5944235920906067,1,1
2021-01-25,2021-01-26,train_in_sample,IWM,0.5692697167396545,0,0
2021-01-26,2021-01-27,train_in_sample,SPY,0.5275915265083313,0,0
2021-01-26,2021-01-27,train_in_sample,QQQ,0.6184084415435791,0,0
2021-01-26,2021-01-27,train_in_sample,IWM,0.5677018165588379,0,0
2021-01-27,2021-01-28,train_in_sample,SPY,0.46037036180496216,1,0
2021-01-27,2021-01-28,train_in_sample,QQQ,0.5336794853210449,1,1
2021-01-27,2021-01-28,train_in_sample,IWM,0.5406444668769836,0,0
2021-01-28,2021-01-29,train_in_sample,SPY,0.561093807220459,0,0
2021-01-28,2021-01-29,train_in_sample,QQQ,0.5696634650230408,0,0
2021-01-28,2021-01-29,train_in_sample,IWM,0.5266401171684265,0,0
2021-01-29,2021-02-01,train_in_sample,SPY,0.5861955881118774,1,1
2021-01-29,2021-02-01,train_in_sample,QQQ,0.6159120202064514,1,1
2021-01-29,2021-02-01,train_in_sample,IWM,0.5713371634483337,1,1
2021-02-01,2021-02-02,train_in_sample,SPY,0.6192150712013245,1,1
2021-02-01,2021-02-02,train_in_sample,QQQ,0.6482431888580322,1,1
2021-02-01,2021-02-02,train_in_sample,IWM,0.5478576421737671,1,1
2021-02-02,2021-02-03,train_in_sample,SPY,0.5827045440673828,1,1
2021-02-02,2021-02-03,train_in_sample,QQQ,0.6053593754768372,0,0
2021-02-02,2021-02-03,train_in_sample,IWM,0.5585373640060425,1,1
2021-02-03,2021-02-04,train_in_sample,SPY,0.590546727180481,1,1
2021-02-03,2021-02-04,train_in_sample,QQQ,0.6464029550552368,1,1
2021-02-03,2021-02-04,train_in_sample,IWM,0.5263441205024719,1,1
2021-02-04,2021-02-05,train_in_sample,SPY,0.6103327870368958,1,1
2021-02-04,2021-02-05,train_in_sample,QQQ,0.6294718384742737,1,1
2021-02-04,2021-02-05,train_in_sample,IWM,0.49313297867774963,1,0
2021-02-05,2021-02-08,train_in_sample,SPY,0.6092340350151062,1,1
2021-02-05,2021-02-08,train_in_sample,QQQ,0.6460956335067749,1,1
2021-02-05,2021-02-08,train_in_sample,IWM,0.5017890930175781,1,1
2021-02-08,2021-02-09,train_in_sample,SPY,0.5727319717407227,0,0
2021-02-08,2021-02-09,train_in_sample,QQQ,0.6158848404884338,0,0
2021-02-08,2021-02-09,train_in_sample,IWM,0.5289228558540344,1,1
2021-02-09,2021-02-10,train_in_sample,SPY,0.5264735817909241,0,0
2021-02-09,2021-02-10,train_in_sample,QQQ,0.6202285289764404,0,0
2021-02-09,2021-02-10,train_in_sample,IWM,0.4865575432777405,0,1
2021-02-10,2021-02-11,train_in_sample,SPY,0.5665820240974426,1,1
2021-02-10,2021-02-11,train_in_sample,QQQ,0.5656920075416565,1,1
2021-02-10,2021-02-11,train_in_sample,IWM,0.5176448225975037,0,0
2021-02-11,2021-02-12,train_in_sample,SPY,0.49736136198043823,1,0
2021-02-11,2021-02-12,train_in_sample,QQQ,0.5859502553939819,1,1
2021-02-11,2021-02-12,train_in_sample,IWM,0.4986312985420227,1,0
2021-02-12,2021-02-16,train_in_sample,SPY,0.5658746957778931,0,0
2021-02-12,2021-02-16,train_in_sample,QQQ,0.6447582840919495,0,0
2021-02-12,2021-02-16,train_in_sample,IWM,0.555463969707489,0,0
2021-02-16,2021-02-17,train_in_sample,SPY,0.5397859811782837,1,1
2021-02-16,2021-02-17,train_in_sample,QQQ,0.589333176612854,0,0
2021-02-16,2021-02-17,train_in_sample,IWM,0.4989052712917328,0,1
2021-02-17,2021-02-18,train_in_sample,SPY,0.5560709834098816,0,0
2021-02-17,2021-02-18,train_in_sample,QQQ,0.5701625347137451,0,0
2021-02-17,2021-02-18,train_in_sample,IWM,0.5114409923553467,0,0
2021-02-18,2021-02-19,train_in_sample,SPY,0.5228586792945862,0,0
2021-02-18,2021-02-19,train_in_sample,QQQ,0.5739737153053284,0,0
2021-02-18,2021-02-19,train_in_sample,IWM,0.5111626386642456,1,1
2021-02-19,2021-02-22,train_in_sample,SPY,0.5736852288246155,0,0
2021-02-19,2021-02-22,train_in_sample,QQQ,0.6582669615745544,0,0
2021-02-19,2021-02-22,train_in_sample,IWM,0.45260947942733765,0,1
2021-02-22,2021-02-23,train_in_sample,SPY,0.5513702630996704,1,1
2021-02-22,2021-02-23,train_in_sample,QQQ,0.5885501503944397,0,0
2021-02-22,2021-02-23,train_in_sample,IWM,0.4878481924533844,0,1
2021-02-23,2021-02-24,train_in_sample,SPY,0.5484327077865601,1,1
2021-02-23,2021-02-24,train_in_sample,QQQ,0.58437579870224,1,1
2021-02-23,2021-02-24,train_in_sample,IWM,0.5845216512680054,1,1
2021-02-24,2021-02-25,train_in_sample,SPY,0.5466395616531372,0,0
2021-02-24,2021-02-25,train_in_sample,QQQ,0.6398782730102539,0,0
2021-02-24,2021-02-25,train_in_sample,IWM,0.5824294090270996,0,0
2021-02-25,2021-02-26,train_in_sample,SPY,0.5362683534622192,0,0
2021-02-25,2021-02-26,train_in_sample,QQQ,0.5510003566741943,1,1
2021-02-25,2021-02-26,train_in_sample,IWM,0.5374636054039001,0,0
2021-02-26,2021-03-01,train_in_sample,SPY,0.5649170279502869,1,1
2021-02-26,2021-03-01,train_in_sample,QQQ,0.6204047203063965,1,1
2021-02-26,2021-03-01,train_in_sample,IWM,0.5198372006416321,1,1
2021-03-01,2021-03-02,train_in_sample,SPY,0.6036417484283447,0,0
2021-03-01,2021-03-02,train_in_sample,QQQ,0.5934130549430847,0,0
2021-03-01,2021-03-02,train_in_sample,IWM,0.5589686036109924,0,0
2021-03-02,2021-03-03,train_in_sample,SPY,0.5665542483329773,0,0
2021-03-02,2021-03-03,train_in_sample,QQQ,0.5858839750289917,0,0
2021-03-02,2021-03-03,train_in_sample,IWM,0.47656166553497314,0,1
2021-03-03,2021-03-04,train_in_sample,SPY,0.6110879182815552,0,0
2021-03-03,2021-03-04,train_in_sample,QQQ,0.6056805849075317,0,0
2021-03-03,2021-03-04,train_in_sample,IWM,0.5402131676673889,0,0
2021-03-04,2021-03-05,train_in_sample,SPY,0.5147386193275452,1,1
2021-03-04,2021-03-05,train_in_sample,QQQ,0.5365514755249023,1,1
2021-03-04,2021-03-05,train_in_sample,IWM,0.5902036428451538,1,1
2021-03-05,2021-03-08,train_in_sample,SPY,0.6227892637252808,0,0
2021-03-05,2021-03-08,train_in_sample,QQQ,0.5805437564849854,0,0
2021-03-05,2021-03-08,train_in_sample,IWM,0.5830533504486084,1,1
2021-03-08,2021-03-09,train_in_sample,SPY,0.644308865070343,1,1
2021-03-08,2021-03-09,train_in_sample,QQQ,0.622669517993927,1,1
2021-03-08,2021-03-09,train_in_sample,IWM,0.5452613234519958,1,1
2021-03-09,2021-03-10,train_in_sample,SPY,0.5225839018821716,1,1
2021-03-09,2021-03-10,train_in_sample,QQQ,0.540765643119812,0,0
2021-03-09,2021-03-10,train_in_sample,IWM,0.5856755971908569,1,1
2021-03-10,2021-03-11,train_in_sample,SPY,0.6308594942092896,1,1
2021-03-10,2021-03-11,train_in_sample,QQQ,0.6162968873977661,1,1
2021-03-10,2021-03-11,train_in_sample,IWM,0.5301905274391174,1,1
2021-03-11,2021-03-12,train_in_sample,SPY,0.5703399777412415,1,1
2021-03-11,2021-03-12,train_in_sample,QQQ,0.6232395768165588,0,0
2021-03-11,2021-03-12,train_in_sample,IWM,0.551032543182373,1,1
2021-03-12,2021-03-15,train_in_sample,SPY,0.5914968252182007,1,1
2021-03-12,2021-03-15,train_in_sample,QQQ,0.6306511163711548,1,1
2021-03-12,2021-03-15,train_in_sample,IWM,0.5374371409416199,1,1
2021-03-15,2021-03-16,train_in_sample,SPY,0.6016600728034973,0,0
2021-03-15,2021-03-16,train_in_sample,QQQ,0.6189886927604675,1,1
2021-03-15,2021-03-16,train_in_sample,IWM,0.5596240162849426,0,0
2021-03-16,2021-03-17,train_in_sample,SPY,0.5356308817863464,1,1
2021-03-16,2021-03-17,train_in_sample,QQQ,0.5745337009429932,1,1
2021-03-16,2021-03-17,train_in_sample,IWM,0.5082805156707764,1,1
2021-03-17,2021-03-18,train_in_sample,SPY,0.5755009055137634,0,0
2021-03-17,2021-03-18,train_in_sample,QQQ,0.6397355794906616,0,0
2021-03-17,2021-03-18,train_in_sample,IWM,0.5930454730987549,0,0
2021-03-18,2021-03-19,train_in_sample,SPY,0.545335054397583,0,0
2021-03-18,2021-03-19,train_in_sample,QQQ,0.5450590252876282,1,1
2021-03-18,2021-03-19,train_in_sample,IWM,0.49255311489105225,1,0
2021-03-19,2021-03-22,train_in_sample,SPY,0.5957430601119995,1,1
2021-03-19,2021-03-22,train_in_sample,QQQ,0.6256956458091736,1,1
2021-03-19,2021-03-22,train_in_sample,IWM,0.5109022259712219,0,0
2021-03-22,2021-03-23,train_in_sample,SPY,0.5656734704971313,0,0
2021-03-22,2021-03-23,train_in_sample,QQQ,0.6137876510620117,0,0
2021-03-22,2021-03-23,train_in_sample,IWM,0.5792588591575623,0,0
2021-03-23,2021-03-24,train_in_sample,SPY,0.519717812538147,0,0
2021-03-23,2021-03-24,train_in_sample,QQQ,0.5280856490135193,0,0
2021-03-23,2021-03-24,train_in_sample,IWM,0.5256059765815735,0,0
2021-03-24,2021-03-25,train_in_sample,SPY,0.569014310836792,1,1
2021-03-24,2021-03-25,train_in_sample,QQQ,0.5667271614074707,0,0
2021-03-24,2021-03-25,train_in_sample,IWM,0.5685630440711975,1,1
2021-03-25,2021-03-26,train_in_sample,SPY,0.607309103012085,1,1
2021-03-25,2021-03-26,train_in_sample,QQQ,0.6619059443473816,1,1
2021-03-25,2021-03-26,train_in_sample,IWM,0.5490807890892029,1,1
2021-03-26,2021-03-29,train_in_sample,SPY,0.5937418341636658,0,0
2021-03-26,2021-03-29,train_in_sample,QQQ,0.6296433806419373,0,0
2021-03-26,2021-03-29,train_in_sample,IWM,0.5833612680435181,0,0
2021-03-29,2021-03-30,train_in_sample,SPY,0.5024969577789307,0,0
2021-03-29,2021-03-30,train_in_sample,QQQ,0.5544077754020691,0,0
2021-03-29,2021-03-30,train_in_sample,IWM,0.5799373388290405,1,1
2021-03-30,2021-03-31,train_in_sample,SPY,0.6301029920578003,1,1
2021-03-30,2021-03-31,train_in_sample,QQQ,0.6504086852073669,1,1
2021-03-30,2021-03-31,train_in_sample,IWM,0.5737695693969727,1,1
2021-03-31,2021-04-01,train_in_sample,SPY,0.5838595032691956,1,1
2021-03-31,2021-04-01,train_in_sample,QQQ,0.6329901218414307,1,1
2021-03-31,2021-04-01,train_in_sample,IWM,0.5325952172279358,1,1
2021-04-01,2021-04-05,train_in_sample,SPY,0.5920087695121765,1,1
2021-04-01,2021-04-05,train_in_sample,QQQ,0.626245379447937,1,1
2021-04-01,2021-04-05,train_in_sample,IWM,0.49646568298339844,1,0
2021-04-05,2021-04-06,train_in_sample,SPY,0.5522528290748596,0,0
2021-04-05,2021-04-06,train_in_sample,QQQ,0.598523736000061,0,0
2021-04-05,2021-04-06,train_in_sample,IWM,0.5894196629524231,0,0
2021-04-06,2021-04-07,train_in_sample,SPY,0.5816218256950378,1,1
2021-04-06,2021-04-07,train_in_sample,QQQ,0.6088972687721252,1,1
2021-04-06,2021-04-07,train_in_sample,IWM,0.46200650930404663,0,1
2021-04-07,2021-04-08,train_in_sample,SPY,0.5539871454238892,1,1
2021-04-07,2021-04-08,train_in_sample,QQQ,0.5772455334663391,1,1
2021-04-07,2021-04-08,train_in_sample,IWM,0.5270354151725769,1,1
2021-04-08,2021-04-09,train_in_sample,SPY,0.5969936847686768,1,1
2021-04-08,2021-04-09,train_in_sample,QQQ,0.6577569842338562,1,1
2021-04-08,2021-04-09,train_in_sample,IWM,0.5244604349136353,1,1
2021-04-09,2021-04-12,train_in_sample,SPY,0.5926469564437866,1,1
2021-04-09,2021-04-12,train_in_sample,QQQ,0.5824887752532959,0,0
2021-04-09,2021-04-12,train_in_sample,IWM,0.5210274457931519,0,0
2021-04-12,2021-04-13,train_in_sample,SPY,0.5950206518173218,1,1
2021-04-12,2021-04-13,train_in_sample,QQQ,0.6190477013587952,1,1
2021-04-12,2021-04-13,train_in_sample,IWM,0.5344057083129883,0,0
2021-04-13,2021-04-14,train_in_sample,SPY,0.5792075991630554,0,0
2021-04-13,2021-04-14,train_in_sample,QQQ,0.6168850660324097,0,0
2021-04-13,2021-04-14,train_in_sample,IWM,0.5471164584159851,1,1
2021-04-14,2021-04-15,train_in_sample,SPY,0.6253049373626709,1,1
2021-04-14,2021-04-15,train_in_sample,QQQ,0.6597440242767334,1,1
2021-04-14,2021-04-15,train_in_sample,IWM,0.4967927038669586,1,0
2021-04-15,2021-04-16,train_in_sample,SPY,0.5616856813430786,1,1
2021-04-15,2021-04-16,train_in_sample,QQQ,0.5910172462463379,1,1
2021-04-15,2021-04-16,train_in_sample,IWM,0.5320310592651367,1,1
2021-04-16,2021-04-19,train_in_sample,SPY,0.5823085904121399,0,0
2021-04-16,2021-04-19,train_in_sample,QQQ,0.6360220313072205,0,0
2021-04-16,2021-04-19,train_in_sample,IWM,0.5271233320236206,0,0
2021-04-19,2021-04-20,train_in_sample,SPY,0.5576387643814087,0,0
2021-04-19,2021-04-20,train_in_sample,QQQ,0.6056551337242126,0,0
2021-04-19,2021-04-20,train_in_sample,IWM,0.4963931143283844,0,1
2021-04-20,2021-04-21,train_in_sample,SPY,0.48854073882102966,1,0
2021-04-20,2021-04-21,train_in_sample,QQQ,0.5188112854957581,1,1
2021-04-20,2021-04-21,train_in_sample,IWM,0.48658666014671326,1,0
2021-04-21,2021-04-22,train_in_sample,SPY,0.618337869644165,0,0
2021-04-21,2021-04-22,train_in_sample,QQQ,0.651486873626709,0,0
2021-04-21,2021-04-22,train_in_sample,IWM,0.5023486018180847,0,0
2021-04-22,2021-04-23,train_in_sample,SPY,0.5973292589187622,1,1
2021-04-22,2021-04-23,train_in_sample,QQQ,0.5779581069946289,1,1
2021-04-22,2021-04-23,train_in_sample,IWM,0.48699507117271423,1,0
2021-04-23,2021-04-26,train_in_sample,SPY,0.6007304787635803,1,1
2021-04-23,2021-04-26,train_in_sample,QQQ,0.6188082695007324,1,1
2021-04-23,2021-04-26,train_in_sample,IWM,0.5493877530097961,1,1
2021-04-26,2021-04-27,train_in_sample,SPY,0.5811802744865417,0,0
2021-04-26,2021-04-27,train_in_sample,QQQ,0.6425397992134094,0,0
2021-04-26,2021-04-27,train_in_sample,IWM,0.49918681383132935,1,0
2021-04-27,2021-04-28,train_in_sample,SPY,0.5713775157928467,0,0
2021-04-27,2021-04-28,train_in_sample,QQQ,0.6242985129356384,0,0
2021-04-27,2021-04-28,train_in_sample,IWM,0.4797741770744324,1,0
2021-04-28,2021-04-29,train_in_sample,SPY,0.5677276253700256,1,1
2021-04-28,2021-04-29,train_in_sample,QQQ,0.6073386073112488,1,1
2021-04-28,2021-04-29,train_in_sample,IWM,0.41733646392822266,0,1
2021-04-29,2021-04-30,train_in_sample,SPY,0.5946557521820068,0,0
2021-04-29,2021-04-30,train_in_sample,QQQ,0.6279518604278564,0,0
2021-04-29,2021-04-30,train_in_sample,IWM,0.49626055359840393,0,1
2021-04-30,2021-05-03,train_in_sample,SPY,0.5813397765159607,1,1
2021-04-30,2021-05-03,train_in_sample,QQQ,0.596350908279419,0,0
2021-04-30,2021-05-03,train_in_sample,IWM,0.5124301314353943,1,1
2021-05-03,2021-05-04,train_in_sample,SPY,0.6236462593078613,0,0
2021-05-03,2021-05-04,train_in_sample,QQQ,0.6543047428131104,0,0
2021-05-03,2021-05-04,train_in_sample,IWM,0.49333685636520386,0,1
2021-05-04,2021-05-05,train_in_sample,SPY,0.5257928967475891,1,1
2021-05-04,2021-05-05,train_in_sample,QQQ,0.4964129328727722,0,1
2021-05-04,2021-05-05,train_in_sample,IWM,0.5147640109062195,0,0
2021-05-05,2021-05-06,train_in_sample,SPY,0.5797844529151917,1,1
2021-05-05,2021-05-06,train_in_sample,QQQ,0.6343554258346558,1,1
2021-05-05,2021-05-06,train_in_sample,IWM,0.500100314617157,1,1
2021-05-06,2021-05-07,train_in_sample,SPY,0.5532113313674927,1,1
2021-05-06,2021-05-07,train_in_sample,QQQ,0.6003480553627014,1,1
2021-05-06,2021-05-07,train_in_sample,IWM,0.5088232755661011,1,1
2021-05-07,2021-05-10,train_in_sample,SPY,0.563605546951294,0,0
2021-05-07,2021-05-10,train_in_sample,QQQ,0.6160078048706055,0,0
2021-05-07,2021-05-10,train_in_sample,IWM,0.4804922044277191,0,1
2021-05-10,2021-05-11,train_in_sample,SPY,0.604300856590271,0,0
2021-05-10,2021-05-11,train_in_sample,QQQ,0.5816352963447571,0,0
2021-05-10,2021-05-11,train_in_sample,IWM,0.5229685306549072,0,0
2021-05-11,2021-05-12,train_in_sample,SPY,0.5200880169868469,0,0
2021-05-11,2021-05-12,train_in_sample,QQQ,0.6085200905799866,0,0
2021-05-11,2021-05-12,train_in_sample,IWM,0.5487276911735535,0,0
2021-05-12,2021-05-13,train_in_sample,SPY,0.552664041519165,1,1
2021-05-12,2021-05-13,train_in_sample,QQQ,0.5579802989959717,1,1
2021-05-12,2021-05-13,train_in_sample,IWM,0.5484861731529236,1,1
2021-05-13,2021-05-14,train_in_sample,SPY,0.5860713720321655,1,1
2021-05-13,2021-05-14,train_in_sample,QQQ,0.6446782350540161,1,1
2021-05-13,2021-05-14,train_in_sample,IWM,0.5498174428939819,1,1
2021-05-14,2021-05-17,train_in_sample,SPY,0.6101058125495911,0,0
2021-05-14,2021-05-17,train_in_sample,QQQ,0.608375072479248,0,0
2021-05-14,2021-05-17,train_in_sample,IWM,0.5438693165779114,1,1
2021-05-17,2021-05-18,train_in_sample,SPY,0.593828022480011,0,0
2021-05-17,2021-05-18,train_in_sample,QQQ,0.6514474749565125,0,0
2021-05-17,2021-05-18,train_in_sample,IWM,0.5314604640007019,0,0
2021-05-18,2021-05-19,train_in_sample,SPY,0.5381580591201782,0,0
2021-05-18,2021-05-19,train_in_sample,QQQ,0.6196567416191101,1,1
2021-05-18,2021-05-19,train_in_sample,IWM,0.5243749022483826,0,0
2021-05-19,2021-05-20,train_in_sample,SPY,0.5172630548477173,1,1
2021-05-19,2021-05-20,train_in_sample,QQQ,0.5908869504928589,1,1
2021-05-19,2021-05-20,train_in_sample,IWM,0.5287303924560547,1,1
2021-05-20,2021-05-21,train_in_sample,SPY,0.5652610659599304,0,0
2021-05-20,2021-05-21,train_in_sample,QQQ,0.6176985502243042,0,0
2021-05-20,2021-05-21,train_in_sample,IWM,0.5551586747169495,1,1
2021-05-21,2021-05-24,train_in_sample,SPY,0.6151068210601807,1,1
2021-05-21,2021-05-24,train_in_sample,QQQ,0.5900618433952332,1,1
2021-05-21,2021-05-24,train_in_sample,IWM,0.49492159485816956,1,0
2021-05-24,2021-05-25,train_in_sample,SPY,0.5726752281188965,0,0
2021-05-24,2021-05-25,train_in_sample,QQQ,0.6224305033683777,1,1
2021-05-24,2021-05-25,train_in_sample,IWM,0.5309978723526001,0,0
2021-05-25,2021-05-26,train_in_sample,SPY,0.536537766456604,1,1
2021-05-25,2021-05-26,train_in_sample,QQQ,0.5657352209091187,1,1
2021-05-25,2021-05-26,train_in_sample,IWM,0.5376448631286621,1,1
2021-05-26,2021-05-27,train_in_sample,SPY,0.5861737728118896,1,1
2021-05-26,2021-05-27,train_in_sample,QQQ,0.6562402844429016,0,0
2021-05-26,2021-05-27,train_in_sample,IWM,0.47965288162231445,1,0
2021-05-27,2021-05-28,train_in_sample,SPY,0.5991216897964478,1,1
2021-05-27,2021-05-28,train_in_sample,QQQ,0.6338285207748413,1,1
2021-05-27,2021-05-28,train_in_sample,IWM,0.5024989247322083,1,1
2021-05-28,2021-06-01,train_in_sample,SPY,0.5858046412467957,0,0
2021-05-28,2021-06-01,train_in_sample,QQQ,0.5907517671585083,0,0
2021-05-28,2021-06-01,train_in_sample,IWM,0.4918243885040283,1,0
2021-06-01,2021-06-02,train_in_sample,SPY,0.6444613337516785,1,1
2021-06-01,2021-06-02,train_in_sample,QQQ,0.6170132756233215,1,1
2021-06-01,2021-06-02,train_in_sample,IWM,0.5200421810150146,1,1
2021-06-02,2021-06-03,train_in_sample,SPY,0.5398404598236084,0,0
2021-06-02,2021-06-03,train_in_sample,QQQ,0.5882214307785034,0,0
2021-06-02,2021-06-03,train_in_sample,IWM,0.5186216235160828,0,0
2021-06-03,2021-06-04,train_in_sample,SPY,0.5573841333389282,1,1
2021-06-03,2021-06-04,train_in_sample,QQQ,0.5850412249565125,1,1
2021-06-03,2021-06-04,train_in_sample,IWM,0.5122711658477783,1,1
2021-06-04,2021-06-07,train_in_sample,SPY,0.5180910229682922,0,0
2021-06-04,2021-06-07,train_in_sample,QQQ,0.6166167259216309,1,1
2021-06-04,2021-06-07,train_in_sample,IWM,0.5077031254768372,1,1
2021-06-07,2021-06-08,train_in_sample,SPY,0.5663899779319763,1,1
2021-06-07,2021-06-08,train_in_sample,QQQ,0.6328193545341492,1,1
2021-06-07,2021-06-08,train_in_sample,IWM,0.49310433864593506,1,0
2021-06-08,2021-06-09,train_in_sample,SPY,0.602106511592865,0,0
2021-06-08,2021-06-09,train_in_sample,QQQ,0.6183443665504456,1,1
2021-06-08,2021-06-09,train_in_sample,IWM,0.4932326078414917,0,1
2021-06-09,2021-06-10,train_in_sample,SPY,0.5231726169586182,1,1
2021-06-09,2021-06-10,train_in_sample,QQQ,0.5102939605712891,1,1
2021-06-09,2021-06-10,train_in_sample,IWM,0.484199196100235,0,1
2021-06-10,2021-06-11,train_in_sample,SPY,0.5181186199188232,1,1
2021-06-10,2021-06-11,train_in_sample,QQQ,0.6009820103645325,1,1
2021-06-10,2021-06-11,train_in_sample,IWM,0.5172879695892334,1,1
2021-06-11,2021-06-14,train_in_sample,SPY,0.5888627767562866,1,1
2021-06-11,2021-06-14,train_in_sample,QQQ,0.6533216238021851,1,1
2021-06-11,2021-06-14,train_in_sample,IWM,0.49144139885902405,0,1
2021-06-14,2021-06-15,train_in_sample,SPY,0.5538528561592102,0,0
2021-06-14,2021-06-15,train_in_sample,QQQ,0.598665714263916,0,0
2021-06-14,2021-06-15,train_in_sample,IWM,0.4850529134273529,0,1
2021-06-15,2021-06-16,train_in_sample,SPY,0.6195564866065979,0,0
2021-06-15,2021-06-16,train_in_sample,QQQ,0.636634886264801,0,0
2021-06-15,2021-06-16,train_in_sample,IWM,0.5067780017852783,0,0
2021-06-16,2021-06-17,train_in_sample,SPY,0.5425492525100708,0,0
2021-06-16,2021-06-17,train_in_sample,QQQ,0.5722640156745911,1,1
2021-06-16,2021-06-17,train_in_sample,IWM,0.5109714269638062,0,0
2021-06-17,2021-06-18,train_in_sample,SPY,0.5546261668205261,0,0
2021-06-17,2021-06-18,train_in_sample,QQQ,0.5546357035636902,0,0
2021-06-17,2021-06-18,train_in_sample,IWM,0.5840960144996643,0,0
2021-06-18,2021-06-21,train_in_sample,SPY,0.48820626735687256,1,0
2021-06-18,2021-06-21,train_in_sample,QQQ,0.5624458193778992,1,1
2021-06-18,2021-06-21,train_in_sample,IWM,0.45477229356765747,1,0
2021-06-21,2021-06-22,train_in_sample,SPY,0.591607928276062,1,1
2021-06-21,2021-06-22,train_in_sample,QQQ,0.6139501929283142,1,1
2021-06-21,2021-06-22,train_in_sample,IWM,0.5306721329689026,1,1
2021-06-22,2021-06-23,train_in_sample,SPY,0.5551084876060486,0,0
2021-06-22,2021-06-23,train_in_sample,QQQ,0.6343899369239807,1,1
2021-06-22,2021-06-23,train_in_sample,IWM,0.5119046568870544,1,1
2021-06-23,2021-06-24,train_in_sample,SPY,0.5675508379936218,1,1
2021-06-23,2021-06-24,train_in_sample,QQQ,0.6205613613128662,1,1
2021-06-23,2021-06-24,train_in_sample,IWM,0.5360202789306641,1,1
2021-06-24,2021-06-25,train_in_sample,SPY,0.6184945106506348,1,1
2021-06-24,2021-06-25,train_in_sample,QQQ,0.650317907333374,0,0
2021-06-24,2021-06-25,train_in_sample,IWM,0.5220376253128052,1,1
2021-06-25,2021-06-28,train_in_sample,SPY,0.5829508900642395,1,1
2021-06-25,2021-06-28,train_in_sample,QQQ,0.5865693688392639,1,1
2021-06-25,2021-06-28,train_in_sample,IWM,0.5141386985778809,0,0
2021-06-28,2021-06-29,train_in_sample,SPY,0.5111269950866699,1,1
2021-06-28,2021-06-29,train_in_sample,QQQ,0.5438748598098755,1,1
2021-06-28,2021-06-29,train_in_sample,IWM,0.5462894439697266,0,0
2021-06-29,2021-06-30,train_in_sample,SPY,0.4758265018463135,1,0
2021-06-29,2021-06-30,train_in_sample,QQQ,0.5591512322425842,0,0
2021-06-29,2021-06-30,train_in_sample,IWM,0.5611146092414856,1,1
2021-06-30,2021-07-01,train_in_sample,SPY,0.5730876922607422,1,1
2021-06-30,2021-07-01,train_in_sample,QQQ,0.6096965670585632,1,1
2021-06-30,2021-07-01,train_in_sample,IWM,0.4726373553276062,1,0
2021-07-01,2021-07-02,train_in_sample,SPY,0.5898227095603943,1,1
2021-07-01,2021-07-02,train_in_sample,QQQ,0.5887765288352966,1,1
2021-07-01,2021-07-02,train_in_sample,IWM,0.4801211655139923,0,1
2021-07-02,2021-07-06,train_in_sample,SPY,0.5321347117424011,0,0
2021-07-02,2021-07-06,train_in_sample,QQQ,0.5885580778121948,1,1
2021-07-02,2021-07-06,train_in_sample,IWM,0.516883909702301,0,0
2021-07-06,2021-07-07,train_in_sample,SPY,0.5241788029670715,1,1
2021-07-06,2021-07-07,train_in_sample,QQQ,0.4881671071052551,1,0
2021-07-06,2021-07-07,train_in_sample,IWM,0.5371915698051453,0,0
2021-07-07,2021-07-08,train_in_sample,SPY,0.591638445854187,0,0
2021-07-07,2021-07-08,train_in_sample,QQQ,0.6393212676048279,0,0
2021-07-07,2021-07-08,train_in_sample,IWM,0.49824440479278564,0,1
2021-07-08,2021-07-09,train_in_sample,SPY,0.5641477704048157,1,1
2021-07-08,2021-07-09,train_in_sample,QQQ,0.6078085899353027,1,1
2021-07-08,2021-07-09,train_in_sample,IWM,0.5552447438240051,1,1
2021-07-09,2021-07-12,train_in_sample,SPY,0.586294412612915,1,1
2021-07-09,2021-07-12,train_in_sample,QQQ,0.5952188372612,1,1
2021-07-09,2021-07-12,train_in_sample,IWM,0.4981074035167694,1,0
2021-07-12,2021-07-13,train_in_sample,SPY,0.5887758135795593,0,0
2021-07-12,2021-07-13,train_in_sample,QQQ,0.6270820498466492,0,0
2021-07-12,2021-07-13,train_in_sample,IWM,0.5487357378005981,0,0
2021-07-13,2021-07-14,train_in_sample,SPY,0.5730745196342468,1,1
2021-07-13,2021-07-14,train_in_sample,QQQ,0.5717559456825256,1,1
2021-07-13,2021-07-14,train_in_sample,IWM,0.4880048334598541,0,1
2021-07-14,2021-07-15,train_in_sample,SPY,0.5849752426147461,0,0
2021-07-14,2021-07-15,train_in_sample,QQQ,0.6118770241737366,0,0
2021-07-14,2021-07-15,train_in_sample,IWM,0.5337531566619873,0,0
2021-07-15,2021-07-16,train_in_sample,SPY,0.5736139416694641,0,0
2021-07-15,2021-07-16,train_in_sample,QQQ,0.6561174988746643,0,0
2021-07-15,2021-07-16,train_in_sample,IWM,0.4507541060447693,0,1
2021-07-16,2021-07-19,train_in_sample,SPY,0.5730151534080505,0,0
2021-07-16,2021-07-19,train_in_sample,QQQ,0.5290349721908569,0,0
2021-07-16,2021-07-19,train_in_sample,IWM,0.5425125360488892,0,0
2021-07-19,2021-07-20,train_in_sample,SPY,0.5146937966346741,1,1
2021-07-19,2021-07-20,train_in_sample,QQQ,0.5329489707946777,1,1
2021-07-19,2021-07-20,train_in_sample,IWM,0.5075711011886597,1,1
2021-07-20,2021-07-21,train_in_sample,SPY,0.5980038046836853,1,1
2021-07-20,2021-07-21,train_in_sample,QQQ,0.6448245644569397,1,1
2021-07-20,2021-07-21,train_in_sample,IWM,0.5030752420425415,1,1
2021-07-21,2021-07-22,train_in_sample,SPY,0.6119949221611023,1,1
2021-07-21,2021-07-22,train_in_sample,QQQ,0.659379243850708,1,1
2021-07-21,2021-07-22,train_in_sample,IWM,0.5549342632293701,0,0
2021-07-22,2021-07-23,train_in_sample,SPY,0.4928293526172638,1,0
2021-07-22,2021-07-23,train_in_sample,QQQ,0.5957044363021851,1,1
2021-07-22,2021-07-23,train_in_sample,IWM,0.5175561308860779,1,1
2021-07-23,2021-07-26,train_in_sample,SPY,0.595228374004364,1,1
2021-07-23,2021-07-26,train_in_sample,QQQ,0.6149336695671082,1,1
2021-07-23,2021-07-26,train_in_sample,IWM,0.5373778343200684,1,1
2021-07-26,2021-07-27,train_in_sample,SPY,0.5418413877487183,0,0
2021-07-26,2021-07-27,train_in_sample,QQQ,0.608898937702179,0,0
2021-07-26,2021-07-27,train_in_sample,IWM,0.5429869294166565,0,0
2021-07-27,2021-07-28,train_in_sample,SPY,0.5190951228141785,0,0
2021-07-27,2021-07-28,train_in_sample,QQQ,0.582555890083313,1,1
2021-07-27,2021-07-28,train_in_sample,IWM,0.48153403401374817,1,0
2021-07-28,2021-07-29,train_in_sample,SPY,0.5715349912643433,1,1
2021-07-28,2021-07-29,train_in_sample,QQQ,0.6145830154418945,1,1
2021-07-28,2021-07-29,train_in_sample,IWM,0.49321448802948,1,0
2021-07-29,2021-07-30,train_in_sample,SPY,0.569631040096283,0,0
2021-07-29,2021-07-30,train_in_sample,QQQ,0.5963990688323975,0,0
2021-07-29,2021-07-30,train_in_sample,IWM,0.48906180262565613,0,1
2021-07-30,2021-08-02,train_in_sample,SPY,0.5593186020851135,0,0
2021-07-30,2021-08-02,train_in_sample,QQQ,0.5796036124229431,1,1
2021-07-30,2021-08-02,train_in_sample,IWM,0.5359804630279541,0,0
2021-08-02,2021-08-03,train_in_sample,SPY,0.5859531164169312,1,1
2021-08-02,2021-08-03,train_in_sample,QQQ,0.6273105144500732,1,1
2021-08-02,2021-08-03,train_in_sample,IWM,0.5127081871032715,1,1
2021-08-03,2021-08-04,train_in_sample,SPY,0.5498791933059692,0,0
2021-08-03,2021-08-04,train_in_sample,QQQ,0.5865775346755981,1,1
2021-08-03,2021-08-04,train_in_sample,IWM,0.5370602607727051,0,0
2021-08-04,2021-08-05,train_in_sample,SPY,0.5548887252807617,1,1
2021-08-04,2021-08-05,train_in_sample,QQQ,0.5888474583625793,1,1
2021-08-04,2021-08-05,train_in_sample,IWM,0.527644693851471,1,1
2021-08-05,2021-08-06,train_in_sample,SPY,0.5518450736999512,1,1
2021-08-05,2021-08-06,train_in_sample,QQQ,0.6382462382316589,0,0
2021-08-05,2021-08-06,train_in_sample,IWM,0.5070840716362,1,1
2021-08-06,2021-08-09,train_in_sample,SPY,0.6065874099731445,0,0
2021-08-06,2021-08-09,train_in_sample,QQQ,0.5935837626457214,1,1
2021-08-06,2021-08-09,train_in_sample,IWM,0.5093096494674683,0,0
2021-08-09,2021-08-10,train_in_sample,SPY,0.5358413457870483,1,1
2021-08-09,2021-08-10,train_in_sample,QQQ,0.5908960700035095,0,0
2021-08-09,2021-08-10,train_in_sample,IWM,0.49563169479370117,1,0
2021-08-10,2021-08-11,train_in_sample,SPY,0.5538241267204285,1,1
2021-08-10,2021-08-11,train_in_sample,QQQ,0.5758903622627258,0,0
2021-08-10,2021-08-11,train_in_sample,IWM,0.4796803593635559,1,0
2021-08-11,2021-08-12,train_in_sample,SPY,0.6085083484649658,1,1
2021-08-11,2021-08-12,train_in_sample,QQQ,0.6587538123130798,1,1
2021-08-11,2021-08-12,train_in_sample,IWM,0.5035357475280762,0,0
2021-08-12,2021-08-13,train_in_sample,SPY,0.53436279296875,1,1
2021-08-12,2021-08-13,train_in_sample,QQQ,0.6403957605361938,1,1
2021-08-12,2021-08-13,train_in_sample,IWM,0.47611287236213684,0,1
2021-08-13,2021-08-16,train_in_sample,SPY,0.532227098941803,1,1
2021-08-13,2021-08-16,train_in_sample,QQQ,0.5615317225456238,1,1
2021-08-13,2021-08-16,train_in_sample,IWM,0.5425622463226318,0,0
2021-08-16,2021-08-17,train_in_sample,SPY,0.522469162940979,0,0
2021-08-16,2021-08-17,train_in_sample,QQQ,0.6028004288673401,0,0
2021-08-16,2021-08-17,train_in_sample,IWM,0.5388481020927429,0,0
2021-08-17,2021-08-18,train_in_sample,SPY,0.565047562122345,0,0
2021-08-17,2021-08-18,train_in_sample,QQQ,0.6102050542831421,0,0
2021-08-17,2021-08-18,train_in_sample,IWM,0.5714684128761292,0,0
2021-08-18,2021-08-19,train_in_sample,SPY,0.5705924034118652,1,1
2021-08-18,2021-08-19,train_in_sample,QQQ,0.6255571842193604,1,1
2021-08-18,2021-08-19,train_in_sample,IWM,0.5331643223762512,0,0
2021-08-19,2021-08-20,train_in_sample,SPY,0.5353778600692749,1,1
2021-08-19,2021-08-20,train_in_sample,QQQ,0.5963445901870728,1,1
2021-08-19,2021-08-20,train_in_sample,IWM,0.5581320524215698,1,1
2021-08-20,2021-08-23,train_in_sample,SPY,0.5961278676986694,1,1
2021-08-20,2021-08-23,train_in_sample,QQQ,0.6591730117797852,1,1
2021-08-20,2021-08-23,train_in_sample,IWM,0.5104361176490784,1,1
2021-08-23,2021-08-24,train_in_sample,SPY,0.5853753089904785,1,1
2021-08-23,2021-08-24,train_in_sample,QQQ,0.6113138794898987,1,1
2021-08-23,2021-08-24,train_in_sample,IWM,0.5602701306343079,1,1
2021-08-24,2021-08-25,train_in_sample,SPY,0.5649107098579407,1,1
2021-08-24,2021-08-25,train_in_sample,QQQ,0.6526570320129395,1,1
2021-08-24,2021-08-25,train_in_sample,IWM,0.5044912695884705,1,1
2021-08-25,2021-08-26,train_in_sample,SPY,0.5858239531517029,0,0
2021-08-25,2021-08-26,train_in_sample,QQQ,0.6226300597190857,0,0
2021-08-25,2021-08-26,train_in_sample,IWM,0.5331417322158813,0,0
2021-08-26,2021-08-27,train_in_sample,SPY,0.5209721326828003,1,1
2021-08-26,2021-08-27,train_in_sample,QQQ,0.5655295252799988,1,1
2021-08-26,2021-08-27,train_in_sample,IWM,0.5005831122398376,1,1
2021-08-27,2021-08-30,train_in_sample,SPY,0.641555905342102,1,1
2021-08-27,2021-08-30,train_in_sample,QQQ,0.6599972248077393,1,1
2021-08-27,2021-08-30,train_in_sample,IWM,0.5223254561424255,0,0
2021-08-30,2021-08-31,train_in_sample,SPY,0.5456645488739014,0,0
2021-08-30,2021-08-31,train_in_sample,QQQ,0.5852425694465637,0,0
2021-08-30,2021-08-31,train_in_sample,IWM,0.5585039258003235,1,1
2021-08-31,2021-09-01,train_in_sample,SPY,0.563063383102417,1,1
2021-08-31,2021-09-01,train_in_sample,QQQ,0.5850564241409302,1,1
2021-08-31,2021-09-01,train_in_sample,IWM,0.5076077580451965,1,1
2021-09-01,2021-09-02,train_in_sample,SPY,0.5796489119529724,1,1
2021-09-01,2021-09-02,train_in_sample,QQQ,0.6254968643188477,0,0
2021-09-01,2021-09-02,train_in_sample,IWM,0.49487626552581787,1,0
2021-09-02,2021-09-03,train_in_sample,SPY,0.554013729095459,0,0
2021-09-02,2021-09-03,train_in_sample,QQQ,0.6511140465736389,1,1
2021-09-02,2021-09-03,train_in_sample,IWM,0.48142194747924805,0,1
2021-09-03,2021-09-07,train_in_sample,SPY,0.582760214805603,0,0
2021-09-03,2021-09-07,train_in_sample,QQQ,0.617203414440155,1,1
2021-09-03,2021-09-07,train_in_sample,IWM,0.5069358944892883,0,0
2021-09-07,2021-09-08,train_in_sample,SPY,0.5830431580543518,0,0
2021-09-07,2021-09-08,train_in_sample,QQQ,0.6329590678215027,0,0
2021-09-07,2021-09-08,train_in_sample,IWM,0.5283514857292175,0,0
2021-09-08,2021-09-09,train_in_sample,SPY,0.5896669030189514,0,0
2021-09-08,2021-09-09,train_in_sample,QQQ,0.6320237517356873,0,0
2021-09-08,2021-09-09,train_in_sample,IWM,0.5056318044662476,0,0
2021-09-09,2021-09-10,train_in_sample,SPY,0.6089280247688293,0,0
2021-09-09,2021-09-10,train_in_sample,QQQ,0.6341291666030884,0,0
2021-09-09,2021-09-10,train_in_sample,IWM,0.5222371816635132,0,0
2021-09-10,2021-09-13,train_in_sample,SPY,0.6273694038391113,1,1
2021-09-10,2021-09-13,train_in_sample,QQQ,0.6277514696121216,0,0
2021-09-10,2021-09-13,train_in_sample,IWM,0.5003330111503601,1,1
2021-09-13,2021-09-14,train_in_sample,SPY,0.644034743309021,0,0
2021-09-13,2021-09-14,train_in_sample,QQQ,0.6426950693130493,0,0
2021-09-13,2021-09-14,train_in_sample,IWM,0.5484681725502014,0,0
2021-09-14,2021-09-15,train_in_sample,SPY,0.5566637516021729,1,1
2021-09-14,2021-09-15,train_in_sample,QQQ,0.5348411202430725,1,1
2021-09-14,2021-09-15,train_in_sample,IWM,0.5394444465637207,1,1
2021-09-15,2021-09-16,train_in_sample,SPY,0.6419320702552795,0,0
2021-09-15,2021-09-16,train_in_sample,QQQ,0.6711591482162476,1,1
2021-09-15,2021-09-16,train_in_sample,IWM,0.5591624975204468,1,1
2021-09-16,2021-09-17,train_in_sample,SPY,0.5944503545761108,0,0
2021-09-16,2021-09-17,train_in_sample,QQQ,0.6348882913589478,0,0
2021-09-16,2021-09-17,train_in_sample,IWM,0.5676661133766174,1,1
2021-09-17,2021-09-20,train_in_sample,SPY,0.6372080445289612,0,0
2021-09-17,2021-09-20,train_in_sample,QQQ,0.6434029936790466,0,0
2021-09-17,2021-09-20,train_in_sample,IWM,0.5583277940750122,0,0
2021-09-20,2021-09-21,train_in_sample,SPY,0.6214258670806885,0,0
2021-09-20,2021-09-21,train_in_sample,QQQ,0.6429607272148132,1,1
2021-09-20,2021-09-21,train_in_sample,IWM,0.572161078453064,1,1
2021-09-21,2021-09-22,train_in_sample,SPY,0.6454298496246338,1,1
2021-09-21,2021-09-22,train_in_sample,QQQ,0.6627352833747864,1,1
2021-09-21,2021-09-22,train_in_sample,IWM,0.5787040591239929,1,1
2021-09-22,2021-09-23,train_in_sample,SPY,0.6518609523773193,1,1
2021-09-22,2021-09-23,train_in_sample,QQQ,0.664048433303833,1,1
2021-09-22,2021-09-23,train_in_sample,IWM,0.5579622983932495,1,1
2021-09-23,2021-09-24,train_in_sample,SPY,0.635104238986969,1,1
2021-09-23,2021-09-24,train_in_sample,QQQ,0.6455973386764526,1,1
2021-09-23,2021-09-24,train_in_sample,IWM,0.5041506886482239,0,0
2021-09-24,2021-09-27,train_in_sample,SPY,0.6254328489303589,0,0
2021-09-24,2021-09-27,train_in_sample,QQQ,0.6600368022918701,0,0
2021-09-24,2021-09-27,train_in_sample,IWM,0.543560802936554,1,1
2021-09-27,2021-09-28,train_in_sample,SPY,0.6216962933540344,0,0
2021-09-27,2021-09-28,train_in_sample,QQQ,0.6535364389419556,0,0
2021-09-27,2021-09-28,train_in_sample,IWM,0.5452467203140259,0,0
2021-09-28,2021-09-29,train_in_sample,SPY,0.5968993902206421,1,1
2021-09-28,2021-09-29,train_in_sample,QQQ,0.6270641684532166,0,0
2021-09-28,2021-09-29,train_in_sample,IWM,0.5174835920333862,0,0
2021-09-29,2021-09-30,train_in_sample,SPY,0.6133836507797241,0,0
2021-09-29,2021-09-30,train_in_sample,QQQ,0.6210532784461975,0,0
2021-09-29,2021-09-30,train_in_sample,IWM,0.5552188754081726,0,0
2021-09-30,2021-10-01,train_in_sample,SPY,0.5892778038978577,1,1
2021-09-30,2021-10-01,train_in_sample,QQQ,0.5950026512145996,1,1
2021-09-30,2021-10-01,train_in_sample,IWM,0.510658860206604,1,1
2021-10-01,2021-10-04,train_in_sample,SPY,0.6330761313438416,0,0
2021-10-01,2021-10-04,train_in_sample,QQQ,0.6414598822593689,0,0
2021-10-01,2021-10-04,train_in_sample,IWM,0.5922741293907166,0,0
2021-10-04,2021-10-05,train_in_sample,SPY,0.6393871307373047,1,1
2021-10-04,2021-10-05,train_in_sample,QQQ,0.6350845098495483,1,1
2021-10-04,2021-10-05,train_in_sample,IWM,0.5664949417114258,1,1
2021-10-05,2021-10-06,train_in_sample,SPY,0.5898292064666748,1,1
2021-10-05,2021-10-06,train_in_sample,QQQ,0.6222198605537415,1,1
2021-10-05,2021-10-06,train_in_sample,IWM,0.544031023979187,0,0
2021-10-06,2021-10-07,train_in_sample,SPY,0.5675997734069824,1,1
2021-10-06,2021-10-07,train_in_sample,QQQ,0.5706394910812378,1,1
2021-10-06,2021-10-07,train_in_sample,IWM,0.5252635478973389,1,1
2021-10-07,2021-10-08,train_in_sample,SPY,0.6011567711830139,0,0
2021-10-07,2021-10-08,train_in_sample,QQQ,0.6537569165229797,0,0
2021-10-07,2021-10-08,train_in_sample,IWM,0.4898397624492645,0,1
2021-10-08,2021-10-11,train_in_sample,SPY,0.5863643288612366,0,0
2021-10-08,2021-10-11,train_in_sample,QQQ,0.6102859973907471,0,0
2021-10-08,2021-10-11,train_in_sample,IWM,0.4981861710548401,0,1
2021-10-11,2021-10-12,train_in_sample,SPY,0.5861513614654541,0,0
2021-10-11,2021-10-12,train_in_sample,QQQ,0.6200556755065918,0,0
2021-10-11,2021-10-12,train_in_sample,IWM,0.5198372006416321,1,1
2021-10-12,2021-10-13,train_in_sample,SPY,0.5663461089134216,1,1
2021-10-12,2021-10-13,train_in_sample,QQQ,0.6428112983703613,1,1
2021-10-12,2021-10-13,train_in_sample,IWM,0.48302024602890015,1,0
2021-10-13,2021-10-14,train_in_sample,SPY,0.5869131088256836,1,1
2021-10-13,2021-10-14,train_in_sample,QQQ,0.5954186916351318,1,1
2021-10-13,2021-10-14,train_in_sample,IWM,0.5736897587776184,1,1
2021-10-14,2021-10-15,train_in_sample,SPY,0.5954346656799316,1,1
2021-10-14,2021-10-15,train_in_sample,QQQ,0.6212843060493469,1,1
2021-10-14,2021-10-15,train_in_sample,IWM,0.563448429107666,0,0
2021-10-15,2021-10-18,train_in_sample,SPY,0.5677016973495483,1,1
2021-10-15,2021-10-18,train_in_sample,QQQ,0.6324461102485657,1,1
2021-10-15,2021-10-18,train_in_sample,IWM,0.5437085032463074,0,0
2021-10-18,2021-10-19,train_in_sample,SPY,0.5651431083679199,1,1
2021-10-18,2021-10-19,train_in_sample,QQQ,0.6305791139602661,1,1
2021-10-18,2021-10-19,train_in_sample,IWM,0.5363375544548035,1,1
2021-10-19,2021-10-20,train_in_sample,SPY,0.5788673758506775,1,1
2021-10-19,2021-10-20,train_in_sample,QQQ,0.6038603186607361,0,0
2021-10-19,2021-10-20,train_in_sample,IWM,0.5474462509155273,1,1
2021-10-20,2021-10-21,train_in_sample,SPY,0.5822463035583496,1,1
2021-10-20,2021-10-21,train_in_sample,QQQ,0.6300090551376343,1,1
2021-10-20,2021-10-21,train_in_sample,IWM,0.5170981884002686,1,1
2021-10-21,2021-10-22,train_in_sample,SPY,0.573506772518158,0,0
2021-10-21,2021-10-22,train_in_sample,QQQ,0.5993337035179138,0,0
2021-10-21,2021-10-22,train_in_sample,IWM,0.521995484828949,0,0
2021-10-22,2021-10-25,train_in_sample,SPY,0.6261397004127502,1,1
2021-10-22,2021-10-25,train_in_sample,QQQ,0.6295849084854126,1,1
2021-10-22,2021-10-25,train_in_sample,IWM,0.5510621666908264,1,1
2021-10-25,2021-10-26,train_in_sample,SPY,0.5834378600120544,1,1
2021-10-25,2021-10-26,train_in_sample,QQQ,0.6404696106910706,1,1
2021-10-25,2021-10-26,train_in_sample,IWM,0.49443790316581726,0,1
2021-10-26,2021-10-27,train_in_sample,SPY,0.5593293905258179,0,0
2021-10-26,2021-10-27,train_in_sample,QQQ,0.6044635772705078,1,1
2021-10-26,2021-10-27,train_in_sample,IWM,0.49804168939590454,0,1
2021-10-27,2021-10-28,train_in_sample,SPY,0.5654333829879761,1,1
2021-10-27,2021-10-28,train_in_sample,QQQ,0.5797079205513,1,1
2021-10-27,2021-10-28,train_in_sample,IWM,0.5202120542526245,1,1
2021-10-28,2021-10-29,train_in_sample,SPY,0.5966046452522278,1,1
2021-10-28,2021-10-29,train_in_sample,QQQ,0.6335622072219849,1,1
2021-10-28,2021-10-29,train_in_sample,IWM,0.5150987505912781,0,0
2021-10-29,2021-11-01,train_in_sample,SPY,0.5901094079017639,1,1
2021-10-29,2021-11-01,train_in_sample,QQQ,0.6203342080116272,1,1
2021-10-29,2021-11-01,train_in_sample,IWM,0.5153557062149048,1,1
2021-11-01,2021-11-02,train_in_sample,SPY,0.6254052519798279,1,1
2021-11-01,2021-11-02,train_in_sample,QQQ,0.685865581035614,1,1
2021-11-01,2021-11-02,train_in_sample,IWM,0.49139246344566345,1,0
2021-11-02,2021-11-03,train_in_sample,SPY,0.5756089091300964,1,1
2021-11-02,2021-11-03,train_in_sample,QQQ,0.610832929611206,1,1
2021-11-02,2021-11-03,train_in_sample,IWM,0.541263997554779,1,1
2021-11-03,2021-11-04,train_in_sample,SPY,0.6065470576286316,1,1
2021-11-03,2021-11-04,train_in_sample,QQQ,0.6572185158729553,1,1
2021-11-03,2021-11-04,train_in_sample,IWM,0.5582370758056641,0,0
2021-11-04,2021-11-05,train_in_sample,SPY,0.5574328303337097,1,1
2021-11-04,2021-11-05,train_in_sample,QQQ,0.5917912721633911,1,1
2021-11-04,2021-11-05,train_in_sample,IWM,0.5416682362556458,1,1
2021-11-05,2021-11-08,train_in_sample,SPY,0.5847659707069397,1,1
2021-11-05,2021-11-08,train_in_sample,QQQ,0.6386297941207886,0,0
2021-11-05,2021-11-08,train_in_sample,IWM,0.5271314978599548,1,1
2021-11-08,2021-11-09,train_in_sample,SPY,0.5971092581748962,0,0
2021-11-08,2021-11-09,train_in_sample,QQQ,0.6131536364555359,0,0
2021-11-08,2021-11-09,train_in_sample,IWM,0.5057449340820312,0,0
2021-11-09,2021-11-10,train_in_sample,SPY,0.5583051443099976,0,0
2021-11-09,2021-11-10,train_in_sample,QQQ,0.5935825109481812,0,0
2021-11-09,2021-11-10,train_in_sample,IWM,0.4918178617954254,0,1
2021-11-10,2021-11-11,train_in_sample,SPY,0.5634096264839172,1,1
2021-11-10,2021-11-11,train_in_sample,QQQ,0.6205571889877319,1,1
2021-11-10,2021-11-11,train_in_sample,IWM,0.5209750533103943,1,1
2021-11-11,2021-11-12,train_in_sample,SPY,0.6010726094245911,1,1
2021-11-11,2021-11-12,train_in_sample,QQQ,0.6371151208877563,1,1
2021-11-11,2021-11-12,train_in_sample,IWM,0.5373871326446533,1,1
2021-11-12,2021-11-15,train_in_sample,SPY,0.6028856039047241,1,1
2021-11-12,2021-11-15,train_in_sample,QQQ,0.6247190237045288,0,0
2021-11-12,2021-11-15,train_in_sample,IWM,0.5659835934638977,0,0
2021-11-15,2021-11-16,train_in_sample,SPY,0.5760902762413025,1,1
2021-11-15,2021-11-16,train_in_sample,QQQ,0.627801239490509,1,1
2021-11-15,2021-11-16,train_in_sample,IWM,0.5215427875518799,1,1
2021-11-16,2021-11-17,train_in_sample,SPY,0.5457260608673096,0,0
2021-11-16,2021-11-17,train_in_sample,QQQ,0.6281175017356873,1,1
2021-11-16,2021-11-17,train_in_sample,IWM,0.5297144651412964,0,0
2021-11-17,2021-11-18,train_in_sample,SPY,0.5522359609603882,1,1
2021-11-17,2021-11-18,train_in_sample,QQQ,0.5971916913986206,1,1
2021-11-17,2021-11-18,train_in_sample,IWM,0.5409045219421387,0,0
2021-11-18,2021-11-19,train_in_sample,SPY,0.5438346862792969,0,0
2021-11-18,2021-11-19,train_in_sample,QQQ,0.607119083404541,1,1
2021-11-18,2021-11-19,train_in_sample,IWM,0.5517613887786865,0,0
2021-11-19,2021-11-22,train_in_sample,SPY,0.5494689345359802,0,0
2021-11-19,2021-11-22,train_in_sample,QQQ,0.6121035814285278,0,0
2021-11-19,2021-11-22,train_in_sample,IWM,0.5188334584236145,0,0
2021-11-22,2021-11-23,train_in_sample,SPY,0.6110982298851013,1,1
2021-11-22,2021-11-23,train_in_sample,QQQ,0.6230692267417908,0,0
2021-11-22,2021-11-23,train_in_sample,IWM,0.518336296081543,0,0
2021-11-23,2021-11-24,train_in_sample,SPY,0.6190420389175415,1,1
2021-11-23,2021-11-24,train_in_sample,QQQ,0.6360489726066589,1,1
2021-11-23,2021-11-24,train_in_sample,IWM,0.5792229771614075,1,1
2021-11-24,2021-11-26,train_in_sample,SPY,0.5877895355224609,0,0
2021-11-24,2021-11-26,train_in_sample,QQQ,0.6376335024833679,0,0
2021-11-24,2021-11-26,train_in_sample,IWM,0.5142202973365784,0,0
2021-11-26,2021-11-29,train_in_sample,SPY,0.547101616859436,1,1
2021-11-26,2021-11-29,train_in_sample,QQQ,0.6013240218162537,1,1
2021-11-26,2021-11-29,train_in_sample,IWM,0.559598982334137,0,0
2021-11-29,2021-11-30,train_in_sample,SPY,0.5592671036720276,0,0
2021-11-29,2021-11-30,train_in_sample,QQQ,0.5840634107589722,0,0
2021-11-29,2021-11-30,train_in_sample,IWM,0.5528400540351868,0,0
2021-11-30,2021-12-01,train_in_sample,SPY,0.5498115420341492,0,0
2021-11-30,2021-12-01,train_in_sample,QQQ,0.5561689734458923,0,0
2021-11-30,2021-12-01,train_in_sample,IWM,0.5075842142105103,0,0
2021-12-01,2021-12-02,train_in_sample,SPY,0.5665546655654907,1,1
2021-12-01,2021-12-02,train_in_sample,QQQ,0.5551485419273376,1,1
2021-12-01,2021-12-02,train_in_sample,IWM,0.5824598670005798,1,1
2021-12-02,2021-12-03,train_in_sample,SPY,0.6456723809242249,0,0
2021-12-02,2021-12-03,train_in_sample,QQQ,0.6448236107826233,0,0
2021-12-02,2021-12-03,train_in_sample,IWM,0.5488100051879883,0,0
2021-12-03,2021-12-06,train_in_sample,SPY,0.5723332166671753,1,1
2021-12-03,2021-12-06,train_in_sample,QQQ,0.582770049571991,1,1
2021-12-03,2021-12-06,train_in_sample,IWM,0.5751066207885742,1,1
2021-12-06,2021-12-07,train_in_sample,SPY,0.6445029377937317,1,1
2021-12-06,2021-12-07,train_in_sample,QQQ,0.6574831604957581,1,1
2021-12-06,2021-12-07,train_in_sample,IWM,0.5590779781341553,1,1
2021-12-07,2021-12-08,train_in_sample,SPY,0.5804232358932495,1,1
2021-12-07,2021-12-08,train_in_sample,QQQ,0.5879800915718079,1,1
2021-12-07,2021-12-08,train_in_sample,IWM,0.5686730146408081,1,1
2021-12-08,2021-12-09,train_in_sample,SPY,0.5846171975135803,0,0
2021-12-08,2021-12-09,train_in_sample,QQQ,0.634054958820343,0,0
2021-12-08,2021-12-09,train_in_sample,IWM,0.5109767317771912,0,0
2021-12-09,2021-12-10,train_in_sample,SPY,0.5794818997383118,1,1
2021-12-09,2021-12-10,train_in_sample,QQQ,0.5795352458953857,1,1
2021-12-09,2021-12-10,train_in_sample,IWM,0.5682373642921448,0,0
2021-12-10,2021-12-13,train_in_sample,SPY,0.6079023480415344,0,0
2021-12-10,2021-12-13,train_in_sample,QQQ,0.6433571577072144,0,0
2021-12-10,2021-12-13,train_in_sample,IWM,0.5622606873512268,0,0
2021-12-13,2021-12-14,train_in_sample,SPY,0.5882928967475891,0,0
2021-12-13,2021-12-14,train_in_sample,QQQ,0.5843424797058105,0,0
2021-12-13,2021-12-14,train_in_sample,IWM,0.5442704558372498,0,0
2021-12-14,2021-12-15,train_in_sample,SPY,0.5796804428100586,1,1
2021-12-14,2021-12-15,train_in_sample,QQQ,0.5672873854637146,1,1
2021-12-14,2021-12-15,train_in_sample,IWM,0.5574524998664856,1,1
2021-12-15,2021-12-16,train_in_sample,SPY,0.6067022681236267,0,0
2021-12-15,2021-12-16,train_in_sample,QQQ,0.6315690875053406,0,0
2021-12-15,2021-12-16,train_in_sample,IWM,0.5646824836730957,0,0
2021-12-16,2021-12-17,train_in_sample,SPY,0.6035123467445374,0,0
2021-12-16,2021-12-17,train_in_sample,QQQ,0.6201117634773254,0,0
2021-12-16,2021-12-17,train_in_sample,IWM,0.5386825203895569,1,1
2021-12-17,2021-12-20,train_in_sample,SPY,0.6107876896858215,0,0
2021-12-17,2021-12-20,train_in_sample,QQQ,0.6735922694206238,0,0
2021-12-17,2021-12-20,train_in_sample,IWM,0.5487785339355469,0,0
2021-12-20,2021-12-21,train_in_sample,SPY,0.5777662992477417,1,1
2021-12-20,2021-12-21,train_in_sample,QQQ,0.6372218728065491,1,1
2021-12-20,2021-12-21,train_in_sample,IWM,0.5767263174057007,1,1
2021-12-21,2021-12-22,train_in_sample,SPY,0.6105414032936096,1,1
2021-12-21,2021-12-22,train_in_sample,QQQ,0.6203954815864563,1,1
2021-12-21,2021-12-22,train_in_sample,IWM,0.5431857109069824,1,1
2021-12-22,2021-12-23,train_in_sample,SPY,0.6245445609092712,1,1
2021-12-22,2021-12-23,train_in_sample,QQQ,0.6283957362174988,1,1
2021-12-22,2021-12-23,train_in_sample,IWM,0.5585147738456726,1,1
2021-12-23,2021-12-27,train_in_sample,SPY,0.5868483185768127,1,1
2021-12-23,2021-12-27,train_in_sample,QQQ,0.6259729266166687,1,1
2021-12-23,2021-12-27,train_in_sample,IWM,0.5435333847999573,1,1
2021-12-27,2021-12-28,train_in_sample,SPY,0.6051834225654602,0,0
2021-12-27,2021-12-28,train_in_sample,QQQ,0.6626884341239929,0,0
2021-12-27,2021-12-28,train_in_sample,IWM,0.5654550194740295,0,0
2021-12-28,2021-12-29,train_in_sample,SPY,0.56802898645401,1,1
2021-12-28,2021-12-29,train_in_sample,QQQ,0.6177229285240173,0,0
2021-12-28,2021-12-29,train_in_sample,IWM,0.5085064172744751,1,1
2021-12-29,2021-12-30,train_in_sample,SPY,0.6074691414833069,0,0
2021-12-29,2021-12-30,train_in_sample,QQQ,0.6367599368095398,0,0
2021-12-29,2021-12-30,train_in_sample,IWM,0.550707995891571,0,0
2021-12-30,2021-12-31,train_in_sample,SPY,0.6027994751930237,0,0
2021-12-30,2021-12-31,train_in_sample,QQQ,0.6045856475830078,0,0
2021-12-30,2021-12-31,train_in_sample,IWM,0.5557926297187805,0,0
2021-12-31,2022-01-03,train_in_sample,SPY,0.6011475324630737,1,1
2021-12-31,2022-01-03,train_in_sample,QQQ,0.6432348489761353,1,1
2021-12-31,2022-01-03,train_in_sample,IWM,0.5257473587989807,1,1
2022-01-03,2022-01-04,train_in_sample,SPY,0.6287345886230469,0,0
2022-01-03,2022-01-04,train_in_sample,QQQ,0.673649787902832,0,0
2022-01-03,2022-01-04,train_in_sample,IWM,0.5625378489494324,0,0
2022-01-04,2022-01-05,train_in_sample,SPY,0.5811676979064941,0,0
2022-01-04,2022-01-05,train_in_sample,QQQ,0.6083859801292419,0,0
2022-01-04,2022-01-05,train_in_sample,IWM,0.5500189661979675,0,0
2022-01-05,2022-01-06,train_in_sample,SPY,0.5617781281471252,0,0
2022-01-05,2022-01-06,train_in_sample,QQQ,0.5667621493339539,0,0
2022-01-05,2022-01-06,train_in_sample,IWM,0.5569782853126526,1,1
2022-01-06,2022-01-07,train_in_sample,SPY,0.5829718112945557,0,0
2022-01-06,2022-01-07,train_in_sample,QQQ,0.6481534242630005,0,0
2022-01-06,2022-01-07,train_in_sample,IWM,0.5182089805603027,0,0
2022-01-07,2022-01-10,train_in_sample,SPY,0.6144987344741821,0,0
2022-01-07,2022-01-10,train_in_sample,QQQ,0.6179869771003723,1,1
2022-01-07,2022-01-10,train_in_sample,IWM,0.544609785079956,0,0
2022-01-10,2022-01-11,train_in_sample,SPY,0.5718305706977844,1,1
2022-01-10,2022-01-11,train_in_sample,QQQ,0.6078394055366516,1,1
2022-01-10,2022-01-11,train_in_sample,IWM,0.5833297371864319,1,1
2022-01-11,2022-01-12,train_in_sample,SPY,0.6101886630058289,1,1
2022-01-11,2022-01-12,train_in_sample,QQQ,0.6330659985542297,1,1
2022-01-11,2022-01-12,train_in_sample,IWM,0.5559629201889038,0,0
2022-01-12,2022-01-13,train_in_sample,SPY,0.5883363485336304,0,0
2022-01-12,2022-01-13,train_in_sample,QQQ,0.6329923868179321,0,0
2022-01-12,2022-01-13,train_in_sample,IWM,0.5385319590568542,0,0
2022-01-13,2022-01-14,train_in_sample,SPY,0.5734148025512695,1,1
2022-01-13,2022-01-14,train_in_sample,QQQ,0.5975210070610046,1,1
2022-01-13,2022-01-14,train_in_sample,IWM,0.5509494543075562,1,1
2022-01-14,2022-01-18,train_in_sample,SPY,0.5691200494766235,0,0
2022-01-14,2022-01-18,train_in_sample,QQQ,0.6167500019073486,0,0
2022-01-14,2022-01-18,train_in_sample,IWM,0.5522230267524719,0,0
2022-01-18,2022-01-19,train_in_sample,SPY,0.5562233328819275,0,0
2022-01-18,2022-01-19,train_in_sample,QQQ,0.6023053526878357,0,0
2022-01-18,2022-01-19,train_in_sample,IWM,0.5398396253585815,0,0
2022-01-19,2022-01-20,train_in_sample,SPY,0.5878914594650269,0,0
2022-01-19,2022-01-20,train_in_sample,QQQ,0.6001478433609009,0,0
2022-01-19,2022-01-20,train_in_sample,IWM,0.5211259126663208,0,0
2022-01-20,2022-01-21,train_in_sample,SPY,0.5780969858169556,0,0
2022-01-20,2022-01-21,train_in_sample,QQQ,0.5802115201950073,0,0
2022-01-20,2022-01-21,train_in_sample,IWM,0.5585379600524902,0,0
2022-01-21,2022-01-24,train_in_sample,SPY,0.5702633261680603,1,1
2022-01-21,2022-01-24,train_in_sample,QQQ,0.5993343591690063,1,1
2022-01-21,2022-01-24,train_in_sample,IWM,0.5814292430877686,1,1
2022-01-24,2022-01-25,train_in_sample,SPY,0.5787140130996704,0,0
2022-01-24,2022-01-25,train_in_sample,QQQ,0.6065525412559509,0,0
2022-01-24,2022-01-25,train_in_sample,IWM,0.6309370398521423,0,0
2022-01-25,2022-01-26,train_in_sample,SPY,0.6020013093948364,0,0
2022-01-25,2022-01-26,train_in_sample,QQQ,0.6424871683120728,0,0
2022-01-25,2022-01-26,train_in_sample,IWM,0.5682166814804077,0,0
2022-01-26,2022-01-27,train_in_sample,SPY,0.577203631401062,0,0
2022-01-26,2022-01-27,train_in_sample,QQQ,0.5759624242782593,0,0
2022-01-26,2022-01-27,train_in_sample,IWM,0.5546888113021851,0,0
2022-01-27,2022-01-28,train_in_sample,SPY,0.5578536987304688,1,1
2022-01-27,2022-01-28,train_in_sample,QQQ,0.5435681343078613,1,1
2022-01-27,2022-01-28,train_in_sample,IWM,0.5718057155609131,1,1
2022-01-28,2022-01-31,train_in_sample,SPY,0.5779529809951782,1,1
2022-01-28,2022-01-31,train_in_sample,QQQ,0.605107843875885,1,1
2022-01-28,2022-01-31,train_in_sample,IWM,0.6156454086303711,1,1
2022-01-31,2022-02-01,train_in_sample,SPY,0.6004729270935059,1,1
2022-01-31,2022-02-01,train_in_sample,QQQ,0.6221908330917358,1,1
2022-01-31,2022-02-01,train_in_sample,IWM,0.6041886806488037,1,1
2022-02-01,2022-02-02,train_in_sample,SPY,0.6066797375679016,1,1
2022-02-01,2022-02-02,train_in_sample,QQQ,0.6201930046081543,1,1
2022-02-01,2022-02-02,train_in_sample,IWM,0.5367034673690796,0,0
2022-02-02,2022-02-03,train_in_sample,SPY,0.5743460059165955,0,0
2022-02-02,2022-02-03,train_in_sample,QQQ,0.5722029805183411,0,0
2022-02-02,2022-02-03,train_in_sample,IWM,0.5674018859863281,0,0
2022-02-03,2022-02-04,train_in_sample,SPY,0.5684171915054321,1,1
2022-02-03,2022-02-04,train_in_sample,QQQ,0.5865069627761841,1,1
2022-02-03,2022-02-04,train_in_sample,IWM,0.5459591150283813,1,1
2022-02-04,2022-02-07,train_in_sample,SPY,0.586348831653595,0,0
2022-02-04,2022-02-07,train_in_sample,QQQ,0.5766586065292358,0,0
2022-02-04,2022-02-07,train_in_sample,IWM,0.5638424754142761,1,1
2022-02-07,2022-02-08,train_in_sample,SPY,0.6223524808883667,1,1
2022-02-07,2022-02-08,train_in_sample,QQQ,0.6371185779571533,1,1
2022-02-07,2022-02-08,train_in_sample,IWM,0.5260553359985352,1,1
2022-02-08,2022-02-09,train_in_sample,SPY,0.6070752739906311,1,1
2022-02-08,2022-02-09,train_in_sample,QQQ,0.6477511525154114,1,1
2022-02-08,2022-02-09,train_in_sample,IWM,0.5199071764945984,1,1
2022-02-09,2022-02-10,train_in_sample,SPY,0.6180600523948669,0,0
2022-02-09,2022-02-10,train_in_sample,QQQ,0.6525214314460754,0,0
2022-02-09,2022-02-10,train_in_sample,IWM,0.5493526458740234,0,0
2022-02-10,2022-02-11,train_in_sample,SPY,0.5705219507217407,0,0
2022-02-10,2022-02-11,train_in_sample,QQQ,0.6088101863861084,0,0
2022-02-10,2022-02-11,train_in_sample,IWM,0.5465538501739502,0,0
2022-02-11,2022-02-14,train_in_sample,SPY,0.6205503344535828,0,0
2022-02-11,2022-02-14,train_in_sample,QQQ,0.5886359214782715,1,1
2022-02-11,2022-02-14,train_in_sample,IWM,0.5286036729812622,0,0
2022-02-14,2022-02-15,train_in_sample,SPY,0.5896652936935425,1,1
2022-02-14,2022-02-15,train_in_sample,QQQ,0.6062220931053162,1,1
2022-02-14,2022-02-15,train_in_sample,IWM,0.5665762424468994,1,1
2022-02-15,2022-02-16,train_in_sample,SPY,0.5883076190948486,1,1
2022-02-15,2022-02-16,train_in_sample,QQQ,0.6207688450813293,0,0
2022-02-15,2022-02-16,train_in_sample,IWM,0.5162343382835388,1,1
2022-02-16,2022-02-17,train_in_sample,SPY,0.574790358543396,0,0
2022-02-16,2022-02-17,train_in_sample,QQQ,0.6317393779754639,0,0
2022-02-16,2022-02-17,train_in_sample,IWM,0.547496497631073,0,0
2022-02-17,2022-02-18,train_in_sample,SPY,0.5575728416442871,0,0
2022-02-17,2022-02-18,train_in_sample,QQQ,0.5647096037864685,0,0
2022-02-17,2022-02-18,train_in_sample,IWM,0.5058169960975647,0,0
2022-02-18,2022-02-22,train_in_sample,SPY,0.5833318829536438,0,0
2022-02-18,2022-02-22,train_in_sample,QQQ,0.6018337607383728,0,0
2022-02-18,2022-02-22,train_in_sample,IWM,0.5163917541503906,0,0
2022-02-22,2022-02-23,train_in_sample,SPY,0.5606882572174072,0,0
2022-02-22,2022-02-23,train_in_sample,QQQ,0.6036971211433411,0,0
2022-02-22,2022-02-23,train_in_sample,IWM,0.5522375106811523,0,0
2022-02-23,2022-02-24,train_in_sample,SPY,0.5571211576461792,1,1
2022-02-23,2022-02-24,train_in_sample,QQQ,0.5352537035942078,1,1
2022-02-23,2022-02-24,train_in_sample,IWM,0.4988469183444977,1,0
2022-02-24,2022-02-25,train_in_sample,SPY,0.5337945222854614,1,1
2022-02-24,2022-02-25,train_in_sample,QQQ,0.5843685269355774,1,1
2022-02-24,2022-02-25,train_in_sample,IWM,0.6545618176460266,1,1
2022-02-25,2022-02-28,train_in_sample,SPY,0.6132851839065552,0,0
2022-02-25,2022-02-28,train_in_sample,QQQ,0.6120225787162781,1,1
2022-02-25,2022-02-28,train_in_sample,IWM,0.5862010717391968,1,1
2022-02-28,2022-03-01,train_in_sample,SPY,0.5782065987586975,0,0
2022-02-28,2022-03-01,train_in_sample,QQQ,0.60512775182724,0,0
2022-02-28,2022-03-01,train_in_sample,IWM,0.5711018443107605,0,0
2022-03-01,2022-03-02,train_in_sample,SPY,0.5957494378089905,1,1
2022-03-01,2022-03-02,train_in_sample,QQQ,0.5905553698539734,1,1
2022-03-01,2022-03-02,train_in_sample,IWM,0.5793253779411316,1,1
2022-03-02,2022-03-03,train_in_sample,SPY,0.6110994815826416,0,0
2022-03-02,2022-03-03,train_in_sample,QQQ,0.6301708221435547,0,0
2022-03-02,2022-03-03,train_in_sample,IWM,0.5454548001289368,0,0
2022-03-03,2022-03-04,train_in_sample,SPY,0.5919172763824463,0,0
2022-03-03,2022-03-04,train_in_sample,QQQ,0.5834437012672424,0,0
2022-03-03,2022-03-04,train_in_sample,IWM,0.5142349004745483,0,0
2022-03-04,2022-03-07,train_in_sample,SPY,0.5492998957633972,0,0
2022-03-04,2022-03-07,train_in_sample,QQQ,0.5700029730796814,0,0
2022-03-04,2022-03-07,train_in_sample,IWM,0.5491520166397095,0,0
2022-03-07,2022-03-08,train_in_sample,SPY,0.5765443444252014,0,0
2022-03-07,2022-03-08,train_in_sample,QQQ,0.5847353935241699,0,0
2022-03-07,2022-03-08,train_in_sample,IWM,0.5644347071647644,1,1
2022-03-08,2022-03-09,train_in_sample,SPY,0.6043837666511536,1,1
2022-03-08,2022-03-09,train_in_sample,QQQ,0.6167809963226318,1,1
2022-03-08,2022-03-09,train_in_sample,IWM,0.5545973777770996,1,1
2022-03-09,2022-03-10,train_in_sample,SPY,0.5781081318855286,0,0
2022-03-09,2022-03-10,train_in_sample,QQQ,0.5878273844718933,0,0
2022-03-09,2022-03-10,train_in_sample,IWM,0.5902219414710999,0,0
2022-03-10,2022-03-11,train_in_sample,SPY,0.5643360018730164,0,0
2022-03-10,2022-03-11,train_in_sample,QQQ,0.6039032936096191,0,0
2022-03-10,2022-03-11,train_in_sample,IWM,0.5352069735527039,0,0
2022-03-11,2022-03-14,train_in_sample,SPY,0.5688838958740234,0,0
2022-03-11,2022-03-14,train_in_sample,QQQ,0.5598231554031372,0,0
2022-03-11,2022-03-14,train_in_sample,IWM,0.5328516364097595,0,0
2022-03-14,2022-03-15,train_in_sample,SPY,0.5549628138542175,1,1
2022-03-14,2022-03-15,train_in_sample,QQQ,0.5857042670249939,1,1
2022-03-14,2022-03-15,train_in_sample,IWM,0.5551828145980835,1,1
2022-03-15,2022-03-16,train_in_sample,SPY,0.5678796172142029,1,1
2022-03-15,2022-03-16,train_in_sample,QQQ,0.5960903763771057,1,1
2022-03-15,2022-03-16,train_in_sample,IWM,0.581118106842041,1,1
2022-03-16,2022-03-17,train_in_sample,SPY,0.5697292685508728,1,1
2022-03-16,2022-03-17,train_in_sample,QQQ,0.5940755009651184,1,1
2022-03-16,2022-03-17,train_in_sample,IWM,0.585249662399292,1,1
2022-03-17,2022-03-18,train_in_sample,SPY,0.6074231266975403,1,1
2022-03-17,2022-03-18,train_in_sample,QQQ,0.6503809690475464,1,1
2022-03-17,2022-03-18,train_in_sample,IWM,0.5736326575279236,1,1
2022-03-18,2022-03-21,train_in_sample,SPY,0.588225245475769,0,0
2022-03-18,2022-03-21,train_in_sample,QQQ,0.6260808110237122,0,0
2022-03-18,2022-03-21,train_in_sample,IWM,0.583960771560669,0,0
2022-03-21,2022-03-22,train_in_sample,SPY,0.5686807036399841,1,1
2022-03-21,2022-03-22,train_in_sample,QQQ,0.5864049792289734,1,1
2022-03-21,2022-03-22,train_in_sample,IWM,0.5490924715995789,1,1
2022-03-22,2022-03-23,train_in_sample,SPY,0.5669434070587158,0,0
2022-03-22,2022-03-23,train_in_sample,QQQ,0.632631242275238,0,0
2022-03-22,2022-03-23,train_in_sample,IWM,0.5511733293533325,0,0
2022-03-23,2022-03-24,train_in_sample,SPY,0.5819597244262695,1,1
2022-03-23,2022-03-24,train_in_sample,QQQ,0.6266630291938782,1,1
2022-03-23,2022-03-24,train_in_sample,IWM,0.5275224447250366,1,1
2022-03-24,2022-03-25,train_in_sample,SPY,0.5829185843467712,1,1
2022-03-24,2022-03-25,train_in_sample,QQQ,0.6132093071937561,0,0
2022-03-24,2022-03-25,train_in_sample,IWM,0.583428680896759,1,1
2022-03-25,2022-03-28,train_in_sample,SPY,0.6072931885719299,1,1
2022-03-25,2022-03-28,train_in_sample,QQQ,0.6307135820388794,1,1
2022-03-25,2022-03-28,train_in_sample,IWM,0.5395382642745972,1,1
2022-03-28,2022-03-29,train_in_sample,SPY,0.5481101870536804,1,1
2022-03-28,2022-03-29,train_in_sample,QQQ,0.609580934047699,1,1
2022-03-28,2022-03-29,train_in_sample,IWM,0.5947813987731934,1,1
2022-03-29,2022-03-30,train_in_sample,SPY,0.6243610382080078,0,0
2022-03-29,2022-03-30,train_in_sample,QQQ,0.6541346907615662,0,0
2022-03-29,2022-03-30,train_in_sample,IWM,0.5503673553466797,0,0
2022-03-30,2022-03-31,train_in_sample,SPY,0.5524918437004089,0,0
2022-03-30,2022-03-31,train_in_sample,QQQ,0.5844104886054993,0,0
2022-03-30,2022-03-31,train_in_sample,IWM,0.5456516742706299,0,0
2022-03-31,2022-04-01,train_in_sample,SPY,0.5872746109962463,1,1
2022-03-31,2022-04-01,train_in_sample,QQQ,0.6224049925804138,0,0
2022-03-31,2022-04-01,train_in_sample,IWM,0.4909660816192627,1,0
2022-04-01,2022-04-04,train_in_sample,SPY,0.6221160888671875,1,1
2022-04-01,2022-04-04,train_in_sample,QQQ,0.6532551646232605,1,1
2022-04-01,2022-04-04,train_in_sample,IWM,0.4939742684364319,1,0
2022-04-04,2022-04-05,train_in_sample,SPY,0.5950274467468262,0,0
2022-04-04,2022-04-05,train_in_sample,QQQ,0.6413427591323853,0,0
2022-04-04,2022-04-05,train_in_sample,IWM,0.5863275527954102,0,0
2022-04-05,2022-04-06,train_in_sample,SPY,0.5776296257972717,0,0
2022-04-05,2022-04-06,train_in_sample,QQQ,0.5812109112739563,0,0
2022-04-05,2022-04-06,train_in_sample,IWM,0.5299019813537598,0,0
2022-04-06,2022-04-07,train_in_sample,SPY,0.5916417837142944,1,1
2022-04-06,2022-04-07,train_in_sample,QQQ,0.6014488339424133,1,1
2022-04-06,2022-04-07,train_in_sample,IWM,0.579790472984314,0,0
2022-04-07,2022-04-08,train_in_sample,SPY,0.5666826367378235,0,0
2022-04-07,2022-04-08,train_in_sample,QQQ,0.6131767630577087,0,0
2022-04-07,2022-04-08,train_in_sample,IWM,0.5575197339057922,0,0
2022-04-08,2022-04-11,train_in_sample,SPY,0.611378014087677,0,0
2022-04-08,2022-04-11,train_in_sample,QQQ,0.6314817070960999,0,0
2022-04-08,2022-04-11,train_in_sample,IWM,0.5336708426475525,0,0
2022-04-11,2022-04-12,train_in_sample,SPY,0.6273103356361389,0,0
2022-04-11,2022-04-12,train_in_sample,QQQ,0.6578851938247681,0,0
2022-04-11,2022-04-12,train_in_sample,IWM,0.5554837584495544,1,1
2022-04-12,2022-04-13,train_in_sample,SPY,0.600144624710083,1,1
2022-04-12,2022-04-13,train_in_sample,QQQ,0.5925103425979614,1,1
2022-04-12,2022-04-13,train_in_sample,IWM,0.5484850406646729,1,1
2022-04-13,2022-04-14,train_in_sample,SPY,0.5839548110961914,0,0
2022-04-13,2022-04-14,train_in_sample,QQQ,0.6539404988288879,0,0
2022-04-13,2022-04-14,train_in_sample,IWM,0.5597443580627441,0,0
2022-04-14,2022-04-18,train_in_sample,SPY,0.5986070036888123,1,1
2022-04-14,2022-04-18,train_in_sample,QQQ,0.6029642820358276,1,1
2022-04-14,2022-04-18,train_in_sample,IWM,0.5544333457946777,0,0
2022-04-18,2022-04-19,train_in_sample,SPY,0.5712450742721558,1,1
2022-04-18,2022-04-19,train_in_sample,QQQ,0.5865238904953003,1,1
2022-04-18,2022-04-19,train_in_sample,IWM,0.5756380558013916,1,1
2022-04-19,2022-04-20,train_in_sample,SPY,0.5999040007591248,0,0
2022-04-19,2022-04-20,train_in_sample,QQQ,0.6442999839782715,0,0
2022-04-19,2022-04-20,train_in_sample,IWM,0.5824108719825745,1,1
2022-04-20,2022-04-21,train_in_sample,SPY,0.6487780213356018,0,0
2022-04-20,2022-04-21,train_in_sample,QQQ,0.6481778621673584,0,0
2022-04-20,2022-04-21,train_in_sample,IWM,0.548153281211853,0,0
2022-04-21,2022-04-22,train_in_sample,SPY,0.5785308480262756,0,0
2022-04-21,2022-04-22,train_in_sample,QQQ,0.5897250771522522,0,0
2022-04-21,2022-04-22,train_in_sample,IWM,0.5855634808540344,0,0
2022-04-22,2022-04-25,train_in_sample,SPY,0.5819851160049438,1,1
2022-04-22,2022-04-25,train_in_sample,QQQ,0.575089156627655,1,1
2022-04-22,2022-04-25,train_in_sample,IWM,0.5492463707923889,1,1
2022-04-25,2022-04-26,train_in_sample,SPY,0.5893964767456055,0,0
2022-04-25,2022-04-26,train_in_sample,QQQ,0.6321795582771301,0,0
2022-04-25,2022-04-26,train_in_sample,IWM,0.6027572751045227,0,0
2022-04-26,2022-04-27,train_in_sample,SPY,0.5394731760025024,1,1
2022-04-26,2022-04-27,train_in_sample,QQQ,0.5590337514877319,0,0
2022-04-26,2022-04-27,train_in_sample,IWM,0.5173331499099731,0,0
2022-04-27,2022-04-28,train_in_sample,SPY,0.5946547389030457,1,1
2022-04-27,2022-04-28,train_in_sample,QQQ,0.6086940169334412,1,1
2022-04-27,2022-04-28,train_in_sample,IWM,0.5890069007873535,1,1
2022-04-28,2022-04-29,train_in_sample,SPY,0.5720431804656982,0,0
2022-04-28,2022-04-29,train_in_sample,QQQ,0.6154434680938721,0,0
2022-04-28,2022-04-29,train_in_sample,IWM,0.5887828469276428,0,0
2022-04-29,2022-05-02,train_in_sample,SPY,0.5534859299659729,1,1
2022-04-29,2022-05-02,train_in_sample,QQQ,0.6053003668785095,1,1
2022-04-29,2022-05-02,train_in_sample,IWM,0.5209086537361145,1,1
2022-05-02,2022-05-03,train_in_sample,SPY,0.5954734086990356,1,1
2022-05-02,2022-05-03,train_in_sample,QQQ,0.643339991569519,1,1
2022-05-02,2022-05-03,train_in_sample,IWM,0.5979198217391968,1,1
2022-05-03,2022-05-04,train_in_sample,SPY,0.594433605670929,1,1
2022-05-03,2022-05-04,train_in_sample,QQQ,0.6233026385307312,1,1
2022-05-03,2022-05-04,train_in_sample,IWM,0.5312285423278809,1,1
2022-05-04,2022-05-05,train_in_sample,SPY,0.5868561267852783,0,0
2022-05-04,2022-05-05,train_in_sample,QQQ,0.6104273200035095,0,0
2022-05-04,2022-05-05,train_in_sample,IWM,0.6146775484085083,0,0
2022-05-05,2022-05-06,train_in_sample,SPY,0.5797241926193237,0,0
2022-05-05,2022-05-06,train_in_sample,QQQ,0.5772276520729065,0,0
2022-05-05,2022-05-06,train_in_sample,IWM,0.5908185243606567,0,0
2022-05-06,2022-05-09,train_in_sample,SPY,0.5881521105766296,0,0
2022-05-06,2022-05-09,train_in_sample,QQQ,0.5917333364486694,0,0
2022-05-06,2022-05-09,train_in_sample,IWM,0.5527886748313904,0,0
2022-05-09,2022-05-10,train_in_sample,SPY,0.5354484915733337,1,1
2022-05-09,2022-05-10,train_in_sample,QQQ,0.5768924355506897,1,1
2022-05-09,2022-05-10,train_in_sample,IWM,0.5995264053344727,1,1
2022-05-10,2022-05-11,train_in_sample,SPY,0.5629464387893677,0,0
2022-05-10,2022-05-11,train_in_sample,QQQ,0.5541669130325317,0,0
2022-05-10,2022-05-11,train_in_sample,IWM,0.5716820359230042,0,0
2022-05-11,2022-05-12,train_in_sample,SPY,0.5466068387031555,0,0
2022-05-11,2022-05-12,train_in_sample,QQQ,0.590226411819458,0,0
2022-05-11,2022-05-12,train_in_sample,IWM,0.572205126285553,1,1
2022-05-12,2022-05-13,train_in_sample,SPY,0.5624850988388062,1,1
2022-05-12,2022-05-13,train_in_sample,QQQ,0.6347556114196777,1,1
2022-05-12,2022-05-13,train_in_sample,IWM,0.578565239906311,1,1
2022-05-13,2022-05-16,train_in_sample,SPY,0.5868902802467346,0,0
2022-05-13,2022-05-16,train_in_sample,QQQ,0.6197576522827148,0,0
2022-05-13,2022-05-16,train_in_sample,IWM,0.5889214873313904,0,0
2022-05-16,2022-05-17,train_in_sample,SPY,0.5888198018074036,1,1
2022-05-16,2022-05-17,train_in_sample,QQQ,0.6252696514129639,1,1
2022-05-16,2022-05-17,train_in_sample,IWM,0.5540499091148376,1,1
2022-05-17,2022-05-18,train_in_sample,SPY,0.5832301378250122,0,0
2022-05-17,2022-05-18,train_in_sample,QQQ,0.6313092112541199,0,0
2022-05-17,2022-05-18,train_in_sample,IWM,0.5575963854789734,0,0
2022-05-18,2022-05-19,train_in_sample,SPY,0.5464518070220947,0,0
2022-05-18,2022-05-19,train_in_sample,QQQ,0.5979143381118774,0,0
2022-05-18,2022-05-19,train_in_sample,IWM,0.5437718033790588,1,1
2022-05-19,2022-05-20,train_in_sample,SPY,0.5952914953231812,1,1
2022-05-19,2022-05-20,train_in_sample,QQQ,0.6443225145339966,0,0
2022-05-19,2022-05-20,train_in_sample,IWM,0.5581645369529724,0,0
2022-05-20,2022-05-23,train_in_sample,SPY,0.5849870443344116,1,1
2022-05-20,2022-05-23,train_in_sample,QQQ,0.6055442690849304,1,1
2022-05-20,2022-05-23,train_in_sample,IWM,0.5850531458854675,1,1
2022-05-23,2022-05-24,train_in_sample,SPY,0.5895004868507385,0,0
2022-05-23,2022-05-24,train_in_sample,QQQ,0.6250616312026978,0,0
2022-05-23,2022-05-24,train_in_sample,IWM,0.5812922120094299,0,0
2022-05-24,2022-05-25,train_in_sample,SPY,0.5499009490013123,1,1
2022-05-24,2022-05-25,train_in_sample,QQQ,0.6004865169525146,1,1
2022-05-24,2022-05-25,train_in_sample,IWM,0.5712924599647522,1,1
2022-05-25,2022-05-26,train_in_sample,SPY,0.6035953760147095,1,1
2022-05-25,2022-05-26,train_in_sample,QQQ,0.6589632034301758,1,1
2022-05-25,2022-05-26,train_in_sample,IWM,0.5865507125854492,1,1
2022-05-26,2022-05-27,train_in_sample,SPY,0.5769180059432983,1,1
2022-05-26,2022-05-27,train_in_sample,QQQ,0.6334753036499023,1,1
2022-05-26,2022-05-27,train_in_sample,IWM,0.5916881561279297,1,1
2022-05-27,2022-05-31,train_in_sample,SPY,0.6029842495918274,0,0
2022-05-27,2022-05-31,train_in_sample,QQQ,0.6323966979980469,0,0
2022-05-27,2022-05-31,train_in_sample,IWM,0.592171311378479,0,0
2022-05-31,2022-06-01,train_in_sample,SPY,0.5634856820106506,0,0
2022-05-31,2022-06-01,train_in_sample,QQQ,0.5925515294075012,0,0
2022-05-31,2022-06-01,train_in_sample,IWM,0.5588974952697754,0,0
2022-06-01,2022-06-02,train_in_sample,SPY,0.5901903510093689,1,1
2022-06-01,2022-06-02,train_in_sample,QQQ,0.5898044109344482,1,1
2022-06-01,2022-06-02,train_in_sample,IWM,0.5757929682731628,1,1
2022-06-02,2022-06-03,train_in_sample,SPY,0.5709286332130432,0,0
2022-06-02,2022-06-03,train_in_sample,QQQ,0.6226409077644348,0,0
2022-06-02,2022-06-03,train_in_sample,IWM,0.5892078280448914,0,0
2022-06-03,2022-06-06,train_in_sample,SPY,0.5777707695960999,1,1
2022-06-03,2022-06-06,train_in_sample,QQQ,0.6317144632339478,1,1
2022-06-03,2022-06-06,train_in_sample,IWM,0.5330694913864136,1,1
2022-06-06,2022-06-07,train_in_sample,SPY,0.6020718216896057,1,1
2022-06-06,2022-06-07,train_in_sample,QQQ,0.6350063681602478,1,1
2022-06-06,2022-06-07,train_in_sample,IWM,0.5489696860313416,1,1
2022-06-07,2022-06-08,train_in_sample,SPY,0.564778208732605,0,0
2022-06-07,2022-06-08,train_in_sample,QQQ,0.6378228664398193,0,0
2022-06-07,2022-06-08,train_in_sample,IWM,0.5611667633056641,0,0
2022-06-08,2022-06-09,train_in_sample,SPY,0.5366021990776062,0,0
2022-06-08,2022-06-09,train_in_sample,QQQ,0.5904154181480408,0,0
2022-06-08,2022-06-09,train_in_sample,IWM,0.5311011075973511,0,0
2022-06-09,2022-06-10,train_in_sample,SPY,0.5537980198860168,0,0
2022-06-09,2022-06-10,train_in_sample,QQQ,0.5937657952308655,0,0
2022-06-09,2022-06-10,train_in_sample,IWM,0.5396120548248291,0,0
2022-06-10,2022-06-13,train_in_sample,SPY,0.5215845704078674,0,0
2022-06-10,2022-06-13,train_in_sample,QQQ,0.57941734790802,0,0
2022-06-10,2022-06-13,train_in_sample,IWM,0.5257238745689392,0,0
2022-06-13,2022-06-14,train_in_sample,SPY,0.506791353225708,0,0
2022-06-13,2022-06-14,train_in_sample,QQQ,0.5734878182411194,1,1
2022-06-13,2022-06-14,train_in_sample,IWM,0.5638598203659058,0,0
2022-06-14,2022-06-15,train_in_sample,SPY,0.5829252600669861,1,1
2022-06-14,2022-06-15,train_in_sample,QQQ,0.605183482170105,1,1
2022-06-14,2022-06-15,train_in_sample,IWM,0.5582060813903809,1,1
2022-06-15,2022-06-16,train_in_sample,SPY,0.5508644580841064,0,0
2022-06-15,2022-06-16,train_in_sample,QQQ,0.5979071259498596,0,0
2022-06-15,2022-06-16,train_in_sample,IWM,0.5633909702301025,0,0
2022-06-16,2022-06-17,train_in_sample,SPY,0.5205537676811218,1,1
2022-06-16,2022-06-17,train_in_sample,QQQ,0.5739637017250061,1,1
2022-06-16,2022-06-17,train_in_sample,IWM,0.568844735622406,1,1
2022-06-17,2022-06-21,train_in_sample,SPY,0.5660328269004822,1,1
2022-06-17,2022-06-21,train_in_sample,QQQ,0.6163183450698853,1,1
2022-06-17,2022-06-21,train_in_sample,IWM,0.569354772567749,1,1
2022-06-21,2022-06-22,train_in_sample,SPY,0.5976448059082031,0,0
2022-06-21,2022-06-22,train_in_sample,QQQ,0.6198017001152039,0,0
2022-06-21,2022-06-22,train_in_sample,IWM,0.5697692036628723,0,0
2022-06-22,2022-06-23,train_in_sample,SPY,0.5531460642814636,1,1
2022-06-22,2022-06-23,train_in_sample,QQQ,0.6234554648399353,1,1
2022-06-22,2022-06-23,train_in_sample,IWM,0.5442808866500854,1,1
2022-06-23,2022-06-24,train_in_sample,SPY,0.5622376203536987,1,1
2022-06-23,2022-06-24,train_in_sample,QQQ,0.6123600602149963,1,1
2022-06-23,2022-06-24,train_in_sample,IWM,0.568867027759552,1,1
2022-06-24,2022-06-27,train_in_sample,SPY,0.6010671854019165,0,0
2022-06-24,2022-06-27,train_in_sample,QQQ,0.6306892037391663,0,0
2022-06-24,2022-06-27,train_in_sample,IWM,0.585913896560669,1,1
2022-06-27,2022-06-28,train_in_sample,SPY,0.6111910343170166,0,0
2022-06-27,2022-06-28,train_in_sample,QQQ,0.6454078555107117,0,0
2022-06-27,2022-06-28,train_in_sample,IWM,0.5374101400375366,0,0
2022-06-28,2022-06-29,train_in_sample,SPY,0.5571133494377136,0,0
2022-06-28,2022-06-29,train_in_sample,QQQ,0.5843061804771423,1,1
2022-06-28,2022-06-29,train_in_sample,IWM,0.5369472503662109,0,0
2022-06-29,2022-06-30,train_in_sample,SPY,0.5345980525016785,0,0
2022-06-29,2022-06-30,train_in_sample,QQQ,0.5952803492546082,0,0
2022-06-29,2022-06-30,train_in_sample,IWM,0.522387683391571,0,0
2022-06-30,2022-07-01,train_in_sample,SPY,0.5881292819976807,1,1
2022-06-30,2022-07-01,train_in_sample,QQQ,0.6210697889328003,1,1
2022-06-30,2022-07-01,train_in_sample,IWM,0.5529578328132629,1,1
2022-07-01,2022-07-05,train_in_sample,SPY,0.5819046497344971,1,1
2022-07-01,2022-07-05,train_in_sample,QQQ,0.6298584342002869,1,1
2022-07-01,2022-07-05,train_in_sample,IWM,0.5735760927200317,1,1
2022-07-05,2022-07-06,train_in_sample,SPY,0.5430166125297546,1,1
2022-07-05,2022-07-06,train_in_sample,QQQ,0.6374777555465698,1,1
2022-07-05,2022-07-06,train_in_sample,IWM,0.6003971099853516,0,0
2022-07-06,2022-07-07,train_in_sample,SPY,0.5805583000183105,1,1
2022-07-06,2022-07-07,train_in_sample,QQQ,0.6090909838676453,1,1
2022-07-06,2022-07-07,train_in_sample,IWM,0.5780223608016968,1,1
2022-07-07,2022-07-08,train_in_sample,SPY,0.584470808506012,0,0
2022-07-07,2022-07-08,train_in_sample,QQQ,0.6151188015937805,1,1
2022-07-07,2022-07-08,train_in_sample,IWM,0.5475656986236572,0,0
2022-07-08,2022-07-11,train_in_sample,SPY,0.5709617733955383,0,0
2022-07-08,2022-07-11,train_in_sample,QQQ,0.6370630264282227,0,0
2022-07-08,2022-07-11,train_in_sample,IWM,0.5418792963027954,0,0
2022-07-11,2022-07-12,train_in_sample,SPY,0.5507503747940063,0,0
2022-07-11,2022-07-12,train_in_sample,QQQ,0.5959641337394714,0,0
2022-07-11,2022-07-12,train_in_sample,IWM,0.5427241325378418,0,0
2022-07-12,2022-07-13,train_in_sample,SPY,0.5693590641021729,0,0
2022-07-12,2022-07-13,train_in_sample,QQQ,0.6160367131233215,0,0
2022-07-12,2022-07-13,train_in_sample,IWM,0.5352522134780884,0,0
2022-07-13,2022-07-14,train_in_sample,SPY,0.5528331398963928,0,0
2022-07-13,2022-07-14,train_in_sample,QQQ,0.6261311173439026,1,1
2022-07-13,2022-07-14,train_in_sample,IWM,0.535748302936554,0,0
2022-07-14,2022-07-15,train_in_sample,SPY,0.5401342511177063,1,1
2022-07-14,2022-07-15,train_in_sample,QQQ,0.5826116800308228,1,1
2022-07-14,2022-07-15,train_in_sample,IWM,0.561970055103302,1,1
2022-07-15,2022-07-18,train_in_sample,SPY,0.5843714475631714,0,0
2022-07-15,2022-07-18,train_in_sample,QQQ,0.6310629844665527,0,0
2022-07-15,2022-07-18,train_in_sample,IWM,0.5434812307357788,0,0
2022-07-18,2022-07-19,train_in_sample,SPY,0.5982838273048401,1,1
2022-07-18,2022-07-19,train_in_sample,QQQ,0.6327033638954163,1,1
2022-07-18,2022-07-19,train_in_sample,IWM,0.5286974906921387,1,1
2022-07-19,2022-07-20,train_in_sample,SPY,0.6034203171730042,1,1
2022-07-19,2022-07-20,train_in_sample,QQQ,0.6358329057693481,1,1
2022-07-19,2022-07-20,train_in_sample,IWM,0.549635112285614,1,1
2022-07-20,2022-07-21,train_in_sample,SPY,0.5612985491752625,1,1
2022-07-20,2022-07-21,train_in_sample,QQQ,0.6370958685874939,1,1
2022-07-20,2022-07-21,train_in_sample,IWM,0.5638617277145386,1,1
2022-07-21,2022-07-22,train_in_sample,SPY,0.5528131127357483,0,0
2022-07-21,2022-07-22,train_in_sample,QQQ,0.6167433857917786,0,0
2022-07-21,2022-07-22,train_in_sample,IWM,0.5546516180038452,0,0
2022-07-22,2022-07-25,train_in_sample,SPY,0.5428629517555237,1,1
2022-07-22,2022-07-25,train_in_sample,QQQ,0.589781641960144,0,0
2022-07-22,2022-07-25,train_in_sample,IWM,0.5347506999969482,1,1
2022-07-25,2022-07-26,train_in_sample,SPY,0.6086797118186951,0,0
2022-07-25,2022-07-26,train_in_sample,QQQ,0.6466068625450134,0,0
2022-07-25,2022-07-26,train_in_sample,IWM,0.5438063740730286,0,0
2022-07-26,2022-07-27,train_in_sample,SPY,0.5374940633773804,1,1
2022-07-26,2022-07-27,train_in_sample,QQQ,0.6285240650177002,1,1
2022-07-26,2022-07-27,train_in_sample,IWM,0.522117018699646,1,1
2022-07-27,2022-07-28,train_in_sample,SPY,0.5605137944221497,1,1
2022-07-27,2022-07-28,train_in_sample,QQQ,0.6116763353347778,1,1
2022-07-27,2022-07-28,train_in_sample,IWM,0.6014079451560974,1,1
2022-07-28,2022-07-29,train_in_sample,SPY,0.5811336040496826,1,1
2022-07-28,2022-07-29,train_in_sample,QQQ,0.630768358707428,1,1
2022-07-28,2022-07-29,train_in_sample,IWM,0.5696355700492859,1,1
2022-07-29,2022-08-01,train_in_sample,SPY,0.5843726992607117,0,0
2022-07-29,2022-08-01,train_in_sample,QQQ,0.6279303431510925,0,0
2022-07-29,2022-08-01,train_in_sample,IWM,0.5641748309135437,0,0
2022-08-01,2022-08-02,train_in_sample,SPY,0.554773211479187,0,0
2022-08-01,2022-08-02,train_in_sample,QQQ,0.629522979259491,0,0
2022-08-01,2022-08-02,train_in_sample,IWM,0.5385053753852844,0,0
2022-08-02,2022-08-03,train_in_sample,SPY,0.5506837368011475,1,1
2022-08-02,2022-08-03,train_in_sample,QQQ,0.6237664222717285,1,1
2022-08-02,2022-08-03,train_in_sample,IWM,0.5357895493507385,1,1
2022-08-03,2022-08-04,train_in_sample,SPY,0.5552470684051514,0,0
2022-08-03,2022-08-04,train_in_sample,QQQ,0.6252474784851074,1,1
2022-08-03,2022-08-04,train_in_sample,IWM,0.5608693957328796,0,0
2022-08-04,2022-08-05,train_in_sample,SPY,0.5556913614273071,0,0
2022-08-04,2022-08-05,train_in_sample,QQQ,0.5999724268913269,0,0
2022-08-04,2022-08-05,train_in_sample,IWM,0.5125409364700317,1,1
2022-08-05,2022-08-08,train_in_sample,SPY,0.5623218417167664,0,0
2022-08-05,2022-08-08,train_in_sample,QQQ,0.6314871311187744,0,0
2022-08-05,2022-08-08,train_in_sample,IWM,0.5240216851234436,1,1
2022-08-08,2022-08-09,train_in_sample,SPY,0.6006013751029968,0,0
2022-08-08,2022-08-09,train_in_sample,QQQ,0.6607658863067627,0,0
2022-08-08,2022-08-09,train_in_sample,IWM,0.5577302575111389,0,0
2022-08-09,2022-08-10,train_in_sample,SPY,0.5451579689979553,1,1
2022-08-09,2022-08-10,train_in_sample,QQQ,0.5993249416351318,1,1
2022-08-09,2022-08-10,train_in_sample,IWM,0.5031485557556152,1,1
2022-08-10,2022-08-11,train_in_sample,SPY,0.5861287117004395,0,0
2022-08-10,2022-08-11,train_in_sample,QQQ,0.6193032264709473,0,0
2022-08-10,2022-08-11,train_in_sample,IWM,0.5203391909599304,1,1
2022-08-11,2022-08-12,train_in_sample,SPY,0.5784343481063843,1,1
2022-08-11,2022-08-12,train_in_sample,QQQ,0.6147789359092712,1,1
2022-08-11,2022-08-12,train_in_sample,IWM,0.5000907182693481,1,1
2022-08-12,2022-08-15,train_in_sample,SPY,0.5759296417236328,1,1
2022-08-12,2022-08-15,train_in_sample,QQQ,0.6414273381233215,1,1
2022-08-12,2022-08-15,train_in_sample,IWM,0.5461814999580383,1,1
2022-08-15,2022-08-16,train_in_sample,SPY,0.5691760182380676,1,1
2022-08-15,2022-08-16,train_in_sample,QQQ,0.6225947737693787,0,0
2022-08-15,2022-08-16,train_in_sample,IWM,0.5339311957359314,0,0
2022-08-16,2022-08-17,train_in_sample,SPY,0.5702595710754395,0,0
2022-08-16,2022-08-17,train_in_sample,QQQ,0.6155838370323181,0,0
2022-08-16,2022-08-17,train_in_sample,IWM,0.5780522227287292,0,0
2022-08-17,2022-08-18,train_in_sample,SPY,0.5477507710456848,1,1
2022-08-17,2022-08-18,train_in_sample,QQQ,0.5950021147727966,1,1
2022-08-17,2022-08-18,train_in_sample,IWM,0.5085747241973877,1,1
2022-08-18,2022-08-19,train_in_sample,SPY,0.5664370059967041,0,0
2022-08-18,2022-08-19,train_in_sample,QQQ,0.623059868812561,0,0
2022-08-18,2022-08-19,train_in_sample,IWM,0.5356482863426208,0,0
2022-08-19,2022-08-22,train_in_sample,SPY,0.5327833890914917,0,0
2022-08-19,2022-08-22,train_in_sample,QQQ,0.5618538856506348,0,0
2022-08-19,2022-08-22,train_in_sample,IWM,0.5307161808013916,0,0
2022-08-22,2022-08-23,train_in_sample,SPY,0.5711477994918823,0,0
2022-08-22,2022-08-23,train_in_sample,QQQ,0.5929142832756042,0,0
2022-08-22,2022-08-23,train_in_sample,IWM,0.5151141881942749,1,1
2022-08-23,2022-08-24,train_in_sample,SPY,0.5664385557174683,1,1
2022-08-23,2022-08-24,train_in_sample,QQQ,0.642100989818573,1,1
2022-08-23,2022-08-24,train_in_sample,IWM,0.4801386594772339,1,0
2022-08-24,2022-08-25,train_in_sample,SPY,0.5747699737548828,1,1
2022-08-24,2022-08-25,train_in_sample,QQQ,0.6450948715209961,1,1
2022-08-24,2022-08-25,train_in_sample,IWM,0.525415301322937,1,1
2022-08-25,2022-08-26,train_in_sample,SPY,0.5897961258888245,0,0
2022-08-25,2022-08-26,train_in_sample,QQQ,0.6329082250595093,0,0
2022-08-25,2022-08-26,train_in_sample,IWM,0.5355348587036133,0,0
2022-08-26,2022-08-29,train_in_sample,SPY,0.5509675741195679,0,0
2022-08-26,2022-08-29,train_in_sample,QQQ,0.5693837404251099,0,0
2022-08-26,2022-08-29,train_in_sample,IWM,0.5524117946624756,0,0
2022-08-29,2022-08-30,train_in_sample,SPY,0.5811203122138977,0,0
2022-08-29,2022-08-30,train_in_sample,QQQ,0.6164068579673767,0,0
2022-08-29,2022-08-30,train_in_sample,IWM,0.5440376996994019,0,0
2022-08-30,2022-08-31,train_in_sample,SPY,0.5620088577270508,0,0
2022-08-30,2022-08-31,train_in_sample,QQQ,0.5955362319946289,0,0
2022-08-30,2022-08-31,train_in_sample,IWM,0.5271798968315125,0,0
2022-08-31,2022-09-01,train_in_sample,SPY,0.5681685209274292,1,1
2022-08-31,2022-09-01,train_in_sample,QQQ,0.6120428442955017,1,1
2022-08-31,2022-09-01,train_in_sample,IWM,0.5119629502296448,0,0
2022-09-01,2022-09-02,train_in_sample,SPY,0.555165708065033,0,0
2022-09-01,2022-09-02,train_in_sample,QQQ,0.5985766649246216,0,0
2022-09-01,2022-09-02,train_in_sample,IWM,0.5493566393852234,0,0
2022-09-02,2022-09-06,train_in_sample,SPY,0.5692305564880371,0,0
2022-09-02,2022-09-06,train_in_sample,QQQ,0.5997737050056458,0,0
2022-09-02,2022-09-06,train_in_sample,IWM,0.5139085650444031,0,0
2022-09-06,2022-09-07,train_in_sample,SPY,0.5730023384094238,1,1
2022-09-06,2022-09-07,train_in_sample,QQQ,0.6124328374862671,1,1
2022-09-06,2022-09-07,train_in_sample,IWM,0.5324616432189941,1,1
2022-09-07,2022-09-08,train_in_sample,SPY,0.6070029735565186,1,1
2022-09-07,2022-09-08,train_in_sample,QQQ,0.6493402123451233,1,1
2022-09-07,2022-09-08,train_in_sample,IWM,0.5500689148902893,1,1
2022-09-08,2022-09-09,train_in_sample,SPY,0.5988659858703613,1,1
2022-09-08,2022-09-09,train_in_sample,QQQ,0.6319980621337891,1,1
2022-09-08,2022-09-09,train_in_sample,IWM,0.5427612066268921,1,1
2022-09-09,2022-09-12,train_in_sample,SPY,0.5913237929344177,1,1
2022-09-09,2022-09-12,train_in_sample,QQQ,0.6395791172981262,1,1
2022-09-09,2022-09-12,train_in_sample,IWM,0.5506642460823059,1,1
2022-09-12,2022-09-13,train_in_sample,SPY,0.6177186965942383,0,0
2022-09-12,2022-09-13,train_in_sample,QQQ,0.6372156143188477,0,0
2022-09-12,2022-09-13,train_in_sample,IWM,0.5482134819030762,0,0
2022-09-13,2022-09-14,train_in_sample,SPY,0.5248659253120422,1,1
2022-09-13,2022-09-14,train_in_sample,QQQ,0.577467679977417,1,1
2022-09-13,2022-09-14,train_in_sample,IWM,0.51845383644104,1,1
2022-09-14,2022-09-15,train_in_sample,SPY,0.567632257938385,0,0
2022-09-14,2022-09-15,train_in_sample,QQQ,0.6256610155105591,0,0
2022-09-14,2022-09-15,train_in_sample,IWM,0.5426456332206726,0,0
2022-09-15,2022-09-16,train_in_sample,SPY,0.57451331615448,0,0
2022-09-15,2022-09-16,train_in_sample,QQQ,0.6020780801773071,0,0
2022-09-15,2022-09-16,train_in_sample,IWM,0.5179077386856079,0,0
2022-09-16,2022-09-19,train_in_sample,SPY,0.5446181297302246,1,1
2022-09-16,2022-09-19,train_in_sample,QQQ,0.5873427391052246,1,1
2022-09-16,2022-09-19,train_in_sample,IWM,0.5529699325561523,1,1
2022-09-19,2022-09-20,train_in_sample,SPY,0.5992329120635986,0,0
2022-09-19,2022-09-20,train_in_sample,QQQ,0.6551010012626648,0,0
2022-09-19,2022-09-20,train_in_sample,IWM,0.5797314643859863,0,0
2022-09-20,2022-09-21,train_in_sample,SPY,0.5317203998565674,0,0
2022-09-20,2022-09-21,train_in_sample,QQQ,0.5791168212890625,0,0
2022-09-20,2022-09-21,train_in_sample,IWM,0.5266718864440918,0,0
2022-09-21,2022-09-22,train_in_sample,SPY,0.5366315841674805,0,0
2022-09-21,2022-09-22,train_in_sample,QQQ,0.5848099589347839,0,0
2022-09-21,2022-09-22,train_in_sample,IWM,0.5355282425880432,0,0
2022-09-22,2022-09-23,train_in_sample,SPY,0.5451915860176086,0,0
2022-09-22,2022-09-23,train_in_sample,QQQ,0.5760626196861267,0,0
2022-09-22,2022-09-23,train_in_sample,IWM,0.5479417443275452,0,0
2022-09-23,2022-09-26,train_in_sample,SPY,0.5159795880317688,0,0
2022-09-23,2022-09-26,train_in_sample,QQQ,0.5571954250335693,0,0
2022-09-23,2022-09-26,train_in_sample,IWM,0.5483631491661072,0,0
2022-09-26,2022-09-27,train_in_sample,SPY,0.5618776082992554,0,0
2022-09-26,2022-09-27,train_in_sample,QQQ,0.5965408682823181,1,1
2022-09-26,2022-09-27,train_in_sample,IWM,0.5587576031684875,1,1
2022-09-27,2022-09-28,train_in_sample,SPY,0.6019482612609863,1,1
2022-09-27,2022-09-28,train_in_sample,QQQ,0.6184428930282593,1,1
2022-09-27,2022-09-28,train_in_sample,IWM,0.5271391272544861,1,1
2022-09-28,2022-09-29,train_in_sample,SPY,0.5948861241340637,0,0
2022-09-28,2022-09-29,train_in_sample,QQQ,0.6354541182518005,0,0
2022-09-28,2022-09-29,train_in_sample,IWM,0.5814784169197083,0,0
2022-09-29,2022-09-30,train_in_sample,SPY,0.5684594511985779,0,0
2022-09-29,2022-09-30,train_in_sample,QQQ,0.5928839445114136,0,0
2022-09-29,2022-09-30,train_in_sample,IWM,0.534462571144104,0,0
2022-09-30,2022-10-03,train_in_sample,SPY,0.592280924320221,1,1
2022-09-30,2022-10-03,train_in_sample,QQQ,0.6211624145507812,1,1
2022-09-30,2022-10-03,train_in_sample,IWM,0.516365110874176,1,1
2022-10-03,2022-10-04,train_in_sample,SPY,0.6086173057556152,1,1
2022-10-03,2022-10-04,train_in_sample,QQQ,0.6249032020568848,1,1
2022-10-03,2022-10-04,train_in_sample,IWM,0.5811760425567627,1,1
2022-10-04,2022-10-05,train_in_sample,SPY,0.6122079491615295,0,0
2022-10-04,2022-10-05,train_in_sample,QQQ,0.6104007363319397,0,0
2022-10-04,2022-10-05,train_in_sample,IWM,0.5659525990486145,0,0
2022-10-05,2022-10-06,train_in_sample,SPY,0.5525391101837158,0,0
2022-10-05,2022-10-06,train_in_sample,QQQ,0.6040384769439697,0,0
2022-10-05,2022-10-06,train_in_sample,IWM,0.5517191290855408,0,0
2022-10-06,2022-10-07,train_in_sample,SPY,0.5465574860572815,0,0
2022-10-06,2022-10-07,train_in_sample,QQQ,0.5900151133537292,0,0
2022-10-06,2022-10-07,train_in_sample,IWM,0.5243260860443115,0,0
2022-10-07,2022-10-10,train_in_sample,SPY,0.5732786655426025,0,0
2022-10-07,2022-10-10,train_in_sample,QQQ,0.591484546661377,0,0
2022-10-07,2022-10-10,train_in_sample,IWM,0.5395812392234802,0,0
2022-10-10,2022-10-11,train_in_sample,SPY,0.5839785933494568,0,0
2022-10-10,2022-10-11,train_in_sample,QQQ,0.6149545907974243,0,0
2022-10-10,2022-10-11,train_in_sample,IWM,0.5402655005455017,1,1
2022-10-11,2022-10-12,train_in_sample,SPY,0.572992742061615,0,0
2022-10-11,2022-10-12,train_in_sample,QQQ,0.6213518977165222,0,0
2022-10-11,2022-10-12,train_in_sample,IWM,0.5137370824813843,0,0
2022-10-12,2022-10-13,train_in_sample,SPY,0.5904931426048279,1,1
2022-10-12,2022-10-13,train_in_sample,QQQ,0.6260455846786499,1,1
2022-10-12,2022-10-13,train_in_sample,IWM,0.5287275314331055,1,1
2022-10-13,2022-10-14,train_in_sample,SPY,0.553983747959137,0,0
2022-10-13,2022-10-14,train_in_sample,QQQ,0.608954906463623,0,0
2022-10-13,2022-10-14,train_in_sample,IWM,0.6152277588844299,0,0
2022-10-14,2022-10-17,train_in_sample,SPY,0.554474949836731,1,1
2022-10-14,2022-10-17,train_in_sample,QQQ,0.5569653511047363,1,1
2022-10-14,2022-10-17,train_in_sample,IWM,0.5347554087638855,1,1
2022-10-17,2022-10-18,train_in_sample,SPY,0.6036561727523804,1,1
2022-10-17,2022-10-18,train_in_sample,QQQ,0.6098785996437073,1,1
2022-10-17,2022-10-18,train_in_sample,IWM,0.5563225746154785,1,1
2022-10-18,2022-10-19,train_in_sample,SPY,0.6167322993278503,0,0
2022-10-18,2022-10-19,train_in_sample,QQQ,0.603992760181427,0,0
2022-10-18,2022-10-19,train_in_sample,IWM,0.5249900817871094,0,0
2022-10-19,2022-10-20,train_in_sample,SPY,0.5414045453071594,0,0
2022-10-19,2022-10-20,train_in_sample,QQQ,0.5688434839248657,0,0
2022-10-19,2022-10-20,train_in_sample,IWM,0.54877769947052,0,0
2022-10-20,2022-10-21,train_in_sample,SPY,0.5645368099212646,1,1
2022-10-20,2022-10-21,train_in_sample,QQQ,0.5889163613319397,1,1
2022-10-20,2022-10-21,train_in_sample,IWM,0.5524575114250183,1,1
2022-10-21,2022-10-24,train_in_sample,SPY,0.574943482875824,1,1
2022-10-21,2022-10-24,train_in_sample,QQQ,0.6101893782615662,1,1
2022-10-21,2022-10-24,train_in_sample,IWM,0.5673357844352722,1,1
2022-10-24,2022-10-25,train_in_sample,SPY,0.5753893852233887,1,1
2022-10-24,2022-10-25,train_in_sample,QQQ,0.6162010431289673,1,1
2022-10-24,2022-10-25,train_in_sample,IWM,0.5651668310165405,1,1
2022-10-25,2022-10-26,train_in_sample,SPY,0.597046434879303,0,0
2022-10-25,2022-10-26,train_in_sample,QQQ,0.6475368738174438,0,0
2022-10-25,2022-10-26,train_in_sample,IWM,0.5406152606010437,1,1
2022-10-26,2022-10-27,train_in_sample,SPY,0.6053602695465088,0,0
2022-10-26,2022-10-27,train_in_sample,QQQ,0.6488142609596252,0,0
2022-10-26,2022-10-27,train_in_sample,IWM,0.5228252410888672,1,1
2022-10-27,2022-10-28,train_in_sample,SPY,0.5833806395530701,1,1
2022-10-27,2022-10-28,train_in_sample,QQQ,0.6217622756958008,1,1
2022-10-27,2022-10-28,train_in_sample,IWM,0.508722186088562,1,1
2022-10-28,2022-10-31,train_in_sample,SPY,0.5574784278869629,0,0
2022-10-28,2022-10-31,train_in_sample,QQQ,0.6112804412841797,0,0
2022-10-28,2022-10-31,train_in_sample,IWM,0.5634143948554993,1,1
2022-10-31,2022-11-01,train_in_sample,SPY,0.5950853824615479,0,0
2022-10-31,2022-11-01,train_in_sample,QQQ,0.6336846947669983,0,0
2022-10-31,2022-11-01,train_in_sample,IWM,0.5079597234725952,1,1
2022-11-01,2022-11-02,train_in_sample,SPY,0.5936422944068909,0,0
2022-11-01,2022-11-02,train_in_sample,QQQ,0.6211045384407043,0,0
2022-11-01,2022-11-02,train_in_sample,IWM,0.48928937315940857,0,1
2022-11-02,2022-11-03,train_in_sample,SPY,0.5435250401496887,0,0
2022-11-02,2022-11-03,train_in_sample,QQQ,0.5481261610984802,0,0
2022-11-02,2022-11-03,train_in_sample,IWM,0.5384583473205566,0,0
2022-11-03,2022-11-04,train_in_sample,SPY,0.5935487151145935,1,1
2022-11-03,2022-11-04,train_in_sample,QQQ,0.6270074844360352,1,1
2022-11-03,2022-11-04,train_in_sample,IWM,0.5171969532966614,1,1
2022-11-04,2022-11-07,train_in_sample,SPY,0.5799054503440857,1,1
2022-11-04,2022-11-07,train_in_sample,QQQ,0.600037157535553,1,1
2022-11-04,2022-11-07,train_in_sample,IWM,0.543131947517395,1,1
2022-11-07,2022-11-08,train_in_sample,SPY,0.5778258442878723,1,1
2022-11-07,2022-11-08,train_in_sample,QQQ,0.618660569190979,1,1
2022-11-07,2022-11-08,train_in_sample,IWM,0.5360946655273438,1,1
2022-11-08,2022-11-09,train_in_sample,SPY,0.5656172037124634,0,0
2022-11-08,2022-11-09,train_in_sample,QQQ,0.6159465312957764,0,0
2022-11-08,2022-11-09,train_in_sample,IWM,0.5339980721473694,0,0
2022-11-09,2022-11-10,train_in_sample,SPY,0.5256820321083069,1,1
2022-11-09,2022-11-10,train_in_sample,QQQ,0.5554812550544739,1,1
2022-11-09,2022-11-10,train_in_sample,IWM,0.5299884676933289,1,1
2022-11-10,2022-11-11,train_in_sample,SPY,0.5877349972724915,1,1
2022-11-10,2022-11-11,train_in_sample,QQQ,0.5507960915565491,1,1
2022-11-10,2022-11-11,train_in_sample,IWM,0.5773431062698364,1,1
2022-11-11,2022-11-14,train_in_sample,SPY,0.5579816699028015,0,0
2022-11-11,2022-11-14,train_in_sample,QQQ,0.6100261211395264,0,0
2022-11-11,2022-11-14,train_in_sample,IWM,0.5516015887260437,0,0
2022-11-14,2022-11-15,train_in_sample,SPY,0.5682798624038696,1,1
2022-11-14,2022-11-15,train_in_sample,QQQ,0.6021289825439453,1,1
2022-11-14,2022-11-15,train_in_sample,IWM,0.5141585469245911,1,1
2022-11-15,2022-11-16,train_in_sample,SPY,0.5611984133720398,0,0
2022-11-15,2022-11-16,train_in_sample,QQQ,0.6098741292953491,0,0
2022-11-15,2022-11-16,train_in_sample,IWM,0.5343194603919983,0,0
2022-11-16,2022-11-17,train_in_sample,SPY,0.5524453520774841,0,0
2022-11-16,2022-11-17,train_in_sample,QQQ,0.6126107573509216,0,0
2022-11-16,2022-11-17,train_in_sample,IWM,0.4988018572330475,0,1
2022-11-17,2022-11-18,train_in_sample,SPY,0.5534200072288513,1,1
2022-11-17,2022-11-18,train_in_sample,QQQ,0.6253721117973328,1,1
2022-11-17,2022-11-18,train_in_sample,IWM,0.5228090286254883,1,1
2022-11-18,2022-11-21,train_in_sample,SPY,0.591020405292511,0,0
2022-11-18,2022-11-21,train_in_sample,QQQ,0.6236593723297119,0,0
2022-11-18,2022-11-21,train_in_sample,IWM,0.5058082342147827,0,0
2022-11-21,2022-11-22,train_in_sample,SPY,0.5911298394203186,1,1
2022-11-21,2022-11-22,train_in_sample,QQQ,0.6153424382209778,1,1
2022-11-21,2022-11-22,train_in_sample,IWM,0.5063782930374146,1,1
2022-11-22,2022-11-23,train_in_sample,SPY,0.5680314898490906,1,1
2022-11-22,2022-11-23,train_in_sample,QQQ,0.6101465225219727,1,1
2022-11-22,2022-11-23,train_in_sample,IWM,0.5274538397789001,1,1
2022-11-23,2022-11-25,train_in_sample,SPY,0.574927568435669,0,0
2022-11-23,2022-11-25,train_in_sample,QQQ,0.6249130368232727,0,0
2022-11-23,2022-11-25,train_in_sample,IWM,0.5195255279541016,1,1
2022-11-25,2022-11-28,train_in_sample,SPY,0.5966513752937317,0,0
2022-11-25,2022-11-28,train_in_sample,QQQ,0.6561429500579834,0,0
2022-11-25,2022-11-28,train_in_sample,IWM,0.48897263407707214,0,1
2022-11-28,2022-11-29,train_in_sample,SPY,0.5446550846099854,0,0
2022-11-28,2022-11-29,train_in_sample,QQQ,0.6173945665359497,0,0
2022-11-28,2022-11-29,train_in_sample,IWM,0.5092387795448303,1,1
2022-11-29,2022-11-30,train_in_sample,SPY,0.599071204662323,1,1
2022-11-29,2022-11-30,train_in_sample,QQQ,0.641508936882019,1,1
2022-11-29,2022-11-30,train_in_sample,IWM,0.4852144122123718,1,0
2022-11-30,2022-12-01,train_in_sample,SPY,0.5684505701065063,0,0
2022-11-30,2022-12-01,train_in_sample,QQQ,0.6153660416603088,1,1
2022-11-30,2022-12-01,train_in_sample,IWM,0.6052033305168152,0,0
2022-12-01,2022-12-02,train_in_sample,SPY,0.6047868132591248,0,0
2022-12-01,2022-12-02,train_in_sample,QQQ,0.6382558345794678,0,0
2022-12-01,2022-12-02,train_in_sample,IWM,0.5207088589668274,1,1
2022-12-02,2022-12-05,train_in_sample,SPY,0.5960599184036255,0,0
2022-12-02,2022-12-05,train_in_sample,QQQ,0.6455731391906738,0,0
2022-12-02,2022-12-05,train_in_sample,IWM,0.542297899723053,0,0
2022-12-05,2022-12-06,train_in_sample,SPY,0.5507805943489075,0,0
2022-12-05,2022-12-06,train_in_sample,QQQ,0.598605751991272,0,0
2022-12-05,2022-12-06,train_in_sample,IWM,0.5199586153030396,0,0
2022-12-06,2022-12-07,train_in_sample,SPY,0.5805605053901672,0,0
2022-12-06,2022-12-07,train_in_sample,QQQ,0.588524580001831,0,0
2022-12-06,2022-12-07,train_in_sample,IWM,0.5383548736572266,0,0
2022-12-07,2022-12-08,train_in_sample,SPY,0.553805410861969,1,1
2022-12-07,2022-12-08,train_in_sample,QQQ,0.5975478291511536,1,1
2022-12-07,2022-12-08,train_in_sample,IWM,0.5239315032958984,1,1
2022-12-08,2022-12-09,train_in_sample,SPY,0.5670751929283142,0,0
2022-12-08,2022-12-09,train_in_sample,QQQ,0.621199905872345,0,0
2022-12-08,2022-12-09,train_in_sample,IWM,0.5523935556411743,0,0
2022-12-09,2022-12-12,train_in_sample,SPY,0.5422922372817993,1,1
2022-12-09,2022-12-12,train_in_sample,QQQ,0.5656094551086426,1,1
2022-12-09,2022-12-12,train_in_sample,IWM,0.5249752402305603,1,1
2022-12-12,2022-12-13,train_in_sample,SPY,0.5827171802520752,1,1
2022-12-12,2022-12-13,train_in_sample,QQQ,0.6190022230148315,1,1
2022-12-12,2022-12-13,train_in_sample,IWM,0.5678213238716125,1,1
2022-12-13,2022-12-14,train_in_sample,SPY,0.6053377389907837,0,0
2022-12-13,2022-12-14,train_in_sample,QQQ,0.5790656208992004,0,0
2022-12-13,2022-12-14,train_in_sample,IWM,0.5634788870811462,0,0
2022-12-14,2022-12-15,train_in_sample,SPY,0.5812683701515198,0,0
2022-12-14,2022-12-15,train_in_sample,QQQ,0.5936505198478699,0,0
2022-12-14,2022-12-15,train_in_sample,IWM,0.5319090485572815,0,0
2022-12-15,2022-12-16,train_in_sample,SPY,0.540667712688446,0,0
2022-12-15,2022-12-16,train_in_sample,QQQ,0.5452187657356262,0,0
2022-12-15,2022-12-16,train_in_sample,IWM,0.5313783288002014,0,0
2022-12-16,2022-12-19,train_in_sample,SPY,0.580763041973114,0,0
2022-12-16,2022-12-19,train_in_sample,QQQ,0.5794354677200317,0,0
2022-12-16,2022-12-19,train_in_sample,IWM,0.5425377488136292,0,0
2022-12-19,2022-12-20,train_in_sample,SPY,0.5846072435379028,1,1
2022-12-19,2022-12-20,train_in_sample,QQQ,0.5904945731163025,0,0
2022-12-19,2022-12-20,train_in_sample,IWM,0.5412073135375977,1,1
2022-12-20,2022-12-21,train_in_sample,SPY,0.5883802175521851,1,1
2022-12-20,2022-12-21,train_in_sample,QQQ,0.616057813167572,1,1
2022-12-20,2022-12-21,train_in_sample,IWM,0.5352280139923096,1,1
2022-12-21,2022-12-22,train_in_sample,SPY,0.5949234962463379,0,0
2022-12-21,2022-12-22,train_in_sample,QQQ,0.6432283520698547,0,0
2022-12-21,2022-12-22,train_in_sample,IWM,0.5269367694854736,0,0
2022-12-22,2022-12-23,train_in_sample,SPY,0.5853357911109924,1,1
2022-12-22,2022-12-23,train_in_sample,QQQ,0.6026573777198792,1,1
2022-12-22,2022-12-23,train_in_sample,IWM,0.531043291091919,1,1
2022-12-23,2022-12-27,train_in_sample,SPY,0.5917988419532776,0,0
2022-12-23,2022-12-27,train_in_sample,QQQ,0.6413378715515137,0,0
2022-12-23,2022-12-27,train_in_sample,IWM,0.5034328699111938,0,0
2022-12-27,2022-12-28,train_in_sample,SPY,0.6090982556343079,0,0
2022-12-27,2022-12-28,train_in_sample,QQQ,0.6277377605438232,0,0
2022-12-27,2022-12-28,train_in_sample,IWM,0.5170748829841614,0,0
2022-12-28,2022-12-29,train_in_sample,SPY,0.5480868816375732,1,1
2022-12-28,2022-12-29,train_in_sample,QQQ,0.6017619967460632,1,1
2022-12-28,2022-12-29,train_in_sample,IWM,0.5345230102539062,1,1
2022-12-29,2022-12-30,train_in_sample,SPY,0.5974203944206238,0,0
2022-12-29,2022-12-30,train_in_sample,QQQ,0.6394256949424744,0,0
2022-12-29,2022-12-30,train_in_sample,IWM,0.5509533882141113,0,0
2022-12-30,2023-01-03,test_prequential,SPY,0.5804304480552673,0,0
2022-12-30,2023-01-03,test_prequential,QQQ,0.6173416972160339,0,0
2022-12-30,2023-01-03,test_prequential,IWM,0.5573616027832031,0,0
2023-01-03,2023-01-04,test_prequential,SPY,0.5609808564186096,1,1
2023-01-03,2023-01-04,test_prequential,QQQ,0.5901901125907898,1,1
2023-01-03,2023-01-04,test_prequential,IWM,0.5495931506156921,1,1
2023-01-04,2023-01-05,test_prequential,SPY,0.6078696846961975,0,0
2023-01-04,2023-01-05,test_prequential,QQQ,0.6192707419395447,0,0
2023-01-04,2023-01-05,test_prequential,IWM,0.5276607871055603,0,0
2023-01-05,2023-01-06,test_prequential,SPY,0.5541375279426575,1,1
2023-01-05,2023-01-06,test_prequential,QQQ,0.5602642297744751,1,1
2023-01-05,2023-01-06,test_prequential,IWM,0.49647340178489685,1,0
2023-01-06,2023-01-09,test_prequential,SPY,0.5737112760543823,0,0
2023-01-06,2023-01-09,test_prequential,QQQ,0.6039425134658813,1,1
2023-01-06,2023-01-09,test_prequential,IWM,0.5633686780929565,1,1
2023-01-09,2023-01-10,test_prequential,SPY,0.5404930710792542,1,1
2023-01-09,2023-01-10,test_prequential,QQQ,0.591517448425293,1,1
2023-01-09,2023-01-10,test_prequential,IWM,0.5269395112991333,1,1
2023-01-10,2023-01-11,test_prequential,SPY,0.5602436661720276,1,1
2023-01-10,2023-01-11,test_prequential,QQQ,0.6160007119178772,1,1
2023-01-10,2023-01-11,test_prequential,IWM,0.5233767628669739,1,1
2023-01-11,2023-01-12,test_prequential,SPY,0.5536519885063171,1,1
2023-01-11,2023-01-12,test_prequential,QQQ,0.6039300560951233,1,1
2023-01-11,2023-01-12,test_prequential,IWM,0.5655339956283569,1,1
2023-01-12,2023-01-13,test_prequential,SPY,0.5594851970672607,1,1
2023-01-12,2023-01-13,test_prequential,QQQ,0.6129217147827148,1,1
2023-01-12,2023-01-13,test_prequential,IWM,0.544279932975769,1,1
2023-01-13,2023-01-17,test_prequential,SPY,0.5575878620147705,0,0
2023-01-13,2023-01-17,test_prequential,QQQ,0.64180588722229,1,1
2023-01-13,2023-01-17,test_prequential,IWM,0.5844788551330566,0,0
2023-01-17,2023-01-18,test_prequential,SPY,0.5490607023239136,0,0
2023-01-17,2023-01-18,test_prequential,QQQ,0.6261723637580872,0,0
2023-01-17,2023-01-18,test_prequential,IWM,0.5792436599731445,0,0
2023-01-18,2023-01-19,test_prequential,SPY,0.5389218926429749,0,0
2023-01-18,2023-01-19,test_prequential,QQQ,0.5812696218490601,0,0
2023-01-18,2023-01-19,test_prequential,IWM,0.5843796133995056,0,0
2023-01-19,2023-01-20,test_prequential,SPY,0.5560234189033508,1,1
2023-01-19,2023-01-20,test_prequential,QQQ,0.61316978931427,1,1
2023-01-19,2023-01-20,test_prequential,IWM,0.5747288465499878,1,1
2023-01-20,2023-01-23,test_prequential,SPY,0.5504616498947144,1,1
2023-01-20,2023-01-23,test_prequential,QQQ,0.6362587213516235,1,1
2023-01-20,2023-01-23,test_prequential,IWM,0.6012257933616638,1,1
2023-01-23,2023-01-24,test_prequential,SPY,0.5509686470031738,0,0
2023-01-23,2023-01-24,test_prequential,QQQ,0.6466889381408691,0,0
2023-01-23,2023-01-24,test_prequential,IWM,0.6305592060089111,0,0
2023-01-24,2023-01-25,test_prequential,SPY,0.5551046133041382,1,1
2023-01-24,2023-01-25,test_prequential,QQQ,0.6461995244026184,0,0
2023-01-24,2023-01-25,test_prequential,IWM,0.5969251394271851,1,1
2023-01-25,2023-01-26,test_prequential,SPY,0.5602441430091858,1,1
2023-01-25,2023-01-26,test_prequential,QQQ,0.6689818501472473,1,1
2023-01-25,2023-01-26,test_prequential,IWM,0.611926257610321,1,1
2023-01-26,2023-01-27,test_prequential,SPY,0.5590422749519348,1,1
2023-01-26,2023-01-27,test_prequential,QQQ,0.6355382800102234,1,1
2023-01-26,2023-01-27,test_prequential,IWM,0.6198604702949524,1,1
2023-01-27,2023-01-30,test_prequential,SPY,0.5466528534889221,0,0
2023-01-27,2023-01-30,test_prequential,QQQ,0.6426050066947937,0,0
2023-01-27,2023-01-30,test_prequential,IWM,0.6264879107475281,0,0
2023-01-30,2023-01-31,test_prequential,SPY,0.5748886466026306,1,1
2023-01-30,2023-01-31,test_prequential,QQQ,0.6321049332618713,1,1
2023-01-30,2023-01-31,test_prequential,IWM,0.601145327091217,1,1
2023-01-31,2023-02-01,test_prequential,SPY,0.5945914387702942,1,1
2023-01-31,2023-02-01,test_prequential,QQQ,0.6772245168685913,1,1
2023-01-31,2023-02-01,test_prequential,IWM,0.6119318604469299,1,1
2023-02-01,2023-02-02,test_prequential,SPY,0.5727422833442688,1,1
2023-02-01,2023-02-02,test_prequential,QQQ,0.6618146300315857,1,1
2023-02-01,2023-02-02,test_prequential,IWM,0.6668517589569092,1,1
2023-02-02,2023-02-03,test_prequential,SPY,0.5741113424301147,0,0
2023-02-02,2023-02-03,test_prequential,QQQ,0.6441366076469421,0,0
2023-02-02,2023-02-03,test_prequential,IWM,0.666847825050354,0,0
2023-02-03,2023-02-06,test_prequential,SPY,0.5912157893180847,0,0
2023-02-03,2023-02-06,test_prequential,QQQ,0.6575539112091064,0,0
2023-02-03,2023-02-06,test_prequential,IWM,0.633484423160553,0,0
2023-02-06,2023-02-07,test_prequential,SPY,0.5866365432739258,1,1
2023-02-06,2023-02-07,test_prequential,QQQ,0.6408565044403076,1,1
2023-02-06,2023-02-07,test_prequential,IWM,0.6264758706092834,1,1
2023-02-07,2023-02-08,test_prequential,SPY,0.60368412733078,0,0
2023-02-07,2023-02-08,test_prequential,QQQ,0.6720504760742188,0,0
2023-02-07,2023-02-08,test_prequential,IWM,0.688345193862915,0,0
2023-02-08,2023-02-09,test_prequential,SPY,0.6239280700683594,0,0
2023-02-08,2023-02-09,test_prequential,QQQ,0.6606706380844116,0,0
2023-02-08,2023-02-09,test_prequential,IWM,0.6520212292671204,0,0
2023-02-09,2023-02-10,test_prequential,SPY,0.6094624400138855,1,1
2023-02-09,2023-02-10,test_prequential,QQQ,0.6383471488952637,0,0
2023-02-09,2023-02-10,test_prequential,IWM,0.6572317481040955,1,1
2023-02-10,2023-02-13,test_prequential,SPY,0.6371286511421204,1,1
2023-02-10,2023-02-13,test_prequential,QQQ,0.6729508638381958,1,1
2023-02-10,2023-02-13,test_prequential,IWM,0.649551272392273,1,1
2023-02-13,2023-02-14,test_prequential,SPY,0.631374180316925,0,0
2023-02-13,2023-02-14,test_prequential,QQQ,0.6613859534263611,1,1
2023-02-13,2023-02-14,test_prequential,IWM,0.6903883814811707,0,0
2023-02-14,2023-02-15,test_prequential,SPY,0.6043898463249207,1,1
2023-02-14,2023-02-15,test_prequential,QQQ,0.6559509634971619,1,1
2023-02-14,2023-02-15,test_prequential,IWM,0.6809362769126892,1,1
2023-02-15,2023-02-16,test_prequential,SPY,0.6320943832397461,0,0
2023-02-15,2023-02-16,test_prequential,QQQ,0.6688029170036316,0,0
2023-02-15,2023-02-16,test_prequential,IWM,0.6816473603248596,0,0
2023-02-16,2023-02-17,test_prequential,SPY,0.6289265155792236,0,0
2023-02-16,2023-02-17,test_prequential,QQQ,0.6266213059425354,0,0
2023-02-16,2023-02-17,test_prequential,IWM,0.6647560000419617,1,1
2023-02-17,2023-02-21,test_prequential,SPY,0.6586999297142029,0,0
2023-02-17,2023-02-21,test_prequential,QQQ,0.6731745600700378,0,0
2023-02-17,2023-02-21,test_prequential,IWM,0.6762207746505737,0,0
2023-02-21,2023-02-22,test_prequential,SPY,0.5863345265388489,0,0
2023-02-21,2023-02-22,test_prequential,QQQ,0.6167882084846497,1,1
2023-02-21,2023-02-22,test_prequential,IWM,0.6756073832511902,1,1
2023-02-22,2023-02-23,test_prequential,SPY,0.6212167739868164,1,1
2023-02-22,2023-02-23,test_prequential,QQQ,0.6447469592094421,1,1
2023-02-22,2023-02-23,test_prequential,IWM,0.6711642742156982,1,1
2023-02-23,2023-02-24,test_prequential,SPY,0.6344584822654724,0,0
2023-02-23,2023-02-24,test_prequential,QQQ,0.6354894638061523,0,0
2023-02-23,2023-02-24,test_prequential,IWM,0.6859665513038635,0,0
2023-02-24,2023-02-27,test_prequential,SPY,0.5879917740821838,1,1
2023-02-24,2023-02-27,test_prequential,QQQ,0.6155043244361877,1,1
2023-02-24,2023-02-27,test_prequential,IWM,0.6790066361427307,1,1
2023-02-27,2023-02-28,test_prequential,SPY,0.6037248373031616,0,0
2023-02-27,2023-02-28,test_prequential,QQQ,0.6296641230583191,0,0
2023-02-27,2023-02-28,test_prequential,IWM,0.6691280603408813,1,1
2023-02-28,2023-03-01,test_prequential,SPY,0.6000193953514099,0,0
2023-02-28,2023-03-01,test_prequential,QQQ,0.628442645072937,0,0
2023-02-28,2023-03-01,test_prequential,IWM,0.6877943277359009,1,1
2023-03-01,2023-03-02,test_prequential,SPY,0.5761661529541016,1,1
2023-03-01,2023-03-02,test_prequential,QQQ,0.5951018333435059,1,1
2023-03-01,2023-03-02,test_prequential,IWM,0.6935349106788635,1,1
2023-03-02,2023-03-03,test_prequential,SPY,0.5612018704414368,1,1
2023-03-02,2023-03-03,test_prequential,QQQ,0.6215076446533203,1,1
2023-03-02,2023-03-03,test_prequential,IWM,0.7195391654968262,1,1
2023-03-03,2023-03-06,test_prequential,SPY,0.580528199672699,1,1
2023-03-03,2023-03-06,test_prequential,QQQ,0.6055780649185181,1,1
2023-03-03,2023-03-06,test_prequential,IWM,0.7267250418663025,0,0
2023-03-06,2023-03-07,test_prequential,SPY,0.5626789331436157,0,0
2023-03-06,2023-03-07,test_prequential,QQQ,0.5803173780441284,0,0
2023-03-06,2023-03-07,test_prequential,IWM,0.7364601492881775,0,0
2023-03-07,2023-03-08,test_prequential,SPY,0.5632634162902832,1,1
2023-03-07,2023-03-08,test_prequential,QQQ,0.5892196297645569,1,1
2023-03-07,2023-03-08,test_prequential,IWM,0.725648820400238,1,1
2023-03-08,2023-03-09,test_prequential,SPY,0.5761692523956299,0,0
2023-03-08,2023-03-09,test_prequential,QQQ,0.6201045513153076,0,0
2023-03-08,2023-03-09,test_prequential,IWM,0.7250632643699646,0,0
2023-03-09,2023-03-10,test_prequential,SPY,0.5175595879554749,0,0
2023-03-09,2023-03-10,test_prequential,QQQ,0.5272517204284668,0,0
2023-03-09,2023-03-10,test_prequential,IWM,0.7382296323776245,0,0
2023-03-10,2023-03-13,test_prequential,SPY,0.5217915773391724,0,0
2023-03-10,2023-03-13,test_prequential,QQQ,0.5504872798919678,1,1
2023-03-10,2023-03-13,test_prequential,IWM,0.7348306179046631,0,0
2023-03-13,2023-03-14,test_prequential,SPY,0.5411872863769531,1,1
2023-03-13,2023-03-14,test_prequential,QQQ,0.5704151391983032,1,1
2023-03-13,2023-03-14,test_prequential,IWM,0.7467455267906189,1,1
2023-03-14,2023-03-15,test_prequential,SPY,0.5918311476707458,0,0
2023-03-14,2023-03-15,test_prequential,QQQ,0.6171352863311768,1,1
2023-03-14,2023-03-15,test_prequential,IWM,0.7125256061553955,0,0
2023-03-15,2023-03-16,test_prequential,SPY,0.5333517789840698,1,1
2023-03-15,2023-03-16,test_prequential,QQQ,0.5897097587585449,1,1
2023-03-15,2023-03-16,test_prequential,IWM,0.7212212085723877,1,1
2023-03-16,2023-03-17,test_prequential,SPY,0.5650071501731873,0,0
2023-03-16,2023-03-17,test_prequential,QQQ,0.6078806519508362,0,0
2023-03-16,2023-03-17,test_prequential,IWM,0.7198355793952942,0,0
2023-03-17,2023-03-20,test_prequential,SPY,0.5560989379882812,1,1
2023-03-17,2023-03-20,test_prequential,QQQ,0.5897374153137207,1,1
2023-03-17,2023-03-20,test_prequential,IWM,0.7011051774024963,1,1
2023-03-20,2023-03-21,test_prequential,SPY,0.6070447564125061,1,1
2023-03-20,2023-03-21,test_prequential,QQQ,0.6519986391067505,1,1
2023-03-20,2023-03-21,test_prequential,IWM,0.6943697929382324,1,1
2023-03-21,2023-03-22,test_prequential,SPY,0.5925955176353455,0,0
2023-03-21,2023-03-22,test_prequential,QQQ,0.6407492160797119,0,0
2023-03-21,2023-03-22,test_prequential,IWM,0.6683652400970459,0,0
2023-03-22,2023-03-23,test_prequential,SPY,0.5522086024284363,1,1
2023-03-22,2023-03-23,test_prequential,QQQ,0.6177944540977478,1,1
2023-03-22,2023-03-23,test_prequential,IWM,0.6922535300254822,0,0
2023-03-23,2023-03-24,test_prequential,SPY,0.5733931064605713,1,1
2023-03-23,2023-03-24,test_prequential,QQQ,0.6316590905189514,1,1
2023-03-23,2023-03-24,test_prequential,IWM,0.6961959600448608,1,1
2023-03-24,2023-03-27,test_prequential,SPY,0.6161940693855286,1,1
2023-03-24,2023-03-27,test_prequential,QQQ,0.6633074879646301,0,0
2023-03-24,2023-03-27,test_prequential,IWM,0.6644077897071838,1,1
2023-03-27,2023-03-28,test_prequential,SPY,0.644646942615509,0,0
2023-03-27,2023-03-28,test_prequential,QQQ,0.7058569192886353,0,0
2023-03-27,2023-03-28,test_prequential,IWM,0.646338701248169,0,0
2023-03-28,2023-03-29,test_prequential,SPY,0.6155465245246887,1,1
2023-03-28,2023-03-29,test_prequential,QQQ,0.6680965423583984,1,1
2023-03-28,2023-03-29,test_prequential,IWM,0.6303591728210449,1,1
2023-03-29,2023-03-30,test_prequential,SPY,0.6258602142333984,1,1
2023-03-29,2023-03-30,test_prequential,QQQ,0.6832355856895447,1,1
2023-03-29,2023-03-30,test_prequential,IWM,0.6304233074188232,0,0
2023-03-30,2023-03-31,test_prequential,SPY,0.6225482821464539,1,1
2023-03-30,2023-03-31,test_prequential,QQQ,0.6829854249954224,1,1
2023-03-30,2023-03-31,test_prequential,IWM,0.628599226474762,1,1
2023-03-31,2023-04-03,test_prequential,SPY,0.6493344902992249,1,1
2023-03-31,2023-04-03,test_prequential,QQQ,0.7178578972816467,0,0
2023-03-31,2023-04-03,test_prequential,IWM,0.6303725838661194,1,1
2023-04-03,2023-04-04,test_prequential,SPY,0.668424665927887,0,0
2023-04-03,2023-04-04,test_prequential,QQQ,0.7044872045516968,0,0
2023-04-03,2023-04-04,test_prequential,IWM,0.6165080070495605,0,0
2023-04-04,2023-04-05,test_prequential,SPY,0.6309719681739807,0,0
2023-04-04,2023-04-05,test_prequential,QQQ,0.6668274402618408,0,0
2023-04-04,2023-04-05,test_prequential,IWM,0.6106061935424805,0,0
2023-04-05,2023-04-06,test_prequential,SPY,0.675571620464325,1,1
2023-04-05,2023-04-06,test_prequential,QQQ,0.6946758031845093,1,1
2023-04-05,2023-04-06,test_prequential,IWM,0.6014364957809448,1,1
2023-04-06,2023-04-10,test_prequential,SPY,0.6707005500793457,1,1
2023-04-06,2023-04-10,test_prequential,QQQ,0.710602343082428,0,0
2023-04-06,2023-04-10,test_prequential,IWM,0.6080122590065002,1,1
2023-04-10,2023-04-11,test_prequential,SPY,0.6900036334991455,1,1
2023-04-10,2023-04-11,test_prequential,QQQ,0.7267856597900391,0,0
2023-04-10,2023-04-11,test_prequential,IWM,0.6094940900802612,1,1
2023-04-11,2023-04-12,test_prequential,SPY,0.6992868185043335,0,0
2023-04-11,2023-04-12,test_prequential,QQQ,0.7234795689582825,0,0
2023-04-11,2023-04-12,test_prequential,IWM,0.579659640789032,0,0
2023-04-12,2023-04-13,test_prequential,SPY,0.6833528876304626,1,1
2023-04-12,2023-04-13,test_prequential,QQQ,0.6768201589584351,1,1
2023-04-12,2023-04-13,test_prequential,IWM,0.6064887642860413,1,1
2023-04-13,2023-04-14,test_prequential,SPY,0.6732943654060364,0,0
2023-04-13,2023-04-14,test_prequential,QQQ,0.6691128015518188,0,0
2023-04-13,2023-04-14,test_prequential,IWM,0.6294903755187988,0,0
2023-04-14,2023-04-17,test_prequential,SPY,0.6779018044471741,1,1
2023-04-14,2023-04-17,test_prequential,QQQ,0.6494334936141968,1,1
2023-04-14,2023-04-17,test_prequential,IWM,0.6033228635787964,1,1
2023-04-17,2023-04-18,test_prequential,SPY,0.7031756043434143,1,1
2023-04-17,2023-04-18,test_prequential,QQQ,0.6793341636657715,1,1
2023-04-17,2023-04-18,test_prequential,IWM,0.6092334389686584,0,0
2023-04-18,2023-04-19,test_prequential,SPY,0.6901477575302124,0,0
2023-04-18,2023-04-19,test_prequential,QQQ,0.6489514708518982,0,0
2023-04-18,2023-04-19,test_prequential,IWM,0.6005998253822327,1,1
2023-04-19,2023-04-20,test_prequential,SPY,0.687898576259613,0,0
2023-04-19,2023-04-20,test_prequential,QQQ,0.6541671752929688,0,0
2023-04-19,2023-04-20,test_prequential,IWM,0.6136305928230286,0,0
2023-04-20,2023-04-21,test_prequential,SPY,0.6972787380218506,1,1
2023-04-20,2023-04-21,test_prequential,QQQ,0.6661683917045593,1,1
2023-04-20,2023-04-21,test_prequential,IWM,0.6082555651664734,1,1
2023-04-21,2023-04-24,test_prequential,SPY,0.6840536594390869,1,1
2023-04-21,2023-04-24,test_prequential,QQQ,0.6371486783027649,0,0
2023-04-21,2023-04-24,test_prequential,IWM,0.6137223839759827,0,0
2023-04-24,2023-04-25,test_prequential,SPY,0.711884081363678,0,0
2023-04-24,2023-04-25,test_prequential,QQQ,0.6568077206611633,0,0
2023-04-24,2023-04-25,test_prequential,IWM,0.6206785440444946,0,0
2023-04-25,2023-04-26,test_prequential,SPY,0.6661964058876038,0,0
2023-04-25,2023-04-26,test_prequential,QQQ,0.6001498103141785,1,1
2023-04-25,2023-04-26,test_prequential,IWM,0.6209873557090759,0,0
2023-04-26,2023-04-27,test_prequential,SPY,0.6750840544700623,1,1
2023-04-26,2023-04-27,test_prequential,QQQ,0.6055579781532288,1,1
2023-04-26,2023-04-27,test_prequential,IWM,0.6102785468101501,1,1
2023-04-27,2023-04-28,test_prequential,SPY,0.6956735253334045,1,1
2023-04-27,2023-04-28,test_prequential,QQQ,0.6323220133781433,1,1
2023-04-27,2023-04-28,test_prequential,IWM,0.6246219873428345,1,1
2023-04-28,2023-05-01,test_prequential,SPY,0.6976121664047241,0,0
2023-04-28,2023-05-01,test_prequential,QQQ,0.6220540404319763,0,0
2023-04-28,2023-05-01,test_prequential,IWM,0.6125686168670654,1,1
2023-05-01,2023-05-02,test_prequential,SPY,0.6949478983879089,0,0
2023-05-01,2023-05-02,test_prequential,QQQ,0.6241137981414795,0,0
2023-05-01,2023-05-02,test_prequential,IWM,0.6041905283927917,0,0
2023-05-02,2023-05-03,test_prequential,SPY,0.6521268486976624,0,0
2023-05-02,2023-05-03,test_prequential,QQQ,0.583683431148529,0,0
2023-05-02,2023-05-03,test_prequential,IWM,0.6014077067375183,1,1
2023-05-03,2023-05-04,test_prequential,SPY,0.6841679811477661,0,0
2023-05-03,2023-05-04,test_prequential,QQQ,0.609139084815979,0,0
2023-05-03,2023-05-04,test_prequential,IWM,0.6236770153045654,0,0
2023-05-04,2023-05-05,test_prequential,SPY,0.6497851014137268,1,1
2023-05-04,2023-05-05,test_prequential,QQQ,0.5883159637451172,1,1
2023-05-04,2023-05-05,test_prequential,IWM,0.6285200119018555,1,1
2023-05-05,2023-05-08,test_prequential,SPY,0.6730138063430786,1,1
2023-05-05,2023-05-08,test_prequential,QQQ,0.6095707416534424,1,1
2023-05-05,2023-05-08,test_prequential,IWM,0.6252049207687378,0,0
2023-05-08,2023-05-09,test_prequential,SPY,0.6534883975982666,0,0
2023-05-08,2023-05-09,test_prequential,QQQ,0.5739636421203613,0,0
2023-05-08,2023-05-09,test_prequential,IWM,0.6027258038520813,0,0
2023-05-09,2023-05-10,test_prequential,SPY,0.6345632076263428,1,1
2023-05-09,2023-05-10,test_prequential,QQQ,0.5677170753479004,1,1
2023-05-09,2023-05-10,test_prequential,IWM,0.5855073928833008,1,1
2023-05-10,2023-05-11,test_prequential,SPY,0.6533883810043335,0,0
2023-05-10,2023-05-11,test_prequential,QQQ,0.5800451040267944,1,1
2023-05-10,2023-05-11,test_prequential,IWM,0.6141136884689331,0,0
2023-05-11,2023-05-12,test_prequential,SPY,0.6442083716392517,0,0
2023-05-11,2023-05-12,test_prequential,QQQ,0.5813238024711609,0,0
2023-05-11,2023-05-12,test_prequential,IWM,0.6135359406471252,0,0
2023-05-12,2023-05-15,test_prequential,SPY,0.6401364803314209,1,1
2023-05-12,2023-05-15,test_prequential,QQQ,0.5886332988739014,1,1
2023-05-12,2023-05-15,test_prequential,IWM,0.6006141901016235,1,1
2023-05-15,2023-05-16,test_prequential,SPY,0.6550084352493286,0,0
2023-05-15,2023-05-16,test_prequential,QQQ,0.6062688827514648,1,1
2023-05-15,2023-05-16,test_prequential,IWM,0.586677074432373,0,0
2023-05-16,2023-05-17,test_prequential,SPY,0.5939367413520813,1,1
2023-05-16,2023-05-17,test_prequential,QQQ,0.5559988617897034,1,1
2023-05-16,2023-05-17,test_prequential,IWM,0.5907313227653503,1,1
2023-05-17,2023-05-18,test_prequential,SPY,0.6656437516212463,1,1
2023-05-17,2023-05-18,test_prequential,QQQ,0.6175107955932617,1,1
2023-05-17,2023-05-18,test_prequential,IWM,0.6072362065315247,1,1
2023-05-18,2023-05-19,test_prequential,SPY,0.6393153071403503,0,0
2023-05-18,2023-05-19,test_prequential,QQQ,0.5980923771858215,0,0
2023-05-18,2023-05-19,test_prequential,IWM,0.612273633480072,0,0
2023-05-19,2023-05-22,test_prequential,SPY,0.6407293677330017,1,1
2023-05-19,2023-05-22,test_prequential,QQQ,0.5795818567276001,1,1
2023-05-19,2023-05-22,test_prequential,IWM,0.5785180926322937,1,1
2023-05-22,2023-05-23,test_prequential,SPY,0.6655957102775574,0,0
2023-05-22,2023-05-23,test_prequential,QQQ,0.6399073600769043,0,0
2023-05-22,2023-05-23,test_prequential,IWM,0.5860419273376465,0,0
2023-05-23,2023-05-24,test_prequential,SPY,0.645292341709137,0,0
2023-05-23,2023-05-24,test_prequential,QQQ,0.6141635179519653,0,0
2023-05-23,2023-05-24,test_prequential,IWM,0.5733053088188171,0,0
2023-05-24,2023-05-25,test_prequential,SPY,0.6225101947784424,1,1
2023-05-24,2023-05-25,test_prequential,QQQ,0.5989218354225159,1,1
2023-05-24,2023-05-25,test_prequential,IWM,0.5696119070053101,0,0
2023-05-25,2023-05-26,test_prequential,SPY,0.6083443760871887,1,1
2023-05-25,2023-05-26,test_prequential,QQQ,0.5708322525024414,1,1
2023-05-25,2023-05-26,test_prequential,IWM,0.5917016267776489,1,1
2023-05-26,2023-05-30,test_prequential,SPY,0.6364123821258545,1,1
2023-05-26,2023-05-30,test_prequential,QQQ,0.6368986964225769,1,1
2023-05-26,2023-05-30,test_prequential,IWM,0.5928290486335754,0,0
2023-05-30,2023-05-31,test_prequential,SPY,0.6353108882904053,0,0
2023-05-30,2023-05-31,test_prequential,QQQ,0.6116827130317688,0,0
2023-05-30,2023-05-31,test_prequential,IWM,0.5658532977104187,0,0
2023-05-31,2023-06-01,test_prequential,SPY,0.6330971121788025,1,1
2023-05-31,2023-06-01,test_prequential,QQQ,0.6218295693397522,1,1
2023-05-31,2023-06-01,test_prequential,IWM,0.5657106041908264,1,1
2023-06-01,2023-06-02,test_prequential,SPY,0.6590090394020081,1,1
2023-06-01,2023-06-02,test_prequential,QQQ,0.6493291854858398,1,1
2023-06-01,2023-06-02,test_prequential,IWM,0.5565833449363708,1,1
2023-06-02,2023-06-05,test_prequential,SPY,0.6898097991943359,0,0
2023-06-02,2023-06-05,test_prequential,QQQ,0.6669542193412781,1,1
2023-06-02,2023-06-05,test_prequential,IWM,0.539829671382904,0,0
2023-06-05,2023-06-06,test_prequential,SPY,0.6403492093086243,1,1
2023-06-05,2023-06-06,test_prequential,QQQ,0.6417500376701355,0,0
2023-06-05,2023-06-06,test_prequential,IWM,0.5407350659370422,1,1
2023-06-06,2023-06-07,test_prequential,SPY,0.6777680516242981,0,0
2023-06-06,2023-06-07,test_prequential,QQQ,0.693378746509552,0,0
2023-06-06,2023-06-07,test_prequential,IWM,0.5208641290664673,1,1
2023-06-07,2023-06-08,test_prequential,SPY,0.6784029006958008,1,1
2023-06-07,2023-06-08,test_prequential,QQQ,0.6653059124946594,1,1
2023-06-07,2023-06-08,test_prequential,IWM,0.5317522883415222,0,0
2023-06-08,2023-06-09,test_prequential,SPY,0.643119752407074,1,1
2023-06-08,2023-06-09,test_prequential,QQQ,0.6462718844413757,1,1
2023-06-08,2023-06-09,test_prequential,IWM,0.5523982644081116,0,0
2023-06-09,2023-06-12,test_prequential,SPY,0.6514678597450256,1,1
2023-06-09,2023-06-12,test_prequential,QQQ,0.6339146494865417,1,1
2023-06-09,2023-06-12,test_prequential,IWM,0.5296881198883057,1,1
2023-06-12,2023-06-13,test_prequential,SPY,0.663722813129425,1,1
2023-06-12,2023-06-13,test_prequential,QQQ,0.6671509146690369,1,1
2023-06-12,2023-06-13,test_prequential,IWM,0.5420483946800232,1,1
2023-06-13,2023-06-14,test_prequential,SPY,0.6905187368392944,1,1
2023-06-13,2023-06-14,test_prequential,QQQ,0.6796615719795227,1,1
2023-06-13,2023-06-14,test_prequential,IWM,0.5262235999107361,0,0
2023-06-14,2023-06-15,test_prequential,SPY,0.6566033363342285,1,1
2023-06-14,2023-06-15,test_prequential,QQQ,0.6536846160888672,1,1
2023-06-14,2023-06-15,test_prequential,IWM,0.5400139689445496,1,1
2023-06-15,2023-06-16,test_prequential,SPY,0.6824191808700562,0,0
2023-06-15,2023-06-16,test_prequential,QQQ,0.6896796822547913,0,0
2023-06-15,2023-06-16,test_prequential,IWM,0.5394030809402466,0,0
2023-06-16,2023-06-20,test_prequential,SPY,0.6988435983657837,0,0
2023-06-16,2023-06-20,test_prequential,QQQ,0.6846914291381836,0,0
2023-06-16,2023-06-20,test_prequential,IWM,0.5310900807380676,0,0
2023-06-20,2023-06-21,test_prequential,SPY,0.6818165183067322,0,0
2023-06-20,2023-06-21,test_prequential,QQQ,0.6856077909469604,0,0
2023-06-20,2023-06-21,test_prequential,IWM,0.530591607093811,0,0
2023-06-21,2023-06-22,test_prequential,SPY,0.6959657669067383,1,1
2023-06-21,2023-06-22,test_prequential,QQQ,0.7028775215148926,1,1
2023-06-21,2023-06-22,test_prequential,IWM,0.4978400468826294,0,1
2023-06-22,2023-06-23,test_prequential,SPY,0.6806684732437134,0,0
2023-06-22,2023-06-23,test_prequential,QQQ,0.6789997220039368,0,0
2023-06-22,2023-06-23,test_prequential,IWM,0.5221143960952759,0,0
2023-06-23,2023-06-26,test_prequential,SPY,0.6800838112831116,0,0
2023-06-23,2023-06-26,test_prequential,QQQ,0.6799113154411316,0,0
2023-06-23,2023-06-26,test_prequential,IWM,0.49486780166625977,1,0
2023-06-26,2023-06-27,test_prequential,SPY,0.7150111198425293,1,1
2023-06-26,2023-06-27,test_prequential,QQQ,0.7152941823005676,1,1
2023-06-26,2023-06-27,test_prequential,IWM,0.4942690134048462,1,0
2023-06-27,2023-06-28,test_prequential,SPY,0.6899035573005676,1,1
2023-06-27,2023-06-28,test_prequential,QQQ,0.6991414427757263,1,1
2023-06-27,2023-06-28,test_prequential,IWM,0.5046715140342712,1,1
2023-06-28,2023-06-29,test_prequential,SPY,0.6968927383422852,1,1
2023-06-28,2023-06-29,test_prequential,QQQ,0.6958078145980835,0,0
2023-06-28,2023-06-29,test_prequential,IWM,0.49632614850997925,1,0
2023-06-29,2023-06-30,test_prequential,SPY,0.7173168063163757,1,1
2023-06-29,2023-06-30,test_prequential,QQQ,0.7049841284751892,1,1
2023-06-29,2023-06-30,test_prequential,IWM,0.49368566274642944,1,0
2023-06-30,2023-07-03,test_prequential,SPY,0.6914703249931335,1,1
2023-06-30,2023-07-03,test_prequential,QQQ,0.6834880709648132,1,1
2023-06-30,2023-07-03,test_prequential,IWM,0.5114548802375793,1,1
2023-07-03,2023-07-05,test_prequential,SPY,0.6988155841827393,0,0
2023-07-03,2023-07-05,test_prequential,QQQ,0.712273895740509,0,0
2023-07-03,2023-07-05,test_prequential,IWM,0.5016721487045288,0,0
2023-07-05,2023-07-06,test_prequential,SPY,0.680210530757904,0,0
2023-07-05,2023-07-06,test_prequential,QQQ,0.6743044853210449,0,0
2023-07-05,2023-07-06,test_prequential,IWM,0.5080843567848206,0,0
2023-07-06,2023-07-07,test_prequential,SPY,0.6772778034210205,0,0
2023-07-06,2023-07-07,test_prequential,QQQ,0.6734841465950012,0,0
2023-07-06,2023-07-07,test_prequential,IWM,0.5230857133865356,1,1
2023-07-07,2023-07-10,test_prequential,SPY,0.7027503252029419,1,1
2023-07-07,2023-07-10,test_prequential,QQQ,0.7046098709106445,1,1
2023-07-07,2023-07-10,test_prequential,IWM,0.5054909586906433,1,1
2023-07-10,2023-07-11,test_prequential,SPY,0.7027028203010559,1,1
2023-07-10,2023-07-11,test_prequential,QQQ,0.7024787664413452,1,1
2023-07-10,2023-07-11,test_prequential,IWM,0.5261610150337219,1,1
2023-07-11,2023-07-12,test_prequential,SPY,0.6992586851119995,1,1
2023-07-11,2023-07-12,test_prequential,QQQ,0.6950224041938782,1,1
2023-07-11,2023-07-12,test_prequential,IWM,0.5377852916717529,1,1
2023-07-12,2023-07-13,test_prequential,SPY,0.6892232894897461,1,1
2023-07-12,2023-07-13,test_prequential,QQQ,0.6753232479095459,1,1
2023-07-12,2023-07-13,test_prequential,IWM,0.5482220649719238,1,1
2023-07-13,2023-07-14,test_prequential,SPY,0.6841384172439575,0,0
2023-07-13,2023-07-14,test_prequential,QQQ,0.6959705352783203,0,0
2023-07-13,2023-07-14,test_prequential,IWM,0.5657094717025757,0,0
2023-07-14,2023-07-17,test_prequential,SPY,0.6680281758308411,1,1
2023-07-14,2023-07-17,test_prequential,QQQ,0.6499484777450562,1,1
2023-07-14,2023-07-17,test_prequential,IWM,0.5865664482116699,1,1
2023-07-17,2023-07-18,test_prequential,SPY,0.6857060194015503,1,1
2023-07-17,2023-07-18,test_prequential,QQQ,0.7055808305740356,1,1
2023-07-17,2023-07-18,test_prequential,IWM,0.5883904099464417,1,1
2023-07-18,2023-07-19,test_prequential,SPY,0.6999690532684326,1,1
2023-07-18,2023-07-19,test_prequential,QQQ,0.705881655216217,0,0
2023-07-18,2023-07-19,test_prequential,IWM,0.6158127188682556,1,1
2023-07-19,2023-07-20,test_prequential,SPY,0.702380895614624,0,0
2023-07-19,2023-07-20,test_prequential,QQQ,0.6954474449157715,0,0
2023-07-19,2023-07-20,test_prequential,IWM,0.6106336712837219,0,0
2023-07-20,2023-07-21,test_prequential,SPY,0.7042228579521179,0,0
2023-07-20,2023-07-21,test_prequential,QQQ,0.6876585483551025,0,0
2023-07-20,2023-07-21,test_prequential,IWM,0.6177693605422974,0,0
2023-07-21,2023-07-24,test_prequential,SPY,0.7112017869949341,1,1
2023-07-21,2023-07-24,test_prequential,QQQ,0.6995840072631836,1,1
2023-07-21,2023-07-24,test_prequential,IWM,0.6284894347190857,1,1
2023-07-24,2023-07-25,test_prequential,SPY,0.69271320104599,1,1
2023-07-24,2023-07-25,test_prequential,QQQ,0.6851187348365784,1,1
2023-07-24,2023-07-25,test_prequential,IWM,0.6492980718612671,0,0
2023-07-25,2023-07-26,test_prequential,SPY,0.6776197552680969,1,1
2023-07-25,2023-07-26,test_prequential,QQQ,0.6716468930244446,0,0
2023-07-25,2023-07-26,test_prequential,IWM,0.655674397945404,1,1
2023-07-26,2023-07-27,test_prequential,SPY,0.7027713060379028,0,0
2023-07-26,2023-07-27,test_prequential,QQQ,0.7028293013572693,0,0
2023-07-26,2023-07-27,test_prequential,IWM,0.653279185295105,0,0
2023-07-27,2023-07-28,test_prequential,SPY,0.6915237903594971,1,1
2023-07-27,2023-07-28,test_prequential,QQQ,0.6586035490036011,1,1
2023-07-27,2023-07-28,test_prequential,IWM,0.6611735820770264,1,1
2023-07-28,2023-07-31,test_prequential,SPY,0.723231315612793,1,1
2023-07-28,2023-07-31,test_prequential,QQQ,0.6916819214820862,1,1
2023-07-28,2023-07-31,test_prequential,IWM,0.6698874235153198,1,1
2023-07-31,2023-08-01,test_prequential,SPY,0.7286545634269714,0,0
2023-07-31,2023-08-01,test_prequential,QQQ,0.7046829462051392,0,0
2023-07-31,2023-08-01,test_prequential,IWM,0.6643645763397217,0,0
2023-08-01,2023-08-02,test_prequential,SPY,0.6882261037826538,0,0
2023-08-01,2023-08-02,test_prequential,QQQ,0.6694382429122925,0,0
2023-08-01,2023-08-02,test_prequential,IWM,0.6707695126533508,0,0
2023-08-02,2023-08-03,test_prequential,SPY,0.7065466642379761,0,0
2023-08-02,2023-08-03,test_prequential,QQQ,0.6566479802131653,0,0
2023-08-02,2023-08-03,test_prequential,IWM,0.6746809482574463,0,0
2023-08-03,2023-08-04,test_prequential,SPY,0.7003759145736694,0,0
2023-08-03,2023-08-04,test_prequential,QQQ,0.6609078049659729,0,0
2023-08-03,2023-08-04,test_prequential,IWM,0.6596440672874451,0,0
2023-08-04,2023-08-07,test_prequential,SPY,0.696923553943634,1,1
2023-08-04,2023-08-07,test_prequential,QQQ,0.6555135250091553,1,1
2023-08-04,2023-08-07,test_prequential,IWM,0.6801088452339172,1,1
2023-08-07,2023-08-08,test_prequential,SPY,0.705427348613739,0,0
2023-08-07,2023-08-08,test_prequential,QQQ,0.6784505844116211,0,0
2023-08-07,2023-08-08,test_prequential,IWM,0.6659194231033325,0,0
2023-08-08,2023-08-09,test_prequential,SPY,0.6912394165992737,0,0
2023-08-08,2023-08-09,test_prequential,QQQ,0.6329076290130615,0,0
2023-08-08,2023-08-09,test_prequential,IWM,0.6642277240753174,0,0
2023-08-09,2023-08-10,test_prequential,SPY,0.6974326372146606,1,1
2023-08-09,2023-08-10,test_prequential,QQQ,0.6378633379936218,1,1
2023-08-09,2023-08-10,test_prequential,IWM,0.6698678135871887,0,0
2023-08-10,2023-08-11,test_prequential,SPY,0.6867674589157104,0,0
2023-08-10,2023-08-11,test_prequential,QQQ,0.6235030293464661,0,0
2023-08-10,2023-08-11,test_prequential,IWM,0.667954683303833,1,1
2023-08-11,2023-08-14,test_prequential,SPY,0.6733325719833374,1,1
2023-08-11,2023-08-14,test_prequential,QQQ,0.6252284049987793,1,1
2023-08-11,2023-08-14,test_prequential,IWM,0.6597002744674683,0,0
2023-08-14,2023-08-15,test_prequential,SPY,0.6552422642707825,0,0
2023-08-14,2023-08-15,test_prequential,QQQ,0.6274640560150146,0,0
2023-08-14,2023-08-15,test_prequential,IWM,0.6613858342170715,0,0
2023-08-15,2023-08-16,test_prequential,SPY,0.6361865997314453,0,0
2023-08-15,2023-08-16,test_prequential,QQQ,0.5855841040611267,0,0
2023-08-15,2023-08-16,test_prequential,IWM,0.6423133015632629,0,0
2023-08-16,2023-08-17,test_prequential,SPY,0.6573112607002258,0,0
2023-08-16,2023-08-17,test_prequential,QQQ,0.5886293649673462,0,0
2023-08-16,2023-08-17,test_prequential,IWM,0.6327868103981018,0,0
2023-08-17,2023-08-18,test_prequential,SPY,0.65229731798172,1,1
2023-08-17,2023-08-18,test_prequential,QQQ,0.5870296955108643,0,0
2023-08-17,2023-08-18,test_prequential,IWM,0.6267545223236084,1,1
2023-08-18,2023-08-21,test_prequential,SPY,0.6625694036483765,1,1
2023-08-18,2023-08-21,test_prequential,QQQ,0.6209673285484314,1,1
2023-08-18,2023-08-21,test_prequential,IWM,0.6014978289604187,0,0
2023-08-21,2023-08-22,test_prequential,SPY,0.6315351128578186,0,0
2023-08-21,2023-08-22,test_prequential,QQQ,0.5788766741752625,0,0
2023-08-21,2023-08-22,test_prequential,IWM,0.6349297761917114,0,0
2023-08-22,2023-08-23,test_prequential,SPY,0.6398033499717712,1,1
2023-08-22,2023-08-23,test_prequential,QQQ,0.5588991641998291,1,1
2023-08-22,2023-08-23,test_prequential,IWM,0.5928822755813599,1,1
2023-08-23,2023-08-24,test_prequential,SPY,0.648084819316864,0,0
2023-08-23,2023-08-24,test_prequential,QQQ,0.581535279750824,0,0
2023-08-23,2023-08-24,test_prequential,IWM,0.5976042747497559,0,0
2023-08-24,2023-08-25,test_prequential,SPY,0.6370342969894409,1,1
2023-08-24,2023-08-25,test_prequential,QQQ,0.5425002574920654,1,1
2023-08-24,2023-08-25,test_prequential,IWM,0.5805130004882812,1,1
2023-08-25,2023-08-28,test_prequential,SPY,0.6448942422866821,1,1
2023-08-25,2023-08-28,test_prequential,QQQ,0.5744587182998657,1,1
2023-08-25,2023-08-28,test_prequential,IWM,0.5926403999328613,1,1
2023-08-28,2023-08-29,test_prequential,SPY,0.6501532793045044,1,1
2023-08-28,2023-08-29,test_prequential,QQQ,0.5736818909645081,1,1
2023-08-28,2023-08-29,test_prequential,IWM,0.5752800703048706,1,1
2023-08-29,2023-08-30,test_prequential,SPY,0.6449168920516968,1,1
2023-08-29,2023-08-30,test_prequential,QQQ,0.5729659795761108,1,1
2023-08-29,2023-08-30,test_prequential,IWM,0.6013959646224976,1,1
2023-08-30,2023-08-31,test_prequential,SPY,0.6466593742370605,0,0
2023-08-30,2023-08-31,test_prequential,QQQ,0.5617403984069824,1,1
2023-08-30,2023-08-31,test_prequential,IWM,0.5754354596138,0,0
2023-08-31,2023-09-01,test_prequential,SPY,0.6379913687705994,1,1
2023-08-31,2023-09-01,test_prequential,QQQ,0.5422747731208801,0,0
2023-08-31,2023-09-01,test_prequential,IWM,0.5716350078582764,1,1
2023-09-01,2023-09-05,test_prequential,SPY,0.6712743639945984,0,0
2023-09-01,2023-09-05,test_prequential,QQQ,0.5865339636802673,1,1
2023-09-01,2023-09-05,test_prequential,IWM,0.5695279836654663,0,0
2023-09-05,2023-09-06,test_prequential,SPY,0.6168739795684814,0,0
2023-09-05,2023-09-06,test_prequential,QQQ,0.5273266434669495,0,0
2023-09-05,2023-09-06,test_prequential,IWM,0.5842827558517456,0,0
2023-09-06,2023-09-07,test_prequential,SPY,0.6423141956329346,0,0
2023-09-06,2023-09-07,test_prequential,QQQ,0.553924560546875,0,0
2023-09-06,2023-09-07,test_prequential,IWM,0.5722099542617798,0,0
2023-09-07,2023-09-08,test_prequential,SPY,0.6219154596328735,1,1
2023-09-07,2023-09-08,test_prequential,QQQ,0.5386942625045776,1,1
2023-09-07,2023-09-08,test_prequential,IWM,0.5761743783950806,0,0
2023-09-08,2023-09-11,test_prequential,SPY,0.6337867379188538,1,1
2023-09-08,2023-09-11,test_prequential,QQQ,0.5587676763534546,1,1
2023-09-08,2023-09-11,test_prequential,IWM,0.5539985299110413,1,1
2023-09-11,2023-09-12,test_prequential,SPY,0.6370622515678406,0,0
2023-09-11,2023-09-12,test_prequential,QQQ,0.5699176788330078,0,0
2023-09-11,2023-09-12,test_prequential,IWM,0.5650107860565186,0,0
2023-09-12,2023-09-13,test_prequential,SPY,0.6302958726882935,1,1
2023-09-12,2023-09-13,test_prequential,QQQ,0.5605634450912476,1,1
2023-09-12,2023-09-13,test_prequential,IWM,0.5391078591346741,0,0
2023-09-13,2023-09-14,test_prequential,SPY,0.6271021962165833,1,1
2023-09-13,2023-09-14,test_prequential,QQQ,0.5548890233039856,1,1
2023-09-13,2023-09-14,test_prequential,IWM,0.545674741268158,1,1
2023-09-14,2023-09-15,test_prequential,SPY,0.6539486050605774,0,0
2023-09-14,2023-09-15,test_prequential,QQQ,0.5927693247795105,0,0
2023-09-14,2023-09-15,test_prequential,IWM,0.5202860832214355,0,0
2023-09-15,2023-09-18,test_prequential,SPY,0.6405754685401917,1,1
2023-09-15,2023-09-18,test_prequential,QQQ,0.5680046677589417,1,1
2023-09-15,2023-09-18,test_prequential,IWM,0.5205903649330139,0,0
2023-09-18,2023-09-19,test_prequential,SPY,0.6337845921516418,0,0
2023-09-18,2023-09-19,test_prequential,QQQ,0.5811418890953064,0,0
2023-09-18,2023-09-19,test_prequential,IWM,0.5211318731307983,0,0
2023-09-19,2023-09-20,test_prequential,SPY,0.6320679783821106,0,0
2023-09-19,2023-09-20,test_prequential,QQQ,0.5657188296318054,0,0
2023-09-19,2023-09-20,test_prequential,IWM,0.5051976442337036,0,0
2023-09-20,2023-09-21,test_prequential,SPY,0.643481433391571,0,0
2023-09-20,2023-09-21,test_prequential,QQQ,0.5621540546417236,0,0
2023-09-20,2023-09-21,test_prequential,IWM,0.4903391897678375,0,1
2023-09-21,2023-09-22,test_prequential,SPY,0.6314234733581543,0,0
2023-09-21,2023-09-22,test_prequential,QQQ,0.5567474961280823,1,1
2023-09-21,2023-09-22,test_prequential,IWM,0.49222657084465027,0,1
2023-09-22,2023-09-25,test_prequential,SPY,0.6466679573059082,1,1
2023-09-22,2023-09-25,test_prequential,QQQ,0.585430920124054,1,1
2023-09-22,2023-09-25,test_prequential,IWM,0.4783444404602051,1,0
2023-09-25,2023-09-26,test_prequential,SPY,0.6380159258842468,0,0
2023-09-25,2023-09-26,test_prequential,QQQ,0.5911438465118408,0,0
2023-09-25,2023-09-26,test_prequential,IWM,0.49560409784317017,0,1
2023-09-26,2023-09-27,test_prequential,SPY,0.6291571855545044,1,1
2023-09-26,2023-09-27,test_prequential,QQQ,0.5712740421295166,1,1
2023-09-26,2023-09-27,test_prequential,IWM,0.46600648760795593,1,0
2023-09-27,2023-09-28,test_prequential,SPY,0.6413092613220215,1,1
2023-09-27,2023-09-28,test_prequential,QQQ,0.5925652384757996,1,1
2023-09-27,2023-09-28,test_prequential,IWM,0.4665868878364563,1,0
2023-09-28,2023-09-29,test_prequential,SPY,0.6248228549957275,0,0
2023-09-28,2023-09-29,test_prequential,QQQ,0.5937084555625916,1,1
2023-09-28,2023-09-29,test_prequential,IWM,0.4728733003139496,0,1
2023-09-29,2023-10-02,test_prequential,SPY,0.6320145726203918,0,0
2023-09-29,2023-10-02,test_prequential,QQQ,0.5673589706420898,1,1
2023-09-29,2023-10-02,test_prequential,IWM,0.4658008813858032,0,1
2023-10-02,2023-10-03,test_prequential,SPY,0.587024450302124,0,0
2023-10-02,2023-10-03,test_prequential,QQQ,0.5595893859863281,0,0
2023-10-02,2023-10-03,test_prequential,IWM,0.470853328704834,0,1
2023-10-03,2023-10-04,test_prequential,SPY,0.6000325679779053,1,1
2023-10-03,2023-10-04,test_prequential,QQQ,0.5703189969062805,1,1
2023-10-03,2023-10-04,test_prequential,IWM,0.4517211318016052,1,0
2023-10-04,2023-10-05,test_prequential,SPY,0.6078900694847107,0,0
2023-10-04,2023-10-05,test_prequential,QQQ,0.5982324481010437,0,0
2023-10-04,2023-10-05,test_prequential,IWM,0.4631659686565399,1,0
2023-10-05,2023-10-06,test_prequential,SPY,0.5993664264678955,1,1
2023-10-05,2023-10-06,test_prequential,QQQ,0.5878229737281799,1,1
2023-10-05,2023-10-06,test_prequential,IWM,0.4481157660484314,1,0
2023-10-06,2023-10-09,test_prequential,SPY,0.5991712808609009,1,1
2023-10-06,2023-10-09,test_prequential,QQQ,0.6052311062812805,1,1
2023-10-06,2023-10-09,test_prequential,IWM,0.4798334538936615,1,0
2023-10-09,2023-10-10,test_prequential,SPY,0.6151391863822937,1,1
2023-10-09,2023-10-10,test_prequential,QQQ,0.6168373227119446,1,1
2023-10-09,2023-10-10,test_prequential,IWM,0.4577387869358063,1,0
2023-10-10,2023-10-11,test_prequential,SPY,0.5983781814575195,1,1
2023-10-10,2023-10-11,test_prequential,QQQ,0.6242367625236511,1,1
2023-10-10,2023-10-11,test_prequential,IWM,0.4540697932243347,0,1
2023-10-11,2023-10-12,test_prequential,SPY,0.578420102596283,0,0
2023-10-11,2023-10-12,test_prequential,QQQ,0.6094957590103149,0,0
2023-10-11,2023-10-12,test_prequential,IWM,0.4505790174007416,0,1
2023-10-12,2023-10-13,test_prequential,SPY,0.5603270530700684,0,0
2023-10-12,2023-10-13,test_prequential,QQQ,0.5696045756340027,0,0
2023-10-12,2023-10-13,test_prequential,IWM,0.4567396342754364,0,1
2023-10-13,2023-10-16,test_prequential,SPY,0.597011923789978,1,1
2023-10-13,2023-10-16,test_prequential,QQQ,0.5993839502334595,1,1
2023-10-13,2023-10-16,test_prequential,IWM,0.4518319070339203,1,0
2023-10-16,2023-10-17,test_prequential,SPY,0.6014792323112488,0,0
2023-10-16,2023-10-17,test_prequential,QQQ,0.6327514052391052,0,0
2023-10-16,2023-10-17,test_prequential,IWM,0.4659974277019501,1,0
2023-10-17,2023-10-18,test_prequential,SPY,0.6032267212867737,0,0
2023-10-17,2023-10-18,test_prequential,QQQ,0.6403838396072388,0,0
2023-10-17,2023-10-18,test_prequential,IWM,0.47088515758514404,0,1
2023-10-18,2023-10-19,test_prequential,SPY,0.5523903965950012,0,0
2023-10-18,2023-10-19,test_prequential,QQQ,0.6012639999389648,0,0
2023-10-18,2023-10-19,test_prequential,IWM,0.469343900680542,0,1
2023-10-19,2023-10-20,test_prequential,SPY,0.551207423210144,0,0
2023-10-19,2023-10-20,test_prequential,QQQ,0.5733669400215149,0,0
2023-10-19,2023-10-20,test_prequential,IWM,0.4822149872779846,0,1
2023-10-20,2023-10-23,test_prequential,SPY,0.5754258036613464,0,0
2023-10-20,2023-10-23,test_prequential,QQQ,0.6006665229797363,1,1
2023-10-20,2023-10-23,test_prequential,IWM,0.45579102635383606,0,1
2023-10-23,2023-10-24,test_prequential,SPY,0.5337063074111938,1,1
2023-10-23,2023-10-24,test_prequential,QQQ,0.5821147561073303,1,1
2023-10-23,2023-10-24,test_prequential,IWM,0.48636558651924133,1,0
2023-10-24,2023-10-25,test_prequential,SPY,0.5527787804603577,0,0
2023-10-24,2023-10-25,test_prequential,QQQ,0.6061628460884094,0,0
2023-10-24,2023-10-25,test_prequential,IWM,0.46636950969696045,0,1
2023-10-25,2023-10-26,test_prequential,SPY,0.5435035824775696,0,0
2023-10-25,2023-10-26,test_prequential,QQQ,0.5825955271720886,0,0
2023-10-25,2023-10-26,test_prequential,IWM,0.46192052960395813,1,0
2023-10-26,2023-10-27,test_prequential,SPY,0.5667992234230042,0,0
2023-10-26,2023-10-27,test_prequential,QQQ,0.6178085207939148,1,1
2023-10-26,2023-10-27,test_prequential,IWM,0.4416278600692749,0,1
2023-10-27,2023-10-30,test_prequential,SPY,0.5026718378067017,1,1
2023-10-27,2023-10-30,test_prequential,QQQ,0.5634221434593201,1,1
2023-10-27,2023-10-30,test_prequential,IWM,0.4622841477394104,1,0
2023-10-30,2023-10-31,test_prequential,SPY,0.5276646614074707,1,1
2023-10-30,2023-10-31,test_prequential,QQQ,0.594456136226654,1,1
2023-10-30,2023-10-31,test_prequential,IWM,0.4703699052333832,1,0
2023-10-31,2023-11-01,test_prequential,SPY,0.5087995529174805,1,1
2023-10-31,2023-11-01,test_prequential,QQQ,0.5817729234695435,1,1
2023-10-31,2023-11-01,test_prequential,IWM,0.473539263010025,1,0
2023-11-01,2023-11-02,test_prequential,SPY,0.5195671319961548,1,1
2023-11-01,2023-11-02,test_prequential,QQQ,0.5946656465530396,1,1
2023-11-01,2023-11-02,test_prequential,IWM,0.4883340299129486,1,0
2023-11-02,2023-11-03,test_prequential,SPY,0.5442082285881042,1,1
2023-11-02,2023-11-03,test_prequential,QQQ,0.5968376398086548,1,1
2023-11-02,2023-11-03,test_prequential,IWM,0.4774142801761627,1,0
2023-11-03,2023-11-06,test_prequential,SPY,0.5505952835083008,1,1
2023-11-03,2023-11-06,test_prequential,QQQ,0.6232688426971436,1,1
2023-11-03,2023-11-06,test_prequential,IWM,0.48365649580955505,0,1
2023-11-06,2023-11-07,test_prequential,SPY,0.49781742691993713,1,0
2023-11-06,2023-11-07,test_prequential,QQQ,0.5812638998031616,1,1
2023-11-06,2023-11-07,test_prequential,IWM,0.4813193082809448,0,1
2023-11-07,2023-11-08,test_prequential,SPY,0.4935990869998932,1,0
2023-11-07,2023-11-08,test_prequential,QQQ,0.5848116278648376,1,1
2023-11-07,2023-11-08,test_prequential,IWM,0.4981951415538788,0,1
2023-11-08,2023-11-09,test_prequential,SPY,0.5096068978309631,0,0
2023-11-08,2023-11-09,test_prequential,QQQ,0.591752827167511,0,0
2023-11-08,2023-11-09,test_prequential,IWM,0.4848310053348541,0,1
2023-11-09,2023-11-10,test_prequential,SPY,0.5064597129821777,1,1
2023-11-09,2023-11-10,test_prequential,QQQ,0.5955294966697693,1,1
2023-11-09,2023-11-10,test_prequential,IWM,0.476044237613678,1,0
2023-11-10,2023-11-13,test_prequential,SPY,0.5519008636474609,0,0
2023-11-10,2023-11-13,test_prequential,QQQ,0.6439489126205444,0,0
2023-11-10,2023-11-13,test_prequential,IWM,0.5034884810447693,1,1
2023-11-13,2023-11-14,test_prequential,SPY,0.5565457940101624,1,1
2023-11-13,2023-11-14,test_prequential,QQQ,0.6444200873374939,1,1
2023-11-13,2023-11-14,test_prequential,IWM,0.4822233021259308,1,0
2023-11-14,2023-11-15,test_prequential,SPY,0.5882710218429565,1,1
2023-11-14,2023-11-15,test_prequential,QQQ,0.6637681126594543,1,1
2023-11-14,2023-11-15,test_prequential,IWM,0.48191556334495544,1,0
2023-11-15,2023-11-16,test_prequential,SPY,0.5587387681007385,1,1
2023-11-15,2023-11-16,test_prequential,QQQ,0.6487711668014526,1,1
2023-11-15,2023-11-16,test_prequential,IWM,0.49151793122291565,0,1
2023-11-16,2023-11-17,test_prequential,SPY,0.5338407754898071,1,1
2023-11-16,2023-11-17,test_prequential,QQQ,0.6313401460647583,1,1
2023-11-16,2023-11-17,test_prequential,IWM,0.49187496304512024,1,0
2023-11-17,2023-11-20,test_prequential,SPY,0.5931917428970337,1,1
2023-11-17,2023-11-20,test_prequential,QQQ,0.6885194182395935,1,1
2023-11-17,2023-11-20,test_prequential,IWM,0.49093160033226013,1,0
2023-11-20,2023-11-21,test_prequential,SPY,0.587634265422821,0,0
2023-11-20,2023-11-21,test_prequential,QQQ,0.6809846758842468,0,0
2023-11-20,2023-11-21,test_prequential,IWM,0.5065754055976868,0,0
2023-11-21,2023-11-22,test_prequential,SPY,0.5706676840782166,1,1
2023-11-21,2023-11-22,test_prequential,QQQ,0.6569052934646606,1,1
2023-11-21,2023-11-22,test_prequential,IWM,0.5003663897514343,1,1
2023-11-22,2023-11-24,test_prequential,SPY,0.6136050224304199,1,1
2023-11-22,2023-11-24,test_prequential,QQQ,0.7028248310089111,0,0
2023-11-22,2023-11-24,test_prequential,IWM,0.520041823387146,1,1
2023-11-24,2023-11-27,test_prequential,SPY,0.6105305552482605,0,0
2023-11-24,2023-11-27,test_prequential,QQQ,0.7133095860481262,0,0
2023-11-24,2023-11-27,test_prequential,IWM,0.49913015961647034,0,1
2023-11-27,2023-11-28,test_prequential,SPY,0.6088207960128784,1,1
2023-11-27,2023-11-28,test_prequential,QQQ,0.6945623755455017,1,1
2023-11-27,2023-11-28,test_prequential,IWM,0.5217168927192688,0,0
2023-11-28,2023-11-29,test_prequential,SPY,0.6152353286743164,0,0
2023-11-28,2023-11-29,test_prequential,QQQ,0.699059009552002,0,0
2023-11-28,2023-11-29,test_prequential,IWM,0.5174800157546997,1,1
2023-11-29,2023-11-30,test_prequential,SPY,0.647843599319458,1,1
2023-11-29,2023-11-30,test_prequential,QQQ,0.7070949077606201,0,0
2023-11-29,2023-11-30,test_prequential,IWM,0.5245876312255859,1,1
2023-11-30,2023-12-01,test_prequential,SPY,0.6360253691673279,1,1
2023-11-30,2023-12-01,test_prequential,QQQ,0.6996264457702637,1,1
2023-11-30,2023-12-01,test_prequential,IWM,0.5392814874649048,1,1
2023-12-01,2023-12-04,test_prequential,SPY,0.6633532643318176,0,0
2023-12-01,2023-12-04,test_prequential,QQQ,0.7189098596572876,0,0
2023-12-01,2023-12-04,test_prequential,IWM,0.5502527356147766,1,1
2023-12-04,2023-12-05,test_prequential,SPY,0.6486845016479492,0,0
2023-12-04,2023-12-05,test_prequential,QQQ,0.7111101746559143,1,1
2023-12-04,2023-12-05,test_prequential,IWM,0.5512253642082214,0,0
2023-12-05,2023-12-06,test_prequential,SPY,0.6154937148094177,0,0
2023-12-05,2023-12-06,test_prequential,QQQ,0.6726246476173401,0,0
2023-12-05,2023-12-06,test_prequential,IWM,0.5564861297607422,0,0
2023-12-06,2023-12-07,test_prequential,SPY,0.6339473128318787,1,1
2023-12-06,2023-12-07,test_prequential,QQQ,0.6947111487388611,1,1
2023-12-06,2023-12-07,test_prequential,IWM,0.5368877053260803,1,1
2023-12-07,2023-12-08,test_prequential,SPY,0.6368304491043091,1,1
2023-12-07,2023-12-08,test_prequential,QQQ,0.6864743828773499,1,1
2023-12-07,2023-12-08,test_prequential,IWM,0.5573297739028931,1,1
2023-12-08,2023-12-11,test_prequential,SPY,0.6394962072372437,1,1
2023-12-08,2023-12-11,test_prequential,QQQ,0.689121663570404,1,1
2023-12-08,2023-12-11,test_prequential,IWM,0.5727716088294983,1,1
2023-12-11,2023-12-12,test_prequential,SPY,0.6412686705589294,1,1
2023-12-11,2023-12-12,test_prequential,QQQ,0.6969382166862488,1,1
2023-12-11,2023-12-12,test_prequential,IWM,0.5843155384063721,0,0
2023-12-12,2023-12-13,test_prequential,SPY,0.6341081857681274,1,1
2023-12-12,2023-12-13,test_prequential,QQQ,0.686900794506073,1,1
2023-12-12,2023-12-13,test_prequential,IWM,0.6005386710166931,1,1
2023-12-13,2023-12-14,test_prequential,SPY,0.6843757033348083,1,1
2023-12-13,2023-12-14,test_prequential,QQQ,0.7194017171859741,0,0
2023-12-13,2023-12-14,test_prequential,IWM,0.6043253540992737,1,1
2023-12-14,2023-12-15,test_prequential,SPY,0.6842877864837646,0,0
2023-12-14,2023-12-15,test_prequential,QQQ,0.7221605777740479,1,1
2023-12-14,2023-12-15,test_prequential,IWM,0.5967776775360107,0,0
2023-12-15,2023-12-18,test_prequential,SPY,0.6538634896278381,1,1
2023-12-15,2023-12-18,test_prequential,QQQ,0.6678868532180786,1,1
2023-12-15,2023-12-18,test_prequential,IWM,0.6110391616821289,1,1
2023-12-18,2023-12-19,test_prequential,SPY,0.6510497331619263,1,1
2023-12-18,2023-12-19,test_prequential,QQQ,0.7034993767738342,1,1
2023-12-18,2023-12-19,test_prequential,IWM,0.6044554114341736,1,1
2023-12-19,2023-12-20,test_prequential,SPY,0.661041259765625,0,0
2023-12-19,2023-12-20,test_prequential,QQQ,0.6645784378051758,0,0
2023-12-19,2023-12-20,test_prequential,IWM,0.5348430275917053,0,0
2023-12-20,2023-12-21,test_prequential,SPY,0.6303511261940002,1,1
2023-12-20,2023-12-21,test_prequential,QQQ,0.6206181645393372,1,1
2023-12-20,2023-12-21,test_prequential,IWM,0.5439669489860535,1,1
2023-12-21,2023-12-22,test_prequential,SPY,0.669924795627594,1,1
2023-12-21,2023-12-22,test_prequential,QQQ,0.6637532711029053,1,1
2023-12-21,2023-12-22,test_prequential,IWM,0.5495216846466064,1,1
2023-12-22,2023-12-26,test_prequential,SPY,0.6671319007873535,1,1
2023-12-22,2023-12-26,test_prequential,QQQ,0.6664700508117676,1,1
2023-12-22,2023-12-26,test_prequential,IWM,0.5509011149406433,1,1
2023-12-26,2023-12-27,test_prequential,SPY,0.6704794764518738,1,1
2023-12-26,2023-12-27,test_prequential,QQQ,0.6776429414749146,1,1
2023-12-26,2023-12-27,test_prequential,IWM,0.5604979991912842,1,1
2023-12-27,2023-12-28,test_prequential,SPY,0.6738137006759644,1,1
2023-12-27,2023-12-28,test_prequential,QQQ,0.6752064824104309,0,0
2023-12-27,2023-12-28,test_prequential,IWM,0.5701484680175781,0,0
2023-12-28,2023-12-29,test_prequential,SPY,0.6784273982048035,0,0
2023-12-28,2023-12-29,test_prequential,QQQ,0.6692306995391846,0,0
2023-12-28,2023-12-29,test_prequential,IWM,0.5728839635848999,0,0
