date,open,close,raw_open,raw_close
2016-01-04,170.65,171.1,200.49,201.0192
2016-01-05,171.43,171.39,201.405,201.36
2016-01-06,168.81,169.23,198.33,198.82
2016-01-07,166.26,165.17,195.33,194.05
2016-01-08,166.14,163.36,195.19,191.923
2016-01-11,164.28,163.52,193.01,192.11
2016-01-12,164.97,164.84,193.82,193.6608
2016-01-13,165.51,160.73,194.45,188.83
2016-01-14,161.34,163.36,189.55,191.93
2016-01-15,158.97,159.86,186.77,187.81
2016-01-19,161.69,160.07,189.96,188.06
2016-01-20,157.49,158.02,185.03,185.65
2016-01-21,158.5,158.9,186.21,186.69
2016-01-22,161.53,162.16,189.78,190.52
2016-01-25,161.66,159.71,189.93,187.64
2016-01-26,160.38,161.89,188.42,190.2
2016-01-27,161.36,160.13,189.58,188.13
2016-01-28,161.69,160.96,189.96,189.11
2016-01-29,161.73,164.89,190.01,193.7208
2016-02-01,163.87,164.83,192.53,193.65
2016-02-02,163.39,161.86,191.96,190.16
2016-02-03,162.92,162.83,191.41,191.3
2016-02-04,162.33,163.08,190.71,191.6
2016-02-05,162.56,159.98,190.99,187.95
2016-02-08,158.12,157.82,185.77,185.42
2016-02-09,156.07,157.83,183.36,185.43
2016-02-10,158.67,157.7,186.41,185.27
2016-02-11,155.2,155.64,182.34,182.86
2016-02-12,157.43,158.85,184.96,186.63
2016-02-16,160.67,161.53,188.77,189.78
2016-02-17,162.72,164.17,191.17,192.88
2016-02-18,164.44,163.5,193.2,192.09
2016-02-19,162.72,163.42,191.17,192
2016-02-22,165.02,165.79,193.87,194.78
2016-02-23,165.12,163.7,193.99,192.32
2016-02-24,162.26,164.44,190.63,193.2
2016-02-25,164.9,166.44,193.73,195.54
2016-02-26,167.31,166.05,196.57,195.0892
2016-02-29,166.07,164.57,195.11,193.35
2016-03-01,165.99,168.62,195.01,198.11
2016-03-02,168.31,169.38,197.74,199
2016-03-03,169.2,170.04,198.79,199.775
2016-03-04,170.24,170.6,200.01,200.43
2016-03-07,169.67,170.73,199.34,200.59
2016-03-08,169.65,168.87,199.32,198.4
2016-03-09,169.69,169.71,199.36,199.38
2016-03-10,170.2,169.84,199.96,199.54
2016-03-11,171.31,172.58,201.26,202.76
2016-03-14,172.07,172.36,202.16,202.5
2016-03-15,171.39,172.08,201.36,202.17
2016-03-16,171.59,173.08,201.6,203.34
2016-03-17,172.99,174.17,203.24,204.63
2016-03-18,173.79,173.96,204.18,204.38
2016-03-21,173.7,174.21,204.07,204.67
2016-03-22,173.43,174.11,203.76,204.56
2016-03-23,173.73,172.96,204.11,203.2092
2016-03-24,171.94,172.89,202,203.12
2016-03-28,173.31,172.99,203.61,203.24
2016-03-29,172.58,174.59,202.76,205.1208
2016-03-30,175.6,175.36,206.3,206.02
2016-03-31,175.26,174.93,205.91,205.52
2016-04-01,173.94,176.12,204.35,206.92
2016-04-04,176.05,175.55,206.83,206.25
2016-04-05,174.21,173.8,204.67,204.19
2016-04-06,173.88,175.7,204.29,206.42
2016-04-07,174.61,173.59,205.14,203.95
2016-04-08,174.78,174.06,205.34,204.4992
2016-04-11,174.7,173.65,205.25,204.0201
2016-04-12,173.82,175.27,204.22,205.92
2016-04-13,176.19,177.04,207,208.0008
2016-04-14,177.1,177.05,208.07,208.01
2016-04-15,177.05,176.85,208.01,207.78
2016-04-18,176.31,178.1,207.14,209.2392
2016-04-19,178.52,178.66,209.74,209.9
2016-04-20,178.7,178.83,209.95,210.1
2016-04-21,178.85,177.87,210.12,208.97
2016-04-22,177.51,177.87,208.55,208.97
2016-04-25,177.26,177.56,208.26,208.61
2016-04-26,177.93,177.82,209.04,208.9192
2016-04-27,177.44,178.19,208.47,209.35
2016-04-28,177.43,176.57,208.46,207.4475
2016-04-29,175.95,175.62,206.72,206.3308
2016-05-02,176.12,177.02,206.92,207.97
2016-05-03,175.78,175.48,206.52,206.1592
2016-05-04,174.48,174.5,204.99,205.01
2016-05-05,174.97,174.46,205.56,204.97
2016-05-06,173.69,175.1,204.06,205.72
2016-05-09,174.96,175.25,205.55,205.8892
2016-05-10,175.93,177.43,206.69,208.45
2016-05-11,176.97,175.77,207.91,206.5
2016-05-12,176.44,175.82,207.29,206.56
2016-05-13,175.52,174.28,206.21,204.76
2016-05-16,174.45,176,204.96,206.78
2016-05-17,175.73,174.36,206.46,204.8508
2016-05-18,174.01,174.41,204.44,204.91
2016-05-19,173.67,173.81,204.04,204.2
2016-05-20,174.42,174.91,204.92,205.49
2016-05-23,174.92,174.67,205.51,205.21
2016-05-24,175.48,176.93,206.17,207.87
2016-05-25,177.61,178.13,208.67,209.28
2016-05-26,178.27,178.18,209.44,209.34
2016-05-27,178.34,178.95,209.53,210.24
2016-05-31,179.22,178.61,210.56,209.84
2016-06-01,178,178.97,209.12,210.27
2016-06-02,178.57,179.52,209.8,210.91
2016-06-03,178.96,178.98,210.25,210.28
2016-06-06,179.34,179.89,210.7,211.35
2016-06-07,180.04,180.17,211.525,211.68
2016-06-08,180.31,180.76,211.84,212.37
2016-06-09,180.03,180.51,211.51,212.08
2016-06-10,179.14,178.8,210.46,210.07
2016-06-13,178.2,177.42,209.36,208.4492
2016-06-14,177.04,177.08,208,208.04
2016-06-15,177.5,176.83,208.54,207.75
2016-06-16,175.96,177.36,206.73,208.37
2016-06-17,177.25,176.7,207.17,206.52
2016-06-20,178.66,177.83,208.82,207.85
2016-06-21,178.22,178.34,208.3,208.44
2016-06-22,178.52,178.05,208.65,208.1
2016-06-23,179.51,180.37,209.81,210.81
2016-06-24,174.22,173.89,203.63,203.2425
2016-06-27,172.48,170.78,201.59,199.6
2016-06-28,172.38,173.86,201.48,203.1997
2016-06-29,175.26,176.82,204.84,206.66
2016-06-30,177.29,179.23,207.21,209.475
2016-07-01,179.13,179.61,209.36,209.9208
2016-07-05,178.78,178.31,208.95,208.41
2016-07-06,177.82,179.38,207.83,209.66
2016-07-07,179.56,179.27,209.87,209.526
2016-07-08,180.57,181.94,211.05,212.65
2016-07-11,182.4,182.58,213.19,213.4
2016-07-12,183.55,183.91,214.53,214.95
2016-07-13,184.33,183.88,215.44,214.92
2016-07-14,185.15,184.91,216.4,216.12
2016-07-15,185.48,184.66,216.78,215.83
2016-07-18,184.78,185.16,215.97,216.4092
2016-07-19,184.74,184.97,215.92,216.19
2016-07-20,185.45,185.74,216.75,217.085
2016-07-21,185.63,185.03,216.96,216.265
2016-07-22,185.16,185.87,216.41,217.24
2016-07-25,185.66,185.36,217,216.65
2016-07-26,185.26,185.45,216.53,216.75
2016-07-27,185.83,185.25,217.19,216.52
2016-07-28,185.06,185.47,216.29,216.77
2016-07-29,185.2,185.77,216.46,217.12
2016-08-01,185.83,185.61,217.19,216.94
2016-08-02,185.36,184.42,216.65,215.5492
2016-08-03,184.36,184.96,215.48,216.18
2016-08-04,185.07,185.16,216.31,216.4097
2016-08-05,185.84,186.67,217.21,218.18
2016-08-08,186.86,186.56,218.4,218.05
2016-08-09,186.65,186.67,218.15,218.18
2016-08-10,186.78,186.21,218.31,217.64
2016-08-11,186.74,187.08,218.26,218.65
2016-08-12,186.77,186.91,218.29,218.46
2016-08-15,187.28,187.45,218.89,219.09
2016-08-16,187.03,186.48,218.6,217.96
2016-08-17,186.52,186.84,218,218.37
2016-08-18,186.81,187.25,218.34,218.86
2016-08-19,186.78,186.98,218.31,218.54
2016-08-22,186.75,186.97,218.27,218.53
2016-08-23,187.58,187.35,219.24,218.97
2016-08-24,187.2,186.39,218.8,217.85
2016-08-25,186.01,186.26,217.4,217.7
2016-08-26,186.45,185.91,217.92,217.29
2016-08-29,186.04,186.83,217.44,218.3608
2016-08-30,186.74,186.52,218.26,218
2016-08-31,186.19,185.99,217.62,217.38
2016-09-01,185.98,186,217.37,217.39
2016-09-02,186.85,186.84,218.39,218.37
2016-09-06,187.11,187.4,218.69,219.0308
2016-09-07,187.24,187.38,218.84,219.01
2016-09-08,187.05,186.96,218.62,218.51
2016-09-09,185.64,182.48,216.97,213.28
2016-09-12,181.72,185.1,212.39,216.34
2016-09-13,183.82,182.44,214.84,213.23
2016-09-14,182.49,182.35,213.29,213.13
2016-09-15,182.21,184.18,212.96,215.27
2016-09-16,183.57,183.47,213.48,213.36
2016-09-19,184.13,183.51,214.13,213.3992
2016-09-20,184.37,183.55,214.41,213.45
2016-09-21,184.23,185.55,214.24,215.78
2016-09-22,186.6,186.76,217,217.18
2016-09-23,186.36,185.76,216.72,216.02
2016-09-26,184.92,184.19,215.05,214.2
2016-09-27,184.06,185.36,214.05,215.56
2016-09-28,185.6,186.27,215.83,216.62
2016-09-29,186.09,184.67,216.4,214.75
2016-09-30,185.44,186.04,215.65,216.35
2016-10-03,185.59,185.55,215.82,215.78
2016-10-04,185.66,184.58,215.91,214.65
2016-10-05,185.23,185.45,215.41,215.66
2016-10-06,185.2,185.6,215.37,215.83
2016-10-07,185.83,184.91,216.1,215.03
2016-10-10,185.87,185.81,216.155,216.0808
2016-10-11,185.45,183.54,215.66,213.44
2016-10-12,183.67,183.74,213.59,213.67
2016-10-13,182.44,183.22,212.16,213.07
2016-10-14,184.15,183.21,214.15,213.06
2016-10-17,183.24,182.67,213.09,212.43
2016-10-18,184.23,183.74,214.24,213.67
2016-10-19,184.04,184.21,214.02,214.2203
2016-10-20,183.91,183.94,213.87,213.9
2016-10-21,183.13,183.93,212.96,213.89
2016-10-24,184.88,184.76,215,214.86
2016-10-25,184.61,184.19,214.68,214.19
2016-10-26,183.34,183.81,213.21,213.75
2016-10-27,184.52,183.31,214.58,213.175
2016-10-28,183.28,182.73,213.14,212.5
2016-10-31,183.1,182.78,212.93,212.56
2016-11-01,183.1,181.46,212.93,211.02
2016-11-02,181.14,180.33,210.65,209.71
2016-11-03,180.56,179.58,209.98,208.84
2016-11-04,179.64,179.34,208.91,208.56
2016-11-07,181.83,183.29,211.45,213.15
2016-11-08,182.9,184.08,212.69,214.07
2016-11-09,182.62,186.07,212.37,216.3792
2016-11-10,186.86,186.55,217.3,216.94
2016-11-11,185.82,186.13,216.09,216.45
2016-11-14,186.63,186.23,217.03,216.57
2016-11-15,186.63,187.68,217.03,218.25
2016-11-16,187.08,187.41,217.56,217.9392
2016-11-17,187.5,188.27,218.05,218.94
2016-11-18,188.38,187.87,219.07,218.48
2016-11-21,188.47,189.28,219.17,220.12
2016-11-22,189.62,189.67,220.51,220.57
2016-11-23,189.16,189.79,219.98,220.71
2016-11-25,190.13,190.49,221.1,221.52
2016-11-28,190.18,189.65,221.16,220.54
2016-11-29,189.63,189.94,220.52,220.88
2016-11-30,190.58,189.52,221.63,220.39
2016-12-01,189.81,188.8,220.73,219.5608
2016-12-02,188.9,188.85,219.67,219.6108
2016-12-05,189.74,189.99,220.65,220.94
2016-12-06,190.23,190.61,221.22,221.66
2016-12-07,190.49,193.09,221.52,224.55
2016-12-08,193.11,193.59,224.57,225.13
2016-12-09,193.83,194.8,225.41,226.53
2016-12-12,194.68,194.53,226.4,226.22
2016-12-13,195.22,195.79,227.02,227.69
2016-12-14,195.55,194.24,227.41,225.88
2016-12-15,194.48,195,226.16,226.77
2016-12-16,195.49,194.66,226,225.05
2016-12-19,194.84,195.05,225.25,225.5
2016-12-20,195.62,195.81,226.15,226.38
2016-12-21,195.7,195.3,226.25,225.7903
2016-12-22,195.14,195,225.6,225.44
2016-12-23,194.99,195.23,225.43,225.7
2016-12-27,195.5,195.7,226.02,226.25
2016-12-28,195.98,194.13,226.57,224.43
2016-12-29,194.17,194.04,224.48,224.33
2016-12-30,194.39,193.34,224.73,223.52
2017-01-03,194.66,194.74,225.04,225.14
2017-01-04,195.16,195.94,225.62,226.53
2017-01-05,195.72,195.78,226.27,226.34
2017-01-06,195.94,196.57,226.53,227.25
2017-01-09,196.27,195.94,226.91,226.52
2017-01-10,195.9,195.9,226.48,226.48
2017-01-11,195.8,196.38,226.36,227.0308
2017-01-12,195.92,195.96,226.5,226.5508
2017-01-13,196.12,196.39,226.73,227.04
2017-01-17,195.75,195.73,226.31,226.28
2017-01-18,195.95,196.13,226.535,226.75
2017-01-19,196.21,195.49,226.84,226.01
2017-01-20,196.09,196.13,226.7,226.74
2017-01-23,195.79,195.63,226.35,226.17
2017-01-24,195.83,196.87,226.4,227.6008
2017-01-25,197.82,198.56,228.7,229.55
2017-01-26,198.43,198.37,229.4,229.33
2017-01-27,198.44,198.07,229.42,228.99
2017-01-30,197.36,196.87,228.17,227.6
2017-01-31,196.33,196.79,226.98,227.51
2017-02-01,197.44,196.91,228.255,227.65
2017-02-02,196.52,197.02,227.2,227.77
2017-02-03,197.93,198.38,228.82,229.35
2017-02-06,197.97,198.06,228.87,228.97
2017-02-07,198.41,198.05,229.38,228.96
2017-02-08,197.74,198.29,228.61,229.24
2017-02-09,198.57,199.44,229.56,230.57
2017-02-10,199.81,200.23,231,231.49
2017-02-13,200.75,201.26,232.08,232.6803
2017-02-14,201.16,202.15,232.56,233.7097
2017-02-15,201.93,203.18,233.45,234.89
2017-02-16,203.24,203.05,234.96,234.74
2017-02-17,202.36,203.31,233.95,235.04
2017-02-21,203.72,204.52,235.52,236.44
2017-02-22,204.15,204.39,236.02,236.29
2017-02-23,204.9,204.52,236.88,236.44
2017-02-24,203.67,204.8,235.46,236.77
2017-02-27,204.69,205.08,236.64,237.09
2017-02-28,204.72,204.57,236.67,236.5
2017-03-01,206.2,207.37,238.39,239.7408
2017-03-02,207.22,206.13,239.56,238.3
2017-03-03,206.01,206.24,238.17,238.43
2017-03-06,205.43,205.68,237.5,237.7892
2017-03-07,205.31,205,237.36,237
2017-03-08,205.3,204.65,237.34,236.59
2017-03-09,204.74,204.85,236.7,236.83
2017-03-10,205.84,205.57,237.97,237.66
2017-03-13,205.54,205.69,237.62,237.8
2017-03-14,205.16,204.95,237.18,236.94
2017-03-15,205.49,206.63,237.56,238.88
2017-03-16,206.83,206.29,239.11,238.49
2017-03-17,206.54,205.98,237.75,237.1008
2017-03-20,205.92,205.67,237.03,236.74
2017-03-21,206.3,203.08,237.47,233.76
2017-03-22,203.09,203.5,233.77,234.25
2017-03-23,203.29,203.23,234,233.94
2017-03-24,203.62,203.18,234.38,233.88
2017-03-27,201.49,202.92,231.93,233.575
2017-03-28,202.65,204.38,233.27,235.26
2017-03-29,204.15,204.64,234.99,235.56
2017-03-30,204.56,205.26,235.47,236.2692
2017-03-31,204.94,204.75,235.9,235.68
2017-04-03,204.85,204.48,235.8,235.37
2017-04-04,204.11,204.61,234.95,235.52
2017-04-05,205.25,203.95,236.26,234.76
2017-04-06,204.1,204.48,234.94,235.37
2017-04-07,204.29,204.3,235.15,235.17
2017-04-10,204.47,204.41,235.36,235.29
2017-04-11,204.07,204.18,234.9,235.03
2017-04-12,203.93,203.41,234.74,234.1408
2017-04-13,202.97,202.04,233.64,232.56
2017-04-17,202.51,203.78,233.11,234.57
2017-04-18,203.04,203.17,233.72,233.86
2017-04-19,203.74,202.84,234.52,233.49
2017-04-20,203.42,204.42,234.15,235.3
2017-04-21,204.37,203.8,235.25,234.59
2017-04-24,206.05,206.03,237.18,237.16
2017-04-25,206.68,207.21,237.91,238.52
2017-04-26,207.2,207.14,238.51,238.44
2017-04-27,207.43,207.28,238.77,238.6001
2017-04-28,207.54,206.87,238.9,238.12
2017-05-01,207.35,207.31,238.68,238.63
2017-05-02,207.49,207.42,238.84,238.76
2017-05-03,207.01,207.21,238.29,238.52
2017-05-04,207.48,207.4,238.83,238.74
2017-05-05,207.8,208.22,239.19,239.68
2017-05-08,208.28,208.21,239.75,239.67
2017-05-09,208.46,208.01,239.96,239.44
2017-05-10,207.97,208.38,239.39,239.86
2017-05-11,207.93,208.03,239.35,239.4592
2017-05-12,207.71,207.67,239.09,239.05
2017-05-15,208.04,208.7,239.47,240.2297
2017-05-16,209.06,208.58,240.64,240.09
2017-05-17,206.85,204.96,238.1,235.9292
2017-05-18,204.79,205.68,235.73,236.76
2017-05-19,206.18,207,237.33,238.27
2017-05-22,207.54,208.08,238.9,239.52
2017-05-23,208.46,208.53,239.95,240.03
2017-05-24,208.78,208.99,240.32,240.56
2017-05-25,209.54,210.01,241.2,241.74
2017-05-26,209.84,210,241.54,241.73
2017-05-30,209.66,209.83,241.34,241.53
2017-05-31,210.1,209.73,241.84,241.42
2017-06-01,210.2,211.37,241.96,243.3
2017-06-02,211.47,212.1,243.42,244.14
2017-06-05,211.95,211.95,243.97,243.97
2017-06-06,211.4,211.32,243.34,243.25
2017-06-07,211.63,211.69,243.6,243.6692
2017-06-08,211.77,211.74,243.77,243.73
2017-06-09,212.05,211.56,244.09,243.5208
2017-06-12,211.22,211.41,243.13,243.35
2017-06-13,211.96,212.39,243.98,244.48
2017-06-14,212.72,212.2,244.86,244.26
2017-06-15,210.83,211.77,242.68,243.7697
2017-06-16,211.93,211.82,242.77,242.64
2017-06-19,212.65,213.58,243.59,244.65
2017-06-20,213.23,212.19,244.25,243.0592
2017-06-21,212.5,212.08,243.42,242.94
2017-06-22,212.1,211.99,242.96,242.83
2017-06-23,212.06,212.27,242.91,243.16
2017-06-26,212.92,212.36,243.9,243.26
2017-06-27,212.17,210.71,243.04,241.37
2017-06-28,211.7,212.55,242.5,243.47
2017-06-29,212.71,210.73,243.66,241.39
2017-06-30,211.51,211.08,242.28,241.79
2017-07-03,212.03,211.54,242.88,242.32
2017-07-05,211.81,211.91,242.63,242.74
2017-07-06,211.17,210.02,241.89,240.58
2017-07-07,210.57,211.35,241.21,242.1
2017-07-10,211.22,211.57,241.95,242.35
2017-07-11,211.41,211.42,242.17,242.18
2017-07-12,212.4,212.96,243.3,243.94
2017-07-13,213.03,213.37,244.02,244.42
2017-07-14,213.38,214.33,244.43,245.51
2017-07-17,214.29,214.33,245.47,245.52
2017-07-18,213.93,214.47,245.06,245.6697
2017-07-19,214.77,215.59,246.02,246.96
2017-07-20,215.87,215.66,247.28,247.04
2017-07-21,215.14,215.48,246.44,246.83
2017-07-24,215.44,215.44,246.79,246.79
2017-07-25,216.22,215.95,247.68,247.37
2017-07-26,216.28,215.99,247.75,247.42
2017-07-27,216.46,215.83,247.96,247.2292
2017-07-28,215.32,215.53,246.65,246.89
2017-07-31,215.95,215.44,247.37,246.79
2017-08-01,216.03,215.89,247.46,247.3
2017-08-02,216.05,215.99,247.49,247.42
2017-08-03,215.9,215.61,247.31,246.98
2017-08-04,216.08,215.97,247.52,247.39
2017-08-07,216.05,216.36,247.49,247.84
2017-08-08,216.07,215.86,247.51,247.27
2017-08-09,215.16,215.86,246.47,247.27
2017-08-10,215.01,212.8,246.29,243.7599
2017-08-11,213.03,213.1,244.02,244.11
2017-08-14,214.4,215.19,245.59,246.5
2017-08-15,215.61,215.22,246.98,246.53
2017-08-16,215.72,215.59,247.11,246.96
2017-08-17,214.96,212.26,246.24,243.14
2017-08-18,212.05,211.88,242.9,242.71
2017-08-21,211.82,212.07,242.64,242.92
2017-08-22,212.63,214.21,243.57,245.38
2017-08-23,213.3,213.51,244.33,244.5697
2017-08-24,213.88,213.05,245,244.045
2017-08-25,213.79,213.46,244.9,244.52
2017-08-28,214.03,213.53,245.17,244.6
2017-08-29,212.19,213.76,243.06,244.8597
2017-08-30,213.73,214.76,244.83,246.01
2017-08-31,215.38,215.88,246.72,247.29
2017-09-01,216.43,216.33,247.92,247.81
2017-09-05,215.85,214.87,247.25,246.13
2017-09-06,215.49,215.53,246.84,246.89
2017-09-07,215.85,215.52,247.25,246.8753
2017-09-08,215.23,215.23,246.54,246.54
2017-09-11,216.53,217.5,248.04,249.14
2017-09-12,217.92,218.32,249.63,250.09
2017-09-13,218,218.39,249.72,250.17
2017-09-14,218.07,218.32,249.8,250.08
2017-09-15,218.18,218.65,248.69,249.23
2017-09-18,218.99,219.07,249.61,249.71
2017-09-19,219.33,219.29,250,249.96
2017-09-20,219.39,219.39,250.07,250.07
2017-09-21,219.22,218.8,249.88,249.4
2017-09-22,218.5,218.85,249.05,249.45
2017-09-25,218.58,218.43,249.15,248.97
2017-09-26,218.82,218.51,249.42,249.07
2017-09-27,219.22,219.36,249.88,250.04
2017-09-28,219.09,219.62,249.73,250.33
2017-09-29,219.63,220.35,250.34,251.16
2017-10-02,220.64,221.33,251.49,252.28
2017-10-03,221.49,221.83,252.46,252.85
2017-10-04,221.69,222.1,252.69,253.16
2017-10-05,222.43,223.42,253.53,254.66
2017-10-06,222.97,223.22,254.15,254.43
2017-10-09,223.39,222.81,254.63,253.9692
2017-10-10,223.36,223.34,254.6,254.57
2017-10-11,223.29,223.7,254.51,254.98
2017-10-12,223.42,223.37,254.66,254.61
2017-10-13,223.84,223.61,255.14,254.88
2017-10-16,223.9,223.98,255.21,255.3
2017-10-17,223.92,224.09,255.23,255.43
2017-10-18,224.5,224.32,255.9,255.69
2017-10-19,223.57,224.43,254.83,255.8192
2017-10-20,225.21,225.53,256.7,257.07
2017-10-23,225.89,224.73,257.48,256.16
2017-10-24,225.12,225.08,256.6,256.55
2017-10-25,224.75,224,256.18,255.32
2017-10-26,224.58,224.14,255.99,255.48
2017-10-27,225.04,226.07,256.51,257.6895
2017-10-30,225.53,225.29,257.07,256.8
2017-10-31,225.63,225.58,257.18,257.12
2017-11-01,226.38,225.91,258.04,257.5
2017-11-02,225.83,226.01,257.41,257.62
2017-11-03,226.15,226.74,257.77,258.45
2017-11-06,226.61,227.06,258.3,258.81
2017-11-07,227.2,226.96,258.97,258.7
2017-11-08,226.76,227.32,258.47,259.11
2017-11-09,226.11,226.51,257.73,258.1908
2017-11-10,226.11,226.43,257.73,258.1
2017-11-13,225.74,226.65,257.31,258.34
2017-11-14,225.83,226.13,257.41,257.75
2017-11-15,225.14,224.96,256.62,256.42
2017-11-16,225.93,226.82,257.52,258.54
2017-11-17,226.54,226.23,258.22,257.87
2017-11-20,226.47,226.59,258.14,258.28
2017-11-21,227.38,228.04,259.18,259.93
2017-11-22,228.1,227.92,260,259.79
2017-11-24,228.35,228.43,260.28,260.37
2017-11-27,228.46,228.3,260.41,260.23
2017-11-28,228.77,230.58,260.76,262.83
2017-11-29,230.75,230.5,263.02,262.73
2017-11-30,231.4,232.37,263.76,264.87
2017-12-01,232.28,232.01,264.76,264.46
2017-12-04,233.64,231.71,266.31,264.11
2017-12-05,231.99,230.91,264.43,263.2
2017-12-06,230.62,230.94,262.87,263.23
2017-12-07,230.81,231.65,263.09,264.04
2017-12-08,232.48,232.91,264.99,265.48
2017-12-11,233,233.66,265.58,266.34
2017-12-12,233.87,234.07,266.57,266.8
2017-12-13,234.3,234.01,267.06,266.74
2017-12-14,234.34,233.09,267.11,265.69
2017-12-15,234.07,235.03,265.45,266.53
2017-12-18,236.4,236.53,268.09,268.23
2017-12-19,236.75,235.66,268.48,267.25
2017-12-20,236.56,235.53,268.27,267.1
2017-12-21,236.09,235.92,267.74,267.54
2017-12-22,235.97,235.87,267.6,267.49
2017-12-26,235.48,235.57,267.05,267.15
2017-12-27,235.78,235.75,267.38,267.35
2017-12-28,236.23,236.2,267.89,267.86
2017-12-29,236.79,235.39,268.53,266.94
2018-01-02,236.18,237,267.84,268.77
2018-01-03,237.17,238.5,268.96,270.47
2018-01-04,239.14,239.47,271.2,271.57
2018-01-05,240.3,241.08,272.51,273.4
2018-01-08,241,241.53,273.31,273.91
2018-01-09,241.97,242.08,274.4,274.53
2018-01-10,241.33,241.68,273.68,274.08
2018-01-11,242.27,243.46,274.75,276.09
2018-01-12,243.75,245.09,276.42,277.94
2018-01-16,246.33,244.31,279.35,277.06
2018-01-17,245.17,246.56,278.03,279.61
2018-01-18,246.45,246.18,279.48,279.18
2018-01-19,246.73,247.25,279.8,280.39
2018-01-22,247.05,249.26,280.17,282.67
2018-01-23,249.32,249.76,282.74,283.24
2018-01-24,250.45,249.66,284.02,283.12
2018-01-25,250.57,249.81,284.16,283.3
2018-01-26,250.65,252.69,284.25,286.56
2018-01-29,252.13,251,285.93,284.64
2018-01-30,249.2,248.34,282.6,281.63
2018-01-31,249.31,248.59,282.73,281.91
2018-02-01,247.85,248.39,281.07,281.68
2018-02-02,246.97,242.94,280.08,275.51
2018-02-05,241.13,232.89,273.45,264.11
2018-02-06,229.21,237.26,259.94,269.06
2018-02-07,236.76,236.03,268.5,267.67
2018-02-08,236.33,227.3,268.01,257.77
2018-02-09,229.97,230.8,260.8,261.74
2018-02-12,232.65,233.96,263.83,265.32
2018-02-13,232.77,234.6,263.97,266.05
2018-02-14,233.07,237.79,264.31,269.67
2018-02-15,239.47,240.67,271.57,272.93
2018-02-16,240.13,240.87,272.32,273.16
2018-02-20,239.88,239.36,272.03,271.44
2018-02-21,239.76,238.06,271.9,269.97
2018-02-22,239.06,238.32,271.1,270.26
2018-02-23,239.66,242.19,271.79,274.65
2018-02-26,243.31,245.06,275.93,277.91
2018-02-27,245.24,241.95,278.11,274.38
2018-02-28,243.09,239.33,275.68,271.41
2018-03-01,239.33,236.08,271.41,267.72
2018-03-02,234.38,237.27,265.8,269.08
2018-03-05,236.08,239.96,267.73,272.12
2018-03-06,241,240.58,273.3,272.83
2018-03-07,238.46,240.58,270.42,272.83
2018-03-08,241.22,241.64,273.55,274.03
2018-03-09,243.11,245.81,275.7,278.76
2018-03-12,246.2,245.62,279.2,278.54
2018-03-13,246.76,244.01,279.84,276.72
2018-03-14,244.97,242.72,277.81,275.25
2018-03-15,243.27,242.52,275.88,275.03
2018-03-16,243.02,242.78,274.5,274.22
2018-03-19,242,239.58,273.35,270.61
2018-03-20,239.87,239.86,270.94,270.93
2018-03-21,239.84,239.39,270.9,270.4
2018-03-22,237.19,233.47,267.91,263.71
2018-03-23,233.88,228.43,264.17,258.015
2018-03-26,232.07,234.74,262.13,265.14
2018-03-27,235.65,230.86,266.17,260.76
2018-03-28,230.85,230.05,260.75,259.85
2018-03-29,231.18,233.22,261.12,263.43
2018-04-02,232.44,227.99,262.55,257.52
2018-04-03,229.19,230.83,258.87,260.73
2018-04-04,227.31,233.53,256.75,263.78
2018-04-05,235.09,235.13,265.54,265.59
2018-04-06,233.21,229.92,263.42,259.7
2018-04-09,231.4,230.92,261.37,260.83
2018-04-10,233.97,234.69,264.27,265.09
2018-04-11,233.26,233.47,263.47,263.71
2018-04-12,234.84,235.41,265.26,265.9003
2018-04-13,236.75,234.71,267.41,265.11
2018-04-16,236.38,236.71,267,267.37
2018-04-17,238.45,239.15,269.33,270.13
2018-04-18,239.65,239.37,270.69,270.37
2018-04-19,238.73,238.04,269.65,268.87
2018-04-20,237.99,236.08,268.81,266.66
2018-04-23,236.61,236,267.26,266.57
2018-04-24,237.03,232.88,267.73,263.04
2018-04-25,232.76,233.4,262.91,263.63
2018-04-26,234.43,235.71,264.79,266.24
2018-04-27,236.38,236.01,267,266.58
2018-04-30,236.61,234.2,267.26,264.53
2018-05-01,233.64,234.58,263.9,264.96
2018-05-02,234.4,232.99,264.76,263.17
2018-05-03,232.19,232.48,262.26,262.59
2018-05-04,231.53,235.43,261.52,265.92
2018-05-07,236.29,236.31,266.89,266.92
2018-05-08,235.94,236.29,266.5,266.89
2018-05-09,236.99,238.57,267.68,269.47
2018-05-10,239.34,240.81,270.34,272
2018-05-11,240.95,241.38,272.16,272.64
2018-05-14,242,241.65,273.34,272.95
2018-05-15,240.45,239.95,271.59,271.03
2018-05-16,240.05,240.94,271.14,272.15
2018-05-17,240.76,240.82,271.94,272.01
2018-05-18,240.47,240.23,271.62,271.34
2018-05-21,241.7,242.01,273.01,273.36
2018-05-22,242.55,241.32,273.96,272.58
2018-05-23,240.07,242.02,271.17,273.37
2018-05-24,241.62,241.55,272.91,272.84
2018-05-25,240.94,241,272.15,272.21
2018-05-29,239.31,238.26,270.31,269.12
2018-05-30,239.48,241.33,270.5,272.59
2018-05-31,240.94,239.76,272.15,270.81
2018-06-01,241.17,242.24,272.41,273.61
2018-06-04,243.05,243.37,274.53,274.89
2018-06-05,243.51,243.63,275.05,275.19
2018-06-06,244.17,245.62,275.79,277.43
2018-06-07,246.08,245.56,277.95,277.37
2018-06-08,245.1,246.32,276.85,278.22
2018-06-11,246.51,246.64,278.44,278.58
2018-06-12,247.03,246.98,279.03,278.97
2018-06-13,247.18,246.13,279.19,278.01
2018-06-14,247.02,246.72,279.01,278.68
2018-06-15,244.88,245.26,276.6,277.03
2018-06-18,243.9,244.87,275.49,276.59
2018-06-19,242.58,243.89,274,275.48
2018-06-20,244.59,244.36,276.27,276.01
2018-06-21,244.32,242.79,275.96,274.24
2018-06-22,244.05,243.25,275.66,274.76
2018-06-25,242.08,239.99,273.44,271.07
2018-06-26,240.49,240.44,271.64,271.58
2018-06-27,241.04,238.86,272.26,269.8
2018-06-28,238.41,239.84,269.29,270.91
2018-06-29,240.92,240.23,272.12,271.34
2018-07-02,238.61,240.67,269.51,271.84
2018-07-03,241.58,239.82,272.87,270.88
2018-07-05,240.96,241.71,272.17,273.02
2018-07-06,241.82,243.78,273.14,275.36
2018-07-09,244.84,246.03,276.55,277.9
2018-07-10,246.48,246.84,278.41,278.81
2018-07-11,245.37,245.16,277.15,276.91
2018-07-12,246.37,247.26,278.28,279.29
2018-07-13,247.16,247.5,279.17,279.56
2018-07-16,247.57,247.35,279.64,279.39
2018-07-17,246.54,248.27,278.47,280.43
2018-07-18,248.39,248.83,280.56,281.06
2018-07-19,248.17,247.86,280.31,279.96
2018-07-20,247.69,247.64,279.77,279.72
2018-07-23,247.41,248.1,279.45,280.24
2018-07-24,249.42,249.26,281.73,281.55
2018-07-25,249.07,251.56,281.33,284.14
2018-07-26,250.73,250.81,283.2,283.3
2018-07-27,251.18,249.19,283.71,281.46
2018-07-30,249.23,247.8,281.51,279.9
2018-07-31,248.61,248.95,280.81,281.19
2018-08-01,249.27,248.68,281.56,280.89
2018-08-02,247.35,250.01,279.39,282.39
2018-08-03,250.13,251.1,282.53,283.62
2018-08-06,251.12,252.02,283.64,284.66
2018-08-07,252.66,252.83,285.39,285.58
2018-08-08,252.66,252.71,285.39,285.44
2018-08-09,252.79,252.4,285.53,285.09
2018-08-10,250.95,250.69,283.45,283.16
2018-08-13,250.96,249.73,283.47,282.08
2018-08-14,250.48,251.27,282.92,283.82
2018-08-15,250,249.44,282.38,281.75
2018-08-16,250.87,251.5,283.36,284.08
2018-08-17,251.28,252.34,283.83,285.02
2018-08-20,252.82,252.92,285.57,285.68
2018-08-21,253.43,253.44,286.25,286.27
2018-08-22,253.1,253.39,285.88,286.21
2018-08-23,253.18,253.02,285.97,285.79
2018-08-24,253.59,254.55,286.44,287.52
2018-08-27,255.74,256.51,288.86,289.73
2018-08-28,257.01,256.6,290.3,289.8395
2018-08-29,256.89,258.03,290.16,291.45
2018-08-30,257.58,257.03,290.94,290.32
2018-08-31,256.6,256.98,289.84,290.27
2018-09-04,256.6,256.6,289.84,289.84
2018-09-05,256.22,255.92,289.41,289.07
2018-09-06,255.99,255.12,289.15,288.16
2018-09-07,254.07,254.56,286.98,287.53
2018-09-10,255.63,255.05,288.74,288.09
2018-09-11,254.42,255.98,287.37,289.13
2018-09-12,255.91,256.02,289.06,289.18
2018-09-13,257.03,257.45,290.32,290.8
2018-09-14,257.68,257.56,291.06,290.92
2018-09-17,257.47,256.21,290.82,289.4
2018-09-18,256.37,257.56,289.58,290.92
2018-09-19,257.6,257.85,290.97,291.25
2018-09-20,259.08,259.87,292.64,293.53
2018-09-21,260.66,259.72,293.09,292.04
2018-09-24,259.1,258.87,291.34,291.08
2018-09-25,259.27,258.53,291.53,290.7
2018-09-26,258.72,257.73,290.91,289.805
2018-09-27,258.27,258.51,290.41,290.68
2018-09-28,257.9,258.41,289.99,290.57
2018-10-01,259.78,259.42,292.11,291.7
2018-10-02,259.3,259.34,291.56,291.61
2018-10-03,260.34,259.47,292.74,291.76
2018-10-04,258.96,257.49,291.18,289.53
2018-10-05,257.63,255.96,289.69,287.81
2018-10-08,255.28,255.95,287.05,287.8
2018-10-09,255.59,255.67,287.39,287.48
2018-10-10,255.09,247.48,286.83,278.27
2018-10-11,246.42,242.38,277.08,272.54
2018-10-12,246.14,245.47,276.77,276.01
2018-10-15,245.06,244.11,275.55,274.49
2018-10-16,245.99,249.23,276.6,280.24
2018-10-17,249.41,249.39,280.44,280.42
2018-10-18,248.48,245.8,279.4,276.39
2018-10-19,246.46,245.62,277.13,276.1797
2018-10-22,246.35,244.59,277,275.03
2018-10-23,240.97,243.25,270.95,273.52
2018-10-24,243.08,235.86,273.33,265.21
2018-10-25,237.79,240.13,267.38,270.01
2018-10-26,236.49,235.87,265.92,265.22
2018-10-29,239.05,234.51,268.8,263.69
2018-10-30,234.49,238.24,263.67,267.88
2018-10-31,240.7,240.73,270.65,270.69
2018-11-01,241.54,243.12,271.6,273.37
2018-11-02,244.35,241.72,274.75,271.8
2018-11-05,242.29,243.21,272.44,273.47
2018-11-06,243.07,244.67,273.32,275.11
2018-11-07,246.84,249.9,277.56,281
2018-11-08,249.11,249.44,280.11,280.48
2018-11-09,248.15,247.08,279.03,277.82
2018-11-12,246.52,242.33,277.19,272.4795
2018-11-13,242.87,241.94,273.09,272.04
2018-11-14,243.82,240.25,274.16,270.15
2018-11-15,239.04,242.8,268.78,273.01
2018-11-16,241.71,243.44,271.79,273.73
2018-11-19,242.83,239.34,273.05,269.12
2018-11-20,235.99,234.92,265.36,264.15
2018-11-21,236.44,235.7,265.86,265.03
2018-11-23,234.06,234.18,263.18,263.32
2018-11-26,236.37,237.84,265.78,267.43
2018-11-27,236.87,238.6,266.34,268.29
2018-11-28,239.77,244,269.6,274.36
2018-11-29,243.42,243.63,273.71,273.95
2018-11-30,243.51,245.18,273.81,275.685
2018-12-03,249.26,248.36,280.28,279.26
2018-12-04,247.56,240.47,278.37,270.39
2018-12-06,236.49,239.92,265.92,269.77
2018-12-07,239.64,234.48,269.46,263.66
2018-12-10,234.22,234.85,263.37,264.07
2018-12-11,238.04,234.88,267.66,264.11
2018-12-12,237.87,236.15,267.47,265.53
2018-12-13,237.03,236.01,266.52,265.38
2018-12-14,233.86,231.73,262.96,260.57
2018-12-17,230.69,226.93,259.4,255.17
2018-12-18,228.74,226.88,257.2,255.11
2018-12-19,226.93,223.26,255.17,251.04
2018-12-20,222.21,219.76,249.86,247.11
2018-12-21,220.72,215.23,246.74,240.61
2018-12-24,213.83,209.65,239.04,234.37
2018-12-26,211.08,219.97,235.97,245.9095
2018-12-27,216.99,222.03,242.57,248.21
2018-12-28,223.26,221.6,249.58,247.73
2018-12-31,223.24,223.7,249.56,250.08
2019-01-02,220.04,223.84,245.98,250.23
2019-01-03,222.05,218.4,248.23,244.15
2019-01-04,221.48,225.77,247.59,252.39
2019-01-07,226.04,227.47,252.69,254.29
2019-01-08,229.73,229.56,256.82,256.62
2019-01-09,230.4,230.72,257.56,257.92
2019-01-10,229.23,231.67,256.26,258.98
2019-01-11,230.5,231.51,257.68,258.81
2019-01-14,229.77,230.21,256.86,257.35
2019-01-15,230.63,232.78,257.82,260.23
2019-01-16,233.32,233.44,260.83,260.96
2019-01-17,232.59,235.26,260.01,263
2019-01-18,237.03,238.32,264.98,266.42
2019-01-22,236.89,235.21,264.82,262.94
2019-01-23,236.17,235.58,264.01,263.35
2019-01-24,235.45,235.8,263.21,263.6
2019-01-25,237.6,237.75,265.61,265.78
2019-01-28,235.61,235.96,263.39,263.78
2019-01-29,236.09,235.73,263.92,263.52
2019-01-30,237.14,239.23,265.1,267.44
2019-01-31,239.3,241.35,267.51,269.81
2019-02-01,241.66,241.6,270.15,270.08
2019-02-04,241.62,243.32,270.11,272.01
2019-02-05,243.71,244.35,272.44,273.16
2019-02-06,244.02,244.06,272.79,272.83
2019-02-07,242.36,241.68,270.94,270.17
2019-02-08,240.41,242.01,268.75,270.54
2019-02-11,242.6,242.14,271.2,270.69
2019-02-12,243.69,245.16,272.42,274.06
2019-02-13,246.02,245.95,275.03,274.95
2019-02-14,244.91,245.51,273.78,274.46
2019-02-15,247.21,248.13,276.36,277.38
2019-02-19,247.32,248.57,276.4813,277.88
2019-02-20,248.51,249.06,277.81,278.43
2019-02-21,248.41,248.2,277.7,277.46
2019-02-22,248.78,249.72,278.11,279.16
2019-02-25,251.12,250.1,280.73,279.59
2019-02-26,249.66,249.88,279.1,279.34
2019-02-27,249.15,249.74,278.52,279.18
2019-02-28,249.54,249.26,278.96,278.65
2019-03-01,250.86,250.84,280.44,280.41
2019-03-04,251.9,249.91,281.6,279.38
2019-03-05,250.06,249.63,279.54,279.06
2019-03-06,249.71,248.09,279.15,277.34
2019-03-07,247.63,246.11,276.83,275.13
2019-03-08,244.15,245.54,272.94,274.49
2019-03-11,246.23,249.11,275.26,278.48
2019-03-12,249.63,249.97,279.06,279.44
2019-03-13,250.9,251.66,280.48,281.33
2019-03-14,251.69,251.54,281.37,281.2
2019-03-15,252.06,252.78,280.54,281.34
2019-03-18,252.97,253.75,281.55,282.42
2019-03-19,254.73,253.83,283.51,282.51
2019-03-20,253.51,252.92,282.16,281.5
2019-03-21,252.15,255.69,280.64,284.58
2019-03-22,254.47,250.98,283.22,279.34
2019-03-25,250.56,250.67,278.87,279
2019-03-26,252.46,252.51,280.99,281.04
2019-03-27,252.57,251.17,281.11,279.55
2019-03-28,251.89,252.21,280.35,280.71
2019-03-29,253.72,253.77,282.39,282.45
2019-04-01,255.8,256.73,284.7,285.74
2019-04-02,257,256.95,286.04,285.99
2019-04-03,258.15,257.37,287.32,286.45
2019-04-04,257.66,258.02,286.78,287.18
2019-04-05,258.69,259.23,287.92,288.52
2019-04-08,258.85,259.48,288.1,288.8
2019-04-09,258.51,258.16,287.72,287.33
2019-04-10,258.55,259.02,287.77,288.29
2019-04-11,259.51,258.97,288.83,288.23
2019-04-12,260.56,260.67,290,290.13
2019-04-15,260.77,260.54,290.24,289.98
2019-04-16,261.41,260.71,290.95,290.1705
2019-04-17,261.82,260.08,291.4,289.47
2019-04-18,260.65,260.55,290.1,289.99
2019-04-22,259.81,260.83,289.17,290.3
2019-04-23,261.17,263.15,290.68,292.89
2019-04-24,263.06,262.54,292.79,292.21
2019-04-25,262.46,262.47,292.12,292.13
2019-04-26,262.44,263.62,292.1,293.41
2019-04-29,263.71,263.95,293.51,293.78
2019-04-30,263.69,264.03,293.49,293.87
2019-05-01,264.8,262.19,294.72,291.82
2019-05-02,262.07,261.57,291.68,291.13
2019-05-03,263.09,264.13,292.82,293.98
2019-05-06,259.88,263.1,289.25,292.83
2019-05-07,260.69,258.81,290.15,288.05
2019-05-08,258.34,258.52,287.53,287.73
2019-05-09,256.27,257.57,285.23,286.67
2019-05-10,256.62,258.79,285.62,288.03
2019-05-13,253.75,252.46,282.42,280.9905
2019-05-14,253.36,254.61,281.99,283.38
2019-05-15,253,256.2,281.59,285.15
2019-05-16,256.82,258.47,285.84,287.68
2019-05-17,256.19,256.91,285.14,285.94
2019-05-20,255.22,255.13,284.06,283.96
2019-05-21,256.81,257.39,285.83,286.48
2019-05-22,256.47,256.62,285.45,285.62
2019-05-23,254.45,253.54,283.205,282.19
2019-05-24,254.93,254.22,283.74,282.95
2019-05-28,254.35,251.85,283.09,280.31
2019-05-29,250.59,250.01,278.91,278.26
2019-05-30,250.77,250.66,279.11,278.98
2019-05-31,248.16,247.41,276.2,275.37
2019-06-03,247.37,246.73,275.32,274.61
2019-06-04,248.98,252.01,277.12,280.49
2019-06-05,253.67,254.15,282.33,282.87
2019-06-06,254.53,255.87,283.29,284.78
2019-06-07,256.9,258.38,285.93,287.58
2019-06-10,259.99,259.6,289.37,288.9305
2019-06-11,261.45,259.58,290.99,288.91
2019-06-12,259.34,259.03,288.64,288.3
2019-06-13,260.02,260.18,289.4,289.58
2019-06-14,259.89,259.87,289.26,289.23
2019-06-17,260.13,260.08,289.52,289.47
2019-06-18,261.81,262.64,291.39,292.32
2019-06-19,262.85,263.26,292.55,293.01
2019-06-20,265.98,265.84,296.04,295.88
2019-06-21,265.55,265.44,294.13,294
2019-06-24,265.64,265.13,294.23,293.66
2019-06-25,265.16,262.53,293.7,290.78
2019-06-26,263.4,262.28,291.75,290.51
2019-06-27,263.01,263.2,291.31,291.52
2019-06-28,264.15,264.62,292.58,293.1
2019-07-01,267.86,266.86,296.68,295.58
2019-07-02,266.89,267.64,295.61,296.44
2019-07-03,268.31,269.77,297.18,298.8
2019-07-05,268.54,269.29,297.44,298.27
2019-07-08,268.15,268.02,297.01,296.86
2019-07-09,266.83,268.35,295.54,297.23
2019-07-10,269.38,269.6,298.37,298.61
2019-07-11,270.24,270.24,299.32,299.32
2019-07-12,270.72,271.44,299.85,300.65
2019-07-15,271.87,271.61,301.13,300.84
2019-07-16,271.44,270.65,300.65,299.78
2019-07-17,270.63,268.85,299.75,297.78
2019-07-18,268.32,269.83,297.19,298.87
2019-07-19,270.89,268.38,300.04,297.26
2019-07-22,268.69,268.88,297.61,297.81
2019-07-23,270.08,270.83,299.14,299.98
2019-07-24,270.12,272.12,299.19,301.4
2019-07-25,271.7,270.83,300.94,299.97
2019-07-26,271.54,272.62,300.76,301.96
2019-07-29,272.55,272.2,301.88,301.49
2019-07-30,270.77,271.57,299.91,300.79
2019-07-31,271.75,268.51,300.99,297.4
2019-08-01,268.69,266.34,297.6,295
2019-08-02,265.3,264.19,293.85,292.62
2019-08-05,260.1,256.45,288.09,284.05
2019-08-06,258.13,259.77,285.91,287.73
2019-08-07,256.77,260.16,284.4,288.16
2019-08-08,261.48,265.07,289.62,293.59
2019-08-09,264.15,263.27,292.58,291.6
2019-08-12,261.79,259.96,289.96,287.93
2019-08-13,259.78,264.01,287.74,292.42
2019-08-14,260.08,256.43,288.07,284.02
2019-08-15,257.2,256.99,284.88,284.65
2019-08-16,258.65,260.75,286.48,288.81
2019-08-19,263.8,263.92,292.19,292.32
2019-08-20,263.42,261.84,291.77,290.02
2019-08-21,264.06,264,292.48,292.41
2019-08-22,264.74,263.93,293.23,292.33
2019-08-23,262.65,257.2,290.92,284.88
2019-08-26,259.36,259.97,287.27,287.95
2019-08-27,261.41,258.84,289.54,286.7
2019-08-28,258.34,260.78,286.14,288.84
2019-08-29,263.38,264.15,291.72,292.58
2019-08-30,265.63,264.04,294.22,292.4527
2019-09-03,262.34,262.5,290.57,290.75
2019-09-04,264.66,265.41,293.14,293.97
2019-09-05,267.95,268.82,296.79,297.75
2019-09-06,269.2,269.09,298.17,298.05
2019-09-09,270.08,269.23,299.14,298.2
2019-09-10,268.47,269.13,297.36,298.09
2019-09-11,269.47,271.13,298.47,300.31
2019-09-12,271.98,272.08,301.25,301.36
2019-09-13,272.46,271.75,301.78,300.99
2019-09-16,270.71,271.04,299.84,300.21
2019-09-17,270.8,271.71,299.94,300.95
2019-09-18,271.29,271.85,300.49,301.1
2019-09-19,272.23,271.82,301.53,301.07
2019-09-20,272.43,270.36,300.36,298.08
2019-09-23,269.88,270.56,297.55,298.3
2019-09-24,271.57,268.4,299.41,295.92
2019-09-25,268.44,269.94,295.96,297.61
2019-09-26,269.95,269.38,297.63,297
2019-09-27,270.13,267.94,297.83,295.41
2019-09-30,268.45,269.19,295.97,296.7905
2019-10-01,270.05,266.04,297.74,293.32
2019-10-02,264.39,261.36,291.5,288.16
2019-10-03,261.05,263.44,287.81,290.45
2019-10-04,264.07,266.93,291.14,294.3
2019-10-07,266.18,265.84,293.47,293.1
2019-10-08,263.98,261.82,291.04,288.66
2019-10-09,263.71,264.05,290.75,291.12
2019-10-10,264.1,266.02,291.18,293.29
2019-10-11,268.72,268.7,296.27,296.25
2019-10-14,268.41,268.5,295.93,296.03
2019-10-15,269.47,271.09,297.1,298.88
2019-10-16,270.62,270.71,298.37,298.46
2019-10-17,271.81,271.39,299.68,299.21
2019-10-18,270.91,270.37,298.69,298.09
2019-10-21,271.58,272.13,299.42,300.03
2019-10-22,272.63,271.19,300.58,298.99
2019-10-23,270.95,271.95,298.73,299.83
2019-10-24,272.93,272.48,300.91,300.42
2019-10-25,271.87,273.55,299.74,301.59
2019-10-28,274.77,275.13,302.94,303.34
2019-10-29,274.82,274.95,303,303.14
2019-10-30,275.21,275.92,303.43,304.21
2019-10-31,275.85,275.12,304.13,303.33
2019-11-01,276.57,277.7,304.92,306.17
2019-11-04,279.22,278.79,307.85,307.37
2019-11-05,278.99,278.49,307.59,307.04
2019-11-06,278.48,278.52,307.03,307.07
2019-11-07,279.88,279.55,308.57,308.21
2019-11-08,279.18,280.2,307.8,308.93
2019-11-11,278.83,279.69,307.42,308.36
2019-11-12,280.04,280.23,308.75,308.96
2019-11-13,279.28,280.4,307.91,309.15
2019-11-14,280.08,280.76,308.79,309.54
2019-11-15,282.1,282.81,311.02,311.81
2019-11-18,282.56,282.97,311.53,311.98
2019-11-19,283.6,282.91,312.68,311.91
2019-11-20,282.33,281.91,311.28,310.81
2019-11-21,281.98,281.45,310.89,310.3
2019-11-22,282.16,282.1,311.09,311.02
2019-11-25,282.97,284.19,311.98,313.33
2019-11-26,284.27,284.79,313.41,313.99
2019-11-27,285.35,286.09,314.61,315.42
2019-11-29,285.58,285.1,314.86,314.33
2019-12-02,285.34,282.68,314.59,311.66
2019-12-03,279.95,280.73,308.65,309.51
2019-12-04,281.81,282.53,310.7,311.5
2019-12-05,283.2,283.07,312.23,312.09
2019-12-06,284.91,285.55,314.12,314.83
2019-12-09,285.2,284.7,314.44,313.89
2019-12-10,284.64,284.42,313.82,313.58
2019-12-11,284.83,285.1,314.03,314.33
2019-12-12,285.19,287.59,314.43,317.08
2019-12-13,287.4,287.79,316.87,317.29
2019-12-16,289.54,289.78,319.22,319.49
2019-12-17,290.17,289.83,319.92,319.5495
2019-12-18,290.24,289.84,320,319.56
2019-12-19,290.06,291.03,319.8,320.87
2019-12-20,292.09,292.45,320.46,320.86
2019-12-23,293.12,292.83,321.59,321.27
2019-12-24,293.01,292.8,321.47,321.24
2019-12-26,293.17,294.35,321.65,322.94
2019-12-27,295.08,294.27,323.74,322.85
2019-12-30,294.36,292.7,322.95,321.13
2019-12-31,292.15,293.36,320.53,321.85
2020-01-02,294.9,296.11,323.54,324.87
2020-01-03,292.73,293.89,321.16,322.43
2020-01-06,292.12,295.07,320.49,323.73
2020-01-07,294.42,294.17,323.02,322.74
2020-01-08,294.35,295.7,322.94,324.42
2020-01-09,297.29,297.68,326.16,326.59
2020-01-10,298.31,296.81,327.2899,325.64
2020-01-13,297.49,298.89,326.39,327.92
2020-01-14,298.48,298.43,327.47,327.42
2020-01-15,298.37,299.11,327.35,328.16
2020-01-16,300.51,301.57,329.7,330.86
2020-01-17,302.33,302.62,331.7,332.01
2020-01-21,301.61,301.96,330.9,331.29
2020-01-22,302.83,302.02,332.24,331.35
2020-01-23,301.36,302.43,330.63,331.8
2020-01-24,303.01,299.65,332.44,328.76
2020-01-27,294.43,294.87,323.03,323.51
2020-01-28,296.28,297.94,325.06,326.88
2020-01-29,299.31,297.7,328.38,326.62
2020-01-30,295.64,298.62,324.36,327.62
2020-01-31,298.05,293.27,327,321.75
2020-02-03,294.72,295.43,323.35,324.12
2020-02-04,299.03,299.93,328.07,329.06
2020-02-05,302.85,303.37,332.27,332.84
2020-02-06,304.35,304.37,333.91,333.93
2020-02-07,303.36,302.83,332.82,332.24
2020-02-10,301.91,305.11,331.23,334.75
2020-02-11,306.4,305.59,336.16,335.27
2020-02-12,307.01,307.57,336.83,337.44
2020-02-13,306.13,307.32,335.8621,337.17
2020-02-14,307.63,307.71,337.51,337.6
2020-02-18,306.72,306.92,336.51,336.73
2020-02-19,307.89,308.37,337.79,338.32
2020-02-20,307.84,307.16,337.7423,336.99
2020-02-21,305.77,303.93,335.47,333.45
2020-02-24,294.53,293.88,323.14,322.42
2020-02-25,295.26,284.92,323.94,312.59
2020-02-26,286.37,284.02,314.18,311.61
2020-02-27,278.42,271.34,305.46,297.7
2020-02-28,263.14,270.01,288.7,296.24
2020-03-02,271.81,281.55,298.21,308.9
2020-03-03,282.1,273.73,309.5,300.32
2020-03-04,279.02,285.34,306.12,313.05
2020-03-05,277.98,275.73,304.98,302.51
2020-03-06,267.2,271.1,293.15,297.43
2020-03-09,250.93,251.86,275.3,276.32
2020-03-10,259.44,262.88,284.64,288.41
2020-03-11,255.85,249.97,280.7,274.25
2020-03-12,233.34,232.64,256,255.24
2020-03-13,239.8,246.28,263.09,270.2
2020-03-16,219.83,219.72,241.18,241.065
2020-03-17,223.35,231.69,245.04,254.19
2020-03-18,215.33,214.82,236.25,235.69
2020-03-19,218.07,219.25,239.25,240.55
2020-03-20,222.36,210.32,242.53,229.4
2020-03-23,209.21,204.16,228.19,222.68
2020-03-24,214.92,221.87,234.42,242
2020-03-25,224.5,226.26,244.87,246.79
2020-03-26,228.77,239.23,249.52,260.93
2020-03-27,232.2,232.87,253.27,254
2020-03-30,234.43,239.81,255.7,261.56
2020-03-31,238.89,235.95,260.56,257.36
2020-04-01,227.35,225.58,247.98,246.04
2020-04-02,224.8,230.98,245.19,251.93
2020-04-03,229.9,227.33,250.76,247.95
2020-04-06,236.39,242.72,257.84,264.74
2020-04-07,251.4,243.12,274.21,265.18
2020-04-08,245.67,251.21,267.96,274
2020-04-09,254.49,255.08,277.58,278.22
2020-04-13,254.09,252.71,277.14,275.63
2020-04-14,257.61,260.2,280.98,283.8
2020-04-15,254.48,254.65,277.57,277.75
2020-04-16,255.93,255.76,279.15,278.96
2020-04-17,261.64,262.71,285.38,286.54
2020-04-20,259.1,258.33,282.61,281.76
2020-04-21,253.71,250.45,276.73,273.17
2020-04-22,255.2,255.83,278.35,279.04
2020-04-23,257.16,255.8,280.49,279.01
2020-04-24,257.38,259.36,280.73,282.89
2020-04-27,261.41,263.22,285.12,287.1
2020-04-28,266.82,261.93,291.02,285.69
2020-04-29,267.29,268.77,291.54,293.15
2020-04-30,267.45,266.46,291.71,290.63
2020-05-01,261.58,259.31,285.31,282.83
2020-05-04,257.39,260,280.74,283.59
2020-05-05,262.8,262.35,286.64,286.15
2020-05-06,264.08,260.69,288.04,284.34
2020-05-07,263.82,263.77,287.75,287.7
2020-05-08,266.88,268.18,291.09,292.51
2020-05-11,266.19,268.28,290.34,292.62
2020-05-12,269.35,262.72,293.79,286.55
2020-05-13,262.27,258.08,286.06,281.49
2020-05-14,255.75,261.33,278.95,285.04
2020-05-15,258.88,262.48,282.37,286.29
2020-05-18,268.68,270.41,293.05,294.94
2020-05-19,269.87,267.91,294.35,292.21
2020-05-20,271.22,272.33,295.82,297.03
2020-05-21,272.11,270.31,296.79,294.83
2020-05-22,270.05,270.9,294.55,295.48
2020-05-26,276.82,274.31,301.93,299.2
2020-05-27,276.99,278.3,302.12,303.55
2020-05-28,279.31,277.86,304.65,303.07
2020-05-29,277.3,279.16,302.46,304.49
2020-06-01,278.37,280.04,303.62,305.45
2020-06-02,281.05,282.46,306.55,308.08
2020-06-03,284.44,286.13,310.24,312.09
2020-06-04,285.23,285.44,311.11,311.34
2020-06-05,290.85,292.83,317.23,319.4
2020-06-08,293.59,296.27,320.22,323.15
2020-06-09,293.66,294.25,320.3,320.94
2020-06-10,294.69,292.5,321.42,319.03
2020-06-11,285.56,275.68,311.46,300.69
2020-06-12,282.6,279.06,308.24,304.38
2020-06-15,273.23,281.57,298.02,307.11
2020-06-16,289.24,286.74,315.48,312.75
2020-06-17,287.95,285.74,314.07,311.66
2020-06-18,284.22,285.83,310.005,311.76
2020-06-19,289.31,284.12,314.17,308.54
2020-06-22,283.62,286.08,307.99,310.67
2020-06-23,288.68,287.31,313.49,312
2020-06-24,285.33,280.14,309.85,304.21
2020-06-25,279.45,282.94,303.47,307.26
2020-06-26,281.93,276.34,306.16,300.09
2020-06-29,277.56,280.46,301.41,304.56
2020-06-30,279.93,284.49,303.99,308.94
2020-07-01,285.07,285.99,309.57,310.57
2020-07-02,289.37,287.48,314.24,312.19
2020-07-06,291.33,291.92,316.37,317.01
2020-07-07,290.42,288.94,315.38,313.77
2020-07-08,289.71,291.14,314.61,316.16
2020-07-09,291.77,289.7,316.84,314.6
2020-07-10,289.44,292.5,314.31,317.64
2020-07-13,294.8,289.9,320.13,314.81
2020-07-14,288.51,293.69,313.3,318.93
2020-07-15,296.9,296.5,322.41,321.98
2020-07-16,294.48,295.47,319.79,320.86
2020-07-17,296.41,296.24,321.88,321.7
2020-07-20,295.99,298.61,321.43,324.27
2020-07-21,300.62,299.19,326.45,324.9
2020-07-22,298.93,300.96,324.62,326.82
2020-07-23,300.63,297.39,326.47,322.95
2020-07-24,295.55,295.51,320.95,320.91
2020-07-27,296.18,297.69,321.63,323.27
2020-07-28,296.91,295.87,322.43,321.3
2020-07-29,296.63,299.29,322.12,325.01
2020-07-30,296.43,298.34,321.9,323.98
2020-07-31,300.11,300.57,325.9,326.4
2020-08-03,302.34,302.66,328.32,328.67
2020-08-04,301.91,303.88,327.86,330
2020-08-05,305.24,305.75,331.47,332.03
2020-08-06,305.25,307.86,331.4799,334.32
2020-08-07,306.91,308.09,333.28,334.57
2020-08-10,308.54,309,335.06,335.56
2020-08-11,310.19,306.48,336.85,332.82
2020-08-12,308.89,310.62,335.44,337.31
2020-08-13,309.97,310.16,336.61,336.81
2020-08-14,309.79,310.19,336.41,336.85
2020-08-17,311.2,311.18,337.94,337.92
2020-08-18,311.56,311.8,338.34,338.595
2020-08-19,312.22,310.45,339.05,337.13
2020-08-20,308.82,311.54,335.36,338.31
2020-08-21,311.18,312.59,337.92,339.45
2020-08-24,315.05,315.76,342.12,342.9
2020-08-25,316.34,316.91,343.53,344.15
2020-08-26,317.48,320.1,344.76,347.61
2020-08-27,320.93,320.77,348.51,348.34
2020-08-28,321.79,322.83,349.44,350.57
2020-08-31,322.62,322.14,350.35,349.8206
2020-09-01,322.5,324.77,350.21,352.68
2020-09-02,326.6,329.47,354.67,357.78
2020-09-03,327.71,318.19,355.87,345.53
2020-09-04,318.74,315.26,346.13,342.35
2020-09-08,310.06,306.9,336.71,333.27
2020-09-09,310.84,312.88,337.55,339.77
2020-09-10,314.77,307.69,341.82,334.13
2020-09-11,309.24,307.65,335.82,334.09
2020-09-14,310.78,311.66,337.49,338.44
2020-09-15,314.12,313.2,341.12,340.12
2020-09-16,314.48,312.06,341.51,338.88
2020-09-17,307.16,309.29,333.56,335.87
2020-09-18,310.07,305.81,335.37,330.77
2020-09-21,301.13,302.44,325.7,327.12
2020-09-22,303.78,305.38,328.57,330.3
2020-09-23,305.93,298.2,330.9,322.54
2020-09-24,296.98,299.02,321.22,323.42
2020-09-25,298.24,303.92,322.58,328.72
2020-09-28,308.08,309.03,333.22,334.25
2020-09-29,308.77,307.35,333.97,332.43
2020-09-30,307.96,309.1,333.09,334.32
2020-10-01,312.21,311.55,337.69,336.97
2020-10-02,306.67,308.69,331.7,333.88
2020-10-05,310.7,314.09,336.06,339.72
2020-10-06,314.26,309.68,339.91,334.95
2020-10-07,312.61,315.04,338.12,340.75
2020-10-08,316.98,317.72,342.85,343.65
2020-10-09,319.49,320.57,345.56,346.73
2020-10-12,323.21,325.77,349.59,352.36
2020-10-13,325.7,323.75,352.28,350.17
2020-10-14,324.29,321.68,350.75,347.93
2020-10-15,317.78,321.32,343.71,347.54
2020-10-16,322.63,321.11,348.96,347.32
2020-10-19,322.34,316.32,348.65,342.13
2020-10-20,317.55,317.4,343.46,343.3
2020-10-21,317.43,316.8,343.33,342.65
2020-10-22,317.08,318.64,342.96,344.64
2020-10-23,319.83,319.54,345.93,345.62
2020-10-26,316.32,313.8,342.13,339.41
2020-10-27,314.12,312.8,339.76,338.33
2020-10-28,307.04,302.05,332.1,326.7
2020-10-29,302.24,305.18,326.91,330.08
2020-10-30,303.51,302.04,328.28,326.69
2020-11-02,305.29,305.28,330.2,330.19
2020-11-03,308.51,310.57,333.69,335.92
2020-11-04,315.14,317.73,340.86,343.66
2020-11-05,322.89,323.77,349.24,350.19
2020-11-06,323.53,323.76,349.93,350.18
2020-11-09,336.51,327.86,363.97,354.62
2020-11-10,326.82,327.36,353.49,354.08
2020-11-11,329.51,329.81,356.4,356.72
2020-11-12,328.75,326.68,355.58,353.34
2020-11-13,328.46,331.08,355.27,358.1
2020-11-16,333.74,335.22,360.98,362.58
2020-11-17,332.81,333.6,359.97,360.82
2020-11-18,333.68,329.37,360.91,356.25
2020-11-19,328.77,330.95,355.6,357.96
2020-11-20,330.53,328.54,357.5,355.35
2020-11-23,330.32,330.55,357.28,357.53
2020-11-24,333.03,335.74,360.21,363.14
2020-11-25,335.73,335.14,363.13,362.49
2020-11-27,336.39,336.27,363.84,363.71
2020-11-30,335.45,334.88,362.83,362.21
2020-12-01,337.99,338.24,365.57,365.84
2020-12-02,337.29,339.14,364.82,366.82
2020-12-03,339.01,339,366.68,366.67
2020-12-04,339.61,341.88,367.32,369.78
2020-12-07,341.18,341.31,369.02,369.16
2020-12-08,339.98,342.26,367.72,370.19
2020-12-09,342.9,339.1,370.88,366.77
2020-12-10,337.8,339.19,365.37,366.87
2020-12-11,337.37,338.51,364.9,366.14
2020-12-14,340.83,337.37,368.64,364.9
2020-12-15,339.68,341.68,367.4,369.56
2020-12-16,341.92,342.14,369.82,370.06
2020-12-17,343.88,344.11,371.94,372.19
2020-12-18,344.44,342.75,370.97,369.15
2020-12-21,338.87,341.36,364.97,367.65
2020-12-22,341.88,341.03,368.21,367.3
2020-12-23,341.94,341.21,368.28,367.49
2020-12-24,341.76,342.64,368.08,369.03
2020-12-28,345.16,345.6,371.74,372.22
2020-12-29,347.08,345.05,373.81,371.62
2020-12-30,345.71,345.43,372.34,372.03
2020-12-31,345.19,347.49,371.78,374.25
2021-01-04,348.47,342.59,375.31,368.97
2021-01-05,341.78,344.84,368.1,371.4
2021-01-06,343.27,346.71,369.71,373.41
2021-01-07,349.21,352.02,376.1,379.13
2021-01-08,353.37,354.02,380.59,381.29
2021-01-11,350.83,351.62,377.85,378.7
2021-01-12,351.8,351.58,378.89,378.66
2021-01-13,351.61,352.55,378.69,379.7
2021-01-14,353.37,351.51,380.59,378.58
2021-01-15,349.78,348.81,376.72,375.67
2021-01-19,351.29,351.56,378.34,378.64
2021-01-20,353.86,356.35,381.11,383.8
2021-01-21,357,356.68,384.49,384.15
2021-01-22,354.92,355.44,382.25,382.82
2021-01-25,356.23,357.04,383.67,384.54
2021-01-26,357.85,356.31,385.41,383.75
2021-01-27,353.03,347.86,380.22,374.65
2021-01-28,349.45,350.52,376.36,377.52
2021-01-29,348.77,343.67,375.63,370.14
2021-02-01,347,349.13,373.72,376.02
2021-02-02,352.5,353.99,379.65,381.25
2021-02-03,355.09,354.53,382.435,381.84
2021-02-04,355.57,358.5,382.96,386.11
2021-02-05,360.44,359.91,388.2,387.63
2021-02-08,361.43,362.59,389.27,390.52
2021-02-09,361.75,362.4,389.61,390.31
2021-02-10,364.08,362.27,392.12,390.17
2021-02-11,363.26,362.77,391.24,390.71
2021-02-12,361.97,364.65,389.85,392.73
2021-02-16,365.79,364.32,393.96,392.38
2021-02-17,362.5,364.39,390.42,392.45
2021-02-18,361.73,362.87,389.59,390.82
2021-02-19,364.03,362.16,392.07,390.05
2021-02-22,359.38,359.4,387.06,387.08
2021-02-23,357.15,359.81,384.66,387.52
2021-02-24,358.7,363.82,386.33,391.84
2021-02-25,362.49,355.03,390.41,382.37
2021-02-26,356.87,352.84,384.35,380.01
2021-03-01,358.02,361.58,385.59,389.43
2021-03-02,361.94,358.92,389.82,386.56
2021-03-03,358.2,354.13,385.79,381.4
2021-03-04,353.96,349.74,381.22,376.6799
2021-03-05,353.25,356.13,380.46,383.56
2021-03-08,357.15,354.42,384.66,381.72
2021-03-09,358.26,359.45,385.85,387.13
2021-03-10,361.82,361.55,389.69,389.39
2021-03-11,364.18,365.32,392.23,393.46
2021-03-12,364.03,365.83,392.07,394
2021-03-15,366.13,368.13,394.33,396.48
2021-03-16,368.68,367.55,397.07,395.86
2021-03-17,366.32,368.81,394.53,397.21
2021-03-18,366.27,363.53,394.475,391.53
2021-03-19,363.19,362.9,389.88,389.57
2021-03-22,363.33,365.67,390.03,392.55
2021-03-23,365.08,362.95,391.91,389.63
2021-03-24,364.23,361.09,391,387.63
2021-03-25,359.55,363.04,385.98,389.72
2021-03-26,364.16,368.8,390.93,395.91
2021-03-29,367.4,368.66,394.4,395.76
2021-03-30,367.41,367.67,394.42,394.69
2021-03-31,368.27,369.19,395.34,396.33
2021-04-01,371.12,373.18,398.4,400.61
2021-04-05,375.84,378.54,403.46,406.36
2021-04-06,377.98,378.31,405.76,406.12
2021-04-07,378.15,378.75,405.94,406.59
2021-04-08,380,380.55,407.93,408.52
2021-04-09,380.43,383.32,408.39,411.49
2021-04-12,382.72,383.46,410.85,411.64
2021-04-13,383.35,384.59,411.53,412.86
2021-04-14,384.56,383.28,412.83,411.45
2021-04-15,385.41,387.4,413.74,415.87
2021-04-16,388.68,388.69,417.25,417.26
2021-04-19,387.76,386.78,416.26,415.21
2021-04-20,385.57,383.95,413.91,412.17
2021-04-21,383.33,387.58,411.51,416.07
2021-04-22,387.41,384.04,415.89,412.27
2021-04-23,384.6,388.21,412.87,416.74
2021-04-26,388.86,389.02,417.44,417.61
2021-04-27,389.31,388.93,417.93,417.52
2021-04-28,389.2,388.82,417.81,417.4
2021-04-29,391.54,391.3,420.32,420.06
2021-04-30,389.04,388.73,417.63,417.3
2021-05-03,390.71,389.57,419.43,418.2
2021-05-04,387.58,387.16,416.07,415.62
2021-05-05,388.8,387.28,417.38,415.75
2021-05-06,387.36,390.38,415.83,419.07
2021-05-07,391.14,393.22,419.89,422.12
2021-05-10,393.57,389.32,422.5,417.94
2021-05-11,384.82,385.85,413.1,414.21
2021-05-12,383.07,377.65,411.23,405.41
2021-05-13,379.2,382.19,407.07,410.28
2021-05-14,384.92,388.06,413.21,416.58
2021-05-17,386.95,387.03,415.39,415.48
2021-05-18,387.33,383.81,415.8,412.02
2021-05-19,379.06,382.65,406.92,410.78
2021-05-20,383.6,386.73,411.8,415.15
2021-05-21,388.33,386.57,416.87,414.98
2021-05-24,388.77,390.47,417.34,419.17
2021-05-25,391.55,389.69,420.33,418.33
2021-05-26,390.19,390.35,418.87,419.04
2021-05-27,391.4,390.48,420.17,419.18
2021-05-28,392.15,391.42,420.97,420.19
2021-06-01,393.64,390.94,422.57,419.67
2021-06-02,391.59,391.61,420.37,420.39
2021-06-03,389.24,390.15,417.85,418.83
2021-06-04,391.94,393.52,420.75,422.44
2021-06-07,393.66,393.35,422.59,422.26
2021-06-08,394.14,393.39,423.11,422.3
2021-06-09,394.21,392.8,423.18,421.67
2021-06-10,394,394.61,422.96,423.61
2021-06-11,395.16,395.26,424.2,424.31
2021-06-14,395.37,396.14,424.43,425.26
2021-06-15,396.29,395.42,425.42,424.48
2021-06-16,395.56,393.21,424.63,422.11
2021-06-17,392.8,393.08,421.67,421.97
2021-06-18,389.8,387.78,417.09,414.92
2021-06-21,389.53,393.33,416.8,420.86
2021-06-22,393.32,395.43,420.85,423.11
2021-06-23,395.5,394.95,423.19,422.6
2021-06-24,397.09,397.29,424.89,425.1
2021-06-25,398.04,398.7,425.9,426.61
2021-06-28,399.22,399.5,427.17,427.47
2021-06-29,399.89,399.72,427.88,427.7
2021-06-30,399.26,400.06,427.21,428.06
2021-07-01,400.81,402.27,428.87,430.43
2021-07-02,403.43,405.35,431.67,433.72
2021-07-06,405.4,404.61,433.78,432.93
2021-07-07,405.29,406.04,433.66,434.46
2021-07-08,400.73,402.73,428.78,430.92
2021-07-09,404.23,407.03,432.53,435.52
2021-07-12,406.94,408.49,435.43,437.08
2021-07-13,407.7,407.09,436.24,435.59
2021-07-14,408.78,407.7,437.4,436.24
2021-07-15,406.36,406.31,434.81,434.75
2021-07-16,407.49,403.12,436.01,431.34
2021-07-19,398.31,397.17,426.19,424.97
2021-07-20,397.83,402.86,425.68,431.06
2021-07-21,404.06,406.12,432.34,434.55
2021-07-22,406.3,406.97,434.74,435.46
2021-07-23,408.9,411.16,437.52,439.94
2021-07-26,410.57,412.17,439.31,441.02
2021-07-27,411.13,410.29,439.91,439.01
2021-07-28,410.92,410.12,439.68,438.83
2021-07-29,411.04,411.82,439.815,440.65
2021-07-30,409.26,409.82,437.91,438.51
2021-08-02,411.53,408.96,440.34,437.59
2021-08-03,409.76,412.29,438.44,441.15
2021-08-04,411.01,410.26,439.78,438.98
2021-08-05,411.42,412.86,440.22,441.76
2021-08-06,413.18,413.54,442.1,442.49
2021-08-09,413.51,413.21,442.46,442.13
2021-08-10,413.65,413.72,442.61,442.68
2021-08-11,414.78,414.75,443.82,443.78
2021-08-12,414.6,415.99,443.62,445.11
2021-08-13,416.44,416.75,445.59,445.92
2021-08-16,415.45,417.73,444.53,446.97
2021-08-17,415.18,414.99,444.24,444.04
2021-08-18,413.98,410.45,442.96,439.18
2021-08-19,407.73,411.08,436.27,439.86
2021-08-20,411.43,414.35,440.23,443.36
2021-08-23,416.04,418,445.16,447.26
2021-08-24,418.66,418.66,447.97,447.97
2021-08-25,418.85,419.54,448.17,448.91
2021-08-26,419.26,417.06,448.61,446.26
2021-08-27,417.87,420.79,447.12,450.25
2021-08-30,421.47,422.64,450.97,452.23
2021-08-31,422.55,422.02,452.13,451.56
2021-09-01,422.95,422.24,452.56,451.8
2021-09-02,423.66,423.54,453.32,453.19
2021-09-03,422.41,423.44,451.98,453.08
2021-09-07,423.09,421.92,452.71,451.46
2021-09-08,421.39,421.41,450.89,450.91
2021-09-09,421.21,419.61,450.7,448.98
2021-09-10,421.53,416.3,451.04,445.44
2021-09-13,419.29,417.36,448.64,446.58
2021-09-14,418.8,415.11,448.12,444.17
2021-09-15,415.53,418.58,444.62,447.88
2021-09-16,418.06,417.92,447.32,447.17
2021-09-17,417.14,413.84,444.92,441.4
2021-09-20,407.73,406.94,434.88,434.04
2021-09-21,409.28,406.56,436.53,433.63
2021-09-22,408.83,410.53,436.05,437.86
2021-09-23,412.39,415.51,439.85,443.18
2021-09-24,413.88,416.2,441.44,443.91
2021-09-27,415.17,415.01,442.81,442.64
2021-09-28,412.24,406.64,439.69,433.72
2021-09-29,408.02,407.33,435.19,434.45
2021-09-30,408.8,402.35,436.02,429.14
2021-10-01,404.08,407.13,430.98,434.24
2021-10-04,405.97,401.88,433,428.64
2021-10-05,403.38,406.06,430.24,433.1
2021-10-06,402.47,407.75,429.27,434.9
2021-10-07,411.02,411.28,438.39,438.66
2021-10-08,412.04,410.53,439.48,437.86
2021-10-11,409.87,407.55,437.16,434.69
2021-10-12,408.47,406.55,435.67,433.62
2021-10-13,407.57,408.01,434.71,435.18
2021-10-14,411.67,414.88,439.08,442.5
2021-10-15,416.99,418.04,444.75,445.87
2021-10-18,416.25,419.27,443.97,447.19
2021-10-19,420.9,422.51,448.92,450.64
2021-10-20,422.97,424.17,451.13,452.41
2021-10-21,423.57,425.27,451.77,453.59
2021-10-22,424.84,424.83,453.13,453.12
2021-10-25,425.92,427.11,454.28,455.55
2021-10-26,428.66,427.5,457.2,455.96
2021-10-27,427.95,425.6,456.45,453.94
2021-10-28,427.03,429.71,455.46,458.32
2021-10-29,427.41,430.58,455.87,459.25
2021-11-01,431.56,431.32,460.3,460.04
2021-11-02,431.49,433.06,460.22,461.9
2021-11-03,432.5,435.71,461.3,464.72
2021-11-04,436.31,437.76,465.36,466.91
2021-11-05,439.98,439.28,469.28,468.53
2021-11-08,440.38,439.66,469.7,468.93
2021-11-09,440.02,438.2,469.32,467.38
2021-11-10,436.52,434.68,465.58,463.62
2021-11-11,436.17,434.82,465.21,463.77
2021-11-12,436.08,438.1,465.12,467.27
2021-11-15,439.38,438.25,468.64,467.43
2021-11-16,437.99,439.98,467.15,469.28
2021-11-17,439.72,438.92,469,468.14
2021-11-18,439.95,440.41,469.24,469.73
2021-11-19,440.29,439.62,469.61,468.89
2021-11-22,441.49,438.38,470.89,467.57
2021-11-23,438.05,438.96,467.22,468.19
2021-11-24,436.97,440.13,466.06,469.44
2021-11-26,433.48,430.32,462.34,458.97
2021-11-29,435.1,435.6,464.07,464.6
2021-11-30,433.16,427.12,462,455.56
2021-12-01,432.82,422.38,461.64,450.5
2021-12-02,422.59,428.85,450.73,457.4
2021-12-03,430.51,425.11,459.17,453.42
2021-12-06,427.65,430.15,456.13,458.79
2021-12-07,435.42,439.05,464.41,468.28
2021-12-08,439.44,440.21,468.7,469.52
2021-12-09,438.92,437.24,468.15,466.35
2021-12-10,439.94,441.35,469.23,470.74
2021-12-13,440.84,437.46,470.19,466.59
2021-12-14,434.18,434.43,463.09,463.36
2021-12-15,434.49,441.22,463.42,470.6
2021-12-16,443.07,437.33,472.57,466.45
2021-12-17,434.26,432.68,461.55,459.87
2021-12-20,427.61,428.08,454.48,454.98
2021-12-21,431.49,435.68,458.61,463.06
2021-12-22,435.43,440.04,462.79,467.69
2021-12-23,441.03,442.78,468.75,470.6
2021-12-27,444.15,449.04,472.06,477.26
2021-12-28,449.47,448.67,477.72,476.87
2021-12-29,448.78,449.25,476.98,477.48
2021-12-30,449.67,448.01,477.93,476.16
2021-12-31,447.52,446.88,475.64,474.96
2022-01-03,448.14,449.46,476.3,477.71
2022-01-04,450.89,449.31,479.22,477.55
2022-01-05,448.95,440.69,477.16,468.38
2022-01-06,440.23,440.27,467.89,467.94
2022-01-07,440.28,438.53,467.95,466.09
2022-01-10,435.34,437.99,462.7,465.51
2022-01-11,437.72,441.96,465.23,469.73
2022-01-12,443.71,443.17,471.59,471.02
2022-01-13,444.27,437.06,472.19,464.53
2022-01-14,433.92,437.24,461.19,464.72
2022-01-18,432.56,429.5,459.74,456.49
2022-01-19,431.04,425.04,458.13,451.75
2022-01-20,426.92,420.34,453.75,446.75
2022-01-21,419.22,412.08,445.56,437.98
2022-01-24,406.49,413.83,432.03,439.84
2022-01-25,407.45,408.78,433.06,434.47
2022-01-26,414.66,407.76,440.72,433.38
2022-01-27,412.35,405.74,438.26,431.24
2022-01-28,407.1,415.82,432.68,441.95
2022-01-31,415.15,423.31,441.24,449.91
2022-02-01,424.03,426.17,450.68,452.95
2022-02-02,428.57,430.31,455.5,457.35
2022-02-03,424.29,420.19,450.95,446.6
2022-02-04,419.96,422.17,446.35,448.7
2022-02-07,422.93,420.82,449.51,447.26
2022-02-08,420.32,424.28,446.73,450.94
2022-02-09,428.3,430.49,455.22,457.54
2022-02-10,424.65,422.75,451.34,449.32
2022-02-11,422.84,414.42,449.41,440.46
2022-02-14,413.91,413.06,439.92,439.02
2022-02-15,417.49,419.72,443.73,446.1
2022-02-16,417.68,420.19,443.93,446.6
2022-02-17,417.01,411.22,443.22,437.06
2022-02-18,411.47,408.56,437.33,434.23
2022-02-22,406.35,404.17,431.89,429.57
2022-02-23,407.08,397.11,432.66,422.07
2022-02-24,386.72,402.68,411.02,427.99
2022-02-25,404.21,411.87,429.61,437.75
2022-02-28,406.49,410.81,432.03,436.63
2022-03-01,409.32,404.56,435.04,429.98
2022-03-02,406.81,412,432.37,437.89
2022-03-03,414.43,409.95,440.47,435.71
2022-03-04,406.22,406.62,431.75,432.17
2022-03-07,406.03,394.63,431.55,419.43
2022-03-08,394.81,391.64,419.62,416.25
2022-03-09,400,402.14,425.14,427.41
2022-03-10,397.54,400.32,422.52,425.48
2022-03-11,402.81,395.23,428.12,420.07
2022-03-14,396,392.34,420.89,417
2022-03-15,394.95,400.97,419.77,426.17
2022-03-16,404.47,409.86,429.89,435.62
2022-03-17,407.95,414.99,433.59,441.07
2022-03-18,413.38,419.54,438,444.52
2022-03-21,419.37,419.41,444.34,444.39
2022-03-22,420.8,424.32,445.86,449.59
2022-03-23,421.79,418.86,446.91,443.8
2022-03-24,420.88,425.17,445.94,450.49
2022-03-25,425.8,427.25,451.16,452.69
2022-03-28,426.65,430.22,452.06,455.84
2022-03-29,434.17,435.59,460.02,461.53
2022-03-30,434.47,433,460.34,458.79
2022-03-31,432.15,426.26,457.89,451.64
2022-04-01,427.83,427.46,453.31,452.92
2022-04-04,427.66,431.13,453.13,456.8
2022-04-05,429.63,425.68,455.22,451.03
2022-04-06,421.77,421.42,446.89,446.52
2022-04-07,420.55,423.55,445.59,448.77
2022-04-08,422.79,422.41,447.97,447.57
2022-04-11,419.15,415.19,444.11,439.92
2022-04-12,418.18,413.66,443.08,438.29
2022-04-13,413.41,418.39,438.03,443.31
2022-04-14,418.62,413.18,443.55,437.79
2022-04-18,412.26,413.35,436.81,437.97
2022-04-19,413.25,420.03,437.86,445.04
2022-04-20,421.8,419.72,446.92,444.71
2022-04-21,423.33,413.44,448.54,438.06
2022-04-22,412.35,402.09,436.91,426.04
2022-04-25,399.86,404.43,423.67,428.51
2022-04-26,401.9,392.71,425.83,416.1
2022-04-27,393.79,393.82,417.24,417.27
2022-04-28,398.56,403.77,422.29,427.81
2022-04-29,399.78,388.84,423.59,412
2022-05-02,388.91,391.18,412.07,414.48
2022-05-03,391.68,392.98,415.01,416.38
2022-05-04,393.64,404.95,417.08,429.06
2022-05-05,400.69,390.55,424.55,413.81
2022-05-06,387.99,388.22,411.1,411.34
2022-05-09,382.33,375.79,405.1,398.17
2022-05-10,381.76,376.66,404.49,399.09
2022-05-11,375.7,370.68,398.07,392.75
2022-05-12,367.49,370.29,389.37,392.34
2022-05-13,374.41,379.14,396.71,401.72
2022-05-16,377.5,377.6,399.98,400.09
2022-05-17,383.68,385.37,406.53,408.32
2022-05-18,380.82,369.84,403.5,391.86
2022-05-19,366.78,367.57,388.62,389.46
2022-05-20,371.15,367.73,393.25,389.63
2022-05-23,370.75,374.61,392.83,396.92
2022-05-24,370.5,371.75,392.56,393.89
2022-05-25,370.26,375.04,392.31,397.37
2022-05-26,376.26,382.53,398.67,405.31
2022-05-27,384.98,391.92,407.91,415.26
2022-05-31,390.31,389.72,413.55,412.93
2022-06-01,391.84,386.57,415.17,409.59
2022-06-02,386.41,393.88,409.42,417.34
2022-06-03,389.22,387.47,412.4,410.54
2022-06-06,391.47,388.65,414.78,411.79
2022-06-07,385.16,392.37,408.1,415.74
2022-06-08,390.67,388.11,413.93,411.22
2022-06-09,386.33,378.88,409.34,401.44
2022-06-10,372.69,367.89,394.88,389.8
2022-06-13,358.5,353.92,379.85,375
2022-06-14,355.67,352.86,376.85,373.87
2022-06-15,356.15,357.89,377.36,379.2
2022-06-16,349.69,346.04,370.51,366.65
2022-06-17,346.46,346.79,365.51,365.86
2022-06-21,352.5,355.52,371.89,375.07
2022-06-22,351.3,354.87,370.62,374.39
2022-06-23,357.01,358.35,376.64,378.06
2022-06-24,361.52,369.75,381.4,390.08
2022-06-27,370.67,368.33,391.05,388.59
2022-06-28,369.89,360.81,390.23,380.65
2022-06-29,361.36,360.51,381.23,380.34
2022-06-30,356.63,357.59,376.24,377.25
2022-07-01,356.93,361.37,376.56,381.24
2022-07-05,356.29,362.05,375.88,381.96
2022-07-06,362.19,363.27,382.11,383.25
2022-07-07,365.04,368.71,385.12,388.99
2022-07-08,367.08,368.41,387.27,388.67
2022-07-11,365.74,364.2,385.85,384.23
2022-07-12,363.65,360.98,383.65,380.83
2022-07-13,355.55,359.08,375.1,378.83
2022-07-14,354.13,358.21,373.61,377.91
2022-07-15,362.61,365.05,382.55,385.13
2022-07-18,368.13,362.04,388.38,381.95
2022-07-19,365.95,371.82,386.08,392.27
2022-07-20,372.01,374.19,392.47,394.77
2022-07-21,373.61,378,394.16,398.79
2022-07-22,378.13,374.5,398.92,395.09
2022-07-25,375.12,374.95,395.75,395.57
2022-07-26,373.31,370.51,393.84,390.89
2022-07-27,373.8,380.13,394.36,401.04
2022-07-28,380.94,384.87,401.89,406.04
2022-07-29,386.33,390.51,407.58,411.99
2022-08-01,387.82,389.36,409.15,410.77
2022-08-02,387.79,386.79,409.12,408.06
2022-08-03,388.91,392.85,410.3,414.45
2022-08-04,392.77,392.58,414.37,414.17
2022-08-05,388.31,391.92,409.66,413.47
2022-08-08,393.6,391.46,415.25,412.99
2022-08-09,390.73,389.91,412.22,411.35
2022-08-10,396.95,398.1,418.78,419.99
2022-08-11,400.94,398.1,422.99,419.99
2022-08-12,400.03,404.84,422.03,427.1
2022-08-15,402.62,406.5,424.765,428.86
2022-08-16,405.43,407.3,427.73,429.7
2022-08-17,403.71,404.41,425.91,426.65
2022-08-18,404.61,405.59,426.86,427.89
2022-08-19,402.83,400.14,424.98,422.14
2022-08-22,395.31,391.8,417.05,413.35
2022-08-23,391.38,390.86,412.9,412.35
2022-08-24,390.63,392.11,412.11,413.67
2022-08-25,393.59,397.64,415.24,419.51
2022-08-26,397.53,384.18,419.39,405.31
2022-08-29,381.23,381.64,402.2,402.63
2022-08-30,382.8,377.45,403.85,398.21
2022-08-31,379.08,374.58,399.93,395.18
2022-09-01,372.41,375.76,392.89,396.42
2022-09-02,379.41,371.79,400.28,392.24
2022-09-06,372.64,370.39,393.13,390.76
2022-09-07,370.08,377.04,390.43,397.78
2022-09-08,374.78,379.51,395.39,400.38
2022-09-09,381.75,385.41,402.74,406.6
2022-09-12,387.47,389.55,408.78,410.97
2022-09-13,380.88,372.61,401.83,393.1
2022-09-14,373.91,374.03,394.47,394.6
2022-09-15,372.48,369.78,392.96,390.12
2022-09-16,365.61,366.96,384.14,385.56
2022-09-19,363.82,369.81,382.26,388.55
2022-09-20,366.49,365.56,385.06,384.09
2022-09-21,367.49,359.19,386.11,377.39
2022-09-22,358.42,356.17,376.58,374.22
2022-09-23,352.71,350.2,370.58,367.95
2022-09-26,348.74,346.74,366.41,364.31
2022-09-27,350.27,345.85,368.02,363.38
2022-09-28,346.81,352.66,364.38,370.53
2022-09-29,349.12,345.29,366.81,362.79
2022-09-30,344.35,339.95,361.8,357.18
2022-10-03,343.66,348.93,361.08,366.61
2022-10-04,354.44,359.74,372.4,377.97
2022-10-05,355.38,358.9,373.39,377.09
2022-10-06,357.5,355.2,375.62,373.2
2022-10-07,351.17,345.29,368.97,362.79
2022-10-10,346.41,342.66,363.96,360.02
2022-10-11,340.96,340.49,358.235,357.74
2022-10-12,340.89,339.36,358.17,356.56
2022-10-13,332.36,348.32,349.205,365.97
2022-10-14,350.77,340.38,368.55,357.63
2022-10-17,346.45,349.13,364.01,366.82
2022-10-18,357.04,353.23,375.13,371.13
2022-10-19,351.19,350.73,368.99,368.5
2022-10-20,350.28,347.79,368.03,365.41
2022-10-21,347.51,356.24,365.12,374.29
2022-10-24,357.76,360.6,375.89,378.87
2022-10-25,360.52,366.35,378.79,384.92
2022-10-26,363.21,363.59,381.62,382.02
2022-10-27,364.59,361.65,383.07,379.98
2022-10-28,361.55,370.26,379.87,389.02
2022-10-31,367.8,367.58,386.44,386.21
2022-11-01,371.32,365.97,390.14,384.52
2022-11-02,365.38,356.79,383.9,374.87
2022-11-03,353.55,353.12,371.465,371.01
2022-11-04,358.82,358.2,377,376.35
2022-11-07,359.49,361.62,377.71,379.95
2022-11-08,362.73,363.58,381.11,382
2022-11-09,361.61,356.08,379.93,374.13
2022-11-10,369.33,375.65,388.05,394.69
2022-11-11,376.51,379.29,395.59,398.51
2022-11-14,377.53,376.06,396.66,395.12
2022-11-15,381.8,379.27,401.15,398.49
2022-11-16,377.64,376.38,396.78,395.45
2022-11-17,371.63,375.22,390.46,394.24
2022-11-18,378.56,376.93,397.74,396.03
2022-11-21,375.61,375.56,394.64,394.59
2022-11-22,377.5,380.61,396.63,399.9
2022-11-23,380.28,383.01,399.55,402.42
2022-11-25,382.45,382.92,401.83,402.33
2022-11-28,379.84,376.81,399.09,395.91
2022-11-29,376.95,376.17,396.05,395.23
2022-11-30,376.41,388.02,395.49,407.68
2022-12-01,389.05,387.73,408.77,407.38
2022-12-02,382.85,387.28,402.25,406.91
2022-12-05,384.47,380.32,403.95,399.59
2022-12-06,380.16,374.83,399.42,393.83
2022-12-07,373.99,374.2,392.94,393.16
2022-12-08,376.08,377.13,395.14,396.24
2022-12-09,375.89,374.31,394.94,393.28
2022-12-12,375.1,379.71,394.11,398.95
2022-12-13,390.43,382.58,410.22,401.97
2022-12-14,382.24,380.14,401.61,399.4
2022-12-15,375.28,370.84,394.3,389.63
2022-12-16,368.29,366.46,385.18,383.27
2022-12-19,366.65,363.35,383.47,380.02
2022-12-20,362.6,363.85,379.23,380.54
2022-12-21,366.44,369.29,383.25,386.23
2022-12-22,366.25,364.02,383.05,380.72
2022-12-23,363,366.12,379.65,382.91
2022-12-27,366,364.67,382.79,381.4
2022-12-28,364.6,360.14,381.33,376.66
2022-12-29,362.98,366.62,379.63,383.44
2022-12-30,363.94,365.66,380.64,382.43
2023-01-03,367.51,364.12,384.37,380.82
2023-01-04,366.37,366.93,383.18,383.76
2023-01-05,364.98,362.74,381.72,379.38
2023-01-06,365.83,371.06,382.61,388.08
2023-01-09,373.25,370.85,390.37,387.86
2023-01-10,370.26,373.45,387.25,390.58
2023-01-11,375.03,378.17,392.23,395.52
2023-01-12,379.27,379.55,396.67,396.96
2023-01-13,376.36,381.02,393.62,398.5
2023-01-17,381,380.32,398.48,397.77
2023-01-18,381.51,374.32,399.01,391.49
2023-01-19,372.28,371.59,389.36,388.64
2023-01-20,372.99,378.52,390.1,395.88
2023-01-23,379.32,383.06,396.72,400.63
2023-01-24,381.38,382.65,398.88,400.2
2023-01-25,378.58,382.79,395.95,400.35
2023-01-26,385.45,387,403.13,404.75
2023-01-27,385.95,387.89,403.655,405.68
2023-01-30,385.13,383.02,402.8,400.59
2023-01-31,383.54,388.65,401.13,406.48
2023-02-01,387.44,392.78,405.211,410.8
2023-02-02,396.66,398.5,414.86,416.78
2023-02-03,393.54,394.26,411.59,412.35
2023-02-06,391.82,391.85,409.79,409.83
2023-02-07,390.94,396.98,408.87,415.19
2023-02-08,395.01,392.64,413.13,410.65
2023-02-09,396.23,389.23,414.41,407.09
2023-02-10,388.06,390.14,405.86,408.04
2023-02-13,390.79,394.72,408.72,412.83
2023-02-14,393.2,394.54,411.24,412.64
2023-02-15,392.35,395.82,410.35,413.98
2023-02-16,390.86,390.37,408.79,408.28
2023-02-17,388.25,389.4,406.06,407.26
2023-02-21,385.38,381.59,403.06,399.09
2023-02-22,382,381.06,399.52,398.54
2023-02-23,383.95,383.09,401.56,400.66
2023-02-24,378.08,378.99,395.42,396.38
2023-02-27,382.33,380.29,399.87,397.73
2023-02-28,379.81,378.88,397.23,396.26
2023-03-01,378.07,377.43,395.41,394.74
2023-03-02,375.46,380.36,392.68,397.81
2023-03-03,382.18,386.46,399.71,404.19
2023-03-06,387.28,386.73,405.05,404.47
2023-03-07,386.68,380.8,404.42,398.27
2023-03-08,380.92,381.42,398.39,398.92
2023-03-09,382.21,374.39,399.74,391.56
2023-03-10,373.84,368.98,390.99,385.91
2023-03-13,365.06,368.46,381.81,385.36
2023-03-14,373.37,374.55,390.5,391.73
2023-03-15,368.96,372.21,385.89,389.28
2023-03-16,369.85,378.74,386.82,396.11
2023-03-17,377.41,374.31,393.22,389.99
2023-03-20,375.09,377.91,390.8,393.74
2023-03-21,381.27,382.87,397.24,398.91
2023-03-22,382.7,376.34,398.73,392.11
2023-03-23,379.2,377.36,395.09,393.17
2023-03-24,376.08,379.84,391.841,395.75
2023-03-27,382.11,380.55,398.12,396.49
2023-03-28,379.86,379.69,395.77,395.6
2023-03-29,383.84,385.21,399.925,401.35
2023-03-30,387.84,387.47,404.09,403.7
2023-03-31,388.39,392.93,404.66,409.39
2023-04-03,392.41,394.43,408.85,410.95
2023-04-04,395.07,392.24,411.62,408.67
2023-04-05,391.51,391.21,407.91,407.6
2023-04-06,390.41,392.74,406.77,409.19
2023-04-10,390.26,393.14,406.61,409.61
2023-04-11,393.76,393.24,410.26,409.72
2023-04-12,395.31,391.64,411.87,408.05
2023-04-13,392.73,396.84,409.18,413.47
2023-04-14,396.21,395.87,412.81,412.46
2023-04-17,395.79,397.29,412.37,413.94
2023-04-18,398.87,397.55,415.58,414.21
2023-04-19,395.64,397.49,412.22,414.14
2023-04-20,394.67,395.32,411.21,411.88
2023-04-21,395.62,395.62,412.19,412.2
2023-04-24,395.42,396.04,411.99,412.63
2023-04-25,394.07,389.75,410.58,406.08
2023-04-26,390.37,388.1,406.72,404.36
2023-04-27,390.63,395.83,407,412.41
2023-04-28,394.94,399.2,411.49,415.93
2023-05-01,398.76,398.8,415.47,415.51
2023-05-02,398.09,394.32,414.77,410.84
2023-05-03,394.82,391.61,411.36,408.02
2023-05-04,390.57,388.84,406.93,405.13
2023-05-05,392.47,396.04,408.91,412.63
2023-05-08,396.36,396.14,412.97,412.74
2023-05-09,394.6,394.41,411.13,410.93
2023-05-10,397.24,396.25,413.88,412.85
2023-05-11,395.38,395.56,411.95,412.13
2023-05-12,396.8,395.04,413.42,411.59
2023-05-15,395.64,396.4,412.22,413.01
2023-05-16,395.3,393.75,411.86,410.25
2023-05-17,395.77,398.53,412.35,415.23
2023-05-18,398.22,402.37,414.9,419.23
2023-05-19,403.27,401.79,420.17,418.62
2023-05-22,401.81,401.95,418.64,418.79
2023-05-23,400.31,397.44,417.08,414.09
2023-05-24,395.84,394.56,412.42,411.09
2023-05-25,398.06,397.98,414.74,414.65
2023-05-26,398.63,403.13,415.33,420.02
2023-05-30,405.06,403.28,422.03,420.18
2023-05-31,401.46,401.05,418.28,417.85
2023-06-01,401.28,404.86,418.09,421.82
2023-06-02,407.43,410.71,424.5,427.92
2023-06-05,411.06,409.93,428.28,427.1
2023-06-06,409.51,410.82,426.67,428.03
2023-06-07,411.21,409.4,428.44,426.55
2023-06-08,409.47,411.87,426.62,429.13
2023-06-09,412.67,412.61,429.96,429.9
2023-06-12,413.59,416.36,430.92,433.8
2023-06-13,417.82,419.1,435.32,436.66
2023-06-14,419.44,419.6,437.01,437.18
2023-06-15,418.78,424.8,436.33,442.6
2023-06-16,426.79,423.36,443.02,439.46
2023-06-20,421.42,421.16,437.45,437.18
2023-06-21,420.18,419,436.16,434.94
2023-06-22,418.05,420.51,433.95,436.51
2023-06-23,417.07,417.33,432.93,433.21
2023-06-26,416.77,415.63,432.62,431.44
2023-06-27,416.51,420.19,432.35,436.17
2023-06-28,419.11,420.4,435.05,436.39
2023-06-29,419.98,422.06,435.96,438.11
2023-06-30,425.26,427.04,441.44,443.28
2023-07-03,426.69,427.53,442.92,443.79
2023-07-05,425.72,426.89,441.91,443.13
2023-07-06,423.32,423.55,439.42,439.66
2023-07-07,422.56,422.48,438.63,438.55
2023-07-10,422.12,423.55,438.18,439.66
2023-07-11,424.31,426.25,440.45,442.46
2023-07-12,430.03,429.68,446.39,446.02
2023-07-13,431.49,433.09,447.9,449.56
2023-07-14,433.97,432.82,450.475,449.28
2023-07-17,432.67,434.32,449.13,450.84
2023-07-18,433.99,437.55,450.5,454.19
2023-07-19,438.34,438.52,455.01,455.2
2023-07-20,437.53,435.61,454.17,452.18
2023-07-21,437.32,435.61,453.96,452.18
2023-07-24,436.76,437.56,453.37,454.2
2023-07-25,437.29,438.75,453.92,455.44
2023-07-26,437.82,438.82,454.47,455.51
2023-07-27,442.2,435.91,459.02,452.49
2023-07-28,439.17,440.18,455.88,456.92
2023-07-31,440.65,441.01,457.41,457.79
2023-08-01,439.55,439.75,456.27,456.48
2023-08-02,436.64,433.63,453.25,450.13
2023-08-03,431.62,432.39,448.04,448.84
2023-08-04,434.2,430.44,450.72,446.81
2023-08-07,432.27,434.19,448.71,450.71
2023-08-08,431.66,432.31,448.08,448.75
2023-08-09,432.58,429.42,449.03,445.75
2023-08-10,431.77,429.57,448.19,445.91
2023-08-11,427.7,429.32,443.97,445.65
2023-08-14,428.4,431.69,444.7,448.11
2023-08-15,429.92,426.66,446.27,442.89
2023-08-16,426.25,423.53,442.46,439.64
2023-08-17,424.99,420.3,441.16,436.29
2023-08-18,417.49,420.5,433.37,436.5
2023-08-21,421.52,423.24,437.55,439.34
2023-08-22,425.01,422.09,441.18,438.15
2023-08-23,423.15,426.8,439.25,443.03
2023-08-24,428.39,420.88,444.69,436.89
2023-08-25,422.6,423.85,438.68,439.97
2023-08-28,426.03,426.53,442.24,442.76
2023-08-29,426.43,432.7,442.65,449.16
2023-08-30,433.04,434.48,449.51,451.01
2023-08-31,435.1,433.85,451.65,450.35
2023-09-01,436.56,434.66,453.17,451.19
2023-09-05,434.21,432.78,450.73,449.24
2023-09-06,431.97,429.87,448.4,446.22
2023-09-07,426.87,428.55,443.11,444.85
2023-09-08,428.6,429.19,444.9,445.52
2023-09-11,431.81,432.02,448.24,448.45
2023-09-12,430.57,429.65,446.95,445.99
2023-09-13,429.87,430.15,446.22,446.51
2023-09-14,432.61,433.86,449.07,450.36
2023-09-15,432.27,428.63,447.14,443.37
2023-09-18,428.32,428.88,443.05,443.63
2023-09-19,427.96,427.99,442.68,442.71
2023-09-20,429.25,424.06,444.01,438.64
2023-09-21,421.21,417.05,435.7,431.39
2023-09-22,418.07,416.11,432.45,430.42
2023-09-25,414.9,417.86,429.17,432.23
2023-09-26,414.82,411.72,429.09,425.88
2023-09-27,412.89,411.89,427.09,426.05
2023-09-28,411.33,414.27,425.48,428.52
2023-09-29,417.32,413.27,431.67,427.48
2023-10-02,412.44,413.1,426.62,427.31
2023-10-03,410.93,407.57,425.06,421.59
2023-10-04,408.04,410.54,422.07,424.66
2023-10-05,410.25,410.39,424.36,424.5
2023-10-06,407.94,415.26,421.97,429.54
2023-10-09,413.36,417.92,427.58,432.29
2023-10-10,418.55,420.09,432.94,434.54
2023-10-11,421.16,421.81,435.64,436.32
2023-10-12,422.42,419.24,436.95,433.66
2023-10-13,420.74,417.15,435.21,431.5
2023-10-16,419.4,421.54,433.82,436.04
2023-10-17,418.42,421.52,432.81,436.02
2023-10-18,419.75,415.91,434.19,430.21
2023-10-19,416.62,412.25,430.95,426.43
2023-10-20,411.82,407.19,425.98,421.19
2023-10-23,405.66,406.48,419.61,420.46
2023-10-24,408.6,409.55,422.65,423.63
2023-10-25,407.86,403.67,421.89,417.55
2023-10-26,402.6,398.83,416.45,412.55
2023-10-27,400.42,397.03,414.19,410.68
2023-10-30,399.81,401.77,413.56,415.59
2023-10-31,402.34,404.3,416.18,418.2
2023-11-01,405.26,408.61,419.2,422.66
2023-11-02,412.4,416.44,426.58,430.76
2023-11-03,418.74,420.24,433.14,434.69
2023-11-06,420.99,421.2,435.47,435.69
2023-11-07,421.2,422.4,435.69,436.93
2023-11-08,423,422.71,437.55,437.25
2023-11-09,423.85,419.42,438.43,433.84
2023-11-10,421.49,425.96,435.98,440.61
2023-11-13,424.63,425.56,439.23,440.19
2023-11-14,431.48,433.81,446.32,448.73
2023-11-15,435.15,434.73,450.11,449.68
2023-11-16,434.28,435.26,449.22,450.23
2023-11-17,435.27,435.8,450.24,450.79
2023-11-20,435.55,439.16,450.53,454.26
2023-11-21,438.12,438.2,453.1842,453.27
2023-11-22,439.85,439.89,454.98,455.02
2023-11-24,439.94,440.16,455.07,455.3
2023-11-27,439.53,439.37,454.65,454.48
2023-11-28,438.98,439.81,454.08,454.93
2023-11-29,441.95,439.5,457.15,454.61
2023-11-30,440.34,441.23,455.48,456.4
2023-12-01,440.62,443.84,455.77,459.1
2023-12-04,440.45,441.51,455.6,456.69
2023-12-05,440.12,441.42,455.26,456.6
2023-12-06,443.56,439.64,458.81,454.76
2023-12-07,441.72,443,456.91,458.23
2023-12-08,442.25,444.9,457.46,460.2
2023-12-11,444.41,446.63,459.69,461.99
2023-12-12,446.28,448.67,461.63,464.1
2023-12-13,449.05,454.86,464.49,470.5
2023-12-14,456.79,456.32,472.5,472.01
2023-12-15,455.72,455.57,469.49,469.33
2023-12-18,457.17,458.13,470.98,471.97
2023-12-19,458.67,460.91,472.53,474.84
2023-12-20,460.06,454.53,473.96,468.26
2023-12-21,457.51,458.84,471.33,472.7
2023-12-22,459.96,459.76,473.86,473.65
2023-12-26,460.17,461.7,474.07,475.65
2023-12-27,461.5,462.54,475.44,476.51
2023-12-28,462.89,462.71,476.88,476.69
2023-12-29,462.52,461.37,476.49,475.31
2024-01-02,458.31,458.79,472.16,472.65
2024-01-03,456.63,455.04,470.43,468.79
2024-01-04,454.57,453.58,468.3,467.28
2024-01-05,453.78,454.2,467.49,467.92
2024-01-08,454.69,460.68,468.43,474.6
2024-01-09,458.03,459.98,471.87,473.88
2024-01-10,460.25,462.58,474.16,476.56
2024-01-11,463.58,462.38,477.59,476.35
2024-01-12,463.83,462.7,477.84,476.68
2024-01-16,461.32,461,475.26,474.93
2024-01-17,457.98,458.44,471.82,472.29
2024-01-18,460.11,462.52,474.01,476.49
2024-01-19,463.64,468.28,477.65,482.43
2024-01-22,469.82,469.27,484.01,483.45
2024-01-23,469.82,470.64,484.01,484.86
2024-01-24,473.5,471.15,487.81,485.39
2024-01-25,473.28,473.72,487.575,488.03
2024-01-26,473.29,473.12,487.59,487.41
2024-01-29,473.43,476.86,487.73,491.27
2024-01-30,476.17,476.49,490.56,490.89
2024-01-31,474.29,468.72,488.62,482.88
2024-02-01,470.42,474.85,484.63,489.2
2024-02-02,475.29,479.85,489.65,494.35
2024-02-05,479.22,478.1,493.695,492.55
2024-02-06,479.05,479.49,493.52,493.98
2024-02-07,481.74,483.49,496.29,498.1
2024-02-08,483.49,483.71,498.1,498.32
2024-02-09,484.21,486.5,498.84,501.2
2024-02-12,486.47,486.29,501.17,500.98
2024-02-13,480.03,479.59,494.53,494.08
2024-02-14,482.22,483.95,496.79,498.57
2024-02-15,484.65,487.29,499.29,502.01
2024-02-16,486.99,484.86,501.7,499.51
2024-02-20,483.12,482.19,497.72,496.76
2024-02-21,480.89,482.63,495.42,497.21
2024-02-22,489.23,492.62,504.01,507.5
2024-02-23,494.33,492.96,509.27,507.85
2024-02-26,493.39,491.15,508.3,505.99
2024-02-27,491.84,492.06,506.7,506.93
2024-02-28,490.51,491.41,505.33,506.26
2024-02-29,493.17,493.18,508.07,508.08
2024-03-01,494.05,497.81,508.98,512.85
2024-03-04,497.01,497.28,512.03,512.3
2024-03-05,495.28,492.31,510.24,507.18
2024-03-06,495.58,494.8,510.55,509.75
2024-03-07,498.09,499.71,513.14,514.81
2024-03-08,500.34,496.71,515.46,511.72
2024-03-11,495.51,496.29,510.48,511.28
2024-03-12,498.39,501.62,513.45,516.78
2024-03-13,501.94,500.84,517.11,515.97
2024-03-14,501.81,499.85,516.97,514.95
2024-03-15,496.79,496.42,510.21,509.83
2024-03-18,500.48,499.37,514,512.86
2024-03-19,498.67,502.14,512.15,515.71
2024-03-20,502.2,506.79,515.77,520.48
2024-03-21,509.62,508.46,523.39,522.2
2024-03-22,508.37,507.5,522.11,521.21
2024-03-25,506.12,506.09,519.8,519.77
2024-03-26,507.52,505.16,521.23,518.81
2024-03-27,507.98,509.4,521.71,523.17
2024-03-28,509.44,509.31,523.21,523.07
2024-04-01,510.05,508.42,523.83,522.16
2024-04-02,504.6,505.19,518.24,518.84
2024-04-03,504.1,505.74,517.72,519.41
2024-04-04,509.75,499.57,523.52,513.07
2024-04-05,500.92,504.79,514.46,518.43
2024-04-08,505.49,505.07,519.15,518.72
2024-04-09,506.8,505.66,520.5,519.32
2024-04-10,499.97,500.59,513.48,514.12
2024-04-11,502.11,504.37,515.68,518
2024-04-12,500.84,497.41,514.37,510.85
2024-04-15,501.58,491.18,515.13,504.45
2024-04-16,491.65,490.28,504.94,503.53
2024-04-17,492.74,487.38,506.05,500.55
2024-04-18,488.77,486.38,501.98,499.52
2024-04-19,486.3,482.13,499.44,495.16
2024-04-22,484.73,486.57,497.83,499.72
2024-04-23,488.58,492.35,501.78,505.65
2024-04-24,493.23,492.11,506.56,505.41
2024-04-25,486.05,490.24,499.18,503.49
2024-04-26,493.03,494.89,506.35,508.26
2024-04-29,496.67,496.64,510.09,510.06
2024-04-30,495.18,488.77,508.56,501.98
2024-05-01,488.19,487.19,501.38,500.35
2024-05-02,490.89,491.74,504.15,505.03
2024-05-03,497.71,497.84,511.16,511.29
2024-05-06,500.23,502.98,513.75,516.57
2024-05-07,503.94,503.53,517.56,517.14
2024-05-08,501.7,503.58,515.26,517.19
2024-05-09,503.77,506.48,517.38,520.17
2024-05-10,508.08,507.14,521.81,520.84
2024-05-13,508.81,507.2,522.56,520.91
2024-05-14,507.4,509.53,521.11,523.3
2024-05-15,511.99,515.84,525.83,529.78
2024-05-16,515.94,514.78,529.88,528.69
2024-05-17,514.9,515.52,528.81,529.45
2024-05-20,515.64,516.11,529.57,530.06
2024-05-21,515.35,517.38,529.28,531.36
2024-05-22,516.69,515.89,530.65,529.83
2024-05-23,518.94,512.12,532.96,525.96
2024-05-24,513.96,515.51,527.85,529.44
2024-05-28,516.32,515.87,530.27,529.81
2024-05-29,511.85,512.26,525.68,526.1
2024-05-30,510.72,508.86,524.52,522.61
2024-05-31,509.81,513.49,523.59,527.37
2024-06-03,515.1,513.91,529.02,527.8
2024-06-04,512.61,514.49,526.46,528.39
2024-06-05,516.8,520.6,530.77,534.67
2024-06-06,520.9,520.59,534.98,534.66
2024-06-07,519.62,519.96,533.66,534.01
2024-06-10,519.15,521.57,533.18,535.66
2024-06-11,520.02,522.82,534.07,536.95
2024-06-12,527.38,527.12,541.63,541.36
2024-06-13,528.86,528.18,543.15,542.45
2024-06-14,526.65,528.5,540.88,542.78
2024-06-17,527.82,532.71,542.08,547.1
2024-06-18,532.76,534.06,547.16,548.49
2024-06-20,534.98,532.61,549.44,547
2024-06-21,531.79,531.89,544.4,544.51
2024-06-24,531.72,530.16,544.33,542.74
2024-06-25,531.39,532.21,543.99,544.83
2024-06-26,531.09,532.87,543.69,545.51
2024-06-27,532.73,533.71,545.37,546.37
2024-06-28,534.48,531.61,547.16,544.22
2024-07-01,532.99,532.7,545.63,545.34
2024-07-02,531.1,536.29,543.7,549.01
2024-07-03,535.98,538.68,548.69,551.46
2024-07-05,538.99,541.79,551.77,554.64
2024-07-08,542.57,542.41,555.44,555.28
2024-07-09,543.37,542.94,556.26,555.82
2024-07-10,544.16,548.31,557.07,561.32
2024-07-11,548.43,543.59,561.44,556.48
2024-07-12,544.71,547.02,557.63,559.99
2024-07-15,549.01,548.52,562.03,561.53
2024-07-16,549.82,551.77,562.865,564.86
2024-07-17,545.85,544.04,558.8,556.94
2024-07-18,545.57,539.85,558.51,552.66
2024-07-19,539.62,536.27,552.42,548.99
2024-07-22,540.19,541.8,553,554.65
2024-07-23,541.69,540.95,554.54,553.78
2024-07-24,536.14,528.69,548.86,541.23
2024-07-25,528.81,525.94,541.35,538.41
2024-07-26,529.72,531.83,542.28,544.44
2024-07-29,533.37,532.14,546.02,544.76
2024-07-30,533.6,529.44,546.26,542
2024-07-31,536.26,538.05,548.98,550.81
2024-08-01,539.77,530.43,552.57,543.01
2024-08-02,523.34,520.55,535.75,532.9
2024-08-05,499.79,505.39,511.64,517.38
2024-08-06,507.19,510.05,519.22,522.15
2024-08-07,516.23,506.64,528.47,518.66
2024-08-08,511.77,518.35,523.91,530.65
2024-08-09,517.53,520.64,529.81,532.99
2024-08-12,521.83,520.91,534.21,533.27
2024-08-13,524.1,529.48,536.53,542.04
2024-08-14,530.27,531.15,542.85,543.75
2024-08-15,536.77,540.26,549.5,553.07
2024-08-16,538.64,541.47,551.42,554.31
2024-08-19,541.88,546.64,554.73,559.61
2024-08-20,546.19,545.75,559.15,558.7
2024-08-21,546.8,547.63,559.77,560.62
2024-08-22,549.53,543.33,562.56,556.22
2024-08-23,546.57,549.11,559.53,562.13
2024-08-26,550.13,547.8,563.18,560.79
2024-08-27,546.53,548.55,559.49,561.56
2024-08-28,548.21,545.36,561.21,558.3
2024-08-29,547.33,545.41,560.31,558.35
2024-08-30,547.78,550.62,560.77,563.68
2024-09-03,547.48,539.29,560.47,552.08
2024-09-04,537.45,538.18,550.2,550.95
2024-09-05,538.13,536.88,550.89,549.61
2024-09-06,537.2,527.84,549.94,540.36
2024-09-09,532.03,533.75,544.65,546.41
2024-09-10,535.65,536.07,548.36,548.79
2024-09-11,535.99,541.57,548.7,554.42
2024-09-12,542.15,546.14,555.01,559.09
2024-09-13,546.74,548.99,559.71,562.01
2024-09-16,548.72,549.8,561.74,562.84
2024-09-17,552.01,550.02,565.1,563.07
2024-09-18,550.68,548.39,563.74,561.4
2024-09-19,557.78,557.75,571.01,570.98
2024-09-20,556.38,556.79,567.84,568.25
2024-09-23,557.85,558.18,569.34,569.67
2024-09-24,558.97,559.77,570.48,571.3
2024-09-25,559.62,558.54,571.14,570.04
2024-09-26,562.79,560.75,574.38,572.3
2024-09-27,561.82,559.94,573.39,571.47
2024-09-30,558.91,562.18,570.42,573.76
2024-10-01,561.83,557.15,573.4,568.62
2024-10-02,556.26,557.38,567.71,568.86
2024-10-03,555.91,556.36,567.36,567.82
2024-10-04,560.8,561.42,572.35,572.98
2024-10-07,559.77,556.34,571.3,567.8
2024-10-08,558.91,561.61,570.42,573.17
2024-10-09,561.6,565.5,573.16,577.14
2024-10-10,564.15,564.51,575.77,576.13
2024-10-11,564.43,567.89,576.05,579.58
2024-10-14,569.49,572.53,581.22,584.32
2024-10-15,572.8,568.08,584.59,579.78
2024-10-16,568.08,570.55,579.78,582.3
2024-10-17,574.09,570.6,585.91,582.35
2024-10-18,572.29,572.8,584.07,584.59
2024-10-21,572.07,571.86,583.85,583.63
2024-10-22,569.33,571.55,581.05,583.32
2024-10-23,569.53,566.33,581.26,577.99
2024-10-24,568.28,567.55,579.98,579.24
2024-10-25,569.78,567.36,581.51,579.04
2024-10-28,570.83,569.11,582.58,580.83
2024-10-29,568.15,570.03,579.85,581.77
2024-10-30,569.56,568.31,581.29,580.01
2024-10-31,563.95,557.17,575.56,568.64
2024-11-01,559.79,559.52,571.32,571.04
2024-11-04,559.66,558.31,571.18,569.81
2024-11-05,559.23,565.07,570.74,576.7
2024-11-06,577.31,579.12,589.2,591.04
2024-11-07,581.11,583.59,593.08,595.61
2024-11-08,584.14,586.12,596.17,598.19
2024-11-11,587.71,586.68,599.81,598.76
2024-11-12,586.6,584.86,598.68,596.9
2024-11-13,585.32,585.14,597.37,597.19
2024-11-14,585.27,581.38,597.32,593.35
2024-11-15,577.82,573.93,589.72,585.75
2024-11-18,574.39,576.28,586.22,588.15
2024-11-19,572.91,578.39,584.71,590.3
2024-11-20,578.47,578.59,590.38,590.5
2024-11-21,581.43,581.69,593.4,593.67
2024-11-22,581.68,583.5,593.66,595.51
2024-11-25,587.42,585.48,599.52,597.53
2024-11-26,586.72,588.53,598.8,600.65
2024-11-27,588.35,586.75,600.46,598.83
2024-11-29,587.56,590.39,599.66,602.55
2024-12-02,590.81,591.45,602.97,603.63
2024-12-03,591.22,591.73,603.39,603.91
2024-12-04,593.41,595.4,605.63,607.66
2024-12-05,595.4,594.42,607.66,606.66
2024-12-06,595.19,595.55,607.44,607.81
2024-12-09,595.43,592.48,607.69,604.68
2024-12-10,593.16,590.64,605.37,602.8
2024-12-11,593.56,595.2,605.78,607.46
2024-12-12,594.34,592.14,606.58,604.33
2024-12-13,594.17,592.02,606.4,604.21
2024-12-16,593.77,594.55,606,606.79
2024-12-17,592,592.1,604.19,604.29
2024-12-18,591.79,574.45,603.98,586.28
2024-12-19,579.43,574.28,591.36,586.1
2024-12-20,571.95,581.17,581.77,591.15
2024-12-23,580.92,584.65,590.89,594.69
2024-12-24,586,591.15,596.06,601.3
2024-12-26,589.38,591.19,599.5,601.34
2024-12-27,587.45,584.97,597.54,595.01
2024-12-30,577.97,578.29,587.89,588.22
2024-12-31,579.95,576.19,589.905,586.08
2025-01-02,579.44,574.77,589.39,584.64
2025-01-03,577.61,581.96,587.53,591.95
2025-01-06,586.21,585.31,596.27,595.36
2025-01-07,587.34,578.7,597.42,588.63
2025-01-08,578.76,579.54,588.7,589.49
2025-01-10,575.99,570.69,585.88,580.49
2025-01-13,566.05,571.58,575.77,581.39
2025-01-14,574.5,572.36,584.36,582.19
2025-01-15,580.36,582.78,590.325,592.78
2025-01-16,584.15,581.65,594.175,591.64
2025-01-17,586.88,587.49,596.96,597.58
2025-01-21,590.53,592.87,600.67,603.05
2025-01-22,595.69,596.2,605.92,606.44
2025-01-23,595.58,599.46,605.8,609.75
2025-01-24,599.52,597.71,609.81,607.97
2025-01-27,584.77,589.25,594.81,599.37
2025-01-28,590.48,594.32,600.62,604.52
2025-01-29,593.53,591.65,603.72,601.81
2025-01-30,593.77,594.83,603.96,605.04
2025-01-31,597.25,591.66,607.5,601.82
2025-02-03,582.67,587.68,592.67,597.77
2025-02-04,587.74,591.62,597.83,601.78
2025-02-05,590.5,594.02,600.64,604.22
2025-02-06,595.76,596.09,605.99,606.32
2025-02-07,596.65,590.63,606.89,600.77
2025-02-10,593.84,594.64,604.03,604.85
2025-02-11,592.38,595.09,602.55,605.31
2025-02-12,589.09,593.18,599.2,603.36
2025-02-13,594.28,599.44,604.48,609.73
2025-02-14,599.65,599.41,609.94,609.7
2025-02-18,600.57,601.17,610.88,611.49
2025-02-19,599.78,602.59,610.08,612.93
2025-02-20,601.22,600.08,611.54,610.38
2025-02-21,599.86,589.81,610.16,599.94
2025-02-24,591.86,587.13,602.02,597.21
2025-02-25,587.07,584.21,597.15,594.24
2025-02-26,585.87,584.51,595.93,594.54
2025-02-27,586.78,575.18,596.85,585.05
2025-02-28,575.68,584.15,585.56,594.18
2025-03-03,586.12,573.92,596.18,583.77
2025-03-04,569.93,567.12,579.71,576.86
2025-03-05,566.96,573.22,576.69,583.06
2025-03-06,565.77,563.04,575.48,572.71
2025-03-07,561.26,566.2,570.9,575.92
2025-03-10,558.01,551.12,567.59,560.58
2025-03-11,549.96,546.54,559.4,555.92
2025-03-12,552.68,549.44,562.17,558.87
2025-03-13,549.06,542.11,558.49,551.42
2025-03-14,546.72,553.31,556.11,562.81
2025-03-17,553.29,557.58,562.79,567.15
2025-03-18,555.27,551.55,564.8,561.02
2025-03-19,553.33,557.56,562.83,567.13
2025-03-20,553.82,555.95,563.33,565.49
2025-03-21,551.49,556.13,559.28,563.98
2025-03-24,562.85,566.09,570.8,574.08
2025-03-25,567.29,567.45,575.3,575.46
2025-03-26,567.18,560.67,575.19,568.59
2025-03-27,559.28,559.19,567.18,567.08
2025-03-28,557.66,547.92,565.53,555.66
2025-03-31,542.18,551.6,549.83,559.39
2025-04-01,549.69,553.16,557.45,560.97
2025-04-02,547.32,556.66,555.05,564.52
2025-04-03,537.52,529.23,545.11,536.7
2025-04-04,516.38,498.25,523.67,505.28
2025-04-07,482.38,497.36,489.19,504.38
2025-04-08,514.6,489.57,521.86,496.48
2025-04-09,486.57,540.98,493.44,548.62
2025-04-10,524.76,517.28,532.17,524.58
2025-04-11,515.73,526.51,523.01,533.94
2025-04-14,536.48,531.61,544.05,539.12
2025-04-15,532.16,530.13,539.675,537.61
2025-04-16,524.28,518.34,531.68,525.66
2025-04-17,520.29,519.08,527.64,526.41
2025-04-21,513.9,506.73,521.16,513.88
2025-04-22,512.9,519.91,520.14,527.25
2025-04-23,532.91,527.97,540.43,535.42
2025-04-24,529.24,539.08,536.715,546.69
2025-04-25,539.04,542.97,546.65,550.64
2025-04-28,543.71,543.18,551.39,550.85
2025-04-29,541.27,546.6,548.91,554.32
2025-04-30,539.95,546.82,547.57,554.54
2025-05-01,552.57,550.7,560.37,558.47
2025-05-02,556.87,558.87,564.73,566.76
2025-05-05,554.74,555.67,562.57,563.51
2025-05-06,550.16,551.02,557.93,558.8
2025-05-07,552.35,553.34,560.15,561.15
2025-05-08,557.37,557.19,565.24,565.06
2025-05-09,558.59,556.48,566.48,564.34
2025-05-12,573.38,574.87,581.47,582.99
2025-05-13,575.29,578.67,583.41,586.84
2025-05-14,579.63,579.41,587.81,587.59
2025-05-15,577.41,582.24,585.56,590.46
2025-05-16,583.02,585.93,591.25,594.2
2025-05-19,579.91,586.57,588.1,594.85
2025-05-20,584.83,584.6,593.09,592.85
2025-05-21,580.25,574.75,588.44,582.86
2025-05-22,574.55,574.97,582.66,583.09
2025-05-23,567.96,571.05,575.98,579.11
2025-05-27,577.91,582.92,586.07,591.15
2025-05-28,583.32,579.55,591.56,587.73
2025-05-29,584.8,581.84,593.06,590.05
2025-05-30,580.73,581.19,588.93,589.39
2025-06-02,579.58,584.46,587.76,592.71
2025-06-03,584.09,587.79,592.34,596.09
2025-06-04,588.65,587.63,596.96,595.93
2025-06-05,589.31,584.79,597.63,593.05
2025-06-06,590.33,590.8,598.66,599.14
2025-06-09,591.37,591.33,599.72,599.68
2025-06-10,591.86,594.68,600.22,603.08
2025-06-11,595.78,592.99,604.19,601.36
2025-06-12,591.66,595.35,600.01,603.75
2025-06-13,590.17,588.69,598.5,597
2025-06-16,592.04,594.29,600.4,602.68
2025-06-17,591.85,589.21,600.21,597.53
2025-06-18,590.11,589.12,598.44,597.44
2025-06-20,591.79,587.74,598.38,594.28
2025-06-23,588.49,593.54,595.04,600.15
2025-06-24,597.68,600.1,604.33,606.78
2025-06-25,601.22,600.44,607.91,607.12
2025-06-26,602.29,605.14,608.99,611.87
2025-06-27,606.13,608.14,612.88,614.91
2025-06-30,610.59,611.05,617.38,617.85
2025-07-01,609.58,610.85,616.36,617.65
2025-07-02,610.45,613.62,617.24,620.45
2025-07-03,615.6,618.46,622.45,625.34
2025-07-07,616.5,613.85,623.36,620.68
2025-07-08,614.51,613.51,621.35,620.34
2025-07-09,615.92,617.19,622.77,624.06
2025-07-10,617.33,618.93,624.2,625.82
2025-07-11,615.89,616.76,622.74,623.62
2025-07-14,616.3,617.93,623.16,624.81
2025-07-15,620.61,615.29,627.52,622.14
2025-07-16,616.88,617.35,623.74,624.22
2025-07-17,617.53,621.13,624.4,628.04
2025-07-18,622.37,620.67,629.3,627.58
2025-07-21,621.85,621.85,628.77,628.77
2025-07-22,622.18,621.94,629.1,628.86
2025-07-23,624.6,627.23,631.55,634.21
2025-07-24,627.62,627.44,634.6,634.42
2025-07-25,628.1,630.09,635.09,637.1
2025-07-28,630.46,629.93,637.48,636.94
2025-07-29,631.32,628.27,638.35,635.26
2025-07-30,628.92,627.48,635.92,634.46
2025-07-31,632.42,625.12,639.455,632.08
2025-08-01,619.41,614.88,626.3,621.72
2025-08-04,618.78,624.22,625.67,631.17
2025-08-05,624.84,621.06,631.79,627.97
2025-08-06,622.13,625.82,629.05,632.78
2025-08-07,629.24,625.29,636.24,632.25
2025-08-08,627.08,630.17,634.06,637.18
2025-08-11,630.44,628.92,637.46,635.92
2025-08-12,631.27,635.62,638.29,642.69
2025-08-13,637.81,637.79,644.91,644.89
2025-08-14,635.72,637.85,642.79,644.95
2025-08-15,638.88,636.36,645.99,643.44
2025-08-18,635.78,636.22,642.86,643.3
2025-08-19,636.04,632.77,643.12,639.81
2025-08-20,632.36,631.09,639.4,638.11
2025-08-21,629.28,628.56,636.28,635.55
2025-08-22,630.74,638.21,637.76,645.31
2025-08-25,636.95,635.4,644.04,642.47
2025-08-26,635.13,638.06,642.2,645.16
2025-08-27,637.48,639.51,644.57,646.63
2025-08-28,640.12,641.78,647.24,648.92
2025-08-29,640.34,637.95,647.47,645.05
2025-09-02,630.48,633.22,637.5,640.27
2025-09-03,635.6,636.66,642.67,643.74
2025-09-04,637.33,641.98,644.42,649.12
2025-09-05,644.31,640.12,651.48,647.24
2025-09-08,641.48,641.69,648.62,648.83
2025-09-09,641.83,643.17,648.97,650.33
2025-09-10,646.43,645.03,653.62,652.21
2025-09-11,646.98,650.39,654.18,657.63
2025-09-12,650.36,650.17,657.6,657.41
2025-09-15,652.38,653.64,659.64,660.91
2025-09-16,654.19,652.74,661.47,660
2025-09-17,652.75,651.93,660.01,659.18
2025-09-18,654.61,654.97,661.89,662.26
2025-09-19,656.86,658.22,662.33,663.7
2025-09-22,656.73,661.33,662.2,666.84
2025-09-23,661.21,657.73,666.72,663.21
2025-09-24,659.02,655.64,664.51,661.1
2025-09-25,652.5,652.61,657.94,658.05
2025-09-26,654.06,656.35,659.51,661.82
2025-09-29,658.87,658.2,664.36,663.68
2025-09-30,657.45,660.67,662.93,666.18
2025-10-01,657.69,662.93,663.17,668.45
2025-10-02,664.91,663.69,670.45,669.22
2025-10-03,664.45,663.68,669.99,669.21
2025-10-06,666.07,666.06,671.62,671.61
2025-10-07,666.98,663.59,672.54,669.12
2025-10-08,664.71,667.55,670.25,673.11
2025-10-09,667.96,665.61,673.53,671.16
2025-10-10,666.58,647.62,672.13,653.02
2025-10-13,655.19,657.56,660.65,663.04
2025-10-14,651.74,656.76,657.17,662.23
2025-10-15,661.31,659.67,666.82,665.17
2025-10-16,661.31,655.18,666.82,660.64
2025-10-17,654.05,658.9,659.5,664.39
2025-10-20,661.81,665.75,667.32,671.3
2025-10-21,665.89,665.74,671.44,671.29
2025-10-22,666.45,662.28,672,667.8
2025-10-23,662.6,666.21,668.12,671.76
2025-10-24,670.87,671.65,676.46,677.25
2025-10-27,677.09,679.58,682.73,685.24
2025-10-28,681.37,681.38,687.05,687.06
2025-10-29,683.03,681.71,688.72,687.39
2025-10-30,678.25,674.21,683.9,679.83
2025-10-31,679.38,676.42,685.04,682.06
2025-11-03,680,677.69,685.67,683.34
2025-11-04,670.52,669.66,676.11,675.24
2025-11-05,669.4,671.98,674.98,677.58
2025-11-06,670.88,664.77,676.47,670.31
2025-11-07,662.39,665.43,667.91,670.97
2025-11-10,671.64,675.81,677.235,681.44
2025-11-11,674.33,677.36,679.95,683
2025-11-12,679.13,677.73,684.79,683.38
2025-11-13,674.88,666.49,680.5,672.04
2025-11-14,659.88,666.38,665.38,671.93
2025-11-17,664.17,660.17,669.7,665.67
2025-11-18,656.62,654.63,662.095,660.08
2025-11-19,655.32,657.15,660.78,662.63
2025-11-20,667.35,647.14,672.91,652.53
2025-11-21,649.64,653.58,655.05,659.03
2025-11-24,657.21,663.2,662.69,668.73
2025-11-25,663.1,669.44,668.63,675.02
2025-11-26,672.03,674.06,677.63,679.68
2025-11-28,675.23,677.74,680.86,683.39
2025-12-01,673.2,674.65,678.81,680.27
2025-12-02,676.28,675.9,681.92,681.53
2025-12-03,674.95,678.24,680.57,683.89
2025-12-04,679.64,678.73,685.3,684.39
2025-12-05,679.81,680.02,685.47,685.69
2025-12-08,680.92,677.98,686.59,683.63
2025-12-09,677.5,677.4,683.15,683.04
2025-12-10,676.92,681.89,682.56,687.57
2025-12-11,679.48,683.47,685.14,689.17
2025-12-12,682.48,676.13,688.17,681.76
2025-12-15,680.07,675.1,685.74,680.73
2025-12-16,673.62,673.26,679.23,678.87
2025-12-17,674.27,665.85,679.89,671.4
2025-12-18,672,670.88,677.6,676.47
2025-12-19,672.98,676.96,676.59,680.59
2025-12-22,680.29,681.18,683.94,684.83
2025-12-23,680.27,684.29,683.92,687.96
2025-12-24,684.28,686.7,687.95,690.38
2025-12-26,686.96,686.63,690.64,690.31
2025-12-29,683.87,684.18,687.54,687.85
2025-12-30,683.78,683.35,687.445,687.01
2025-12-31,683.48,678.28,687.14,681.92
2026-01-02,682.05,679.53,685.71,683.17
2026-01-05,682.88,684.05,686.54,687.72
2026-01-06,684.26,688.12,687.93,691.81
2026-01-07,688.5,685.9,692.19,689.58
2026-01-08,685.15,685.83,688.82,689.51
2026-01-09,686.95,690.37,690.63,694.07
2026-01-12,687,691.45,690.68,695.16
2026-01-13,691.78,690.07,695.49,693.77
2026-01-14,687.32,686.68,691,690.36
2026-01-15,690.87,688.55,694.57,692.24
2026-01-16,689.96,687.97,693.66,691.66
2026-01-20,677.86,673.97,681.49,677.58
2026-01-21,676.03,681.75,679.65,685.4
2026-01-22,686.17,685.31,689.85,688.98
2026-01-23,684.48,685.55,688.15,689.23
2026-01-26,686.81,689.04,690.49,692.73
2026-01-27,690.48,691.78,694.18,695.49
2026-01-28,693.33,691.71,697.05,695.42
2026-01-29,692.68,690.34,696.39,694.04
2026-01-30,688.1,688.28,691.79,691.97
2026-02-02,685.9,691.7,689.58,695.41
2026-02-03,692.5,685.85,696.21,689.53
2026-02-04,686.67,682.53,690.35,686.19
2026-02-05,677.31,674.01,680.94,677.62
2026-02-06,677.83,686.94,681.46,690.62
2026-02-09,685.74,690.25,689.42,693.95
2026-02-10,691.24,688.43,694.95,692.12
2026-02-11,692.68,688.27,696.39,691.96
2026-02-12,690.54,677.64,694.24,681.27
2026-02-13,678.05,678.11,681.69,681.75
2026-02-17,676.51,679.21,680.14,682.85
2026-02-18,680.37,682.63,684.02,686.29
2026-02-19,680.19,680.83,683.84,684.48
2026-02-20,678.68,685.75,682.32,689.43
2026-02-23,684.16,678.75,687.83,682.39
2026-02-24,678.26,683.68,681.9,687.35
2026-02-25,686.5,689.45,690.18,693.15
2026-02-26,689.58,685.62,693.28,689.3
2026-02-27,679.45,682.33,683.09,685.99
2026-03-02,675.08,682.72,678.7,686.38
2026-03-03,671.46,676.7,675.06,680.33
2026-03-04,678,681.48,681.63,685.13
2026-03-05,678.44,677.68,682.08,681.31
2026-03-06,669.82,668.79,673.41,672.38
2026-03-09,662.84,674.65,666.39,678.27
2026-03-10,674.11,673.57,677.72,677.18
2026-03-11,673.97,672.72,677.58,676.33
2026-03-12,667.58,662.51,671.16,666.06
2026-03-13,665.7,658.76,669.27,662.29
2026-03-16,664.82,665.46,668.38,669.03
2026-03-17,668.8,667.21,672.39,670.79
2026-03-18,664.8,657.9,668.36,661.43
2026-03-19,653.47,656.28,656.97,659.8
2026-03-20,654.82,646.9,656.51,648.57
2026-03-23,656.38,653.7,658.07,655.38
2026-03-24,649.65,651.5,651.32,653.18
2026-03-25,656.98,655.13,658.67,656.82
2026-03-26,650.38,643.43,652.06,645.09
2026-03-27,640.85,632.46,642.5,634.09
2026-03-30,638.47,630.35,640.11,631.97
2026-03-31,637.3,648.67,638.94,650.34
2026-04-01,652.22,653.56,653.9,655.24
2026-04-02,644.76,654.15,646.42,655.83
2026-04-06,654.18,657.24,655.86,658.93
2026-04-07,654.96,657.53,656.65,659.22
2026-04-08,674.65,674.27,676.39,676.01
2026-04-09,673.11,678.16,674.84,679.91
2026-04-10,679.57,677.71,681.32,679.46
2026-04-13,675.67,684.34,677.41,686.1
2026-04-14,685.92,692.68,687.69,694.46
2026-04-15,693.47,698.14,695.26,699.94
2026-04-16,699.26,699.86,701.06,701.66
2026-04-17,704.33,708.32,706.14,710.14
2026-04-20,706.96,706.9,708.78,708.72
2026-04-21,708.46,702.27,710.28,704.08
2026-04-22,707.33,709.38,709.15,711.21
2026-04-23,707.68,706.63,709.5,708.45
2026-04-24,708.92,712.11,710.75,713.94
2026-04-27,711.34,713.33,713.17,715.17
2026-04-28,709.99,709.86,711.815,711.69
2026-04-29,709.17,709.75,711,711.58
2026-04-30,712.79,716.81,714.63,718.66
2026-05-01,719.4,718.8,721.25,720.65
2026-05-04,718.22,716.17,720.07,718.01
2026-05-05,719.92,721.91,721.77,723.77
2026-05-06,726.29,731.94,728.16,733.83
2026-05-07,733.16,729.7,735.05,731.58
2026-05-08,733.04,735.73,734.93,737.62
2026-05-11,734.56,737.4,736.45,739.3
2026-05-12,735,736.28,736.89,738.18
2026-05-13,736.57,740.4,738.47,742.31
2026-05-14,741.74,746.25,743.65,748.17
2026-05-15,739.88,737.27,741.79,739.17
2026-05-18,737.93,736.75,739.83,738.65
2026-05-19,732.89,731.85,734.78,733.73
2026-05-20,733.82,739.35,735.71,741.25
2026-05-21,736.74,740.81,738.64,742.72
2026-05-22,744.32,743.72,746.24,745.64
2026-05-26,748.08,748.66,750.01,750.59
2026-05-27,748.95,748.53,750.88,750.46
2026-05-28,748.32,752.66,750.25,754.6
2026-05-29,753.96,754.54,755.9,756.48
2026-06-01,753.42,756.59,755.36,758.54
2026-06-02,755.09,757.62,757.03,759.57
2026-06-03,756.2,752.3,758.15,754.24
2026-06-04,750.17,755.15,752.1,757.09
2026-06-05,750.38,735.66,752.31,737.55
2026-06-08,741.45,737.32,743.36,739.22
2026-06-09,741.72,735.16,743.63,737.05
2026-06-10,731.51,723.57,733.39,725.43
2026-06-11,726.89,735.86,728.76,737.76
2026-06-12,738.81,739.84,740.71,741.75
2026-06-15,749.92,752.89,751.85,754.83
2026-06-16,752.61,748.4,754.55,750.33
2026-06-17,749.36,739.06,751.29,740.96
2026-06-18,747.76,746.74,747.76,746.74
2026-06-22,747.7,744.39,747.7,744.39
2026-06-23,733.81,733.58,733.81,733.58
2026-06-24,735.17,733.24,735.17,733.24
2026-06-25,738.91,734.3,738.91,734.3
2026-06-26,728.945,728.99,728.945,728.99
2026-06-29,736.525,741,736.525,741
2026-06-30,741.29,746.77,741.29,746.77
2026-07-01,745,745.76,745,745.76
2026-07-02,747.4,744.78,747.4,744.78
2026-07-06,748.74,751.28,748.74,751.28
2026-07-07,750.22,747.71,750.22,747.71
2026-07-08,743.16,745.4,743.16,745.4
2026-07-09,747.35,751.71,747.35,751.71
2026-07-10,752.05,754.95,752.05,754.95
2026-07-13,752.47,749.17,752.47,749.17
2026-07-14,750.91,751.83,750.91,751.83
2026-07-15,754.24,754.81,754.24,754.81
2026-07-16,752.76,750.72,752.76,750.72
2026-07-17,742.08,743.29,742.08,743.29
2026-07-20,747.06,742.09,747.06,742.09
2026-07-21,746.29,748.28,746.29,748.28
2026-07-22,746.62,747.41,746.62,747.41
2026-07-23,739.37,738.18,739.37,738.18
2026-07-24,738.51,738.93,738.51,738.93
2026-07-27,744.91,739.09,744.91,739.09
2026-07-28,739.19,740.86,739.19,740.86
2026-07-29,739.97,729.46,739.97,729.46
2026-07-30,736.05,741.69,736.05,741.69
2026-07-31,744.68,747.03,744.68,747.03
2026-08-03,749.44,757.67,749.44,757.67
2026-08-04,760.63,771.33,760.63,771.33
2026-08-05,775.85,769.79,775.85,769.79
2026-08-06,770.21,768.56,770.21,768.56
2026-08-07,771.02,773.26,771.02,773.26
2026-08-10,772.6,773.03,772.6,773.03
2026-08-11,774.53,770.56,774.53,770.56
2026-08-12,774.71,772.49,774.71,772.49
2026-08-13,774.87,777.88,774.87,777.88
2026-08-14,778.54,776.34,778.54,776.34
2026-08-17,776.18,772.67,776.18,772.67
2026-08-18,768.7,767.45,768.7,767.45
2026-08-19,770.36,769.06,770.36,769.06
2026-08-20,765.96,762.6,765.96,762.6
2026-08-21,766.05,765.72,766.05,765.72
2026-08-24,764.78,763.47,764.78,763.47
2026-08-25,766.16,765.91,766.16,765.91
2026-08-26,764.73,766.08,764.73,766.08
2026-08-27,768.5,771.1,768.5,771.1
2026-08-28,771.76,769.35,771.76,769.35
2026-08-31,767.33,767.05,767.33,767.05
2026-09-01,762.01,761.78,762.01,761.78
2026-09-02,762.45,765.16,762.45,765.16
2026-09-03,767.9,773.17,767.9,773.17
2026-09-04,772.01,770.19,772.01,770.19
2026-09-08,769.07,765.96,769.07,765.96
2026-09-09,764.08,762.4,764.08,762.4
2026-09-10,758.03,757.83,758.03,757.83
2026-09-11,764.72,764.29,764.72,764.29
2026-09-14,759,760.88,759,760.88
2026-09-15,760.117,757.39,760.117,757.39
2026-09-16,759.5,754.05,759.5,754.05
