issue_date,label_date,split,ticker,prob_up,actual_up,correct
2018-02-28,2018-03-01,train_in_sample,SPY,0.4986327290534973,0,1
2018-02-28,2018-03-01,train_in_sample,QQQ,0.5104535222053528,0,0
2018-02-28,2018-03-01,train_in_sample,IWM,0.4546390175819397,0,1
2018-03-01,2018-03-02,train_in_sample,SPY,0.5210340619087219,1,1
2018-03-01,2018-03-02,train_in_sample,QQQ,0.5117103457450867,1,1
2018-03-01,2018-03-02,train_in_sample,IWM,0.5097548365592957,1,1
2018-03-02,2018-03-05,train_in_sample,SPY,0.5025889277458191,1,1
2018-03-02,2018-03-05,train_in_sample,QQQ,0.5565763115882874,1,1
2018-03-02,2018-03-05,train_in_sample,IWM,0.5163590908050537,1,1
2018-03-05,2018-03-06,train_in_sample,SPY,0.5099160075187683,1,1
2018-03-05,2018-03-06,train_in_sample,QQQ,0.5121657252311707,1,1
2018-03-05,2018-03-06,train_in_sample,IWM,0.535753607749939,1,1
2018-03-06,2018-03-07,train_in_sample,SPY,0.5052065849304199,0,0
2018-03-06,2018-03-07,train_in_sample,QQQ,0.5293997526168823,1,1
2018-03-06,2018-03-07,train_in_sample,IWM,0.49763020873069763,1,0
2018-03-07,2018-03-08,train_in_sample,SPY,0.4910138249397278,1,0
2018-03-07,2018-03-08,train_in_sample,QQQ,0.5808658003807068,1,1
2018-03-07,2018-03-08,train_in_sample,IWM,0.5048924684524536,0,0
2018-03-08,2018-03-09,train_in_sample,SPY,0.49994444847106934,1,0
2018-03-08,2018-03-09,train_in_sample,QQQ,0.5513991713523865,1,1
2018-03-08,2018-03-09,train_in_sample,IWM,0.4708458185195923,1,0
2018-03-09,2018-03-12,train_in_sample,SPY,0.512966513633728,0,0
2018-03-09,2018-03-12,train_in_sample,QQQ,0.5602594017982483,1,1
2018-03-09,2018-03-12,train_in_sample,IWM,0.5150943398475647,1,1
2018-03-12,2018-03-13,train_in_sample,SPY,0.4826458990573883,0,1
2018-03-12,2018-03-13,train_in_sample,QQQ,0.5375837683677673,0,0
2018-03-12,2018-03-13,train_in_sample,IWM,0.45302677154541016,0,1
2018-03-13,2018-03-14,train_in_sample,SPY,0.5111373066902161,0,0
2018-03-13,2018-03-14,train_in_sample,QQQ,0.5552592277526855,0,0
2018-03-13,2018-03-14,train_in_sample,IWM,0.4567888379096985,0,1
2018-03-14,2018-03-15,train_in_sample,SPY,0.46993717551231384,0,1
2018-03-14,2018-03-15,train_in_sample,QQQ,0.5337628126144409,0,0
2018-03-14,2018-03-15,train_in_sample,IWM,0.4766024947166443,0,1
2018-03-15,2018-03-16,train_in_sample,SPY,0.498718798160553,1,0
2018-03-15,2018-03-16,train_in_sample,QQQ,0.5193260312080383,0,0
2018-03-15,2018-03-16,train_in_sample,IWM,0.48284533619880676,1,0
2018-03-16,2018-03-19,train_in_sample,SPY,0.5285787582397461,0,0
2018-03-16,2018-03-19,train_in_sample,QQQ,0.6033698916435242,0,0
2018-03-16,2018-03-19,train_in_sample,IWM,0.4595004916191101,0,1
2018-03-19,2018-03-20,train_in_sample,SPY,0.4654707610607147,1,0
2018-03-19,2018-03-20,train_in_sample,QQQ,0.4841812252998352,1,0
2018-03-19,2018-03-20,train_in_sample,IWM,0.4271511137485504,0,1
2018-03-20,2018-03-21,train_in_sample,SPY,0.4577421247959137,0,1
2018-03-20,2018-03-21,train_in_sample,QQQ,0.46991243958473206,0,1
2018-03-20,2018-03-21,train_in_sample,IWM,0.4950852692127228,1,0
2018-03-21,2018-03-22,train_in_sample,SPY,0.5047945380210876,0,0
2018-03-21,2018-03-22,train_in_sample,QQQ,0.5446259379386902,0,0
2018-03-21,2018-03-22,train_in_sample,IWM,0.47506046295166016,0,1
2018-03-22,2018-03-23,train_in_sample,SPY,0.4508446156978607,0,1
2018-03-22,2018-03-23,train_in_sample,QQQ,0.48483431339263916,0,1
2018-03-22,2018-03-23,train_in_sample,IWM,0.5065032839775085,0,0
2018-03-23,2018-03-26,train_in_sample,SPY,0.4923878014087677,1,0
2018-03-23,2018-03-26,train_in_sample,QQQ,0.5094467401504517,1,1
2018-03-23,2018-03-26,train_in_sample,IWM,0.48878613114356995,1,0
2018-03-26,2018-03-27,train_in_sample,SPY,0.49566295742988586,0,1
2018-03-26,2018-03-27,train_in_sample,QQQ,0.5102837681770325,0,0
2018-03-26,2018-03-27,train_in_sample,IWM,0.541894793510437,0,0
2018-03-27,2018-03-28,train_in_sample,SPY,0.48915860056877136,0,1
2018-03-27,2018-03-28,train_in_sample,QQQ,0.5222119688987732,0,0
2018-03-27,2018-03-28,train_in_sample,IWM,0.5204015374183655,0,0
2018-03-28,2018-03-29,train_in_sample,SPY,0.5284203886985779,1,1
2018-03-28,2018-03-29,train_in_sample,QQQ,0.538028359413147,1,1
2018-03-28,2018-03-29,train_in_sample,IWM,0.5004885196685791,1,1
2018-03-29,2018-04-02,train_in_sample,SPY,0.5217203497886658,0,0
2018-03-29,2018-04-02,train_in_sample,QQQ,0.5479505062103271,0,0
2018-03-29,2018-04-02,train_in_sample,IWM,0.531525194644928,0,0
2018-04-02,2018-04-03,train_in_sample,SPY,0.4662248194217682,1,0
2018-04-02,2018-04-03,train_in_sample,QQQ,0.5209185481071472,1,1
2018-04-02,2018-04-03,train_in_sample,IWM,0.5165502429008484,1,1
2018-04-03,2018-04-04,train_in_sample,SPY,0.539991021156311,1,1
2018-04-03,2018-04-04,train_in_sample,QQQ,0.5465548634529114,1,1
2018-04-03,2018-04-04,train_in_sample,IWM,0.5182501673698425,1,1
2018-04-04,2018-04-05,train_in_sample,SPY,0.5020684599876404,1,1
2018-04-04,2018-04-05,train_in_sample,QQQ,0.5846018195152283,1,1
2018-04-04,2018-04-05,train_in_sample,IWM,0.540459156036377,1,1
2018-04-05,2018-04-06,train_in_sample,SPY,0.5480517745018005,0,0
2018-04-05,2018-04-06,train_in_sample,QQQ,0.5919436812400818,0,0
2018-04-05,2018-04-06,train_in_sample,IWM,0.5017336010932922,0,0
2018-04-06,2018-04-09,train_in_sample,SPY,0.4666646122932434,1,0
2018-04-06,2018-04-09,train_in_sample,QQQ,0.48856687545776367,1,0
2018-04-06,2018-04-09,train_in_sample,IWM,0.5099835395812988,1,1
2018-04-09,2018-04-10,train_in_sample,SPY,0.48262453079223633,1,0
2018-04-09,2018-04-10,train_in_sample,QQQ,0.5555200576782227,1,1
2018-04-09,2018-04-10,train_in_sample,IWM,0.46445462107658386,1,0
2018-04-10,2018-04-11,train_in_sample,SPY,0.5180292725563049,0,0
2018-04-10,2018-04-11,train_in_sample,QQQ,0.5296429991722107,0,0
2018-04-10,2018-04-11,train_in_sample,IWM,0.5268372893333435,1,1
2018-04-11,2018-04-12,train_in_sample,SPY,0.4678138196468353,1,0
2018-04-11,2018-04-12,train_in_sample,QQQ,0.5373491644859314,1,1
2018-04-11,2018-04-12,train_in_sample,IWM,0.4725368320941925,1,0
2018-04-12,2018-04-13,train_in_sample,SPY,0.4942808151245117,0,1
2018-04-12,2018-04-13,train_in_sample,QQQ,0.5342993140220642,0,0
2018-04-12,2018-04-13,train_in_sample,IWM,0.515779435634613,0,0
2018-04-13,2018-04-16,train_in_sample,SPY,0.4513354003429413,1,0
2018-04-13,2018-04-16,train_in_sample,QQQ,0.5337884426116943,1,1
2018-04-13,2018-04-16,train_in_sample,IWM,0.4459090530872345,1,0
2018-04-16,2018-04-17,train_in_sample,SPY,0.5318616628646851,1,1
2018-04-16,2018-04-17,train_in_sample,QQQ,0.5786617994308472,1,1
2018-04-16,2018-04-17,train_in_sample,IWM,0.5071927309036255,1,1
2018-04-17,2018-04-18,train_in_sample,SPY,0.5053855776786804,1,1
2018-04-17,2018-04-18,train_in_sample,QQQ,0.557305634021759,1,1
2018-04-17,2018-04-18,train_in_sample,IWM,0.531897783279419,1,1
2018-04-18,2018-04-19,train_in_sample,SPY,0.46866801381111145,0,1
2018-04-18,2018-04-19,train_in_sample,QQQ,0.5643489360809326,0,0
2018-04-18,2018-04-19,train_in_sample,IWM,0.441570907831192,0,1
2018-04-19,2018-04-20,train_in_sample,SPY,0.4765539765357971,0,1
2018-04-19,2018-04-20,train_in_sample,QQQ,0.5394977331161499,0,0
2018-04-19,2018-04-20,train_in_sample,IWM,0.39197584986686707,0,1
2018-04-20,2018-04-23,train_in_sample,SPY,0.5344386100769043,0,0
2018-04-20,2018-04-23,train_in_sample,QQQ,0.5514540672302246,0,0
2018-04-20,2018-04-23,train_in_sample,IWM,0.47043728828430176,0,1
2018-04-23,2018-04-24,train_in_sample,SPY,0.4884305000305176,0,1
2018-04-23,2018-04-24,train_in_sample,QQQ,0.5438344478607178,0,0
2018-04-23,2018-04-24,train_in_sample,IWM,0.44953957200050354,0,1
2018-04-24,2018-04-25,train_in_sample,SPY,0.4893331527709961,1,0
2018-04-24,2018-04-25,train_in_sample,QQQ,0.5198845863342285,1,1
2018-04-24,2018-04-25,train_in_sample,IWM,0.46568188071250916,0,1
2018-04-25,2018-04-26,train_in_sample,SPY,0.5395871996879578,1,1
2018-04-25,2018-04-26,train_in_sample,QQQ,0.5601598620414734,1,1
2018-04-25,2018-04-26,train_in_sample,IWM,0.5232451558113098,1,1
2018-04-26,2018-04-27,train_in_sample,SPY,0.504872739315033,1,1
2018-04-26,2018-04-27,train_in_sample,QQQ,0.5556734204292297,1,1
2018-04-26,2018-04-27,train_in_sample,IWM,0.5036885142326355,0,0
2018-04-27,2018-04-30,train_in_sample,SPY,0.5158923268318176,0,0
2018-04-27,2018-04-30,train_in_sample,QQQ,0.5391956567764282,0,0
2018-04-27,2018-04-30,train_in_sample,IWM,0.45508548617362976,0,1
2018-04-30,2018-05-01,train_in_sample,SPY,0.47640079259872437,1,0
2018-04-30,2018-05-01,train_in_sample,QQQ,0.49207568168640137,1,0
2018-04-30,2018-05-01,train_in_sample,IWM,0.46970057487487793,1,0
2018-05-01,2018-05-02,train_in_sample,SPY,0.4838612675666809,0,1
2018-05-01,2018-05-02,train_in_sample,QQQ,0.5100381374359131,0,0
2018-05-01,2018-05-02,train_in_sample,IWM,0.5165906548500061,1,1
2018-05-02,2018-05-03,train_in_sample,SPY,0.5363434553146362,0,0
2018-05-02,2018-05-03,train_in_sample,QQQ,0.5454180836677551,0,0
2018-05-02,2018-05-03,train_in_sample,IWM,0.4889318645000458,0,1
2018-05-03,2018-05-04,train_in_sample,SPY,0.49507060647010803,1,0
2018-05-03,2018-05-04,train_in_sample,QQQ,0.5071097612380981,1,1
2018-05-03,2018-05-04,train_in_sample,IWM,0.4778512418270111,1,0
2018-05-04,2018-05-07,train_in_sample,SPY,0.5127686262130737,1,1
2018-05-04,2018-05-07,train_in_sample,QQQ,0.556550145149231,1,1
2018-05-04,2018-05-07,train_in_sample,IWM,0.5392559766769409,1,1
2018-05-07,2018-05-08,train_in_sample,SPY,0.4994540810585022,0,1
2018-05-07,2018-05-08,train_in_sample,QQQ,0.5472002029418945,0,0
2018-05-07,2018-05-08,train_in_sample,IWM,0.47873854637145996,1,0
2018-05-08,2018-05-09,train_in_sample,SPY,0.4925052225589752,1,0
2018-05-08,2018-05-09,train_in_sample,QQQ,0.5218778848648071,1,1
2018-05-08,2018-05-09,train_in_sample,IWM,0.4822579026222229,1,0
2018-05-09,2018-05-10,train_in_sample,SPY,0.5165666937828064,1,1
2018-05-09,2018-05-10,train_in_sample,QQQ,0.5671048760414124,1,1
2018-05-09,2018-05-10,train_in_sample,IWM,0.5085827708244324,1,1
2018-05-10,2018-05-11,train_in_sample,SPY,0.507394015789032,1,1
2018-05-10,2018-05-11,train_in_sample,QQQ,0.542960524559021,0,0
2018-05-10,2018-05-11,train_in_sample,IWM,0.47771790623664856,1,0
2018-05-11,2018-05-14,train_in_sample,SPY,0.4891892373561859,1,0
2018-05-11,2018-05-14,train_in_sample,QQQ,0.5415429472923279,1,1
2018-05-11,2018-05-14,train_in_sample,IWM,0.4612843990325928,0,1
2018-05-14,2018-05-15,train_in_sample,SPY,0.4563775956630707,0,1
2018-05-14,2018-05-15,train_in_sample,QQQ,0.5577888488769531,0,0
2018-05-14,2018-05-15,train_in_sample,IWM,0.4192788600921631,1,0
2018-05-15,2018-05-16,train_in_sample,SPY,0.5051027536392212,1,1
2018-05-15,2018-05-16,train_in_sample,QQQ,0.5455644726753235,1,1
2018-05-15,2018-05-16,train_in_sample,IWM,0.5225940942764282,1,1
2018-05-16,2018-05-17,train_in_sample,SPY,0.5828413963317871,0,0
2018-05-16,2018-05-17,train_in_sample,QQQ,0.6472815275192261,0,0
2018-05-16,2018-05-17,train_in_sample,IWM,0.5079981684684753,1,1
2018-05-17,2018-05-18,train_in_sample,SPY,0.5027811527252197,0,0
2018-05-17,2018-05-18,train_in_sample,QQQ,0.5769773721694946,0,0
2018-05-17,2018-05-18,train_in_sample,IWM,0.44113054871559143,1,0
2018-05-18,2018-05-21,train_in_sample,SPY,0.48455381393432617,1,0
2018-05-18,2018-05-21,train_in_sample,QQQ,0.5795978903770447,1,1
2018-05-18,2018-05-21,train_in_sample,IWM,0.44013524055480957,1,0
2018-05-21,2018-05-22,train_in_sample,SPY,0.5438904762268066,0,0
2018-05-21,2018-05-22,train_in_sample,QQQ,0.6191673278808594,0,0
2018-05-21,2018-05-22,train_in_sample,IWM,0.462133526802063,0,1
2018-05-22,2018-05-23,train_in_sample,SPY,0.5227041840553284,1,1
2018-05-22,2018-05-23,train_in_sample,QQQ,0.5622460246086121,1,1
2018-05-22,2018-05-23,train_in_sample,IWM,0.47842028737068176,1,0
2018-05-23,2018-05-24,train_in_sample,SPY,0.486331969499588,0,1
2018-05-23,2018-05-24,train_in_sample,QQQ,0.5306841135025024,0,0
2018-05-23,2018-05-24,train_in_sample,IWM,0.5169506072998047,1,1
2018-05-24,2018-05-25,train_in_sample,SPY,0.5200456380844116,0,0
2018-05-24,2018-05-25,train_in_sample,QQQ,0.5946730375289917,1,1
2018-05-24,2018-05-25,train_in_sample,IWM,0.47651684284210205,0,1
2018-05-25,2018-05-29,train_in_sample,SPY,0.4896542727947235,0,1
2018-05-25,2018-05-29,train_in_sample,QQQ,0.5497111082077026,0,0
2018-05-25,2018-05-29,train_in_sample,IWM,0.47629162669181824,0,1
2018-05-29,2018-05-30,train_in_sample,SPY,0.5178486108779907,1,1
2018-05-29,2018-05-30,train_in_sample,QQQ,0.5833437442779541,1,1
2018-05-29,2018-05-30,train_in_sample,IWM,0.5086619257926941,1,1
2018-05-30,2018-05-31,train_in_sample,SPY,0.5561002492904663,0,0
2018-05-30,2018-05-31,train_in_sample,QQQ,0.5760313272476196,0,0
2018-05-30,2018-05-31,train_in_sample,IWM,0.48859015107154846,0,1
2018-05-31,2018-06-01,train_in_sample,SPY,0.4424293339252472,1,0
2018-05-31,2018-06-01,train_in_sample,QQQ,0.5007033944129944,1,1
2018-05-31,2018-06-01,train_in_sample,IWM,0.4873991906642914,1,0
2018-06-01,2018-06-04,train_in_sample,SPY,0.5176041722297668,1,1
2018-06-01,2018-06-04,train_in_sample,QQQ,0.5480432510375977,1,1
2018-06-01,2018-06-04,train_in_sample,IWM,0.4914045035839081,1,0
2018-06-04,2018-06-05,train_in_sample,SPY,0.49820178747177124,1,0
2018-06-04,2018-06-05,train_in_sample,QQQ,0.5422157645225525,1,1
2018-06-04,2018-06-05,train_in_sample,IWM,0.49437829852104187,1,0
2018-06-05,2018-06-06,train_in_sample,SPY,0.5192922353744507,1,1
2018-06-05,2018-06-06,train_in_sample,QQQ,0.5908134579658508,1,1
2018-06-05,2018-06-06,train_in_sample,IWM,0.46664831042289734,1,0
2018-06-06,2018-06-07,train_in_sample,SPY,0.5419586896896362,0,0
2018-06-06,2018-06-07,train_in_sample,QQQ,0.5733542442321777,0,0
2018-06-06,2018-06-07,train_in_sample,IWM,0.4846472442150116,0,1
2018-06-07,2018-06-08,train_in_sample,SPY,0.5286792516708374,1,1
2018-06-07,2018-06-08,train_in_sample,QQQ,0.5539669394493103,1,1
2018-06-07,2018-06-08,train_in_sample,IWM,0.4792330265045166,1,0
2018-06-08,2018-06-11,train_in_sample,SPY,0.5106348395347595,1,1
2018-06-08,2018-06-11,train_in_sample,QQQ,0.5877463817596436,1,1
2018-06-08,2018-06-11,train_in_sample,IWM,0.4521488845348358,1,0
2018-06-11,2018-06-12,train_in_sample,SPY,0.5140441060066223,1,1
2018-06-11,2018-06-12,train_in_sample,QQQ,0.586578369140625,1,1
2018-06-11,2018-06-12,train_in_sample,IWM,0.46916887164115906,1,0
2018-06-12,2018-06-13,train_in_sample,SPY,0.48813921213150024,0,1
2018-06-12,2018-06-13,train_in_sample,QQQ,0.5441414713859558,0,0
2018-06-12,2018-06-13,train_in_sample,IWM,0.5219080448150635,0,0
2018-06-13,2018-06-14,train_in_sample,SPY,0.4951765835285187,1,0
2018-06-13,2018-06-14,train_in_sample,QQQ,0.5724945664405823,1,1
2018-06-13,2018-06-14,train_in_sample,IWM,0.45754170417785645,1,0
2018-06-14,2018-06-15,train_in_sample,SPY,0.5150863528251648,0,0
2018-06-14,2018-06-15,train_in_sample,QQQ,0.6079765558242798,0,0
2018-06-14,2018-06-15,train_in_sample,IWM,0.46797823905944824,0,1
2018-06-15,2018-06-18,train_in_sample,SPY,0.4682937562465668,0,1
2018-06-15,2018-06-18,train_in_sample,QQQ,0.545383870601654,0,0
2018-06-15,2018-06-18,train_in_sample,IWM,0.4883364140987396,1,0
2018-06-18,2018-06-19,train_in_sample,SPY,0.5031186938285828,0,0
2018-06-18,2018-06-19,train_in_sample,QQQ,0.5935071110725403,0,0
2018-06-18,2018-06-19,train_in_sample,IWM,0.46912458539009094,1,0
2018-06-19,2018-06-20,train_in_sample,SPY,0.49790725111961365,1,0
2018-06-19,2018-06-20,train_in_sample,QQQ,0.5955014228820801,1,1
2018-06-19,2018-06-20,train_in_sample,IWM,0.4201946556568146,1,0
2018-06-20,2018-06-21,train_in_sample,SPY,0.5003162026405334,0,0
2018-06-20,2018-06-21,train_in_sample,QQQ,0.5579919815063477,0,0
2018-06-20,2018-06-21,train_in_sample,IWM,0.4821568429470062,0,1
2018-06-21,2018-06-22,train_in_sample,SPY,0.48978549242019653,1,0
2018-06-21,2018-06-22,train_in_sample,QQQ,0.5743831992149353,0,0
2018-06-21,2018-06-22,train_in_sample,IWM,0.38947567343711853,0,1
2018-06-22,2018-06-25,train_in_sample,SPY,0.529585599899292,0,0
2018-06-22,2018-06-25,train_in_sample,QQQ,0.5680744647979736,0,0
2018-06-22,2018-06-25,train_in_sample,IWM,0.46304038166999817,0,1
2018-06-25,2018-06-26,train_in_sample,SPY,0.5125797390937805,1,1
2018-06-25,2018-06-26,train_in_sample,QQQ,0.5242435336112976,1,1
2018-06-25,2018-06-26,train_in_sample,IWM,0.48783570528030396,1,0
2018-06-26,2018-06-27,train_in_sample,SPY,0.532419741153717,0,0
2018-06-26,2018-06-27,train_in_sample,QQQ,0.5472675561904907,0,0
2018-06-26,2018-06-27,train_in_sample,IWM,0.4601823091506958,0,1
2018-06-27,2018-06-28,train_in_sample,SPY,0.5041130781173706,1,1
2018-06-27,2018-06-28,train_in_sample,QQQ,0.5235199332237244,1,1
2018-06-27,2018-06-28,train_in_sample,IWM,0.4748428463935852,1,0
2018-06-28,2018-06-29,train_in_sample,SPY,0.5202470421791077,1,1
2018-06-28,2018-06-29,train_in_sample,QQQ,0.5471551418304443,1,1
2018-06-28,2018-06-29,train_in_sample,IWM,0.50003981590271,0,0
2018-06-29,2018-07-02,train_in_sample,SPY,0.5290769338607788,1,1
2018-06-29,2018-07-02,train_in_sample,QQQ,0.5592718720436096,1,1
2018-06-29,2018-07-02,train_in_sample,IWM,0.4570476710796356,1,0
2018-07-02,2018-07-03,train_in_sample,SPY,0.49108627438545227,0,1
2018-07-02,2018-07-03,train_in_sample,QQQ,0.568816602230072,0,0
2018-07-02,2018-07-03,train_in_sample,IWM,0.45592987537384033,1,0
2018-07-03,2018-07-05,train_in_sample,SPY,0.5683988332748413,1,1
2018-07-03,2018-07-05,train_in_sample,QQQ,0.5948665142059326,1,1
2018-07-03,2018-07-05,train_in_sample,IWM,0.47325897216796875,1,0
2018-07-05,2018-07-06,train_in_sample,SPY,0.47093892097473145,1,0
2018-07-05,2018-07-06,train_in_sample,QQQ,0.5425083041191101,1,1
2018-07-05,2018-07-06,train_in_sample,IWM,0.5123862624168396,1,1
2018-07-06,2018-07-09,train_in_sample,SPY,0.48100191354751587,1,0
2018-07-06,2018-07-09,train_in_sample,QQQ,0.5690746903419495,1,1
2018-07-06,2018-07-09,train_in_sample,IWM,0.45680660009384155,1,0
2018-07-09,2018-07-10,train_in_sample,SPY,0.5208457708358765,1,1
2018-07-09,2018-07-10,train_in_sample,QQQ,0.5966205596923828,1,1
2018-07-09,2018-07-10,train_in_sample,IWM,0.4749778211116791,0,1
2018-07-10,2018-07-11,train_in_sample,SPY,0.536934494972229,0,0
2018-07-10,2018-07-11,train_in_sample,QQQ,0.5749408602714539,0,0
2018-07-10,2018-07-11,train_in_sample,IWM,0.4686737656593323,0,1
2018-07-11,2018-07-12,train_in_sample,SPY,0.5300610661506653,1,1
2018-07-11,2018-07-12,train_in_sample,QQQ,0.5568302273750305,1,1
2018-07-11,2018-07-12,train_in_sample,IWM,0.44707950949668884,1,0
2018-07-12,2018-07-13,train_in_sample,SPY,0.5238539576530457,1,1
2018-07-12,2018-07-13,train_in_sample,QQQ,0.577585756778717,1,1
2018-07-12,2018-07-13,train_in_sample,IWM,0.4721996486186981,0,1
2018-07-13,2018-07-16,train_in_sample,SPY,0.4802624583244324,0,1
2018-07-13,2018-07-16,train_in_sample,QQQ,0.5455452799797058,0,0
2018-07-13,2018-07-16,train_in_sample,IWM,0.4757138788700104,0,1
2018-07-16,2018-07-17,train_in_sample,SPY,0.47691431641578674,1,0
2018-07-16,2018-07-17,train_in_sample,QQQ,0.5353115797042847,1,1
2018-07-16,2018-07-17,train_in_sample,IWM,0.4650024473667145,1,0
2018-07-17,2018-07-18,train_in_sample,SPY,0.4875551164150238,1,0
2018-07-17,2018-07-18,train_in_sample,QQQ,0.5885775685310364,0,0
2018-07-17,2018-07-18,train_in_sample,IWM,0.46327829360961914,1,0
2018-07-18,2018-07-19,train_in_sample,SPY,0.49107280373573303,0,1
2018-07-18,2018-07-19,train_in_sample,QQQ,0.5900939106941223,0,0
2018-07-18,2018-07-19,train_in_sample,IWM,0.40587419271469116,1,0
2018-07-19,2018-07-20,train_in_sample,SPY,0.5354122519493103,0,0
2018-07-19,2018-07-20,train_in_sample,QQQ,0.577977180480957,0,0
2018-07-19,2018-07-20,train_in_sample,IWM,0.4589610993862152,0,1
2018-07-20,2018-07-23,train_in_sample,SPY,0.5178308486938477,1,1
2018-07-20,2018-07-23,train_in_sample,QQQ,0.569899320602417,1,1
2018-07-20,2018-07-23,train_in_sample,IWM,0.45876380801200867,1,0
2018-07-23,2018-07-24,train_in_sample,SPY,0.4916287958621979,1,0
2018-07-23,2018-07-24,train_in_sample,QQQ,0.6011625528335571,1,1
2018-07-23,2018-07-24,train_in_sample,IWM,0.4534323811531067,0,1
2018-07-24,2018-07-25,train_in_sample,SPY,0.4808523654937744,1,0
2018-07-24,2018-07-25,train_in_sample,QQQ,0.5367635488510132,1,1
2018-07-24,2018-07-25,train_in_sample,IWM,0.45480790734291077,1,0
2018-07-25,2018-07-26,train_in_sample,SPY,0.509627103805542,0,0
2018-07-25,2018-07-26,train_in_sample,QQQ,0.5691730380058289,0,0
2018-07-25,2018-07-26,train_in_sample,IWM,0.48962876200675964,1,0
2018-07-26,2018-07-27,train_in_sample,SPY,0.5240973830223083,0,0
2018-07-26,2018-07-27,train_in_sample,QQQ,0.5704328417778015,0,0
2018-07-26,2018-07-27,train_in_sample,IWM,0.4490949213504791,0,1
2018-07-27,2018-07-30,train_in_sample,SPY,0.49211135506629944,0,1
2018-07-27,2018-07-30,train_in_sample,QQQ,0.51947021484375,0,0
2018-07-27,2018-07-30,train_in_sample,IWM,0.4328829348087311,0,1
2018-07-30,2018-07-31,train_in_sample,SPY,0.5229210257530212,1,1
2018-07-30,2018-07-31,train_in_sample,QQQ,0.5311978459358215,1,1
2018-07-30,2018-07-31,train_in_sample,IWM,0.468879759311676,1,0
2018-07-31,2018-08-01,train_in_sample,SPY,0.5210943818092346,0,0
2018-07-31,2018-08-01,train_in_sample,QQQ,0.5549396872520447,1,1
2018-07-31,2018-08-01,train_in_sample,IWM,0.47812649607658386,0,1
2018-08-01,2018-08-02,train_in_sample,SPY,0.4736458957195282,1,0
2018-08-01,2018-08-02,train_in_sample,QQQ,0.5382141470909119,1,1
2018-08-01,2018-08-02,train_in_sample,IWM,0.4647258222103119,1,0
2018-08-02,2018-08-03,train_in_sample,SPY,0.47809457778930664,1,0
2018-08-02,2018-08-03,train_in_sample,QQQ,0.5495774745941162,1,1
2018-08-02,2018-08-03,train_in_sample,IWM,0.5021239519119263,0,0
2018-08-03,2018-08-06,train_in_sample,SPY,0.5274221301078796,1,1
2018-08-03,2018-08-06,train_in_sample,QQQ,0.5703976154327393,1,1
2018-08-03,2018-08-06,train_in_sample,IWM,0.46100378036499023,1,0
2018-08-06,2018-08-07,train_in_sample,SPY,0.5021334886550903,1,1
2018-08-06,2018-08-07,train_in_sample,QQQ,0.587311327457428,1,1
2018-08-06,2018-08-07,train_in_sample,IWM,0.47244223952293396,1,0
2018-08-07,2018-08-08,train_in_sample,SPY,0.47539225220680237,0,1
2018-08-07,2018-08-08,train_in_sample,QQQ,0.5685054063796997,1,1
2018-08-07,2018-08-08,train_in_sample,IWM,0.430602103471756,0,1
2018-08-08,2018-08-09,train_in_sample,SPY,0.47788703441619873,0,1
2018-08-08,2018-08-09,train_in_sample,QQQ,0.5568650364875793,0,0
2018-08-08,2018-08-09,train_in_sample,IWM,0.4262942373752594,1,0
2018-08-09,2018-08-10,train_in_sample,SPY,0.4980649948120117,0,1
2018-08-09,2018-08-10,train_in_sample,QQQ,0.5526196360588074,0,0
2018-08-09,2018-08-10,train_in_sample,IWM,0.43679919838905334,0,1
2018-08-10,2018-08-13,train_in_sample,SPY,0.5438302755355835,0,0
2018-08-10,2018-08-13,train_in_sample,QQQ,0.6096003651618958,0,0
2018-08-10,2018-08-13,train_in_sample,IWM,0.450787216424942,0,1
2018-08-13,2018-08-14,train_in_sample,SPY,0.5006218552589417,1,1
2018-08-13,2018-08-14,train_in_sample,QQQ,0.5168473720550537,1,1
2018-08-13,2018-08-14,train_in_sample,IWM,0.46498632431030273,1,0
2018-08-14,2018-08-15,train_in_sample,SPY,0.5197122693061829,0,0
2018-08-14,2018-08-15,train_in_sample,QQQ,0.5799294710159302,0,0
2018-08-14,2018-08-15,train_in_sample,IWM,0.4539676308631897,0,1
2018-08-15,2018-08-16,train_in_sample,SPY,0.5054243206977844,1,1
2018-08-15,2018-08-16,train_in_sample,QQQ,0.5342301726341248,1,1
2018-08-15,2018-08-16,train_in_sample,IWM,0.4668041169643402,1,0
2018-08-16,2018-08-17,train_in_sample,SPY,0.5445981621742249,1,1
2018-08-16,2018-08-17,train_in_sample,QQQ,0.5536831021308899,1,1
2018-08-16,2018-08-17,train_in_sample,IWM,0.45849931240081787,1,0
2018-08-17,2018-08-20,train_in_sample,SPY,0.49938955903053284,1,0
2018-08-17,2018-08-20,train_in_sample,QQQ,0.5509474277496338,0,0
2018-08-17,2018-08-20,train_in_sample,IWM,0.47179174423217773,1,0
2018-08-20,2018-08-21,train_in_sample,SPY,0.49804702401161194,1,0
2018-08-20,2018-08-21,train_in_sample,QQQ,0.5575454235076904,1,1
2018-08-20,2018-08-21,train_in_sample,IWM,0.4378185570240021,1,0
2018-08-21,2018-08-22,train_in_sample,SPY,0.5252765417098999,0,0
2018-08-21,2018-08-22,train_in_sample,QQQ,0.5753001570701599,1,1
2018-08-21,2018-08-22,train_in_sample,IWM,0.4748520851135254,1,0
2018-08-22,2018-08-23,train_in_sample,SPY,0.4959350824356079,0,1
2018-08-22,2018-08-23,train_in_sample,QQQ,0.592638373374939,0,0
2018-08-22,2018-08-23,train_in_sample,IWM,0.4382079541683197,0,1
2018-08-23,2018-08-24,train_in_sample,SPY,0.5813289284706116,1,1
2018-08-23,2018-08-24,train_in_sample,QQQ,0.5742801427841187,1,1
2018-08-23,2018-08-24,train_in_sample,IWM,0.485972136259079,1,0
2018-08-24,2018-08-27,train_in_sample,SPY,0.547012984752655,1,1
2018-08-24,2018-08-27,train_in_sample,QQQ,0.5820740461349487,1,1
2018-08-24,2018-08-27,train_in_sample,IWM,0.47913581132888794,1,0
2018-08-27,2018-08-28,train_in_sample,SPY,0.5072375535964966,1,1
2018-08-27,2018-08-28,train_in_sample,QQQ,0.5506225824356079,1,1
2018-08-27,2018-08-28,train_in_sample,IWM,0.49411091208457947,1,0
2018-08-28,2018-08-29,train_in_sample,SPY,0.47655749320983887,1,0
2018-08-28,2018-08-29,train_in_sample,QQQ,0.5148870348930359,1,1
2018-08-28,2018-08-29,train_in_sample,IWM,0.492105633020401,1,0
2018-08-29,2018-08-30,train_in_sample,SPY,0.5220112204551697,0,0
2018-08-29,2018-08-30,train_in_sample,QQQ,0.6139098405838013,0,0
2018-08-29,2018-08-30,train_in_sample,IWM,0.4897877871990204,0,1
2018-08-30,2018-08-31,train_in_sample,SPY,0.5013149380683899,0,0
2018-08-30,2018-08-31,train_in_sample,QQQ,0.5567604899406433,1,1
2018-08-30,2018-08-31,train_in_sample,IWM,0.49308863282203674,1,0
2018-08-31,2018-09-04,train_in_sample,SPY,0.4785501956939697,0,1
2018-08-31,2018-09-04,train_in_sample,QQQ,0.5646156668663025,0,0
2018-08-31,2018-09-04,train_in_sample,IWM,0.4489437937736511,0,1
2018-09-04,2018-09-05,train_in_sample,SPY,0.48702022433280945,0,1
2018-09-04,2018-09-05,train_in_sample,QQQ,0.571405291557312,0,0
2018-09-04,2018-09-05,train_in_sample,IWM,0.4653828740119934,0,1
2018-09-05,2018-09-06,train_in_sample,SPY,0.5563399791717529,0,0
2018-09-05,2018-09-06,train_in_sample,QQQ,0.5526652336120605,0,0
2018-09-05,2018-09-06,train_in_sample,IWM,0.48728322982788086,0,1
2018-09-06,2018-09-07,train_in_sample,SPY,0.49081191420555115,0,1
2018-09-06,2018-09-07,train_in_sample,QQQ,0.5270710587501526,0,0
2018-09-06,2018-09-07,train_in_sample,IWM,0.4314928352832794,0,1
2018-09-07,2018-09-10,train_in_sample,SPY,0.5140822529792786,1,1
2018-09-07,2018-09-10,train_in_sample,QQQ,0.5504175424575806,1,1
2018-09-07,2018-09-10,train_in_sample,IWM,0.45480987429618835,1,0
2018-09-10,2018-09-11,train_in_sample,SPY,0.5099902749061584,1,1
2018-09-10,2018-09-11,train_in_sample,QQQ,0.5701765418052673,1,1
2018-09-10,2018-09-11,train_in_sample,IWM,0.44231438636779785,1,0
2018-09-11,2018-09-12,train_in_sample,SPY,0.5034191608428955,1,1
2018-09-11,2018-09-12,train_in_sample,QQQ,0.549156904220581,0,0
2018-09-11,2018-09-12,train_in_sample,IWM,0.45620131492614746,0,1
2018-09-12,2018-09-13,train_in_sample,SPY,0.52421635389328,1,1
2018-09-12,2018-09-13,train_in_sample,QQQ,0.5396180152893066,1,1
2018-09-12,2018-09-13,train_in_sample,IWM,0.4763296842575073,1,0
2018-09-13,2018-09-14,train_in_sample,SPY,0.48125025629997253,1,0
2018-09-13,2018-09-14,train_in_sample,QQQ,0.5497391819953918,0,0
2018-09-13,2018-09-14,train_in_sample,IWM,0.4951232671737671,1,0
2018-09-14,2018-09-17,train_in_sample,SPY,0.5170734524726868,0,0
2018-09-14,2018-09-17,train_in_sample,QQQ,0.5858699083328247,0,0
2018-09-14,2018-09-17,train_in_sample,IWM,0.4285750687122345,0,1
2018-09-17,2018-09-18,train_in_sample,SPY,0.5245391130447388,1,1
2018-09-17,2018-09-18,train_in_sample,QQQ,0.5575327277183533,1,1
2018-09-17,2018-09-18,train_in_sample,IWM,0.4634554088115692,1,0
2018-09-18,2018-09-19,train_in_sample,SPY,0.517998993396759,1,1
2018-09-18,2018-09-19,train_in_sample,QQQ,0.5491718649864197,0,0
2018-09-18,2018-09-19,train_in_sample,IWM,0.44324442744255066,0,1
2018-09-19,2018-09-20,train_in_sample,SPY,0.4929410219192505,1,0
2018-09-19,2018-09-20,train_in_sample,QQQ,0.5312780141830444,1,1
2018-09-19,2018-09-20,train_in_sample,IWM,0.4107556939125061,1,0
2018-09-20,2018-09-21,train_in_sample,SPY,0.5537527799606323,0,0
2018-09-20,2018-09-21,train_in_sample,QQQ,0.5489439368247986,0,0
2018-09-20,2018-09-21,train_in_sample,IWM,0.4875486493110657,0,1
2018-09-21,2018-09-24,train_in_sample,SPY,0.5048993229866028,0,0
2018-09-21,2018-09-24,train_in_sample,QQQ,0.5381612181663513,1,1
2018-09-21,2018-09-24,train_in_sample,IWM,0.4603579640388489,0,1
2018-09-24,2018-09-25,train_in_sample,SPY,0.4529738426208496,0,1
2018-09-24,2018-09-25,train_in_sample,QQQ,0.510846734046936,1,1
2018-09-24,2018-09-25,train_in_sample,IWM,0.4705955684185028,1,0
2018-09-25,2018-09-26,train_in_sample,SPY,0.5181455016136169,0,0
2018-09-25,2018-09-26,train_in_sample,QQQ,0.5554340481758118,1,1
2018-09-25,2018-09-26,train_in_sample,IWM,0.4561929404735565,0,1
2018-09-26,2018-09-27,train_in_sample,SPY,0.5048657655715942,1,1
2018-09-26,2018-09-27,train_in_sample,QQQ,0.5099337100982666,1,1
2018-09-26,2018-09-27,train_in_sample,IWM,0.48591330647468567,1,0
2018-09-27,2018-09-28,train_in_sample,SPY,0.49176672101020813,0,1
2018-09-27,2018-09-28,train_in_sample,QQQ,0.5305104851722717,0,0
2018-09-27,2018-09-28,train_in_sample,IWM,0.49060526490211487,1,0
2018-09-28,2018-10-01,train_in_sample,SPY,0.5194916129112244,1,1
2018-09-28,2018-10-01,train_in_sample,QQQ,0.5776505470275879,1,1
2018-09-28,2018-10-01,train_in_sample,IWM,0.48443156480789185,0,1
2018-10-01,2018-10-02,train_in_sample,SPY,0.48784971237182617,0,1
2018-10-01,2018-10-02,train_in_sample,QQQ,0.5046752691268921,0,0
2018-10-01,2018-10-02,train_in_sample,IWM,0.476000040769577,0,1
2018-10-02,2018-10-03,train_in_sample,SPY,0.49525153636932373,1,0
2018-10-02,2018-10-03,train_in_sample,QQQ,0.5441624522209167,1,1
2018-10-02,2018-10-03,train_in_sample,IWM,0.434067964553833,1,0
2018-10-03,2018-10-04,train_in_sample,SPY,0.5474555492401123,0,0
2018-10-03,2018-10-04,train_in_sample,QQQ,0.5432155728340149,0,0
2018-10-03,2018-10-04,train_in_sample,IWM,0.48445120453834534,0,1
2018-10-04,2018-10-05,train_in_sample,SPY,0.5446065664291382,0,0
2018-10-04,2018-10-05,train_in_sample,QQQ,0.5302801728248596,0,0
2018-10-04,2018-10-05,train_in_sample,IWM,0.4673830568790436,0,1
2018-10-05,2018-10-08,train_in_sample,SPY,0.5236613750457764,0,0
2018-10-05,2018-10-08,train_in_sample,QQQ,0.538925051689148,0,0
2018-10-05,2018-10-08,train_in_sample,IWM,0.47595569491386414,0,1
2018-10-08,2018-10-09,train_in_sample,SPY,0.5185794234275818,0,0
2018-10-08,2018-10-09,train_in_sample,QQQ,0.5458691120147705,1,1
2018-10-08,2018-10-09,train_in_sample,IWM,0.47334155440330505,0,1
2018-10-09,2018-10-10,train_in_sample,SPY,0.5130568742752075,0,0
2018-10-09,2018-10-10,train_in_sample,QQQ,0.5335295796394348,0,0
2018-10-09,2018-10-10,train_in_sample,IWM,0.47175776958465576,0,1
2018-10-10,2018-10-11,train_in_sample,SPY,0.5137576460838318,0,0
2018-10-10,2018-10-11,train_in_sample,QQQ,0.5076442360877991,0,0
2018-10-10,2018-10-11,train_in_sample,IWM,0.4802590608596802,0,1
2018-10-11,2018-10-12,train_in_sample,SPY,0.5065504908561707,1,1
2018-10-11,2018-10-12,train_in_sample,QQQ,0.5039923787117004,1,1
2018-10-11,2018-10-12,train_in_sample,IWM,0.5158717632293701,1,1
2018-10-12,2018-10-15,train_in_sample,SPY,0.5122368335723877,0,0
2018-10-12,2018-10-15,train_in_sample,QQQ,0.49146491289138794,0,1
2018-10-12,2018-10-15,train_in_sample,IWM,0.5154904127120972,1,1
2018-10-15,2018-10-16,train_in_sample,SPY,0.6011502146720886,1,1
2018-10-15,2018-10-16,train_in_sample,QQQ,0.5898146629333496,1,1
2018-10-15,2018-10-16,train_in_sample,IWM,0.4806044101715088,1,0
2018-10-16,2018-10-17,train_in_sample,SPY,0.5283583998680115,1,1
2018-10-16,2018-10-17,train_in_sample,QQQ,0.5453137755393982,1,1
2018-10-16,2018-10-17,train_in_sample,IWM,0.4864174723625183,0,1
2018-10-17,2018-10-18,train_in_sample,SPY,0.4985259175300598,0,1
2018-10-17,2018-10-18,train_in_sample,QQQ,0.5538842678070068,0,0
2018-10-17,2018-10-18,train_in_sample,IWM,0.4387985169887543,0,1
2018-10-18,2018-10-19,train_in_sample,SPY,0.4906928241252899,0,1
2018-10-18,2018-10-19,train_in_sample,QQQ,0.5130044221878052,0,0
2018-10-18,2018-10-19,train_in_sample,IWM,0.4411817193031311,0,1
2018-10-19,2018-10-22,train_in_sample,SPY,0.5139816403388977,0,0
2018-10-19,2018-10-22,train_in_sample,QQQ,0.5143300890922546,1,1
2018-10-19,2018-10-22,train_in_sample,IWM,0.5068443417549133,0,0
2018-10-22,2018-10-23,train_in_sample,SPY,0.4968591332435608,0,1
2018-10-22,2018-10-23,train_in_sample,QQQ,0.5334936380386353,0,0
2018-10-22,2018-10-23,train_in_sample,IWM,0.48064109683036804,0,1
2018-10-23,2018-10-24,train_in_sample,SPY,0.5013999342918396,0,0
2018-10-23,2018-10-24,train_in_sample,QQQ,0.5499057769775391,0,0
2018-10-23,2018-10-24,train_in_sample,IWM,0.5034008026123047,0,0
2018-10-24,2018-10-25,train_in_sample,SPY,0.4893110692501068,1,0
2018-10-24,2018-10-25,train_in_sample,QQQ,0.502963662147522,1,1
2018-10-24,2018-10-25,train_in_sample,IWM,0.476866215467453,1,0
2018-10-25,2018-10-26,train_in_sample,SPY,0.4879284203052521,0,1
2018-10-25,2018-10-26,train_in_sample,QQQ,0.5226069092750549,0,0
2018-10-25,2018-10-26,train_in_sample,IWM,0.5117926597595215,0,0
2018-10-26,2018-10-29,train_in_sample,SPY,0.5031588077545166,0,0
2018-10-26,2018-10-29,train_in_sample,QQQ,0.546532928943634,0,0
2018-10-26,2018-10-29,train_in_sample,IWM,0.46775177121162415,0,1
2018-10-29,2018-10-30,train_in_sample,SPY,0.6123579144477844,1,1
2018-10-29,2018-10-30,train_in_sample,QQQ,0.5881600379943848,1,1
2018-10-29,2018-10-30,train_in_sample,IWM,0.4736124277114868,1,0
2018-10-30,2018-10-31,train_in_sample,SPY,0.5855069756507874,1,1
2018-10-30,2018-10-31,train_in_sample,QQQ,0.5984336137771606,1,1
2018-10-30,2018-10-31,train_in_sample,IWM,0.5388892889022827,1,1
2018-10-31,2018-11-01,train_in_sample,SPY,0.554588794708252,1,1
2018-10-31,2018-11-01,train_in_sample,QQQ,0.5617424845695496,1,1
2018-10-31,2018-11-01,train_in_sample,IWM,0.4685308337211609,1,0
2018-11-01,2018-11-02,train_in_sample,SPY,0.6101657152175903,0,0
2018-11-01,2018-11-02,train_in_sample,QQQ,0.6240345239639282,0,0
2018-11-01,2018-11-02,train_in_sample,IWM,0.4396475851535797,1,0
2018-11-02,2018-11-05,train_in_sample,SPY,0.5771817564964294,1,1
2018-11-02,2018-11-05,train_in_sample,QQQ,0.6434572339057922,0,0
2018-11-02,2018-11-05,train_in_sample,IWM,0.420001357793808,0,1
2018-11-05,2018-11-06,train_in_sample,SPY,0.6350255608558655,1,1
2018-11-05,2018-11-06,train_in_sample,QQQ,0.6155079007148743,1,1
2018-11-05,2018-11-06,train_in_sample,IWM,0.4297299087047577,1,0
2018-11-06,2018-11-07,train_in_sample,SPY,0.5481718182563782,1,1
2018-11-06,2018-11-07,train_in_sample,QQQ,0.5844190716743469,1,1
2018-11-06,2018-11-07,train_in_sample,IWM,0.44833165407180786,1,0
2018-11-07,2018-11-08,train_in_sample,SPY,0.5508004426956177,0,0
2018-11-07,2018-11-08,train_in_sample,QQQ,0.6207932233810425,0,0
2018-11-07,2018-11-08,train_in_sample,IWM,0.45765921473503113,0,1
2018-11-08,2018-11-09,train_in_sample,SPY,0.5550612807273865,0,0
2018-11-08,2018-11-09,train_in_sample,QQQ,0.6212408542633057,0,0
2018-11-08,2018-11-09,train_in_sample,IWM,0.37967589497566223,0,1
2018-11-09,2018-11-12,train_in_sample,SPY,0.5353114604949951,0,0
2018-11-09,2018-11-12,train_in_sample,QQQ,0.5908159613609314,0,0
2018-11-09,2018-11-12,train_in_sample,IWM,0.3801272213459015,0,1
2018-11-12,2018-11-13,train_in_sample,SPY,0.5266828536987305,0,0
2018-11-12,2018-11-13,train_in_sample,QQQ,0.5201671719551086,1,1
2018-11-12,2018-11-13,train_in_sample,IWM,0.4316544234752655,0,1
2018-11-13,2018-11-14,train_in_sample,SPY,0.5417419075965881,0,0
2018-11-13,2018-11-14,train_in_sample,QQQ,0.5881949663162231,0,0
2018-11-13,2018-11-14,train_in_sample,IWM,0.4305063784122467,0,1
2018-11-14,2018-11-15,train_in_sample,SPY,0.5371276140213013,1,1
2018-11-14,2018-11-15,train_in_sample,QQQ,0.5734334588050842,1,1
2018-11-14,2018-11-15,train_in_sample,IWM,0.4377546012401581,1,0
2018-11-15,2018-11-16,train_in_sample,SPY,0.5125686526298523,1,1
2018-11-15,2018-11-16,train_in_sample,QQQ,0.5643824934959412,0,0
2018-11-15,2018-11-16,train_in_sample,IWM,0.4686768651008606,1,0
2018-11-16,2018-11-19,train_in_sample,SPY,0.5980135798454285,0,0
2018-11-16,2018-11-19,train_in_sample,QQQ,0.6231527328491211,0,0
2018-11-16,2018-11-19,train_in_sample,IWM,0.48354655504226685,0,1
2018-11-19,2018-11-20,train_in_sample,SPY,0.48812341690063477,0,1
2018-11-19,2018-11-20,train_in_sample,QQQ,0.5569487810134888,0,0
2018-11-19,2018-11-20,train_in_sample,IWM,0.4333029091358185,0,1
2018-11-20,2018-11-21,train_in_sample,SPY,0.4822441339492798,1,0
2018-11-20,2018-11-21,train_in_sample,QQQ,0.5522884726524353,1,1
2018-11-20,2018-11-21,train_in_sample,IWM,0.45072659850120544,1,0
2018-11-21,2018-11-23,train_in_sample,SPY,0.5630812644958496,0,0
2018-11-21,2018-11-23,train_in_sample,QQQ,0.6294366717338562,0,0
2018-11-21,2018-11-23,train_in_sample,IWM,0.4406391680240631,0,1
2018-11-23,2018-11-26,train_in_sample,SPY,0.576023519039154,1,1
2018-11-23,2018-11-26,train_in_sample,QQQ,0.6154639720916748,1,1
2018-11-23,2018-11-26,train_in_sample,IWM,0.41938695311546326,1,0
2018-11-26,2018-11-27,train_in_sample,SPY,0.5445643663406372,1,1
2018-11-26,2018-11-27,train_in_sample,QQQ,0.5118200778961182,1,1
2018-11-26,2018-11-27,train_in_sample,IWM,0.4353177547454834,0,1
2018-11-27,2018-11-28,train_in_sample,SPY,0.5258291959762573,1,1
2018-11-27,2018-11-28,train_in_sample,QQQ,0.5562147498130798,1,1
2018-11-27,2018-11-28,train_in_sample,IWM,0.40565797686576843,1,0
2018-11-28,2018-11-29,train_in_sample,SPY,0.5596899390220642,0,0
2018-11-28,2018-11-29,train_in_sample,QQQ,0.5867171883583069,0,0
2018-11-28,2018-11-29,train_in_sample,IWM,0.5443274974822998,0,0
2018-11-29,2018-11-30,train_in_sample,SPY,0.5637083649635315,1,1
2018-11-29,2018-11-30,train_in_sample,QQQ,0.6020158529281616,1,1
2018-11-29,2018-11-30,train_in_sample,IWM,0.47537824511528015,1,0
2018-11-30,2018-12-03,train_in_sample,SPY,0.4922141134738922,1,0
2018-11-30,2018-12-03,train_in_sample,QQQ,0.614286482334137,1,1
2018-11-30,2018-12-03,train_in_sample,IWM,0.3981473445892334,1,0
2018-12-03,2018-12-04,train_in_sample,SPY,0.6007945537567139,0,0
2018-12-03,2018-12-04,train_in_sample,QQQ,0.5774771571159363,0,0
2018-12-03,2018-12-04,train_in_sample,IWM,0.522269606590271,0,0
2018-12-04,2018-12-06,train_in_sample,SPY,0.5518417358398438,0,0
2018-12-04,2018-12-06,train_in_sample,QQQ,0.5514400005340576,1,1
2018-12-04,2018-12-06,train_in_sample,IWM,0.5041978359222412,0,0
2018-12-06,2018-12-07,train_in_sample,SPY,0.5080077648162842,0,0
2018-12-06,2018-12-07,train_in_sample,QQQ,0.5586600303649902,0,0
2018-12-06,2018-12-07,train_in_sample,IWM,0.5564850568771362,0,0
2018-12-07,2018-12-10,train_in_sample,SPY,0.5867559313774109,1,1
2018-12-07,2018-12-10,train_in_sample,QQQ,0.613089382648468,1,1
2018-12-07,2018-12-10,train_in_sample,IWM,0.5001586675643921,0,0
2018-12-10,2018-12-11,train_in_sample,SPY,0.5834834575653076,1,1
2018-12-10,2018-12-11,train_in_sample,QQQ,0.5997378826141357,1,1
2018-12-10,2018-12-11,train_in_sample,IWM,0.5741685032844543,0,0
2018-12-11,2018-12-12,train_in_sample,SPY,0.5998117327690125,1,1
2018-12-11,2018-12-12,train_in_sample,QQQ,0.5757357478141785,1,1
2018-12-11,2018-12-12,train_in_sample,IWM,0.5086240172386169,1,1
2018-12-12,2018-12-13,train_in_sample,SPY,0.5688852071762085,0,0
2018-12-12,2018-12-13,train_in_sample,QQQ,0.6364515423774719,1,1
2018-12-12,2018-12-13,train_in_sample,IWM,0.5060533285140991,0,0
2018-12-13,2018-12-14,train_in_sample,SPY,0.5481229424476624,0,0
2018-12-13,2018-12-14,train_in_sample,QQQ,0.5487446784973145,0,0
2018-12-13,2018-12-14,train_in_sample,IWM,0.4792294204235077,0,1
2018-12-14,2018-12-17,train_in_sample,SPY,0.5590083599090576,0,0
2018-12-14,2018-12-17,train_in_sample,QQQ,0.6185306906700134,0,0
2018-12-14,2018-12-17,train_in_sample,IWM,0.49007055163383484,0,1
2018-12-17,2018-12-18,train_in_sample,SPY,0.5782936811447144,0,0
2018-12-17,2018-12-18,train_in_sample,QQQ,0.5931026339530945,1,1
2018-12-17,2018-12-18,train_in_sample,IWM,0.4788694381713867,0,1
2018-12-18,2018-12-19,train_in_sample,SPY,0.537523090839386,0,0
2018-12-18,2018-12-19,train_in_sample,QQQ,0.5853273868560791,0,0
2018-12-18,2018-12-19,train_in_sample,IWM,0.4779464304447174,0,1
2018-12-19,2018-12-20,train_in_sample,SPY,0.5631620287895203,0,0
2018-12-19,2018-12-20,train_in_sample,QQQ,0.5601107478141785,0,0
2018-12-19,2018-12-20,train_in_sample,IWM,0.5770944356918335,0,0
2018-12-20,2018-12-21,train_in_sample,SPY,0.5657325983047485,0,0
2018-12-20,2018-12-21,train_in_sample,QQQ,0.5873126983642578,0,0
2018-12-20,2018-12-21,train_in_sample,IWM,0.5535371899604797,0,0
2018-12-21,2018-12-24,train_in_sample,SPY,0.5415842533111572,0,0
2018-12-21,2018-12-24,train_in_sample,QQQ,0.554664134979248,0,0
2018-12-21,2018-12-24,train_in_sample,IWM,0.49140307307243347,0,1
2018-12-24,2018-12-26,train_in_sample,SPY,0.5051321387290955,1,1
2018-12-24,2018-12-26,train_in_sample,QQQ,0.5691589117050171,1,1
2018-12-24,2018-12-26,train_in_sample,IWM,0.4855548143386841,1,0
2018-12-26,2018-12-27,train_in_sample,SPY,0.5509328842163086,1,1
2018-12-26,2018-12-27,train_in_sample,QQQ,0.5623644590377808,1,1
2018-12-26,2018-12-27,train_in_sample,IWM,0.5543729066848755,1,1
2018-12-27,2018-12-28,train_in_sample,SPY,0.5557407140731812,0,0
2018-12-27,2018-12-28,train_in_sample,QQQ,0.6025663614273071,0,0
2018-12-27,2018-12-28,train_in_sample,IWM,0.5377094745635986,1,1
2018-12-28,2018-12-31,train_in_sample,SPY,0.5632950663566589,1,1
2018-12-28,2018-12-31,train_in_sample,QQQ,0.5762448906898499,1,1
2018-12-28,2018-12-31,train_in_sample,IWM,0.43697357177734375,1,0
2018-12-31,2019-01-02,train_in_sample,SPY,0.6150144934654236,1,1
2018-12-31,2019-01-02,train_in_sample,QQQ,0.6067456007003784,1,1
2018-12-31,2019-01-02,train_in_sample,IWM,0.5716819167137146,1,1
2019-01-02,2019-01-03,train_in_sample,SPY,0.5341914892196655,0,0
2019-01-02,2019-01-03,train_in_sample,QQQ,0.6301185488700867,0,0
2019-01-02,2019-01-03,train_in_sample,IWM,0.49961012601852417,0,1
2019-01-03,2019-01-04,train_in_sample,SPY,0.5787584781646729,1,1
2019-01-03,2019-01-04,train_in_sample,QQQ,0.6432515978813171,1,1
2019-01-03,2019-01-04,train_in_sample,IWM,0.45579099655151367,1,0
2019-01-04,2019-01-07,train_in_sample,SPY,0.5340849161148071,1,1
2019-01-04,2019-01-07,train_in_sample,QQQ,0.602895200252533,1,1
2019-01-04,2019-01-07,train_in_sample,IWM,0.5309988856315613,1,1
2019-01-07,2019-01-08,train_in_sample,SPY,0.5698035359382629,1,1
2019-01-07,2019-01-08,train_in_sample,QQQ,0.6420178413391113,1,1
2019-01-07,2019-01-08,train_in_sample,IWM,0.5199506282806396,1,1
2019-01-08,2019-01-09,train_in_sample,SPY,0.5957146286964417,1,1
2019-01-08,2019-01-09,train_in_sample,QQQ,0.6004247665405273,1,1
2019-01-08,2019-01-09,train_in_sample,IWM,0.4813671410083771,1,0
2019-01-09,2019-01-10,train_in_sample,SPY,0.585129976272583,1,1
2019-01-09,2019-01-10,train_in_sample,QQQ,0.6258352994918823,1,1
2019-01-09,2019-01-10,train_in_sample,IWM,0.52462238073349,1,1
2019-01-10,2019-01-11,train_in_sample,SPY,0.566053032875061,0,0
2019-01-10,2019-01-11,train_in_sample,QQQ,0.620722770690918,0,0
2019-01-10,2019-01-11,train_in_sample,IWM,0.4375999867916107,1,0
2019-01-11,2019-01-14,train_in_sample,SPY,0.6216669082641602,0,0
2019-01-11,2019-01-14,train_in_sample,QQQ,0.6407074928283691,0,0
2019-01-11,2019-01-14,train_in_sample,IWM,0.481860876083374,0,1
2019-01-14,2019-01-15,train_in_sample,SPY,0.5126150846481323,1,1
2019-01-14,2019-01-15,train_in_sample,QQQ,0.5612227916717529,1,1
2019-01-14,2019-01-15,train_in_sample,IWM,0.477756530046463,1,0
2019-01-15,2019-01-16,train_in_sample,SPY,0.5773113965988159,1,1
2019-01-15,2019-01-16,train_in_sample,QQQ,0.5845980048179626,0,0
2019-01-15,2019-01-16,train_in_sample,IWM,0.5363235473632812,1,1
2019-01-16,2019-01-17,train_in_sample,SPY,0.5840907096862793,1,1
2019-01-16,2019-01-17,train_in_sample,QQQ,0.6449565291404724,1,1
2019-01-16,2019-01-17,train_in_sample,IWM,0.4535255432128906,1,0
2019-01-17,2019-01-18,train_in_sample,SPY,0.6349954009056091,1,1
2019-01-17,2019-01-18,train_in_sample,QQQ,0.6418409943580627,1,1
2019-01-17,2019-01-18,train_in_sample,IWM,0.5160670280456543,1,1
2019-01-18,2019-01-22,train_in_sample,SPY,0.6242842078208923,0,0
2019-01-18,2019-01-22,train_in_sample,QQQ,0.5719765424728394,0,0
2019-01-18,2019-01-22,train_in_sample,IWM,0.4382452368736267,0,1
2019-01-22,2019-01-23,train_in_sample,SPY,0.5508275032043457,1,1
2019-01-22,2019-01-23,train_in_sample,QQQ,0.5778272151947021,1,1
2019-01-22,2019-01-23,train_in_sample,IWM,0.4986676275730133,0,1
2019-01-23,2019-01-24,train_in_sample,SPY,0.527527391910553,1,1
2019-01-23,2019-01-24,train_in_sample,QQQ,0.5912033319473267,1,1
2019-01-23,2019-01-24,train_in_sample,IWM,0.4367574453353882,1,0
2019-01-24,2019-01-25,train_in_sample,SPY,0.6277995109558105,1,1
2019-01-24,2019-01-25,train_in_sample,QQQ,0.65863436460495,1,1
2019-01-24,2019-01-25,train_in_sample,IWM,0.45082756876945496,1,0
2019-01-25,2019-01-28,train_in_sample,SPY,0.5775021314620972,0,0
2019-01-25,2019-01-28,train_in_sample,QQQ,0.5885422229766846,0,0
2019-01-25,2019-01-28,train_in_sample,IWM,0.4463396966457367,0,1
2019-01-28,2019-01-29,train_in_sample,SPY,0.5865336060523987,0,0
2019-01-28,2019-01-29,train_in_sample,QQQ,0.6210973858833313,0,0
2019-01-28,2019-01-29,train_in_sample,IWM,0.4639662504196167,0,1
2019-01-29,2019-01-30,train_in_sample,SPY,0.5622977614402771,1,1
2019-01-29,2019-01-30,train_in_sample,QQQ,0.6512494683265686,1,1
2019-01-29,2019-01-30,train_in_sample,IWM,0.4612099230289459,1,0
2019-01-30,2019-01-31,train_in_sample,SPY,0.5484669804573059,1,1
2019-01-30,2019-01-31,train_in_sample,QQQ,0.606579601764679,1,1
2019-01-30,2019-01-31,train_in_sample,IWM,0.5152267217636108,1,1
2019-01-31,2019-02-01,train_in_sample,SPY,0.5608764290809631,1,1
2019-01-31,2019-02-01,train_in_sample,QQQ,0.590174674987793,0,0
2019-01-31,2019-02-01,train_in_sample,IWM,0.4825500249862671,1,0
2019-02-01,2019-02-04,train_in_sample,SPY,0.6205878853797913,1,1
2019-02-01,2019-02-04,train_in_sample,QQQ,0.6274167895317078,1,1
2019-02-01,2019-02-04,train_in_sample,IWM,0.47280752658843994,1,0
2019-02-04,2019-02-05,train_in_sample,SPY,0.544640839099884,1,1
2019-02-04,2019-02-05,train_in_sample,QQQ,0.5908824801445007,1,1
2019-02-04,2019-02-05,train_in_sample,IWM,0.46917128562927246,1,0
2019-02-05,2019-02-06,train_in_sample,SPY,0.5634233355522156,0,0
2019-02-05,2019-02-06,train_in_sample,QQQ,0.6523007154464722,0,0
2019-02-05,2019-02-06,train_in_sample,IWM,0.47644418478012085,0,1
2019-02-06,2019-02-07,train_in_sample,SPY,0.5074764490127563,0,0
2019-02-06,2019-02-07,train_in_sample,QQQ,0.5891523361206055,0,0
2019-02-06,2019-02-07,train_in_sample,IWM,0.42559951543807983,0,1
2019-02-07,2019-02-08,train_in_sample,SPY,0.5583001375198364,1,1
2019-02-07,2019-02-08,train_in_sample,QQQ,0.6114839911460876,1,1
2019-02-07,2019-02-08,train_in_sample,IWM,0.39818644523620605,1,0
2019-02-08,2019-02-11,train_in_sample,SPY,0.5477753281593323,1,1
2019-02-08,2019-02-11,train_in_sample,QQQ,0.5671552419662476,0,0
2019-02-08,2019-02-11,train_in_sample,IWM,0.4854658842086792,1,0
2019-02-11,2019-02-12,train_in_sample,SPY,0.6193768978118896,1,1
2019-02-11,2019-02-12,train_in_sample,QQQ,0.6517144441604614,1,1
2019-02-11,2019-02-12,train_in_sample,IWM,0.42459285259246826,1,0
2019-02-12,2019-02-13,train_in_sample,SPY,0.608639121055603,1,1
2019-02-12,2019-02-13,train_in_sample,QQQ,0.6240298748016357,1,1
2019-02-12,2019-02-13,train_in_sample,IWM,0.46858543157577515,1,0
2019-02-13,2019-02-14,train_in_sample,SPY,0.5811105966567993,0,0
2019-02-13,2019-02-14,train_in_sample,QQQ,0.6072982549667358,1,1
2019-02-13,2019-02-14,train_in_sample,IWM,0.47913679480552673,1,0
2019-02-14,2019-02-15,train_in_sample,SPY,0.5586302876472473,1,1
2019-02-14,2019-02-15,train_in_sample,QQQ,0.62162184715271,1,1
2019-02-14,2019-02-15,train_in_sample,IWM,0.45128288865089417,1,0
2019-02-15,2019-02-19,train_in_sample,SPY,0.5909458994865417,1,1
2019-02-15,2019-02-19,train_in_sample,QQQ,0.582569420337677,1,1
2019-02-15,2019-02-19,train_in_sample,IWM,0.493083119392395,1,0
2019-02-19,2019-02-20,train_in_sample,SPY,0.5623579621315002,1,1
2019-02-19,2019-02-20,train_in_sample,QQQ,0.6246432662010193,0,0
2019-02-19,2019-02-20,train_in_sample,IWM,0.4428115487098694,1,0
2019-02-20,2019-02-21,train_in_sample,SPY,0.5823526382446289,0,0
2019-02-20,2019-02-21,train_in_sample,QQQ,0.6333822011947632,0,0
2019-02-20,2019-02-21,train_in_sample,IWM,0.5017334818840027,0,0
2019-02-21,2019-02-22,train_in_sample,SPY,0.5749863982200623,1,1
2019-02-21,2019-02-22,train_in_sample,QQQ,0.6121495962142944,1,1
2019-02-21,2019-02-22,train_in_sample,IWM,0.48479506373405457,1,0
2019-02-22,2019-02-25,train_in_sample,SPY,0.617652416229248,1,1
2019-02-22,2019-02-25,train_in_sample,QQQ,0.6353286504745483,1,1
2019-02-22,2019-02-25,train_in_sample,IWM,0.5241027474403381,1,1
2019-02-25,2019-02-26,train_in_sample,SPY,0.5645248889923096,0,0
2019-02-25,2019-02-26,train_in_sample,QQQ,0.5760506987571716,1,1
2019-02-25,2019-02-26,train_in_sample,IWM,0.47529420256614685,0,1
2019-02-26,2019-02-27,train_in_sample,SPY,0.5663703680038452,0,0
2019-02-26,2019-02-27,train_in_sample,QQQ,0.5963816046714783,0,0
2019-02-26,2019-02-27,train_in_sample,IWM,0.5312440991401672,1,1
2019-02-27,2019-02-28,train_in_sample,SPY,0.6051816344261169,0,0
2019-02-27,2019-02-28,train_in_sample,QQQ,0.6835746169090271,0,0
2019-02-27,2019-02-28,train_in_sample,IWM,0.5304036140441895,0,0
2019-02-28,2019-03-01,train_in_sample,SPY,0.5731269121170044,1,1
2019-02-28,2019-03-01,train_in_sample,QQQ,0.6095741987228394,1,1
2019-02-28,2019-03-01,train_in_sample,IWM,0.4581049978733063,1,0
2019-03-01,2019-03-04,train_in_sample,SPY,0.5345647931098938,0,0
2019-03-01,2019-03-04,train_in_sample,QQQ,0.6097679734230042,1,1
2019-03-01,2019-03-04,train_in_sample,IWM,0.4951310455799103,0,1
2019-03-04,2019-03-05,train_in_sample,SPY,0.5850263833999634,0,0
2019-03-04,2019-03-05,train_in_sample,QQQ,0.6104934811592102,1,1
2019-03-04,2019-03-05,train_in_sample,IWM,0.544044554233551,0,0
2019-03-05,2019-03-06,train_in_sample,SPY,0.5488660931587219,0,0
2019-03-05,2019-03-06,train_in_sample,QQQ,0.5770491361618042,0,0
2019-03-05,2019-03-06,train_in_sample,IWM,0.4089893102645874,0,1
2019-03-06,2019-03-07,train_in_sample,SPY,0.5025829076766968,0,0
2019-03-06,2019-03-07,train_in_sample,QQQ,0.5861356258392334,0,0
2019-03-06,2019-03-07,train_in_sample,IWM,0.4658905863761902,0,1
2019-03-07,2019-03-08,train_in_sample,SPY,0.5597453117370605,0,0
2019-03-07,2019-03-08,train_in_sample,QQQ,0.577404260635376,0,0
2019-03-07,2019-03-08,train_in_sample,IWM,0.4726817309856415,0,1
2019-03-08,2019-03-11,train_in_sample,SPY,0.58356112241745,1,1
2019-03-08,2019-03-11,train_in_sample,QQQ,0.6239747405052185,1,1
2019-03-08,2019-03-11,train_in_sample,IWM,0.5146668553352356,1,1
2019-03-11,2019-03-12,train_in_sample,SPY,0.5925895571708679,1,1
2019-03-11,2019-03-12,train_in_sample,QQQ,0.6171566247940063,1,1
2019-03-11,2019-03-12,train_in_sample,IWM,0.5741898417472839,1,1
2019-03-12,2019-03-13,train_in_sample,SPY,0.5866835713386536,1,1
2019-03-12,2019-03-13,train_in_sample,QQQ,0.5952345132827759,1,1
2019-03-12,2019-03-13,train_in_sample,IWM,0.4957868158817291,1,0
2019-03-13,2019-03-14,train_in_sample,SPY,0.5422507524490356,0,0
2019-03-13,2019-03-14,train_in_sample,QQQ,0.5849540829658508,0,0
2019-03-13,2019-03-14,train_in_sample,IWM,0.46844416856765747,0,1
2019-03-14,2019-03-15,train_in_sample,SPY,0.5680528283119202,1,1
2019-03-14,2019-03-15,train_in_sample,QQQ,0.5876917243003845,1,1
2019-03-14,2019-03-15,train_in_sample,IWM,0.4136255085468292,1,0
2019-03-15,2019-03-18,train_in_sample,SPY,0.5648435950279236,1,1
2019-03-15,2019-03-18,train_in_sample,QQQ,0.560934841632843,1,1
2019-03-15,2019-03-18,train_in_sample,IWM,0.4909018278121948,1,0
2019-03-18,2019-03-19,train_in_sample,SPY,0.5257694125175476,1,1
2019-03-18,2019-03-19,train_in_sample,QQQ,0.6203852891921997,1,1
2019-03-18,2019-03-19,train_in_sample,IWM,0.4835348427295685,0,1
2019-03-19,2019-03-20,train_in_sample,SPY,0.5094688534736633,0,0
2019-03-19,2019-03-20,train_in_sample,QQQ,0.5933473110198975,1,1
2019-03-19,2019-03-20,train_in_sample,IWM,0.45509758591651917,0,1
2019-03-20,2019-03-21,train_in_sample,SPY,0.5283014178276062,1,1
2019-03-20,2019-03-21,train_in_sample,QQQ,0.5502787232398987,1,1
2019-03-20,2019-03-21,train_in_sample,IWM,0.5589177012443542,1,1
2019-03-21,2019-03-22,train_in_sample,SPY,0.5583605170249939,0,0
2019-03-21,2019-03-22,train_in_sample,QQQ,0.6068241000175476,0,0
2019-03-21,2019-03-22,train_in_sample,IWM,0.4690952003002167,0,1
2019-03-22,2019-03-25,train_in_sample,SPY,0.480878621339798,0,1
2019-03-22,2019-03-25,train_in_sample,QQQ,0.4930272400379181,0,1
2019-03-22,2019-03-25,train_in_sample,IWM,0.5060152411460876,1,1
2019-03-25,2019-03-26,train_in_sample,SPY,0.5695327520370483,1,1
2019-03-25,2019-03-26,train_in_sample,QQQ,0.5829302072525024,1,1
2019-03-25,2019-03-26,train_in_sample,IWM,0.49197766184806824,1,0
2019-03-26,2019-03-27,train_in_sample,SPY,0.5654651522636414,0,0
2019-03-26,2019-03-27,train_in_sample,QQQ,0.580242395401001,0,0
2019-03-26,2019-03-27,train_in_sample,IWM,0.5036721229553223,0,0
2019-03-27,2019-03-28,train_in_sample,SPY,0.5983383655548096,1,1
2019-03-27,2019-03-28,train_in_sample,QQQ,0.5532705187797546,1,1
2019-03-27,2019-03-28,train_in_sample,IWM,0.5298516154289246,1,1
2019-03-28,2019-03-29,train_in_sample,SPY,0.5935441255569458,1,1
2019-03-28,2019-03-29,train_in_sample,QQQ,0.6406154632568359,1,1
2019-03-28,2019-03-29,train_in_sample,IWM,0.44354790449142456,1,0
2019-03-29,2019-04-01,train_in_sample,SPY,0.5738326907157898,1,1
2019-03-29,2019-04-01,train_in_sample,QQQ,0.5937522649765015,1,1
2019-03-29,2019-04-01,train_in_sample,IWM,0.49707847833633423,1,0
2019-04-01,2019-04-02,train_in_sample,SPY,0.6025767922401428,1,1
2019-04-01,2019-04-02,train_in_sample,QQQ,0.589820384979248,1,1
2019-04-01,2019-04-02,train_in_sample,IWM,0.5085483193397522,0,0
2019-04-02,2019-04-03,train_in_sample,SPY,0.5326625108718872,1,1
2019-04-02,2019-04-03,train_in_sample,QQQ,0.5519964694976807,1,1
2019-04-02,2019-04-03,train_in_sample,IWM,0.4311150014400482,1,0
2019-04-03,2019-04-04,train_in_sample,SPY,0.5189652442932129,1,1
2019-04-03,2019-04-04,train_in_sample,QQQ,0.6054103970527649,0,0
2019-04-03,2019-04-04,train_in_sample,IWM,0.4990576505661011,1,0
2019-04-04,2019-04-05,train_in_sample,SPY,0.5831155180931091,1,1
2019-04-04,2019-04-05,train_in_sample,QQQ,0.5982460379600525,1,1
2019-04-04,2019-04-05,train_in_sample,IWM,0.4905470609664917,1,0
2019-04-05,2019-04-08,train_in_sample,SPY,0.644916296005249,1,1
2019-04-05,2019-04-08,train_in_sample,QQQ,0.6757404804229736,1,1
2019-04-05,2019-04-08,train_in_sample,IWM,0.5412375330924988,0,0
2019-04-08,2019-04-09,train_in_sample,SPY,0.5466911196708679,0,0
2019-04-08,2019-04-09,train_in_sample,QQQ,0.5705267786979675,0,0
2019-04-08,2019-04-09,train_in_sample,IWM,0.4491657018661499,0,1
2019-04-09,2019-04-10,train_in_sample,SPY,0.5068955421447754,1,1
2019-04-09,2019-04-10,train_in_sample,QQQ,0.5066125988960266,1,1
2019-04-09,2019-04-10,train_in_sample,IWM,0.42146846652030945,1,0
2019-04-10,2019-04-11,train_in_sample,SPY,0.5953033566474915,0,0
2019-04-10,2019-04-11,train_in_sample,QQQ,0.6412613391876221,0,0
2019-04-10,2019-04-11,train_in_sample,IWM,0.4825524091720581,0,1
2019-04-11,2019-04-12,train_in_sample,SPY,0.5853117108345032,1,1
2019-04-11,2019-04-12,train_in_sample,QQQ,0.5730798244476318,1,1
2019-04-11,2019-04-12,train_in_sample,IWM,0.4440132975578308,1,0
2019-04-12,2019-04-15,train_in_sample,SPY,0.5802815556526184,0,0
2019-04-12,2019-04-15,train_in_sample,QQQ,0.5841231942176819,1,1
2019-04-12,2019-04-15,train_in_sample,IWM,0.4560900926589966,0,1
2019-04-15,2019-04-16,train_in_sample,SPY,0.5169997811317444,1,1
2019-04-15,2019-04-16,train_in_sample,QQQ,0.5702870488166809,1,1
2019-04-15,2019-04-16,train_in_sample,IWM,0.47770899534225464,1,0
2019-04-16,2019-04-17,train_in_sample,SPY,0.5315485596656799,0,0
2019-04-16,2019-04-17,train_in_sample,QQQ,0.5390487313270569,1,1
2019-04-16,2019-04-17,train_in_sample,IWM,0.46491700410842896,0,1
2019-04-17,2019-04-18,train_in_sample,SPY,0.5497719049453735,1,1
2019-04-17,2019-04-18,train_in_sample,QQQ,0.5321430563926697,1,1
2019-04-17,2019-04-18,train_in_sample,IWM,0.4571183919906616,0,1
2019-04-18,2019-04-22,train_in_sample,SPY,0.5626450777053833,1,1
2019-04-18,2019-04-22,train_in_sample,QQQ,0.560276448726654,1,1
2019-04-18,2019-04-22,train_in_sample,IWM,0.550082266330719,0,0
2019-04-22,2019-04-23,train_in_sample,SPY,0.5232931971549988,1,1
2019-04-22,2019-04-23,train_in_sample,QQQ,0.531063973903656,1,1
2019-04-22,2019-04-23,train_in_sample,IWM,0.44313690066337585,1,0
2019-04-23,2019-04-24,train_in_sample,SPY,0.4733906388282776,0,1
2019-04-23,2019-04-24,train_in_sample,QQQ,0.4683435559272766,0,1
2019-04-23,2019-04-24,train_in_sample,IWM,0.4961361289024353,1,0
2019-04-24,2019-04-25,train_in_sample,SPY,0.6167764663696289,0,0
2019-04-24,2019-04-25,train_in_sample,QQQ,0.6562789678573608,1,1
2019-04-24,2019-04-25,train_in_sample,IWM,0.4953100085258484,0,1
2019-04-25,2019-04-26,train_in_sample,SPY,0.5473425984382629,1,1
2019-04-25,2019-04-26,train_in_sample,QQQ,0.5726345181465149,1,1
2019-04-25,2019-04-26,train_in_sample,IWM,0.5024092197418213,1,1
2019-04-26,2019-04-29,train_in_sample,SPY,0.600418746471405,1,1
2019-04-26,2019-04-29,train_in_sample,QQQ,0.6108588576316833,1,1
2019-04-26,2019-04-29,train_in_sample,IWM,0.45283111929893494,1,0
2019-04-29,2019-04-30,train_in_sample,SPY,0.5782012939453125,1,1
2019-04-29,2019-04-30,train_in_sample,QQQ,0.6186881065368652,0,0
2019-04-29,2019-04-30,train_in_sample,IWM,0.4760589301586151,0,1
2019-04-30,2019-05-01,train_in_sample,SPY,0.5328366160392761,0,0
2019-04-30,2019-05-01,train_in_sample,QQQ,0.4953969419002533,0,1
2019-04-30,2019-05-01,train_in_sample,IWM,0.5759471654891968,0,0
2019-05-01,2019-05-02,train_in_sample,SPY,0.46732890605926514,0,1
2019-05-01,2019-05-02,train_in_sample,QQQ,0.4672071933746338,0,1
2019-05-01,2019-05-02,train_in_sample,IWM,0.49799180030822754,1,0
2019-05-02,2019-05-03,train_in_sample,SPY,0.516707718372345,1,1
2019-05-02,2019-05-03,train_in_sample,QQQ,0.5773090720176697,1,1
2019-05-02,2019-05-03,train_in_sample,IWM,0.5060668587684631,1,1
2019-05-03,2019-05-06,train_in_sample,SPY,0.5866943001747131,0,0
2019-05-03,2019-05-06,train_in_sample,QQQ,0.61578369140625,0,0
2019-05-03,2019-05-06,train_in_sample,IWM,0.5085781812667847,1,1
2019-05-06,2019-05-07,train_in_sample,SPY,0.5251913666725159,0,0
2019-05-06,2019-05-07,train_in_sample,QQQ,0.5300626158714294,0,0
2019-05-06,2019-05-07,train_in_sample,IWM,0.48720645904541016,0,1
2019-05-07,2019-05-08,train_in_sample,SPY,0.49471795558929443,0,1
2019-05-07,2019-05-08,train_in_sample,QQQ,0.5084560513496399,0,0
2019-05-07,2019-05-08,train_in_sample,IWM,0.4062323272228241,0,1
2019-05-08,2019-05-09,train_in_sample,SPY,0.6622831225395203,0,0
2019-05-08,2019-05-09,train_in_sample,QQQ,0.6062463521957397,0,0
2019-05-08,2019-05-09,train_in_sample,IWM,0.396285742521286,0,1
2019-05-09,2019-05-10,train_in_sample,SPY,0.5801129341125488,1,1
2019-05-09,2019-05-10,train_in_sample,QQQ,0.6263638734817505,1,1
2019-05-09,2019-05-10,train_in_sample,IWM,0.5518637895584106,1,1
2019-05-10,2019-05-13,train_in_sample,SPY,0.6016030311584473,0,0
2019-05-10,2019-05-13,train_in_sample,QQQ,0.5821978449821472,0,0
2019-05-10,2019-05-13,train_in_sample,IWM,0.6809002757072449,0,0
2019-05-13,2019-05-14,train_in_sample,SPY,0.5595138072967529,1,1
2019-05-13,2019-05-14,train_in_sample,QQQ,0.56629878282547,1,1
2019-05-13,2019-05-14,train_in_sample,IWM,0.4377428889274597,1,0
2019-05-14,2019-05-15,train_in_sample,SPY,0.598734438419342,1,1
2019-05-14,2019-05-15,train_in_sample,QQQ,0.6445523500442505,1,1
2019-05-14,2019-05-15,train_in_sample,IWM,0.5269134044647217,1,1
2019-05-15,2019-05-16,train_in_sample,SPY,0.5320965647697449,1,1
2019-05-15,2019-05-16,train_in_sample,QQQ,0.6012428998947144,1,1
2019-05-15,2019-05-16,train_in_sample,IWM,0.5096818208694458,1,1
2019-05-16,2019-05-17,train_in_sample,SPY,0.5636495351791382,0,0
2019-05-16,2019-05-17,train_in_sample,QQQ,0.5631881952285767,0,0
2019-05-16,2019-05-17,train_in_sample,IWM,0.4907037317752838,0,1
2019-05-17,2019-05-20,train_in_sample,SPY,0.5177276730537415,0,0
2019-05-17,2019-05-20,train_in_sample,QQQ,0.5472118854522705,0,0
2019-05-17,2019-05-20,train_in_sample,IWM,0.47867560386657715,0,1
2019-05-20,2019-05-21,train_in_sample,SPY,0.5359228253364563,1,1
2019-05-20,2019-05-21,train_in_sample,QQQ,0.5542044639587402,1,1
2019-05-20,2019-05-21,train_in_sample,IWM,0.4808190166950226,1,0
2019-05-21,2019-05-22,train_in_sample,SPY,0.5889145135879517,0,0
2019-05-21,2019-05-22,train_in_sample,QQQ,0.48459392786026,0,1
2019-05-21,2019-05-22,train_in_sample,IWM,0.5220149159431458,0,0
2019-05-22,2019-05-23,train_in_sample,SPY,0.6026499271392822,0,0
2019-05-22,2019-05-23,train_in_sample,QQQ,0.6202763915061951,0,0
2019-05-22,2019-05-23,train_in_sample,IWM,0.5275211334228516,0,0
2019-05-23,2019-05-24,train_in_sample,SPY,0.6072555184364319,1,1
2019-05-23,2019-05-24,train_in_sample,QQQ,0.6408080458641052,0,0
2019-05-23,2019-05-24,train_in_sample,IWM,0.5303139090538025,1,1
2019-05-24,2019-05-28,train_in_sample,SPY,0.58781498670578,0,0
2019-05-24,2019-05-28,train_in_sample,QQQ,0.6074367761611938,0,0
2019-05-24,2019-05-28,train_in_sample,IWM,0.48194125294685364,0,1
2019-05-28,2019-05-29,train_in_sample,SPY,0.581895112991333,0,0
2019-05-28,2019-05-29,train_in_sample,QQQ,0.6524568796157837,0,0
2019-05-28,2019-05-29,train_in_sample,IWM,0.5475883483886719,0,0
2019-05-29,2019-05-30,train_in_sample,SPY,0.5867195129394531,1,1
2019-05-29,2019-05-30,train_in_sample,QQQ,0.5980342626571655,1,1
2019-05-29,2019-05-30,train_in_sample,IWM,0.4606512188911438,0,1
2019-05-30,2019-05-31,train_in_sample,SPY,0.6327356696128845,0,0
2019-05-30,2019-05-31,train_in_sample,QQQ,0.6002318263053894,0,0
2019-05-30,2019-05-31,train_in_sample,IWM,0.58292555809021,0,0
2019-05-31,2019-06-03,train_in_sample,SPY,0.5347771048545837,0,0
2019-05-31,2019-06-03,train_in_sample,QQQ,0.5639753937721252,0,0
2019-05-31,2019-06-03,train_in_sample,IWM,0.4399465024471283,1,0
2019-06-03,2019-06-04,train_in_sample,SPY,0.5921388864517212,1,1
2019-06-03,2019-06-04,train_in_sample,QQQ,0.580078125,1,1
2019-06-03,2019-06-04,train_in_sample,IWM,0.5255551934242249,1,1
2019-06-04,2019-06-05,train_in_sample,SPY,0.48448312282562256,1,0
2019-06-04,2019-06-05,train_in_sample,QQQ,0.5021449327468872,1,1
2019-06-04,2019-06-05,train_in_sample,IWM,0.5231795310974121,0,0
2019-06-05,2019-06-06,train_in_sample,SPY,0.5695369243621826,1,1
2019-06-05,2019-06-06,train_in_sample,QQQ,0.5793294310569763,1,1
2019-06-05,2019-06-06,train_in_sample,IWM,0.5132972598075867,0,0
2019-06-06,2019-06-07,train_in_sample,SPY,0.6109989285469055,1,1
2019-06-06,2019-06-07,train_in_sample,QQQ,0.5586627125740051,1,1
2019-06-06,2019-06-07,train_in_sample,IWM,0.554489016532898,1,1
2019-06-07,2019-06-10,train_in_sample,SPY,0.5616441369056702,1,1
2019-06-07,2019-06-10,train_in_sample,QQQ,0.6185632944107056,1,1
2019-06-07,2019-06-10,train_in_sample,IWM,0.5451642274856567,1,1
2019-06-10,2019-06-11,train_in_sample,SPY,0.5220780968666077,0,0
2019-06-10,2019-06-11,train_in_sample,QQQ,0.59699946641922,1,1
2019-06-10,2019-06-11,train_in_sample,IWM,0.4827594757080078,0,1
2019-06-11,2019-06-12,train_in_sample,SPY,0.5865264534950256,0,0
2019-06-11,2019-06-12,train_in_sample,QQQ,0.5745708346366882,0,0
2019-06-11,2019-06-12,train_in_sample,IWM,0.5299140810966492,1,1
2019-06-12,2019-06-13,train_in_sample,SPY,0.5159264206886292,1,1
2019-06-12,2019-06-13,train_in_sample,QQQ,0.445150762796402,1,0
2019-06-12,2019-06-13,train_in_sample,IWM,0.48262035846710205,1,0
2019-06-13,2019-06-14,train_in_sample,SPY,0.6464529037475586,0,0
2019-06-13,2019-06-14,train_in_sample,QQQ,0.6609311103820801,0,0
2019-06-13,2019-06-14,train_in_sample,IWM,0.45763975381851196,0,1
2019-06-14,2019-06-17,train_in_sample,SPY,0.5638495683670044,1,1
2019-06-14,2019-06-17,train_in_sample,QQQ,0.6210440993309021,1,1
2019-06-14,2019-06-17,train_in_sample,IWM,0.4701457917690277,1,0
2019-06-17,2019-06-18,train_in_sample,SPY,0.5594655275344849,1,1
2019-06-17,2019-06-18,train_in_sample,QQQ,0.6500077843666077,1,1
2019-06-17,2019-06-18,train_in_sample,IWM,0.4514428377151489,1,0
2019-06-18,2019-06-19,train_in_sample,SPY,0.5802552700042725,1,1
2019-06-18,2019-06-19,train_in_sample,QQQ,0.631583571434021,1,1
2019-06-18,2019-06-19,train_in_sample,IWM,0.5339677929878235,1,1
2019-06-19,2019-06-20,train_in_sample,SPY,0.6121109127998352,1,1
2019-06-19,2019-06-20,train_in_sample,QQQ,0.5956910252571106,1,1
2019-06-19,2019-06-20,train_in_sample,IWM,0.5027207732200623,1,1
2019-06-20,2019-06-21,train_in_sample,SPY,0.6301862001419067,0,0
2019-06-20,2019-06-21,train_in_sample,QQQ,0.5933889746665955,0,0
2019-06-20,2019-06-21,train_in_sample,IWM,0.4833560287952423,0,1
2019-06-21,2019-06-24,train_in_sample,SPY,0.6668220162391663,0,0
2019-06-21,2019-06-24,train_in_sample,QQQ,0.6064648032188416,1,1
2019-06-21,2019-06-24,train_in_sample,IWM,0.5321973562240601,0,0
2019-06-24,2019-06-25,train_in_sample,SPY,0.5451515913009644,0,0
2019-06-24,2019-06-25,train_in_sample,QQQ,0.48476117849349976,0,1
2019-06-24,2019-06-25,train_in_sample,IWM,0.48541364073753357,0,1
2019-06-25,2019-06-26,train_in_sample,SPY,0.5885089039802551,0,0
2019-06-25,2019-06-26,train_in_sample,QQQ,0.6090466380119324,1,1
2019-06-25,2019-06-26,train_in_sample,IWM,0.4265216588973999,0,1
2019-06-26,2019-06-27,train_in_sample,SPY,0.5661295652389526,1,1
2019-06-26,2019-06-27,train_in_sample,QQQ,0.5602519512176514,1,1
2019-06-26,2019-06-27,train_in_sample,IWM,0.5143570899963379,1,1
2019-06-27,2019-06-28,train_in_sample,SPY,0.6260672807693481,1,1
2019-06-27,2019-06-28,train_in_sample,QQQ,0.6315560340881348,1,1
2019-06-27,2019-06-28,train_in_sample,IWM,0.5008883476257324,1,1
2019-06-28,2019-07-01,train_in_sample,SPY,0.5956861972808838,1,1
2019-06-28,2019-07-01,train_in_sample,QQQ,0.641034722328186,1,1
2019-06-28,2019-07-01,train_in_sample,IWM,0.45374858379364014,1,0
2019-07-01,2019-07-02,train_in_sample,SPY,0.6465073823928833,1,1
2019-07-01,2019-07-02,train_in_sample,QQQ,0.6009982228279114,1,1
2019-07-01,2019-07-02,train_in_sample,IWM,0.5277015566825867,0,0
2019-07-02,2019-07-03,train_in_sample,SPY,0.6823075413703918,1,1
2019-07-02,2019-07-03,train_in_sample,QQQ,0.6133657097816467,1,1
2019-07-02,2019-07-03,train_in_sample,IWM,0.6045751571655273,1,1
2019-07-03,2019-07-05,train_in_sample,SPY,0.5891995429992676,0,0
2019-07-03,2019-07-05,train_in_sample,QQQ,0.6323405504226685,0,0
2019-07-03,2019-07-05,train_in_sample,IWM,0.4489753246307373,1,0
2019-07-05,2019-07-08,train_in_sample,SPY,0.5784659385681152,0,0
2019-07-05,2019-07-08,train_in_sample,QQQ,0.5882260203361511,0,0
2019-07-05,2019-07-08,train_in_sample,IWM,0.4632558524608612,0,1
2019-07-08,2019-07-09,train_in_sample,SPY,0.5980188250541687,1,1
2019-07-08,2019-07-09,train_in_sample,QQQ,0.6249203085899353,1,1
2019-07-08,2019-07-09,train_in_sample,IWM,0.5281564593315125,1,1
2019-07-09,2019-07-10,train_in_sample,SPY,0.6121248602867126,1,1
2019-07-09,2019-07-10,train_in_sample,QQQ,0.6267861127853394,1,1
2019-07-09,2019-07-10,train_in_sample,IWM,0.5165280103683472,1,1
2019-07-10,2019-07-11,train_in_sample,SPY,0.5554885268211365,1,1
2019-07-10,2019-07-11,train_in_sample,QQQ,0.5702021718025208,0,0
2019-07-10,2019-07-11,train_in_sample,IWM,0.5682454705238342,0,0
2019-07-11,2019-07-12,train_in_sample,SPY,0.55781090259552,1,1
2019-07-11,2019-07-12,train_in_sample,QQQ,0.5451944470405579,1,1
2019-07-11,2019-07-12,train_in_sample,IWM,0.4741485118865967,1,0
2019-07-12,2019-07-15,train_in_sample,SPY,0.571780264377594,1,1
2019-07-12,2019-07-15,train_in_sample,QQQ,0.5895458459854126,1,1
2019-07-12,2019-07-15,train_in_sample,IWM,0.4687903821468353,0,1
2019-07-15,2019-07-16,train_in_sample,SPY,0.6076835989952087,0,0
2019-07-15,2019-07-16,train_in_sample,QQQ,0.6574180126190186,0,0
2019-07-15,2019-07-16,train_in_sample,IWM,0.5106770992279053,0,0
2019-07-16,2019-07-17,train_in_sample,SPY,0.5816426873207092,0,0
2019-07-16,2019-07-17,train_in_sample,QQQ,0.6256352066993713,0,0
2019-07-16,2019-07-17,train_in_sample,IWM,0.5123187899589539,0,0
2019-07-17,2019-07-18,train_in_sample,SPY,0.6192612051963806,1,1
2019-07-17,2019-07-18,train_in_sample,QQQ,0.6876314282417297,1,1
2019-07-17,2019-07-18,train_in_sample,IWM,0.5237945318222046,1,1
2019-07-18,2019-07-19,train_in_sample,SPY,0.5394930839538574,0,0
2019-07-18,2019-07-19,train_in_sample,QQQ,0.6111767292022705,0,0
2019-07-18,2019-07-19,train_in_sample,IWM,0.509583592414856,0,0
2019-07-19,2019-07-22,train_in_sample,SPY,0.6089610457420349,1,1
2019-07-19,2019-07-22,train_in_sample,QQQ,0.6482739448547363,1,1
2019-07-19,2019-07-22,train_in_sample,IWM,0.5542915463447571,0,0
2019-07-22,2019-07-23,train_in_sample,SPY,0.569736123085022,1,1
2019-07-22,2019-07-23,train_in_sample,QQQ,0.611710786819458,1,1
2019-07-22,2019-07-23,train_in_sample,IWM,0.5724538564682007,1,1
2019-07-23,2019-07-24,train_in_sample,SPY,0.48820552229881287,1,0
2019-07-23,2019-07-24,train_in_sample,QQQ,0.510629415512085,1,1
2019-07-23,2019-07-24,train_in_sample,IWM,0.4205058813095093,1,0
2019-07-24,2019-07-25,train_in_sample,SPY,0.6098483800888062,0,0
2019-07-24,2019-07-25,train_in_sample,QQQ,0.667682945728302,0,0
2019-07-24,2019-07-25,train_in_sample,IWM,0.5212199687957764,0,0
2019-07-25,2019-07-26,train_in_sample,SPY,0.47661927342414856,1,0
2019-07-25,2019-07-26,train_in_sample,QQQ,0.49052056670188904,1,0
2019-07-25,2019-07-26,train_in_sample,IWM,0.45619744062423706,1,0
2019-07-26,2019-07-29,train_in_sample,SPY,0.4857790768146515,0,1
2019-07-26,2019-07-29,train_in_sample,QQQ,0.5319896936416626,0,0
2019-07-26,2019-07-29,train_in_sample,IWM,0.49605244398117065,0,1
2019-07-29,2019-07-30,train_in_sample,SPY,0.5802544355392456,0,0
2019-07-29,2019-07-30,train_in_sample,QQQ,0.5720152854919434,0,0
2019-07-29,2019-07-30,train_in_sample,IWM,0.5278617143630981,1,1
2019-07-30,2019-07-31,train_in_sample,SPY,0.600553035736084,0,0
2019-07-30,2019-07-31,train_in_sample,QQQ,0.5419975519180298,0,0
2019-07-30,2019-07-31,train_in_sample,IWM,0.5006749629974365,0,0
2019-07-31,2019-08-01,train_in_sample,SPY,0.5456384420394897,0,0
2019-07-31,2019-08-01,train_in_sample,QQQ,0.5472326874732971,0,0
2019-07-31,2019-08-01,train_in_sample,IWM,0.49359363317489624,0,1
2019-08-01,2019-08-02,train_in_sample,SPY,0.5499900579452515,0,0
2019-08-01,2019-08-02,train_in_sample,QQQ,0.5567538738250732,0,0
2019-08-01,2019-08-02,train_in_sample,IWM,0.5938680171966553,0,0
2019-08-02,2019-08-05,train_in_sample,SPY,0.4462186098098755,0,1
2019-08-02,2019-08-05,train_in_sample,QQQ,0.43988505005836487,0,1
2019-08-02,2019-08-05,train_in_sample,IWM,0.48796719312667847,0,1
2019-08-05,2019-08-06,train_in_sample,SPY,0.542066752910614,1,1
2019-08-05,2019-08-06,train_in_sample,QQQ,0.5290039777755737,1,1
2019-08-05,2019-08-06,train_in_sample,IWM,0.6032568216323853,1,1
2019-08-06,2019-08-07,train_in_sample,SPY,0.5607694387435913,1,1
2019-08-06,2019-08-07,train_in_sample,QQQ,0.5216147303581238,1,1
2019-08-06,2019-08-07,train_in_sample,IWM,0.5121932625770569,1,1
2019-08-07,2019-08-08,train_in_sample,SPY,0.590449869632721,1,1
2019-08-07,2019-08-08,train_in_sample,QQQ,0.6120383739471436,1,1
2019-08-07,2019-08-08,train_in_sample,IWM,0.5359951853752136,1,1
2019-08-08,2019-08-09,train_in_sample,SPY,0.4925490617752075,0,1
2019-08-08,2019-08-09,train_in_sample,QQQ,0.5367444157600403,0,0
2019-08-08,2019-08-09,train_in_sample,IWM,0.5337456464767456,0,0
2019-08-09,2019-08-12,train_in_sample,SPY,0.5430159568786621,0,0
2019-08-09,2019-08-12,train_in_sample,QQQ,0.5799474120140076,0,0
2019-08-09,2019-08-12,train_in_sample,IWM,0.4904249608516693,0,1
2019-08-12,2019-08-13,train_in_sample,SPY,0.5633406639099121,1,1
2019-08-12,2019-08-13,train_in_sample,QQQ,0.5461670756340027,1,1
2019-08-12,2019-08-13,train_in_sample,IWM,0.5195727348327637,1,1
2019-08-13,2019-08-14,train_in_sample,SPY,0.6014020442962646,0,0
2019-08-13,2019-08-14,train_in_sample,QQQ,0.5901029109954834,0,0
2019-08-13,2019-08-14,train_in_sample,IWM,0.5417950749397278,0,0
2019-08-14,2019-08-15,train_in_sample,SPY,0.4440945088863373,1,0
2019-08-14,2019-08-15,train_in_sample,QQQ,0.4172850549221039,0,1
2019-08-14,2019-08-15,train_in_sample,IWM,0.5912816524505615,0,0
2019-08-15,2019-08-16,train_in_sample,SPY,0.6128167510032654,1,1
2019-08-15,2019-08-16,train_in_sample,QQQ,0.6077031493186951,1,1
2019-08-15,2019-08-16,train_in_sample,IWM,0.4877437949180603,1,0
2019-08-16,2019-08-19,train_in_sample,SPY,0.5627034306526184,1,1
2019-08-16,2019-08-19,train_in_sample,QQQ,0.5927383303642273,1,1
2019-08-16,2019-08-19,train_in_sample,IWM,0.5091041326522827,1,1
2019-08-19,2019-08-20,train_in_sample,SPY,0.6590266823768616,0,0
2019-08-19,2019-08-20,train_in_sample,QQQ,0.6540480256080627,0,0
2019-08-19,2019-08-20,train_in_sample,IWM,0.49463582038879395,0,1
2019-08-20,2019-08-21,train_in_sample,SPY,0.6008082032203674,1,1
2019-08-20,2019-08-21,train_in_sample,QQQ,0.5846611857414246,1,1
2019-08-20,2019-08-21,train_in_sample,IWM,0.5516855120658875,1,1
2019-08-21,2019-08-22,train_in_sample,SPY,0.5903012752532959,0,0
2019-08-21,2019-08-22,train_in_sample,QQQ,0.6744329929351807,0,0
2019-08-21,2019-08-22,train_in_sample,IWM,0.4900010824203491,0,1
2019-08-22,2019-08-23,train_in_sample,SPY,0.584892749786377,0,0
2019-08-22,2019-08-23,train_in_sample,QQQ,0.6389754414558411,0,0
2019-08-22,2019-08-23,train_in_sample,IWM,0.49808618426322937,0,1
2019-08-23,2019-08-26,train_in_sample,SPY,0.5429672002792358,1,1
2019-08-23,2019-08-26,train_in_sample,QQQ,0.5758721232414246,1,1
2019-08-23,2019-08-26,train_in_sample,IWM,0.545152485370636,1,1
2019-08-26,2019-08-27,train_in_sample,SPY,0.6426049470901489,0,0
2019-08-26,2019-08-27,train_in_sample,QQQ,0.68852698802948,0,0
2019-08-26,2019-08-27,train_in_sample,IWM,0.5602807998657227,0,0
2019-08-27,2019-08-28,train_in_sample,SPY,0.5874326825141907,1,1
2019-08-27,2019-08-28,train_in_sample,QQQ,0.5964918732643127,1,1
2019-08-27,2019-08-28,train_in_sample,IWM,0.5052633285522461,1,1
2019-08-28,2019-08-29,train_in_sample,SPY,0.5925549864768982,1,1
2019-08-28,2019-08-29,train_in_sample,QQQ,0.5932655930519104,1,1
2019-08-28,2019-08-29,train_in_sample,IWM,0.5307855010032654,1,1
2019-08-29,2019-08-30,train_in_sample,SPY,0.5932857394218445,0,0
2019-08-29,2019-08-30,train_in_sample,QQQ,0.5743311047554016,0,0
2019-08-29,2019-08-30,train_in_sample,IWM,0.5446026921272278,0,0
2019-08-30,2019-09-03,train_in_sample,SPY,0.5482473969459534,0,0
2019-08-30,2019-09-03,train_in_sample,QQQ,0.6001548767089844,0,0
2019-08-30,2019-09-03,train_in_sample,IWM,0.44055038690567017,0,1
2019-09-03,2019-09-04,train_in_sample,SPY,0.5505738854408264,1,1
2019-09-03,2019-09-04,train_in_sample,QQQ,0.5693655014038086,1,1
2019-09-03,2019-09-04,train_in_sample,IWM,0.5018588304519653,1,1
2019-09-04,2019-09-05,train_in_sample,SPY,0.586335301399231,1,1
2019-09-04,2019-09-05,train_in_sample,QQQ,0.5874732732772827,1,1
2019-09-04,2019-09-05,train_in_sample,IWM,0.5816983580589294,1,1
2019-09-05,2019-09-06,train_in_sample,SPY,0.5768231749534607,1,1
2019-09-05,2019-09-06,train_in_sample,QQQ,0.5831760764122009,0,0
2019-09-05,2019-09-06,train_in_sample,IWM,0.5300275087356567,0,0
2019-09-06,2019-09-09,train_in_sample,SPY,0.5887989401817322,1,1
2019-09-06,2019-09-09,train_in_sample,QQQ,0.5823760032653809,0,0
2019-09-06,2019-09-09,train_in_sample,IWM,0.42804035544395447,1,0
2019-09-09,2019-09-10,train_in_sample,SPY,0.630724310874939,0,0
2019-09-09,2019-09-10,train_in_sample,QQQ,0.6423584818840027,0,0
2019-09-09,2019-09-10,train_in_sample,IWM,0.5248450040817261,1,1
2019-09-10,2019-09-11,train_in_sample,SPY,0.6112083792686462,1,1
2019-09-10,2019-09-11,train_in_sample,QQQ,0.6313183903694153,1,1
2019-09-10,2019-09-11,train_in_sample,IWM,0.49541521072387695,1,0
2019-09-11,2019-09-12,train_in_sample,SPY,0.6103107333183289,1,1
2019-09-11,2019-09-12,train_in_sample,QQQ,0.618545413017273,1,1
2019-09-11,2019-09-12,train_in_sample,IWM,0.47331905364990234,1,0
2019-09-12,2019-09-13,train_in_sample,SPY,0.5828989148139954,0,0
2019-09-12,2019-09-13,train_in_sample,QQQ,0.5422107577323914,0,0
2019-09-12,2019-09-13,train_in_sample,IWM,0.43208423256874084,1,0
2019-09-13,2019-09-16,train_in_sample,SPY,0.6000725030899048,0,0
2019-09-13,2019-09-16,train_in_sample,QQQ,0.6501968502998352,0,0
2019-09-13,2019-09-16,train_in_sample,IWM,0.45958247780799866,1,0
2019-09-16,2019-09-17,train_in_sample,SPY,0.5880310535430908,1,1
2019-09-16,2019-09-17,train_in_sample,QQQ,0.6606435179710388,1,1
2019-09-16,2019-09-17,train_in_sample,IWM,0.47972267866134644,0,1
2019-09-17,2019-09-18,train_in_sample,SPY,0.5133705139160156,1,1
2019-09-17,2019-09-18,train_in_sample,QQQ,0.5825332403182983,0,0
2019-09-17,2019-09-18,train_in_sample,IWM,0.4708433449268341,0,1
2019-09-18,2019-09-19,train_in_sample,SPY,0.5755212903022766,0,0
2019-09-18,2019-09-19,train_in_sample,QQQ,0.6194844245910645,1,1
2019-09-18,2019-09-19,train_in_sample,IWM,0.4359160363674164,0,1
2019-09-19,2019-09-20,train_in_sample,SPY,0.5431278347969055,0,0
2019-09-19,2019-09-20,train_in_sample,QQQ,0.5759458541870117,0,0
2019-09-19,2019-09-20,train_in_sample,IWM,0.46448251605033875,0,1
2019-09-20,2019-09-23,train_in_sample,SPY,0.512369692325592,1,1
2019-09-20,2019-09-23,train_in_sample,QQQ,0.5783894062042236,1,1
2019-09-20,2019-09-23,train_in_sample,IWM,0.4711277186870575,0,1
2019-09-23,2019-09-24,train_in_sample,SPY,0.5740835666656494,0,0
2019-09-23,2019-09-24,train_in_sample,QQQ,0.6253941655158997,0,0
2019-09-23,2019-09-24,train_in_sample,IWM,0.46979978680610657,0,1
2019-09-24,2019-09-25,train_in_sample,SPY,0.553356409072876,1,1
2019-09-24,2019-09-25,train_in_sample,QQQ,0.5558903813362122,1,1
2019-09-24,2019-09-25,train_in_sample,IWM,0.45117178559303284,1,0
2019-09-25,2019-09-26,train_in_sample,SPY,0.5632660984992981,0,0
2019-09-25,2019-09-26,train_in_sample,QQQ,0.6170819401741028,0,0
2019-09-25,2019-09-26,train_in_sample,IWM,0.47269296646118164,0,1
2019-09-26,2019-09-27,train_in_sample,SPY,0.5391279458999634,0,0
2019-09-26,2019-09-27,train_in_sample,QQQ,0.5597553849220276,0,0
2019-09-26,2019-09-27,train_in_sample,IWM,0.431739866733551,0,1
2019-09-27,2019-09-30,train_in_sample,SPY,0.5505530834197998,1,1
2019-09-27,2019-09-30,train_in_sample,QQQ,0.5866853594779968,1,1
2019-09-27,2019-09-30,train_in_sample,IWM,0.4515100121498108,1,0
2019-09-30,2019-10-01,train_in_sample,SPY,0.5827088952064514,0,0
2019-09-30,2019-10-01,train_in_sample,QQQ,0.6315141320228577,0,0
2019-09-30,2019-10-01,train_in_sample,IWM,0.5391010642051697,0,0
2019-10-01,2019-10-02,train_in_sample,SPY,0.5523750185966492,0,0
2019-10-01,2019-10-02,train_in_sample,QQQ,0.5384488701820374,0,0
2019-10-01,2019-10-02,train_in_sample,IWM,0.5473323464393616,0,0
2019-10-02,2019-10-03,train_in_sample,SPY,0.5382513999938965,1,1
2019-10-02,2019-10-03,train_in_sample,QQQ,0.5619134306907654,1,1
2019-10-02,2019-10-03,train_in_sample,IWM,0.4746439754962921,1,0
2019-10-03,2019-10-04,train_in_sample,SPY,0.6252610087394714,1,1
2019-10-03,2019-10-04,train_in_sample,QQQ,0.6450371146202087,1,1
2019-10-03,2019-10-04,train_in_sample,IWM,0.5301485657691956,1,1
2019-10-04,2019-10-07,train_in_sample,SPY,0.6063770651817322,0,0
2019-10-04,2019-10-07,train_in_sample,QQQ,0.6218911409378052,0,0
2019-10-04,2019-10-07,train_in_sample,IWM,0.5023266077041626,0,0
2019-10-07,2019-10-08,train_in_sample,SPY,0.5346803069114685,0,0
2019-10-07,2019-10-08,train_in_sample,QQQ,0.5519229769706726,0,0
2019-10-07,2019-10-08,train_in_sample,IWM,0.523535966873169,0,0
2019-10-08,2019-10-09,train_in_sample,SPY,0.5637890100479126,1,1
2019-10-08,2019-10-09,train_in_sample,QQQ,0.5257740616798401,1,1
2019-10-08,2019-10-09,train_in_sample,IWM,0.5408029556274414,1,1
2019-10-09,2019-10-10,train_in_sample,SPY,0.6042423248291016,1,1
2019-10-09,2019-10-10,train_in_sample,QQQ,0.662702202796936,1,1
2019-10-09,2019-10-10,train_in_sample,IWM,0.5322750210762024,1,1
2019-10-10,2019-10-11,train_in_sample,SPY,0.6183446049690247,1,1
2019-10-10,2019-10-11,train_in_sample,QQQ,0.5961231589317322,1,1
2019-10-10,2019-10-11,train_in_sample,IWM,0.4699060618877411,1,0
2019-10-11,2019-10-14,train_in_sample,SPY,0.6268078088760376,0,0
2019-10-11,2019-10-14,train_in_sample,QQQ,0.6489660739898682,0,0
2019-10-11,2019-10-14,train_in_sample,IWM,0.5269486904144287,0,0
2019-10-14,2019-10-15,train_in_sample,SPY,0.5684760808944702,1,1
2019-10-14,2019-10-15,train_in_sample,QQQ,0.6072244644165039,1,1
2019-10-14,2019-10-15,train_in_sample,IWM,0.48895055055618286,1,0
2019-10-15,2019-10-16,train_in_sample,SPY,0.5655816793441772,0,0
2019-10-15,2019-10-16,train_in_sample,QQQ,0.5518273711204529,0,0
2019-10-15,2019-10-16,train_in_sample,IWM,0.5493911504745483,1,1
2019-10-16,2019-10-17,train_in_sample,SPY,0.5646767616271973,1,1
2019-10-16,2019-10-17,train_in_sample,QQQ,0.6252320408821106,1,1
2019-10-16,2019-10-17,train_in_sample,IWM,0.4929770529270172,1,0
2019-10-17,2019-10-18,train_in_sample,SPY,0.5825434327125549,0,0
2019-10-17,2019-10-18,train_in_sample,QQQ,0.6313274502754211,0,0
2019-10-17,2019-10-18,train_in_sample,IWM,0.5136154294013977,0,0
2019-10-18,2019-10-21,train_in_sample,SPY,0.6079191565513611,1,1
2019-10-18,2019-10-21,train_in_sample,QQQ,0.5832167863845825,1,1
2019-10-18,2019-10-21,train_in_sample,IWM,0.5390588641166687,1,1
2019-10-21,2019-10-22,train_in_sample,SPY,0.6035873889923096,0,0
2019-10-21,2019-10-22,train_in_sample,QQQ,0.6316674947738647,0,0
2019-10-21,2019-10-22,train_in_sample,IWM,0.5212970972061157,1,1
2019-10-22,2019-10-23,train_in_sample,SPY,0.5889432430267334,1,1
2019-10-22,2019-10-23,train_in_sample,QQQ,0.6442884802818298,1,1
2019-10-22,2019-10-23,train_in_sample,IWM,0.4938022494316101,1,0
2019-10-23,2019-10-24,train_in_sample,SPY,0.6523830890655518,1,1
2019-10-23,2019-10-24,train_in_sample,QQQ,0.6525468230247498,1,1
2019-10-23,2019-10-24,train_in_sample,IWM,0.547092854976654,0,0
2019-10-24,2019-10-25,train_in_sample,SPY,0.5704556107521057,1,1
2019-10-24,2019-10-25,train_in_sample,QQQ,0.5937540531158447,1,1
2019-10-24,2019-10-25,train_in_sample,IWM,0.47935572266578674,1,0
2019-10-25,2019-10-28,train_in_sample,SPY,0.5390892624855042,1,1
2019-10-25,2019-10-28,train_in_sample,QQQ,0.5983681678771973,1,1
2019-10-25,2019-10-28,train_in_sample,IWM,0.5589439868927002,1,1
2019-10-28,2019-10-29,train_in_sample,SPY,0.5893653631210327,0,0
2019-10-28,2019-10-29,train_in_sample,QQQ,0.6251963973045349,0,0
2019-10-28,2019-10-29,train_in_sample,IWM,0.552842378616333,1,1
2019-10-29,2019-10-30,train_in_sample,SPY,0.5603554844856262,1,1
2019-10-29,2019-10-30,train_in_sample,QQQ,0.608002781867981,1,1
2019-10-29,2019-10-30,train_in_sample,IWM,0.4234671890735626,0,1
2019-10-30,2019-10-31,train_in_sample,SPY,0.5433262586593628,0,0
2019-10-30,2019-10-31,train_in_sample,QQQ,0.5969599485397339,1,1
2019-10-30,2019-10-31,train_in_sample,IWM,0.503019392490387,0,0
2019-10-31,2019-11-01,train_in_sample,SPY,0.5893566608428955,1,1
2019-10-31,2019-11-01,train_in_sample,QQQ,0.5619637966156006,1,1
2019-10-31,2019-11-01,train_in_sample,IWM,0.5649425983428955,1,1
2019-11-01,2019-11-04,train_in_sample,SPY,0.6112971901893616,1,1
2019-11-01,2019-11-04,train_in_sample,QQQ,0.6514676809310913,1,1
2019-11-01,2019-11-04,train_in_sample,IWM,0.5664194226264954,1,1
2019-11-04,2019-11-05,train_in_sample,SPY,0.5521509051322937,0,0
2019-11-04,2019-11-05,train_in_sample,QQQ,0.6156951785087585,1,1
2019-11-04,2019-11-05,train_in_sample,IWM,0.4657980799674988,1,0
2019-11-05,2019-11-06,train_in_sample,SPY,0.6047085523605347,1,1
2019-11-05,2019-11-06,train_in_sample,QQQ,0.5838045477867126,0,0
2019-11-05,2019-11-06,train_in_sample,IWM,0.477194607257843,0,1
2019-11-06,2019-11-07,train_in_sample,SPY,0.5909867882728577,1,1
2019-11-06,2019-11-07,train_in_sample,QQQ,0.6416203379631042,1,1
2019-11-06,2019-11-07,train_in_sample,IWM,0.48930639028549194,1,0
2019-11-07,2019-11-08,train_in_sample,SPY,0.5966079831123352,1,1
2019-11-07,2019-11-08,train_in_sample,QQQ,0.5978500843048096,1,1
2019-11-07,2019-11-08,train_in_sample,IWM,0.5048176050186157,1,1
2019-11-08,2019-11-11,train_in_sample,SPY,0.5893802046775818,0,0
2019-11-08,2019-11-11,train_in_sample,QQQ,0.6333860754966736,0,0
2019-11-08,2019-11-11,train_in_sample,IWM,0.46409767866134644,0,1
2019-11-11,2019-11-12,train_in_sample,SPY,0.553820013999939,1,1
2019-11-11,2019-11-12,train_in_sample,QQQ,0.6423699855804443,1,1
2019-11-11,2019-11-12,train_in_sample,IWM,0.5012540817260742,1,1
2019-11-12,2019-11-13,train_in_sample,SPY,0.5701411962509155,1,1
2019-11-12,2019-11-13,train_in_sample,QQQ,0.6235695481300354,1,1
2019-11-12,2019-11-13,train_in_sample,IWM,0.4436861574649811,0,1
2019-11-13,2019-11-14,train_in_sample,SPY,0.4847318232059479,1,0
2019-11-13,2019-11-14,train_in_sample,QQQ,0.5263547301292419,0,0
2019-11-13,2019-11-14,train_in_sample,IWM,0.4918062388896942,0,1
2019-11-14,2019-11-15,train_in_sample,SPY,0.6218979954719543,1,1
2019-11-14,2019-11-15,train_in_sample,QQQ,0.6912811398506165,1,1
2019-11-14,2019-11-15,train_in_sample,IWM,0.565723180770874,1,1
2019-11-15,2019-11-18,train_in_sample,SPY,0.5645246505737305,1,1
2019-11-15,2019-11-18,train_in_sample,QQQ,0.6514826416969299,1,1
2019-11-15,2019-11-18,train_in_sample,IWM,0.49444806575775146,0,1
2019-11-18,2019-11-19,train_in_sample,SPY,0.5915041565895081,0,0
2019-11-18,2019-11-19,train_in_sample,QQQ,0.6445242166519165,1,1
2019-11-18,2019-11-19,train_in_sample,IWM,0.5560306310653687,1,1
2019-11-19,2019-11-20,train_in_sample,SPY,0.5647090077400208,0,0
2019-11-19,2019-11-20,train_in_sample,QQQ,0.5797767043113708,0,0
2019-11-19,2019-11-20,train_in_sample,IWM,0.47857242822647095,0,1
2019-11-20,2019-11-21,train_in_sample,SPY,0.595841646194458,0,0
2019-11-20,2019-11-21,train_in_sample,QQQ,0.61830735206604,0,0
2019-11-20,2019-11-21,train_in_sample,IWM,0.5306242108345032,0,0
2019-11-21,2019-11-22,train_in_sample,SPY,0.5605033040046692,1,1
2019-11-21,2019-11-22,train_in_sample,QQQ,0.5897272229194641,1,1
2019-11-21,2019-11-22,train_in_sample,IWM,0.4891452491283417,1,0
2019-11-22,2019-11-25,train_in_sample,SPY,0.5673827528953552,1,1
2019-11-22,2019-11-25,train_in_sample,QQQ,0.655078649520874,1,1
2019-11-22,2019-11-25,train_in_sample,IWM,0.5028576254844666,1,1
2019-11-25,2019-11-26,train_in_sample,SPY,0.6248294711112976,1,1
2019-11-25,2019-11-26,train_in_sample,QQQ,0.6727825999259949,1,1
2019-11-25,2019-11-26,train_in_sample,IWM,0.5267356038093567,1,1
2019-11-26,2019-11-27,train_in_sample,SPY,0.5346003174781799,1,1
2019-11-26,2019-11-27,train_in_sample,QQQ,0.5878593921661377,1,1
2019-11-26,2019-11-27,train_in_sample,IWM,0.5632625818252563,1,1
2019-11-27,2019-11-29,train_in_sample,SPY,0.531426727771759,0,0
2019-11-27,2019-11-29,train_in_sample,QQQ,0.5397552847862244,0,0
2019-11-27,2019-11-29,train_in_sample,IWM,0.5325673818588257,0,0
2019-11-29,2019-12-02,train_in_sample,SPY,0.5417277216911316,0,0
2019-11-29,2019-12-02,train_in_sample,QQQ,0.5795435905456543,0,0
2019-11-29,2019-12-02,train_in_sample,IWM,0.487690269947052,0,1
2019-12-02,2019-12-03,train_in_sample,SPY,0.5835641622543335,0,0
2019-12-02,2019-12-03,train_in_sample,QQQ,0.6003347635269165,0,0
2019-12-02,2019-12-03,train_in_sample,IWM,0.4815824627876282,0,1
2019-12-03,2019-12-04,train_in_sample,SPY,0.5843419432640076,1,1
2019-12-03,2019-12-04,train_in_sample,QQQ,0.5926834344863892,1,1
2019-12-03,2019-12-04,train_in_sample,IWM,0.5087370276451111,1,1
2019-12-04,2019-12-05,train_in_sample,SPY,0.6198302507400513,1,1
2019-12-04,2019-12-05,train_in_sample,QQQ,0.616710364818573,1,1
2019-12-04,2019-12-05,train_in_sample,IWM,0.5321896076202393,1,1
2019-12-05,2019-12-06,train_in_sample,SPY,0.5757864713668823,1,1
2019-12-05,2019-12-06,train_in_sample,QQQ,0.5657928586006165,1,1
2019-12-05,2019-12-06,train_in_sample,IWM,0.5078418850898743,1,1
2019-12-06,2019-12-09,train_in_sample,SPY,0.5809118151664734,0,0
2019-12-06,2019-12-09,train_in_sample,QQQ,0.586408793926239,0,0
2019-12-06,2019-12-09,train_in_sample,IWM,0.5017121434211731,0,0
2019-12-09,2019-12-10,train_in_sample,SPY,0.5201910138130188,0,0
2019-12-09,2019-12-10,train_in_sample,QQQ,0.5468075275421143,0,0
2019-12-09,2019-12-10,train_in_sample,IWM,0.4456154704093933,1,0
2019-12-10,2019-12-11,train_in_sample,SPY,0.5818565487861633,1,1
2019-12-10,2019-12-11,train_in_sample,QQQ,0.5342649221420288,1,1
2019-12-10,2019-12-11,train_in_sample,IWM,0.5171895623207092,0,0
2019-12-11,2019-12-12,train_in_sample,SPY,0.6173098087310791,1,1
2019-12-11,2019-12-12,train_in_sample,QQQ,0.6389948725700378,1,1
2019-12-11,2019-12-12,train_in_sample,IWM,0.4618227183818817,1,0
2019-12-12,2019-12-13,train_in_sample,SPY,0.5597590804100037,1,1
2019-12-12,2019-12-13,train_in_sample,QQQ,0.5683811902999878,1,1
2019-12-12,2019-12-13,train_in_sample,IWM,0.5056622624397278,0,0
2019-12-13,2019-12-16,train_in_sample,SPY,0.6386114358901978,1,1
2019-12-13,2019-12-16,train_in_sample,QQQ,0.6284471154212952,1,1
2019-12-13,2019-12-16,train_in_sample,IWM,0.49261003732681274,1,0
2019-12-16,2019-12-17,train_in_sample,SPY,0.6062617301940918,1,1
2019-12-16,2019-12-17,train_in_sample,QQQ,0.6179406046867371,1,1
2019-12-16,2019-12-17,train_in_sample,IWM,0.5484724640846252,1,1
2019-12-17,2019-12-18,train_in_sample,SPY,0.5847189426422119,1,1
2019-12-17,2019-12-18,train_in_sample,QQQ,0.617256224155426,1,1
2019-12-17,2019-12-18,train_in_sample,IWM,0.4644596576690674,1,0
2019-12-18,2019-12-19,train_in_sample,SPY,0.595814049243927,1,1
2019-12-18,2019-12-19,train_in_sample,QQQ,0.6134690046310425,1,1
2019-12-18,2019-12-19,train_in_sample,IWM,0.4718630611896515,1,0
2019-12-19,2019-12-20,train_in_sample,SPY,0.5778051614761353,1,1
2019-12-19,2019-12-20,train_in_sample,QQQ,0.6096886992454529,1,1
2019-12-19,2019-12-20,train_in_sample,IWM,0.5138452053070068,1,1
2019-12-20,2019-12-23,train_in_sample,SPY,0.625225305557251,1,1
2019-12-20,2019-12-23,train_in_sample,QQQ,0.6127215027809143,1,1
2019-12-20,2019-12-23,train_in_sample,IWM,0.556516170501709,1,1
2019-12-23,2019-12-24,train_in_sample,SPY,0.6004043817520142,0,0
2019-12-23,2019-12-24,train_in_sample,QQQ,0.6502425670623779,1,1
2019-12-23,2019-12-24,train_in_sample,IWM,0.4781322181224823,1,0
2019-12-24,2019-12-26,train_in_sample,SPY,0.6080578565597534,1,1
2019-12-24,2019-12-26,train_in_sample,QQQ,0.6023392677307129,1,1
2019-12-24,2019-12-26,train_in_sample,IWM,0.5160866975784302,0,0
2019-12-26,2019-12-27,train_in_sample,SPY,0.6380441784858704,0,0
2019-12-26,2019-12-27,train_in_sample,QQQ,0.618573009967804,0,0
2019-12-26,2019-12-27,train_in_sample,IWM,0.5112510919570923,0,0
2019-12-27,2019-12-30,train_in_sample,SPY,0.5181897878646851,0,0
2019-12-27,2019-12-30,train_in_sample,QQQ,0.5519118309020996,0,0
2019-12-27,2019-12-30,train_in_sample,IWM,0.48437830805778503,0,1
2019-12-30,2019-12-31,train_in_sample,SPY,0.5773271918296814,1,1
2019-12-30,2019-12-31,train_in_sample,QQQ,0.6055731773376465,1,1
2019-12-30,2019-12-31,train_in_sample,IWM,0.48450756072998047,1,0
2019-12-31,2020-01-02,train_in_sample,SPY,0.5937293171882629,1,1
2019-12-31,2020-01-02,train_in_sample,QQQ,0.6650842428207397,1,1
2019-12-31,2020-01-02,train_in_sample,IWM,0.41810885071754456,1,0
2020-01-02,2020-01-03,train_in_sample,SPY,0.5671557784080505,0,0
2020-01-02,2020-01-03,train_in_sample,QQQ,0.5488367676734924,0,0
2020-01-02,2020-01-03,train_in_sample,IWM,0.5090677738189697,0,0
2020-01-03,2020-01-06,train_in_sample,SPY,0.6086593270301819,1,1
2020-01-03,2020-01-06,train_in_sample,QQQ,0.6398224830627441,1,1
2020-01-03,2020-01-06,train_in_sample,IWM,0.48371171951293945,1,0
2020-01-06,2020-01-07,train_in_sample,SPY,0.5940933227539062,0,0
2020-01-06,2020-01-07,train_in_sample,QQQ,0.6299311518669128,0,0
2020-01-06,2020-01-07,train_in_sample,IWM,0.5638408660888672,0,0
2020-01-07,2020-01-08,train_in_sample,SPY,0.5612000823020935,1,1
2020-01-07,2020-01-08,train_in_sample,QQQ,0.6142578125,1,1
2020-01-07,2020-01-08,train_in_sample,IWM,0.490731418132782,1,0
2020-01-08,2020-01-09,train_in_sample,SPY,0.6215596199035645,1,1
2020-01-08,2020-01-09,train_in_sample,QQQ,0.6787581443786621,1,1
2020-01-08,2020-01-09,train_in_sample,IWM,0.5397714376449585,1,1
2020-01-09,2020-01-10,train_in_sample,SPY,0.5589053630828857,0,0
2020-01-09,2020-01-10,train_in_sample,QQQ,0.5915928483009338,0,0
2020-01-09,2020-01-10,train_in_sample,IWM,0.48507294058799744,0,1
2020-01-10,2020-01-13,train_in_sample,SPY,0.5746564269065857,1,1
2020-01-10,2020-01-13,train_in_sample,QQQ,0.5888203382492065,1,1
2020-01-10,2020-01-13,train_in_sample,IWM,0.5564414262771606,1,1
2020-01-13,2020-01-14,train_in_sample,SPY,0.5460453629493713,0,0
2020-01-13,2020-01-14,train_in_sample,QQQ,0.6016456484794617,0,0
2020-01-13,2020-01-14,train_in_sample,IWM,0.4822857975959778,1,0
2020-01-14,2020-01-15,train_in_sample,SPY,0.5567417144775391,1,1
2020-01-14,2020-01-15,train_in_sample,QQQ,0.564510703086853,1,1
2020-01-14,2020-01-15,train_in_sample,IWM,0.40200817584991455,1,0
2020-01-15,2020-01-16,train_in_sample,SPY,0.6176522970199585,1,1
2020-01-15,2020-01-16,train_in_sample,QQQ,0.659233808517456,1,1
2020-01-15,2020-01-16,train_in_sample,IWM,0.4532304108142853,1,0
2020-01-16,2020-01-17,train_in_sample,SPY,0.6108480095863342,1,1
2020-01-16,2020-01-17,train_in_sample,QQQ,0.6564673185348511,1,1
2020-01-16,2020-01-17,train_in_sample,IWM,0.4780811071395874,0,1
2020-01-17,2020-01-21,train_in_sample,SPY,0.6187024712562561,0,0
2020-01-17,2020-01-21,train_in_sample,QQQ,0.6099849343299866,0,0
2020-01-17,2020-01-21,train_in_sample,IWM,0.5715284943580627,0,0
2020-01-21,2020-01-22,train_in_sample,SPY,0.5909757018089294,1,1
2020-01-21,2020-01-22,train_in_sample,QQQ,0.6527226567268372,1,1
2020-01-21,2020-01-22,train_in_sample,IWM,0.4973665475845337,0,1
2020-01-22,2020-01-23,train_in_sample,SPY,0.575823187828064,1,1
2020-01-22,2020-01-23,train_in_sample,QQQ,0.5753990411758423,1,1
2020-01-22,2020-01-23,train_in_sample,IWM,0.48198071122169495,0,1
2020-01-23,2020-01-24,train_in_sample,SPY,0.5945988893508911,0,0
2020-01-23,2020-01-24,train_in_sample,QQQ,0.5888847708702087,0,0
2020-01-23,2020-01-24,train_in_sample,IWM,0.5126745700836182,0,0
2020-01-24,2020-01-27,train_in_sample,SPY,0.5759838223457336,0,0
2020-01-24,2020-01-27,train_in_sample,QQQ,0.6370097398757935,0,0
2020-01-24,2020-01-27,train_in_sample,IWM,0.49671250581741333,0,1
2020-01-27,2020-01-28,train_in_sample,SPY,0.5960010290145874,1,1
2020-01-27,2020-01-28,train_in_sample,QQQ,0.5950103402137756,1,1
2020-01-27,2020-01-28,train_in_sample,IWM,0.5073607563972473,1,1
2020-01-28,2020-01-29,train_in_sample,SPY,0.5420249700546265,0,0
2020-01-28,2020-01-29,train_in_sample,QQQ,0.5849171280860901,1,1
2020-01-28,2020-01-29,train_in_sample,IWM,0.5250306725502014,0,0
2020-01-29,2020-01-30,train_in_sample,SPY,0.626068115234375,1,1
2020-01-29,2020-01-30,train_in_sample,QQQ,0.6403128504753113,1,1
2020-01-29,2020-01-30,train_in_sample,IWM,0.43124186992645264,0,1
2020-01-30,2020-01-31,train_in_sample,SPY,0.5733602046966553,0,0
2020-01-30,2020-01-31,train_in_sample,QQQ,0.5999144315719604,0,0
2020-01-30,2020-01-31,train_in_sample,IWM,0.5846006870269775,0,0
2020-01-31,2020-02-03,train_in_sample,SPY,0.5588824152946472,1,1
2020-01-31,2020-02-03,train_in_sample,QQQ,0.5100637674331665,1,1
2020-01-31,2020-02-03,train_in_sample,IWM,0.5978133082389832,1,1
2020-02-03,2020-02-04,train_in_sample,SPY,0.5720402598381042,1,1
2020-02-03,2020-02-04,train_in_sample,QQQ,0.6219155788421631,1,1
2020-02-03,2020-02-04,train_in_sample,IWM,0.4857160747051239,1,0
2020-02-04,2020-02-05,train_in_sample,SPY,0.5673896074295044,1,1
2020-02-04,2020-02-05,train_in_sample,QQQ,0.5893220901489258,1,1
2020-02-04,2020-02-05,train_in_sample,IWM,0.5467724800109863,1,1
2020-02-05,2020-02-06,train_in_sample,SPY,0.5830448269844055,1,1
2020-02-05,2020-02-06,train_in_sample,QQQ,0.6105425357818604,1,1
2020-02-05,2020-02-06,train_in_sample,IWM,0.5405880808830261,0,0
2020-02-06,2020-02-07,train_in_sample,SPY,0.5430082678794861,0,0
2020-02-06,2020-02-07,train_in_sample,QQQ,0.5407451391220093,0,0
2020-02-06,2020-02-07,train_in_sample,IWM,0.5326470732688904,0,0
2020-02-07,2020-02-10,train_in_sample,SPY,0.5335398316383362,1,1
2020-02-07,2020-02-10,train_in_sample,QQQ,0.6024779677391052,1,1
2020-02-07,2020-02-10,train_in_sample,IWM,0.5100611448287964,1,1
2020-02-10,2020-02-11,train_in_sample,SPY,0.5141814947128296,1,1
2020-02-10,2020-02-11,train_in_sample,QQQ,0.5883224010467529,1,1
2020-02-10,2020-02-11,train_in_sample,IWM,0.5269479155540466,1,1
2020-02-11,2020-02-12,train_in_sample,SPY,0.5224325656890869,1,1
2020-02-11,2020-02-12,train_in_sample,QQQ,0.5252693295478821,1,1
2020-02-11,2020-02-12,train_in_sample,IWM,0.45426443219184875,1,0
2020-02-12,2020-02-13,train_in_sample,SPY,0.5915669798851013,0,0
2020-02-12,2020-02-13,train_in_sample,QQQ,0.6140865087509155,0,0
2020-02-12,2020-02-13,train_in_sample,IWM,0.5554971694946289,1,1
2020-02-13,2020-02-14,train_in_sample,SPY,0.5487085580825806,1,1
2020-02-13,2020-02-14,train_in_sample,QQQ,0.547057569026947,1,1
2020-02-13,2020-02-14,train_in_sample,IWM,0.4685653746128082,0,1
2020-02-14,2020-02-18,train_in_sample,SPY,0.5487753748893738,0,0
2020-02-14,2020-02-18,train_in_sample,QQQ,0.6006290912628174,1,1
2020-02-14,2020-02-18,train_in_sample,IWM,0.4887036085128784,0,1
2020-02-18,2020-02-19,train_in_sample,SPY,0.5797200202941895,1,1
2020-02-18,2020-02-19,train_in_sample,QQQ,0.6337560415267944,1,1
2020-02-18,2020-02-19,train_in_sample,IWM,0.5271205902099609,1,1
2020-02-19,2020-02-20,train_in_sample,SPY,0.5386653542518616,0,0
2020-02-19,2020-02-20,train_in_sample,QQQ,0.5932318568229675,0,0
2020-02-19,2020-02-20,train_in_sample,IWM,0.485556036233902,1,0
2020-02-20,2020-02-21,train_in_sample,SPY,0.5815989971160889,0,0
2020-02-20,2020-02-21,train_in_sample,QQQ,0.6326333284378052,0,0
2020-02-20,2020-02-21,train_in_sample,IWM,0.5027626752853394,0,0
2020-02-21,2020-02-24,train_in_sample,SPY,0.6610689163208008,0,0
2020-02-21,2020-02-24,train_in_sample,QQQ,0.6021653413772583,0,0
2020-02-21,2020-02-24,train_in_sample,IWM,0.5314424633979797,0,0
2020-02-24,2020-02-25,train_in_sample,SPY,0.5221489667892456,0,0
2020-02-24,2020-02-25,train_in_sample,QQQ,0.580446720123291,0,0
2020-02-24,2020-02-25,train_in_sample,IWM,0.5045907497406006,0,0
2020-02-25,2020-02-26,train_in_sample,SPY,0.5689900517463684,0,0
2020-02-25,2020-02-26,train_in_sample,QQQ,0.531609296798706,1,1
2020-02-25,2020-02-26,train_in_sample,IWM,0.5698666572570801,0,0
2020-02-26,2020-02-27,train_in_sample,SPY,0.5525816082954407,0,0
2020-02-26,2020-02-27,train_in_sample,QQQ,0.5193423628807068,0,0
2020-02-26,2020-02-27,train_in_sample,IWM,0.5311962962150574,0,0
2020-02-27,2020-02-28,train_in_sample,SPY,0.49583208560943604,0,1
2020-02-27,2020-02-28,train_in_sample,QQQ,0.5270819067955017,1,1
2020-02-27,2020-02-28,train_in_sample,IWM,0.5941681861877441,0,0
2020-02-28,2020-03-02,train_in_sample,SPY,0.5172995328903198,1,1
2020-02-28,2020-03-02,train_in_sample,QQQ,0.533547043800354,1,1
2020-02-28,2020-03-02,train_in_sample,IWM,0.6492518782615662,1,1
2020-03-02,2020-03-03,train_in_sample,SPY,0.5620732307434082,0,0
2020-03-02,2020-03-03,train_in_sample,QQQ,0.5495350360870361,0,0
2020-03-02,2020-03-03,train_in_sample,IWM,0.6480585336685181,0,0
2020-03-03,2020-03-04,train_in_sample,SPY,0.5294724106788635,1,1
2020-03-03,2020-03-04,train_in_sample,QQQ,0.5310271978378296,1,1
2020-03-03,2020-03-04,train_in_sample,IWM,0.5227143168449402,1,1
2020-03-04,2020-03-05,train_in_sample,SPY,0.57707279920578,0,0
2020-03-04,2020-03-05,train_in_sample,QQQ,0.5282766819000244,0,0
2020-03-04,2020-03-05,train_in_sample,IWM,0.5653978586196899,0,0
2020-03-05,2020-03-06,train_in_sample,SPY,0.4512256681919098,0,1
2020-03-05,2020-03-06,train_in_sample,QQQ,0.5365129113197327,0,0
2020-03-05,2020-03-06,train_in_sample,IWM,0.45326998829841614,0,1
2020-03-06,2020-03-09,train_in_sample,SPY,0.5492683053016663,0,0
2020-03-06,2020-03-09,train_in_sample,QQQ,0.5560011863708496,0,0
2020-03-06,2020-03-09,train_in_sample,IWM,0.5965255498886108,0,0
2020-03-09,2020-03-10,train_in_sample,SPY,0.39409729838371277,1,0
2020-03-09,2020-03-10,train_in_sample,QQQ,0.5304769277572632,1,1
2020-03-09,2020-03-10,train_in_sample,IWM,0.6114843487739563,1,1
2020-03-10,2020-03-11,train_in_sample,SPY,0.5561282634735107,0,0
2020-03-10,2020-03-11,train_in_sample,QQQ,0.4637869894504547,0,1
2020-03-10,2020-03-11,train_in_sample,IWM,0.6120710968971252,0,0
2020-03-11,2020-03-12,train_in_sample,SPY,0.47008776664733887,0,1
2020-03-11,2020-03-12,train_in_sample,QQQ,0.5179595351219177,0,0
2020-03-11,2020-03-12,train_in_sample,IWM,0.6004102826118469,0,0
2020-03-12,2020-03-13,train_in_sample,SPY,0.3926510810852051,1,0
2020-03-12,2020-03-13,train_in_sample,QQQ,0.5038080215454102,1,1
2020-03-12,2020-03-13,train_in_sample,IWM,0.6566096544265747,1,1
2020-03-13,2020-03-16,train_in_sample,SPY,0.5609529614448547,0,0
2020-03-13,2020-03-16,train_in_sample,QQQ,0.480099081993103,0,1
2020-03-13,2020-03-16,train_in_sample,IWM,0.6273167133331299,0,0
2020-03-16,2020-03-17,train_in_sample,SPY,0.42052745819091797,1,0
2020-03-16,2020-03-17,train_in_sample,QQQ,0.5200750827789307,1,1
2020-03-16,2020-03-17,train_in_sample,IWM,0.6585438251495361,1,1
2020-03-17,2020-03-18,train_in_sample,SPY,0.4945497214794159,0,1
2020-03-17,2020-03-18,train_in_sample,QQQ,0.4616330862045288,0,1
2020-03-17,2020-03-18,train_in_sample,IWM,0.6479491591453552,0,0
2020-03-18,2020-03-19,train_in_sample,SPY,0.35405611991882324,1,0
2020-03-18,2020-03-19,train_in_sample,QQQ,0.4870584011077881,1,0
2020-03-18,2020-03-19,train_in_sample,IWM,0.7206982970237732,1,1
2020-03-19,2020-03-20,train_in_sample,SPY,0.5428564548492432,0,0
2020-03-19,2020-03-20,train_in_sample,QQQ,0.4886973202228546,0,1
2020-03-19,2020-03-20,train_in_sample,IWM,0.6114748120307922,0,0
2020-03-20,2020-03-23,train_in_sample,SPY,0.46394720673561096,0,1
2020-03-20,2020-03-23,train_in_sample,QQQ,0.5009418725967407,1,1
2020-03-20,2020-03-23,train_in_sample,IWM,0.6190185546875,0,0
2020-03-23,2020-03-24,train_in_sample,SPY,0.4702179729938507,1,0
2020-03-23,2020-03-24,train_in_sample,QQQ,0.5293129086494446,1,1
2020-03-23,2020-03-24,train_in_sample,IWM,0.6928902864456177,1,1
2020-03-24,2020-03-25,train_in_sample,SPY,0.5891139507293701,1,1
2020-03-24,2020-03-25,train_in_sample,QQQ,0.4867621660232544,0,1
2020-03-24,2020-03-25,train_in_sample,IWM,0.5683846473693848,1,1
2020-03-25,2020-03-26,train_in_sample,SPY,0.5816926956176758,1,1
2020-03-25,2020-03-26,train_in_sample,QQQ,0.5146874785423279,1,1
2020-03-25,2020-03-26,train_in_sample,IWM,0.584111750125885,1,1
2020-03-26,2020-03-27,train_in_sample,SPY,0.5700740814208984,0,0
2020-03-26,2020-03-27,train_in_sample,QQQ,0.5487070679664612,0,0
2020-03-26,2020-03-27,train_in_sample,IWM,0.593687891960144,0,0
2020-03-27,2020-03-30,train_in_sample,SPY,0.5042338967323303,1,1
2020-03-27,2020-03-30,train_in_sample,QQQ,0.5023428201675415,1,1
2020-03-27,2020-03-30,train_in_sample,IWM,0.584884524345398,1,1
2020-03-30,2020-03-31,train_in_sample,SPY,0.5632791519165039,0,0
2020-03-30,2020-03-31,train_in_sample,QQQ,0.5616458058357239,0,0
2020-03-30,2020-03-31,train_in_sample,IWM,0.6111727952957153,0,0
2020-03-31,2020-04-01,train_in_sample,SPY,0.5805807709693909,0,0
2020-03-31,2020-04-01,train_in_sample,QQQ,0.5877209305763245,0,0
2020-03-31,2020-04-01,train_in_sample,IWM,0.5119950771331787,0,0
2020-04-01,2020-04-02,train_in_sample,SPY,0.4568641483783722,1,0
2020-04-01,2020-04-02,train_in_sample,QQQ,0.5206270813941956,1,1
2020-04-01,2020-04-02,train_in_sample,IWM,0.6031257510185242,1,1
2020-04-02,2020-04-03,train_in_sample,SPY,0.5808430314064026,0,0
2020-04-02,2020-04-03,train_in_sample,QQQ,0.5030670762062073,0,0
2020-04-02,2020-04-03,train_in_sample,IWM,0.6382748484611511,0,0
2020-04-03,2020-04-06,train_in_sample,SPY,0.5223941802978516,1,1
2020-04-03,2020-04-06,train_in_sample,QQQ,0.49896740913391113,1,0
2020-04-03,2020-04-06,train_in_sample,IWM,0.595758318901062,1,1
2020-04-06,2020-04-07,train_in_sample,SPY,0.5917481184005737,1,1
2020-04-06,2020-04-07,train_in_sample,QQQ,0.5073298215866089,0,0
2020-04-06,2020-04-07,train_in_sample,IWM,0.6031213998794556,1,1
2020-04-07,2020-04-08,train_in_sample,SPY,0.5756517052650452,1,1
2020-04-07,2020-04-08,train_in_sample,QQQ,0.5270021557807922,1,1
2020-04-07,2020-04-08,train_in_sample,IWM,0.5241336226463318,1,1
2020-04-08,2020-04-09,train_in_sample,SPY,0.5899912118911743,1,1
2020-04-08,2020-04-09,train_in_sample,QQQ,0.5550253987312317,1,1
2020-04-08,2020-04-09,train_in_sample,IWM,0.5783963203430176,1,1
2020-04-09,2020-04-13,train_in_sample,SPY,0.6358782052993774,0,0
2020-04-09,2020-04-13,train_in_sample,QQQ,0.5860914587974548,1,1
2020-04-09,2020-04-13,train_in_sample,IWM,0.5494252443313599,0,0
2020-04-13,2020-04-14,train_in_sample,SPY,0.45971012115478516,1,0
2020-04-13,2020-04-14,train_in_sample,QQQ,0.5353211760520935,1,1
2020-04-13,2020-04-14,train_in_sample,IWM,0.564172625541687,1,1
2020-04-14,2020-04-15,train_in_sample,SPY,0.5815615057945251,0,0
2020-04-14,2020-04-15,train_in_sample,QQQ,0.5653902292251587,0,0
2020-04-14,2020-04-15,train_in_sample,IWM,0.5782857537269592,0,0
2020-04-15,2020-04-16,train_in_sample,SPY,0.43933573365211487,1,0
2020-04-15,2020-04-16,train_in_sample,QQQ,0.5080835819244385,1,1
2020-04-15,2020-04-16,train_in_sample,IWM,0.5713052749633789,0,0
2020-04-16,2020-04-17,train_in_sample,SPY,0.4809228181838989,1,0
2020-04-16,2020-04-17,train_in_sample,QQQ,0.5320822596549988,1,1
2020-04-16,2020-04-17,train_in_sample,IWM,0.5778862833976746,1,1
2020-04-17,2020-04-20,train_in_sample,SPY,0.6211261749267578,0,0
2020-04-17,2020-04-20,train_in_sample,QQQ,0.5755638480186462,0,0
2020-04-17,2020-04-20,train_in_sample,IWM,0.5434819459915161,0,0
2020-04-20,2020-04-21,train_in_sample,SPY,0.5292068719863892,0,0
2020-04-20,2020-04-21,train_in_sample,QQQ,0.562215268611908,0,0
2020-04-20,2020-04-21,train_in_sample,IWM,0.5531117916107178,0,0
2020-04-21,2020-04-22,train_in_sample,SPY,0.5302901268005371,1,1
2020-04-21,2020-04-22,train_in_sample,QQQ,0.5680809617042542,1,1
2020-04-21,2020-04-22,train_in_sample,IWM,0.5649488568305969,1,1
2020-04-22,2020-04-23,train_in_sample,SPY,0.569157600402832,0,0
2020-04-22,2020-04-23,train_in_sample,QQQ,0.5557128190994263,0,0
2020-04-22,2020-04-23,train_in_sample,IWM,0.5669944286346436,1,1
2020-04-23,2020-04-24,train_in_sample,SPY,0.6073785424232483,1,1
2020-04-23,2020-04-24,train_in_sample,QQQ,0.6171168088912964,1,1
2020-04-23,2020-04-24,train_in_sample,IWM,0.5530427694320679,1,1
2020-04-24,2020-04-27,train_in_sample,SPY,0.5391349196434021,1,1
2020-04-24,2020-04-27,train_in_sample,QQQ,0.5953952074050903,1,1
2020-04-24,2020-04-27,train_in_sample,IWM,0.5473020672798157,1,1
2020-04-27,2020-04-28,train_in_sample,SPY,0.6076461672782898,0,0
2020-04-27,2020-04-28,train_in_sample,QQQ,0.6061910390853882,0,0
2020-04-27,2020-04-28,train_in_sample,IWM,0.5327330231666565,1,1
2020-04-28,2020-04-29,train_in_sample,SPY,0.6300921440124512,1,1
2020-04-28,2020-04-29,train_in_sample,QQQ,0.6467294692993164,1,1
2020-04-28,2020-04-29,train_in_sample,IWM,0.4853455722332001,1,0
2020-04-29,2020-04-30,train_in_sample,SPY,0.6031581163406372,0,0
2020-04-29,2020-04-30,train_in_sample,QQQ,0.5939871668815613,0,0
2020-04-29,2020-04-30,train_in_sample,IWM,0.5368281602859497,0,0
2020-04-30,2020-05-01,train_in_sample,SPY,0.4584711790084839,0,1
2020-04-30,2020-05-01,train_in_sample,QQQ,0.519766092300415,0,0
2020-04-30,2020-05-01,train_in_sample,IWM,0.5357565879821777,0,0
2020-05-01,2020-05-04,train_in_sample,SPY,0.5453595519065857,1,1
2020-05-01,2020-05-04,train_in_sample,QQQ,0.5661938786506653,1,1
2020-05-01,2020-05-04,train_in_sample,IWM,0.5996025204658508,1,1
2020-05-04,2020-05-05,train_in_sample,SPY,0.5487858057022095,1,1
2020-05-04,2020-05-05,train_in_sample,QQQ,0.5888084769248962,1,1
2020-05-04,2020-05-05,train_in_sample,IWM,0.5627535581588745,1,1
2020-05-05,2020-05-06,train_in_sample,SPY,0.5848059058189392,0,0
2020-05-05,2020-05-06,train_in_sample,QQQ,0.6016533970832825,1,1
2020-05-05,2020-05-06,train_in_sample,IWM,0.4996800124645233,0,1
2020-05-06,2020-05-07,train_in_sample,SPY,0.48763400316238403,1,0
2020-05-06,2020-05-07,train_in_sample,QQQ,0.5089108347892761,1,1
2020-05-06,2020-05-07,train_in_sample,IWM,0.5374833345413208,1,1
2020-05-07,2020-05-08,train_in_sample,SPY,0.6163005232810974,1,1
2020-05-07,2020-05-08,train_in_sample,QQQ,0.6295300126075745,1,1
2020-05-07,2020-05-08,train_in_sample,IWM,0.5847605466842651,1,1
2020-05-08,2020-05-11,train_in_sample,SPY,0.6062179207801819,1,1
2020-05-08,2020-05-11,train_in_sample,QQQ,0.65727299451828,1,1
2020-05-08,2020-05-11,train_in_sample,IWM,0.5505275726318359,0,0
2020-05-11,2020-05-12,train_in_sample,SPY,0.5475108623504639,0,0
2020-05-11,2020-05-12,train_in_sample,QQQ,0.6198206543922424,0,0
2020-05-11,2020-05-12,train_in_sample,IWM,0.5818833708763123,0,0
2020-05-12,2020-05-13,train_in_sample,SPY,0.4593124985694885,0,1
2020-05-12,2020-05-13,train_in_sample,QQQ,0.47382885217666626,0,1
2020-05-12,2020-05-13,train_in_sample,IWM,0.5143278241157532,0,0
2020-05-13,2020-05-14,train_in_sample,SPY,0.5136290788650513,1,1
2020-05-13,2020-05-14,train_in_sample,QQQ,0.5402921438217163,1,1
2020-05-13,2020-05-14,train_in_sample,IWM,0.5745858550071716,1,1
2020-05-14,2020-05-15,train_in_sample,SPY,0.5559173226356506,1,1
2020-05-14,2020-05-15,train_in_sample,QQQ,0.5564442873001099,1,1
2020-05-14,2020-05-15,train_in_sample,IWM,0.6138371825218201,1,1
2020-05-15,2020-05-18,train_in_sample,SPY,0.5722067356109619,1,1
2020-05-15,2020-05-18,train_in_sample,QQQ,0.6278257369995117,1,1
2020-05-15,2020-05-18,train_in_sample,IWM,0.568629264831543,1,1
2020-05-18,2020-05-19,train_in_sample,SPY,0.6261778473854065,0,0
2020-05-18,2020-05-19,train_in_sample,QQQ,0.6233150959014893,0,0
2020-05-18,2020-05-19,train_in_sample,IWM,0.5532073974609375,0,0
2020-05-19,2020-05-20,train_in_sample,SPY,0.5389411449432373,1,1
2020-05-19,2020-05-20,train_in_sample,QQQ,0.5817483067512512,1,1
2020-05-19,2020-05-20,train_in_sample,IWM,0.5300134420394897,1,1
2020-05-20,2020-05-21,train_in_sample,SPY,0.5718241930007935,0,0
2020-05-20,2020-05-21,train_in_sample,QQQ,0.5932620763778687,0,0
2020-05-20,2020-05-21,train_in_sample,IWM,0.5320491194725037,1,1
2020-05-21,2020-05-22,train_in_sample,SPY,0.6295302510261536,1,1
2020-05-21,2020-05-22,train_in_sample,QQQ,0.6510478258132935,1,1
2020-05-21,2020-05-22,train_in_sample,IWM,0.5207539200782776,1,1
2020-05-22,2020-05-26,train_in_sample,SPY,0.5880519151687622,1,1
2020-05-22,2020-05-26,train_in_sample,QQQ,0.6010149121284485,0,0
2020-05-22,2020-05-26,train_in_sample,IWM,0.5553296208381653,1,1
2020-05-26,2020-05-27,train_in_sample,SPY,0.6084615588188171,1,1
2020-05-26,2020-05-27,train_in_sample,QQQ,0.5935317873954773,1,1
2020-05-26,2020-05-27,train_in_sample,IWM,0.5450835227966309,1,1
2020-05-27,2020-05-28,train_in_sample,SPY,0.5791848301887512,0,0
2020-05-27,2020-05-28,train_in_sample,QQQ,0.6208192706108093,0,0
2020-05-27,2020-05-28,train_in_sample,IWM,0.5171736478805542,0,0
2020-05-28,2020-05-29,train_in_sample,SPY,0.47898006439208984,1,0
2020-05-28,2020-05-29,train_in_sample,QQQ,0.47851407527923584,1,0
2020-05-28,2020-05-29,train_in_sample,IWM,0.5679600834846497,0,0
2020-05-29,2020-06-01,train_in_sample,SPY,0.5377480387687683,1,1
2020-05-29,2020-06-01,train_in_sample,QQQ,0.5726208686828613,1,1
2020-05-29,2020-06-01,train_in_sample,IWM,0.5921424031257629,1,1
2020-06-01,2020-06-02,train_in_sample,SPY,0.588885486125946,1,1
2020-06-01,2020-06-02,train_in_sample,QQQ,0.6427851915359497,1,1
2020-06-01,2020-06-02,train_in_sample,IWM,0.4970179796218872,1,0
2020-06-02,2020-06-03,train_in_sample,SPY,0.5822961926460266,1,1
2020-06-02,2020-06-03,train_in_sample,QQQ,0.5951648354530334,1,1
2020-06-02,2020-06-03,train_in_sample,IWM,0.5578369498252869,1,1
2020-06-03,2020-06-04,train_in_sample,SPY,0.5672674179077148,0,0
2020-06-03,2020-06-04,train_in_sample,QQQ,0.5397774577140808,0,0
2020-06-03,2020-06-04,train_in_sample,IWM,0.528668224811554,0,0
2020-06-04,2020-06-05,train_in_sample,SPY,0.5846279859542847,1,1
2020-06-04,2020-06-05,train_in_sample,QQQ,0.5996366739273071,1,1
2020-06-04,2020-06-05,train_in_sample,IWM,0.5602138638496399,1,1
2020-06-05,2020-06-08,train_in_sample,SPY,0.5905510187149048,1,1
2020-06-05,2020-06-08,train_in_sample,QQQ,0.5968028903007507,1,1
2020-06-05,2020-06-08,train_in_sample,IWM,0.5152811408042908,1,1
2020-06-08,2020-06-09,train_in_sample,SPY,0.537242591381073,0,0
2020-06-08,2020-06-09,train_in_sample,QQQ,0.5901686549186707,1,1
2020-06-08,2020-06-09,train_in_sample,IWM,0.5028066635131836,0,0
2020-06-09,2020-06-10,train_in_sample,SPY,0.4836329519748688,0,1
2020-06-09,2020-06-10,train_in_sample,QQQ,0.4665592312812805,1,0
2020-06-09,2020-06-10,train_in_sample,IWM,0.53631991147995,0,0
2020-06-10,2020-06-11,train_in_sample,SPY,0.4764549732208252,0,1
2020-06-10,2020-06-11,train_in_sample,QQQ,0.46193721890449524,0,1
2020-06-10,2020-06-11,train_in_sample,IWM,0.5924527049064636,0,0
2020-06-11,2020-06-12,train_in_sample,SPY,0.3962390422821045,1,0
2020-06-11,2020-06-12,train_in_sample,QQQ,0.481936514377594,1,0
2020-06-11,2020-06-12,train_in_sample,IWM,0.6016230583190918,1,1
2020-06-12,2020-06-15,train_in_sample,SPY,0.631817102432251,1,1
2020-06-12,2020-06-15,train_in_sample,QQQ,0.6014291644096375,1,1
2020-06-12,2020-06-15,train_in_sample,IWM,0.5358657836914062,1,1
2020-06-15,2020-06-16,train_in_sample,SPY,0.5421929955482483,1,1
2020-06-15,2020-06-16,train_in_sample,QQQ,0.5535541772842407,1,1
2020-06-15,2020-06-16,train_in_sample,IWM,0.5940663814544678,1,1
2020-06-16,2020-06-17,train_in_sample,SPY,0.5507018566131592,0,0
2020-06-16,2020-06-17,train_in_sample,QQQ,0.5708726048469543,1,1
2020-06-16,2020-06-17,train_in_sample,IWM,0.5067567825317383,0,0
2020-06-17,2020-06-18,train_in_sample,SPY,0.5016527771949768,1,1
2020-06-17,2020-06-18,train_in_sample,QQQ,0.5695608854293823,1,1
2020-06-17,2020-06-18,train_in_sample,IWM,0.4834868013858795,1,0
2020-06-18,2020-06-19,train_in_sample,SPY,0.5390145778656006,0,0
2020-06-18,2020-06-19,train_in_sample,QQQ,0.547312319278717,0,0
2020-06-18,2020-06-19,train_in_sample,IWM,0.5435321927070618,0,0
2020-06-19,2020-06-22,train_in_sample,SPY,0.5498777031898499,1,1
2020-06-19,2020-06-22,train_in_sample,QQQ,0.5351763367652893,1,1
2020-06-19,2020-06-22,train_in_sample,IWM,0.5645328760147095,1,1
2020-06-22,2020-06-23,train_in_sample,SPY,0.6015713214874268,1,1
2020-06-22,2020-06-23,train_in_sample,QQQ,0.6182540059089661,1,1
2020-06-22,2020-06-23,train_in_sample,IWM,0.6208840608596802,1,1
2020-06-23,2020-06-24,train_in_sample,SPY,0.5326838493347168,0,0
2020-06-23,2020-06-24,train_in_sample,QQQ,0.6361084580421448,0,0
2020-06-23,2020-06-24,train_in_sample,IWM,0.4858711361885071,0,1
2020-06-24,2020-06-25,train_in_sample,SPY,0.4891330301761627,1,0
2020-06-24,2020-06-25,train_in_sample,QQQ,0.527519166469574,1,1
2020-06-24,2020-06-25,train_in_sample,IWM,0.6216403245925903,1,1
2020-06-25,2020-06-26,train_in_sample,SPY,0.5635318756103516,0,0
2020-06-25,2020-06-26,train_in_sample,QQQ,0.5616973042488098,0,0
2020-06-25,2020-06-26,train_in_sample,IWM,0.5464722514152527,0,0
2020-06-26,2020-06-29,train_in_sample,SPY,0.521984338760376,1,1
2020-06-26,2020-06-29,train_in_sample,QQQ,0.5732625126838684,1,1
2020-06-26,2020-06-29,train_in_sample,IWM,0.5638648271560669,1,1
2020-06-29,2020-06-30,train_in_sample,SPY,0.598410427570343,1,1
2020-06-29,2020-06-30,train_in_sample,QQQ,0.6214278936386108,1,1
2020-06-29,2020-06-30,train_in_sample,IWM,0.569125771522522,1,1
2020-06-30,2020-07-01,train_in_sample,SPY,0.5732302069664001,1,1
2020-06-30,2020-07-01,train_in_sample,QQQ,0.6107334494590759,1,1
2020-06-30,2020-07-01,train_in_sample,IWM,0.5257081389427185,0,0
2020-07-01,2020-07-02,train_in_sample,SPY,0.4994991719722748,1,0
2020-07-01,2020-07-02,train_in_sample,QQQ,0.5676697492599487,1,1
2020-07-01,2020-07-02,train_in_sample,IWM,0.5276352763175964,1,1
2020-07-02,2020-07-06,train_in_sample,SPY,0.5822979211807251,1,1
2020-07-02,2020-07-06,train_in_sample,QQQ,0.6097431182861328,1,1
2020-07-02,2020-07-06,train_in_sample,IWM,0.5291424989700317,1,1
2020-07-06,2020-07-07,train_in_sample,SPY,0.5030057430267334,0,0
2020-07-06,2020-07-07,train_in_sample,QQQ,0.573941171169281,0,0
2020-07-06,2020-07-07,train_in_sample,IWM,0.530892550945282,0,0
2020-07-07,2020-07-08,train_in_sample,SPY,0.5102294087409973,1,1
2020-07-07,2020-07-08,train_in_sample,QQQ,0.4718560576438904,1,0
2020-07-07,2020-07-08,train_in_sample,IWM,0.5457311868667603,1,1
2020-07-08,2020-07-09,train_in_sample,SPY,0.5282045006752014,0,0
2020-07-08,2020-07-09,train_in_sample,QQQ,0.5798687934875488,1,1
2020-07-08,2020-07-09,train_in_sample,IWM,0.546931803226471,0,0
2020-07-09,2020-07-10,train_in_sample,SPY,0.46882137656211853,1,0
2020-07-09,2020-07-10,train_in_sample,QQQ,0.48990967869758606,1,0
2020-07-09,2020-07-10,train_in_sample,IWM,0.5715577006340027,1,1
2020-07-10,2020-07-13,train_in_sample,SPY,0.5606228113174438,0,0
2020-07-10,2020-07-13,train_in_sample,QQQ,0.5932522416114807,0,0
2020-07-10,2020-07-13,train_in_sample,IWM,0.5770062208175659,0,0
2020-07-13,2020-07-14,train_in_sample,SPY,0.5191313624382019,1,1
2020-07-13,2020-07-14,train_in_sample,QQQ,0.5296933054924011,1,1
2020-07-13,2020-07-14,train_in_sample,IWM,0.5324996113777161,1,1
2020-07-14,2020-07-15,train_in_sample,SPY,0.5008541345596313,1,1
2020-07-14,2020-07-15,train_in_sample,QQQ,0.5487966537475586,1,1
2020-07-14,2020-07-15,train_in_sample,IWM,0.5756629109382629,1,1
2020-07-15,2020-07-16,train_in_sample,SPY,0.6363080143928528,0,0
2020-07-15,2020-07-16,train_in_sample,QQQ,0.6390427350997925,0,0
2020-07-15,2020-07-16,train_in_sample,IWM,0.5292981266975403,0,0
2020-07-16,2020-07-17,train_in_sample,SPY,0.5509652495384216,1,1
2020-07-16,2020-07-17,train_in_sample,QQQ,0.5981042385101318,1,1
2020-07-16,2020-07-17,train_in_sample,IWM,0.533133327960968,1,1
2020-07-17,2020-07-20,train_in_sample,SPY,0.5675004124641418,1,1
2020-07-17,2020-07-20,train_in_sample,QQQ,0.579928994178772,1,1
2020-07-17,2020-07-20,train_in_sample,IWM,0.5600848197937012,0,0
2020-07-20,2020-07-21,train_in_sample,SPY,0.4923152029514313,1,0
2020-07-20,2020-07-21,train_in_sample,QQQ,0.5177271962165833,0,0
2020-07-20,2020-07-21,train_in_sample,IWM,0.5443581938743591,1,1
2020-07-21,2020-07-22,train_in_sample,SPY,0.5608339905738831,1,1
2020-07-21,2020-07-22,train_in_sample,QQQ,0.6270225048065186,1,1
2020-07-21,2020-07-22,train_in_sample,IWM,0.5236996412277222,1,1
2020-07-22,2020-07-23,train_in_sample,SPY,0.5424122214317322,0,0
2020-07-22,2020-07-23,train_in_sample,QQQ,0.5704298615455627,0,0
2020-07-22,2020-07-23,train_in_sample,IWM,0.5592764616012573,1,1
2020-07-23,2020-07-24,train_in_sample,SPY,0.5915175080299377,0,0
2020-07-23,2020-07-24,train_in_sample,QQQ,0.6212460994720459,0,0
2020-07-23,2020-07-24,train_in_sample,IWM,0.5246419310569763,0,0
2020-07-24,2020-07-27,train_in_sample,SPY,0.55245441198349,1,1
2020-07-24,2020-07-27,train_in_sample,QQQ,0.536839485168457,1,1
2020-07-24,2020-07-27,train_in_sample,IWM,0.5642496943473816,1,1
2020-07-27,2020-07-28,train_in_sample,SPY,0.5509512424468994,0,0
2020-07-27,2020-07-28,train_in_sample,QQQ,0.5651657581329346,0,0
2020-07-27,2020-07-28,train_in_sample,IWM,0.630965530872345,0,0
2020-07-28,2020-07-29,train_in_sample,SPY,0.6007094979286194,1,1
2020-07-28,2020-07-29,train_in_sample,QQQ,0.5008047819137573,1,1
2020-07-28,2020-07-29,train_in_sample,IWM,0.537423849105835,1,1
2020-07-29,2020-07-30,train_in_sample,SPY,0.5913422703742981,0,0
2020-07-29,2020-07-30,train_in_sample,QQQ,0.611057460308075,1,1
2020-07-29,2020-07-30,train_in_sample,IWM,0.5167585611343384,0,0
2020-07-30,2020-07-31,train_in_sample,SPY,0.513491690158844,1,1
2020-07-30,2020-07-31,train_in_sample,QQQ,0.5451319813728333,1,1
2020-07-30,2020-07-31,train_in_sample,IWM,0.5691828727722168,0,0
2020-07-31,2020-08-03,train_in_sample,SPY,0.5947926640510559,1,1
2020-07-31,2020-08-03,train_in_sample,QQQ,0.6059250235557556,1,1
2020-07-31,2020-08-03,train_in_sample,IWM,0.5713418126106262,1,1
2020-08-03,2020-08-04,train_in_sample,SPY,0.5557777881622314,1,1
2020-08-03,2020-08-04,train_in_sample,QQQ,0.5822750926017761,1,1
2020-08-03,2020-08-04,train_in_sample,IWM,0.5012403726577759,1,1
2020-08-04,2020-08-05,train_in_sample,SPY,0.5723031759262085,1,1
2020-08-04,2020-08-05,train_in_sample,QQQ,0.6203545928001404,1,1
2020-08-04,2020-08-05,train_in_sample,IWM,0.4590819478034973,1,0
2020-08-05,2020-08-06,train_in_sample,SPY,0.5540717840194702,1,1
2020-08-05,2020-08-06,train_in_sample,QQQ,0.5757520794868469,1,1
2020-08-05,2020-08-06,train_in_sample,IWM,0.5116925239562988,1,1
2020-08-06,2020-08-07,train_in_sample,SPY,0.5248233079910278,1,1
2020-08-06,2020-08-07,train_in_sample,QQQ,0.5783033967018127,0,0
2020-08-06,2020-08-07,train_in_sample,IWM,0.5120432376861572,1,1
2020-08-07,2020-08-10,train_in_sample,SPY,0.5904383063316345,1,1
2020-08-07,2020-08-10,train_in_sample,QQQ,0.6034173965454102,0,0
2020-08-07,2020-08-10,train_in_sample,IWM,0.5773921012878418,1,1
2020-08-10,2020-08-11,train_in_sample,SPY,0.6117651462554932,0,0
2020-08-10,2020-08-11,train_in_sample,QQQ,0.6430901288986206,0,0
2020-08-10,2020-08-11,train_in_sample,IWM,0.5223159193992615,0,0
2020-08-11,2020-08-12,train_in_sample,SPY,0.5666604042053223,1,1
2020-08-11,2020-08-12,train_in_sample,QQQ,0.6562870740890503,1,1
2020-08-11,2020-08-12,train_in_sample,IWM,0.4738248884677887,1,0
2020-08-12,2020-08-13,train_in_sample,SPY,0.526266872882843,0,0
2020-08-12,2020-08-13,train_in_sample,QQQ,0.573820173740387,1,1
2020-08-12,2020-08-13,train_in_sample,IWM,0.5430008172988892,0,0
2020-08-13,2020-08-14,train_in_sample,SPY,0.5155993103981018,1,1
2020-08-13,2020-08-14,train_in_sample,QQQ,0.5450778007507324,0,0
2020-08-13,2020-08-14,train_in_sample,IWM,0.48331886529922485,0,1
2020-08-14,2020-08-17,train_in_sample,SPY,0.6153339743614197,1,1
2020-08-14,2020-08-17,train_in_sample,QQQ,0.5912975072860718,1,1
2020-08-14,2020-08-17,train_in_sample,IWM,0.47927913069725037,1,0
2020-08-17,2020-08-18,train_in_sample,SPY,0.5817993879318237,1,1
2020-08-17,2020-08-18,train_in_sample,QQQ,0.6422589421272278,1,1
2020-08-17,2020-08-18,train_in_sample,IWM,0.5412033796310425,0,0
2020-08-18,2020-08-19,train_in_sample,SPY,0.490176260471344,0,1
2020-08-18,2020-08-19,train_in_sample,QQQ,0.5481007099151611,0,0
2020-08-18,2020-08-19,train_in_sample,IWM,0.4970654547214508,0,1
2020-08-19,2020-08-20,train_in_sample,SPY,0.5464007258415222,1,1
2020-08-19,2020-08-20,train_in_sample,QQQ,0.5779997706413269,1,1
2020-08-19,2020-08-20,train_in_sample,IWM,0.488320916891098,0,1
2020-08-20,2020-08-21,train_in_sample,SPY,0.5385119915008545,1,1
2020-08-20,2020-08-21,train_in_sample,QQQ,0.6167453527450562,1,1
2020-08-20,2020-08-21,train_in_sample,IWM,0.541635274887085,0,0
2020-08-21,2020-08-24,train_in_sample,SPY,0.5508790612220764,1,1
2020-08-21,2020-08-24,train_in_sample,QQQ,0.5688995122909546,1,1
2020-08-21,2020-08-24,train_in_sample,IWM,0.5045740604400635,1,1
2020-08-24,2020-08-25,train_in_sample,SPY,0.5769742727279663,1,1
2020-08-24,2020-08-25,train_in_sample,QQQ,0.6034817695617676,1,1
2020-08-24,2020-08-25,train_in_sample,IWM,0.5396162271499634,1,1
2020-08-25,2020-08-26,train_in_sample,SPY,0.5465021729469299,1,1
2020-08-25,2020-08-26,train_in_sample,QQQ,0.572455644607544,1,1
2020-08-25,2020-08-26,train_in_sample,IWM,0.45132845640182495,0,1
2020-08-26,2020-08-27,train_in_sample,SPY,0.49797192215919495,1,0
2020-08-26,2020-08-27,train_in_sample,QQQ,0.5704938769340515,0,0
2020-08-26,2020-08-27,train_in_sample,IWM,0.5135825872421265,1,1
2020-08-27,2020-08-28,train_in_sample,SPY,0.5598180294036865,1,1
2020-08-27,2020-08-28,train_in_sample,QQQ,0.5679541826248169,1,1
2020-08-27,2020-08-28,train_in_sample,IWM,0.4846423268318176,1,0
2020-08-28,2020-08-31,train_in_sample,SPY,0.5801131725311279,0,0
2020-08-28,2020-08-31,train_in_sample,QQQ,0.5958764553070068,1,1
2020-08-28,2020-08-31,train_in_sample,IWM,0.5073455572128296,0,0
2020-08-31,2020-09-01,train_in_sample,SPY,0.5254824161529541,1,1
2020-08-31,2020-09-01,train_in_sample,QQQ,0.5581681728363037,1,1
2020-08-31,2020-09-01,train_in_sample,IWM,0.540833592414856,1,1
2020-09-01,2020-09-02,train_in_sample,SPY,0.4994562864303589,1,0
2020-09-01,2020-09-02,train_in_sample,QQQ,0.5710218548774719,1,1
2020-09-01,2020-09-02,train_in_sample,IWM,0.5210503339767456,1,1
2020-09-02,2020-09-03,train_in_sample,SPY,0.5521345138549805,0,0
2020-09-02,2020-09-03,train_in_sample,QQQ,0.6001691818237305,0,0
2020-09-02,2020-09-03,train_in_sample,IWM,0.47505447268486023,0,1
2020-09-03,2020-09-04,train_in_sample,SPY,0.5444920659065247,0,0
2020-09-03,2020-09-04,train_in_sample,QQQ,0.547070324420929,0,0
2020-09-03,2020-09-04,train_in_sample,IWM,0.4925694763660431,0,1
2020-09-04,2020-09-08,train_in_sample,SPY,0.5510151386260986,0,0
2020-09-04,2020-09-08,train_in_sample,QQQ,0.5404465198516846,0,0
2020-09-04,2020-09-08,train_in_sample,IWM,0.619630753993988,0,0
2020-09-08,2020-09-09,train_in_sample,SPY,0.574242889881134,1,1
2020-09-08,2020-09-09,train_in_sample,QQQ,0.5994791984558105,1,1
2020-09-08,2020-09-09,train_in_sample,IWM,0.5381560921669006,1,1
2020-09-09,2020-09-10,train_in_sample,SPY,0.5678906440734863,0,0
2020-09-09,2020-09-10,train_in_sample,QQQ,0.6260179877281189,0,0
2020-09-09,2020-09-10,train_in_sample,IWM,0.5369763970375061,0,0
2020-09-10,2020-09-11,train_in_sample,SPY,0.5748447179794312,0,0
2020-09-10,2020-09-11,train_in_sample,QQQ,0.5270975232124329,0,0
2020-09-10,2020-09-11,train_in_sample,IWM,0.5356378555297852,0,0
2020-09-11,2020-09-14,train_in_sample,SPY,0.5644383430480957,1,1
2020-09-11,2020-09-14,train_in_sample,QQQ,0.5525781512260437,1,1
2020-09-11,2020-09-14,train_in_sample,IWM,0.49158984422683716,1,0
2020-09-14,2020-09-15,train_in_sample,SPY,0.6112046837806702,1,1
2020-09-14,2020-09-15,train_in_sample,QQQ,0.6084941625595093,1,1
2020-09-14,2020-09-15,train_in_sample,IWM,0.5632602572441101,1,1
2020-09-15,2020-09-16,train_in_sample,SPY,0.5445927977561951,0,0
2020-09-15,2020-09-16,train_in_sample,QQQ,0.5537579655647278,0,0
2020-09-15,2020-09-16,train_in_sample,IWM,0.5590637922286987,1,1
2020-09-16,2020-09-17,train_in_sample,SPY,0.5745282173156738,0,0
2020-09-16,2020-09-17,train_in_sample,QQQ,0.6464082598686218,0,0
2020-09-16,2020-09-17,train_in_sample,IWM,0.4846971929073334,0,1
2020-09-17,2020-09-18,train_in_sample,SPY,0.5938413739204407,0,0
2020-09-17,2020-09-18,train_in_sample,QQQ,0.6652048230171204,0,0
2020-09-17,2020-09-18,train_in_sample,IWM,0.5167837142944336,0,0
2020-09-18,2020-09-21,train_in_sample,SPY,0.5614058971405029,0,0
2020-09-18,2020-09-21,train_in_sample,QQQ,0.5690850019454956,1,1
2020-09-18,2020-09-21,train_in_sample,IWM,0.48131024837493896,0,1
2020-09-21,2020-09-22,train_in_sample,SPY,0.4378167688846588,1,0
2020-09-21,2020-09-22,train_in_sample,QQQ,0.5014118552207947,1,1
2020-09-21,2020-09-22,train_in_sample,IWM,0.6033099293708801,1,1
2020-09-22,2020-09-23,train_in_sample,SPY,0.5341256260871887,0,0
2020-09-22,2020-09-23,train_in_sample,QQQ,0.5991724133491516,0,0
2020-09-22,2020-09-23,train_in_sample,IWM,0.4891687333583832,0,1
2020-09-23,2020-09-24,train_in_sample,SPY,0.4860110580921173,1,0
2020-09-23,2020-09-24,train_in_sample,QQQ,0.5166410803794861,1,1
2020-09-23,2020-09-24,train_in_sample,IWM,0.5142846703529358,0,0
2020-09-24,2020-09-25,train_in_sample,SPY,0.49701422452926636,1,0
2020-09-24,2020-09-25,train_in_sample,QQQ,0.5021430253982544,1,1
2020-09-24,2020-09-25,train_in_sample,IWM,0.564082145690918,1,1
2020-09-25,2020-09-28,train_in_sample,SPY,0.5336579084396362,1,1
2020-09-25,2020-09-28,train_in_sample,QQQ,0.5813246965408325,1,1
2020-09-25,2020-09-28,train_in_sample,IWM,0.5598767995834351,1,1
2020-09-28,2020-09-29,train_in_sample,SPY,0.5579169988632202,0,0
2020-09-28,2020-09-29,train_in_sample,QQQ,0.590820848941803,0,0
2020-09-28,2020-09-29,train_in_sample,IWM,0.513064444065094,0,0
2020-09-29,2020-09-30,train_in_sample,SPY,0.5676432251930237,1,1
2020-09-29,2020-09-30,train_in_sample,QQQ,0.5863059759140015,1,1
2020-09-29,2020-09-30,train_in_sample,IWM,0.5168138742446899,1,1
2020-09-30,2020-10-01,train_in_sample,SPY,0.5785364508628845,1,1
2020-09-30,2020-10-01,train_in_sample,QQQ,0.587882399559021,1,1
2020-09-30,2020-10-01,train_in_sample,IWM,0.5253605842590332,1,1
2020-10-01,2020-10-02,train_in_sample,SPY,0.5642807483673096,0,0
2020-10-01,2020-10-02,train_in_sample,QQQ,0.6023179292678833,0,0
2020-10-01,2020-10-02,train_in_sample,IWM,0.5215440988540649,1,1
2020-10-02,2020-10-05,train_in_sample,SPY,0.6032664179801941,1,1
2020-10-02,2020-10-05,train_in_sample,QQQ,0.6286835670471191,1,1
2020-10-02,2020-10-05,train_in_sample,IWM,0.5185708403587341,1,1
2020-10-05,2020-10-06,train_in_sample,SPY,0.5894848108291626,0,0
2020-10-05,2020-10-06,train_in_sample,QQQ,0.6106088757514954,0,0
2020-10-05,2020-10-06,train_in_sample,IWM,0.5018360614776611,0,0
2020-10-06,2020-10-07,train_in_sample,SPY,0.552579939365387,1,1
2020-10-06,2020-10-07,train_in_sample,QQQ,0.5591194033622742,1,1
2020-10-06,2020-10-07,train_in_sample,IWM,0.5102772116661072,1,1
2020-10-07,2020-10-08,train_in_sample,SPY,0.5948673486709595,1,1
2020-10-07,2020-10-08,train_in_sample,QQQ,0.6043093204498291,1,1
2020-10-07,2020-10-08,train_in_sample,IWM,0.5640469193458557,1,1
2020-10-08,2020-10-09,train_in_sample,SPY,0.5865824818611145,1,1
2020-10-08,2020-10-09,train_in_sample,QQQ,0.5906448364257812,1,1
2020-10-08,2020-10-09,train_in_sample,IWM,0.4964551627635956,1,0
2020-10-09,2020-10-12,train_in_sample,SPY,0.5593970417976379,1,1
2020-10-09,2020-10-12,train_in_sample,QQQ,0.5917796492576599,1,1
2020-10-09,2020-10-12,train_in_sample,IWM,0.5586928725242615,1,1
2020-10-12,2020-10-13,train_in_sample,SPY,0.5407622456550598,0,0
2020-10-12,2020-10-13,train_in_sample,QQQ,0.5540369153022766,0,0
2020-10-12,2020-10-13,train_in_sample,IWM,0.588257372379303,0,0
2020-10-13,2020-10-14,train_in_sample,SPY,0.5278746485710144,0,0
2020-10-13,2020-10-14,train_in_sample,QQQ,0.6106440424919128,0,0
2020-10-13,2020-10-14,train_in_sample,IWM,0.41706737875938416,0,1
2020-10-14,2020-10-15,train_in_sample,SPY,0.5451740026473999,0,0
2020-10-14,2020-10-15,train_in_sample,QQQ,0.5719284415245056,0,0
2020-10-14,2020-10-15,train_in_sample,IWM,0.47395193576812744,1,0
2020-10-15,2020-10-16,train_in_sample,SPY,0.5626276731491089,0,0
2020-10-15,2020-10-16,train_in_sample,QQQ,0.6180801391601562,0,0
2020-10-15,2020-10-16,train_in_sample,IWM,0.5448572635650635,0,0
2020-10-16,2020-10-19,train_in_sample,SPY,0.5577695369720459,0,0
2020-10-16,2020-10-19,train_in_sample,QQQ,0.6305570602416992,0,0
2020-10-16,2020-10-19,train_in_sample,IWM,0.4669475555419922,0,1
2020-10-19,2020-10-20,train_in_sample,SPY,0.5414969325065613,1,1
2020-10-19,2020-10-20,train_in_sample,QQQ,0.5440925359725952,1,1
2020-10-19,2020-10-20,train_in_sample,IWM,0.5089720487594604,1,1
2020-10-20,2020-10-21,train_in_sample,SPY,0.6138238310813904,0,0
2020-10-20,2020-10-21,train_in_sample,QQQ,0.6385921835899353,0,0
2020-10-20,2020-10-21,train_in_sample,IWM,0.5156733393669128,0,0
2020-10-21,2020-10-22,train_in_sample,SPY,0.5327145457267761,1,1
2020-10-21,2020-10-22,train_in_sample,QQQ,0.5829125046730042,0,0
2020-10-21,2020-10-22,train_in_sample,IWM,0.4971507787704468,1,0
2020-10-22,2020-10-23,train_in_sample,SPY,0.5990663766860962,1,1
2020-10-22,2020-10-23,train_in_sample,QQQ,0.6061944961547852,1,1
2020-10-22,2020-10-23,train_in_sample,IWM,0.5081243515014648,1,1
2020-10-23,2020-10-26,train_in_sample,SPY,0.5903353095054626,0,0
2020-10-23,2020-10-26,train_in_sample,QQQ,0.6289724111557007,0,0
2020-10-23,2020-10-26,train_in_sample,IWM,0.5060513615608215,0,0
2020-10-26,2020-10-27,train_in_sample,SPY,0.5179855227470398,0,0
2020-10-26,2020-10-27,train_in_sample,QQQ,0.60888671875,1,1
2020-10-26,2020-10-27,train_in_sample,IWM,0.5367467403411865,0,0
2020-10-27,2020-10-28,train_in_sample,SPY,0.5030502080917358,0,0
2020-10-27,2020-10-28,train_in_sample,QQQ,0.537020742893219,0,0
2020-10-27,2020-10-28,train_in_sample,IWM,0.4987069368362427,0,1
2020-10-28,2020-10-29,train_in_sample,SPY,0.5481551289558411,1,1
2020-10-28,2020-10-29,train_in_sample,QQQ,0.5481178760528564,1,1
2020-10-28,2020-10-29,train_in_sample,IWM,0.5416616201400757,1,1
2020-10-29,2020-10-30,train_in_sample,SPY,0.5630161166191101,0,0
2020-10-29,2020-10-30,train_in_sample,QQQ,0.6258177161216736,0,0
2020-10-29,2020-10-30,train_in_sample,IWM,0.5244011878967285,0,0
2020-10-30,2020-11-02,train_in_sample,SPY,0.5875672101974487,1,1
2020-10-30,2020-11-02,train_in_sample,QQQ,0.557823657989502,1,1
2020-10-30,2020-11-02,train_in_sample,IWM,0.5202118158340454,1,1
2020-11-02,2020-11-03,train_in_sample,SPY,0.6141977310180664,1,1
2020-11-02,2020-11-03,train_in_sample,QQQ,0.6216112971305847,1,1
2020-11-02,2020-11-03,train_in_sample,IWM,0.5202811360359192,1,1
2020-11-03,2020-11-04,train_in_sample,SPY,0.5910084843635559,1,1
2020-11-03,2020-11-04,train_in_sample,QQQ,0.5860376954078674,1,1
2020-11-03,2020-11-04,train_in_sample,IWM,0.5374268293380737,1,1
2020-11-04,2020-11-05,train_in_sample,SPY,0.48896265029907227,1,0
2020-11-04,2020-11-05,train_in_sample,QQQ,0.5072203278541565,1,1
2020-11-04,2020-11-05,train_in_sample,IWM,0.5942918062210083,1,1
2020-11-05,2020-11-06,train_in_sample,SPY,0.5761032104492188,0,0
2020-11-05,2020-11-06,train_in_sample,QQQ,0.6269868016242981,1,1
2020-11-05,2020-11-06,train_in_sample,IWM,0.47745099663734436,0,1
2020-11-06,2020-11-09,train_in_sample,SPY,0.5121062994003296,1,1
2020-11-06,2020-11-09,train_in_sample,QQQ,0.520188570022583,0,0
2020-11-06,2020-11-09,train_in_sample,IWM,0.5705493688583374,1,1
2020-11-09,2020-11-10,train_in_sample,SPY,0.6111131310462952,0,0
2020-11-09,2020-11-10,train_in_sample,QQQ,0.5463511347770691,0,0
2020-11-09,2020-11-10,train_in_sample,IWM,0.5161445736885071,1,1
2020-11-10,2020-11-11,train_in_sample,SPY,0.5917619466781616,1,1
2020-11-10,2020-11-11,train_in_sample,QQQ,0.6008168458938599,1,1
2020-11-10,2020-11-11,train_in_sample,IWM,0.49577978253364563,1,0
2020-11-11,2020-11-12,train_in_sample,SPY,0.5255728960037231,0,0
2020-11-11,2020-11-12,train_in_sample,QQQ,0.5533581376075745,0,0
2020-11-11,2020-11-12,train_in_sample,IWM,0.5389434099197388,0,0
2020-11-12,2020-11-13,train_in_sample,SPY,0.485531210899353,1,0
2020-11-12,2020-11-13,train_in_sample,QQQ,0.5377758741378784,1,1
2020-11-12,2020-11-13,train_in_sample,IWM,0.446698397397995,1,0
2020-11-13,2020-11-16,train_in_sample,SPY,0.5763987898826599,1,1
2020-11-13,2020-11-16,train_in_sample,QQQ,0.5822474360466003,1,1
2020-11-13,2020-11-16,train_in_sample,IWM,0.5241448879241943,1,1
2020-11-16,2020-11-17,train_in_sample,SPY,0.5805665850639343,0,0
2020-11-16,2020-11-17,train_in_sample,QQQ,0.5978558659553528,0,0
2020-11-16,2020-11-17,train_in_sample,IWM,0.5602229237556458,1,1
2020-11-17,2020-11-18,train_in_sample,SPY,0.5643276572227478,0,0
2020-11-17,2020-11-18,train_in_sample,QQQ,0.5981851816177368,0,0
2020-11-17,2020-11-18,train_in_sample,IWM,0.5116385817527771,0,0
2020-11-18,2020-11-19,train_in_sample,SPY,0.4971369206905365,1,0
2020-11-18,2020-11-19,train_in_sample,QQQ,0.5476250648498535,1,1
2020-11-18,2020-11-19,train_in_sample,IWM,0.46893754601478577,1,0
2020-11-19,2020-11-20,train_in_sample,SPY,0.5910579562187195,0,0
2020-11-19,2020-11-20,train_in_sample,QQQ,0.6041296124458313,0,0
2020-11-19,2020-11-20,train_in_sample,IWM,0.5645609498023987,1,1
2020-11-20,2020-11-23,train_in_sample,SPY,0.5729841589927673,1,1
2020-11-20,2020-11-23,train_in_sample,QQQ,0.6004286408424377,1,1
2020-11-20,2020-11-23,train_in_sample,IWM,0.5002664923667908,1,1
2020-11-23,2020-11-24,train_in_sample,SPY,0.5227075815200806,1,1
2020-11-23,2020-11-24,train_in_sample,QQQ,0.6010404825210571,1,1
2020-11-23,2020-11-24,train_in_sample,IWM,0.5364386439323425,1,1
2020-11-24,2020-11-25,train_in_sample,SPY,0.5671919584274292,0,0
2020-11-24,2020-11-25,train_in_sample,QQQ,0.6064214706420898,1,1
2020-11-24,2020-11-25,train_in_sample,IWM,0.5303622484207153,0,0
2020-11-25,2020-11-27,train_in_sample,SPY,0.527289867401123,1,1
2020-11-25,2020-11-27,train_in_sample,QQQ,0.5965573191642761,1,1
2020-11-25,2020-11-27,train_in_sample,IWM,0.558562695980072,1,1
2020-11-27,2020-11-30,train_in_sample,SPY,0.5642106533050537,0,0
2020-11-27,2020-11-30,train_in_sample,QQQ,0.5562683939933777,1,1
2020-11-27,2020-11-30,train_in_sample,IWM,0.5198256969451904,0,0
2020-11-30,2020-12-01,train_in_sample,SPY,0.5258083939552307,1,1
2020-11-30,2020-12-01,train_in_sample,QQQ,0.5429245829582214,1,1
2020-11-30,2020-12-01,train_in_sample,IWM,0.5545691251754761,1,1
2020-12-01,2020-12-02,train_in_sample,SPY,0.5619763135910034,1,1
2020-12-01,2020-12-02,train_in_sample,QQQ,0.5619671940803528,1,1
2020-12-01,2020-12-02,train_in_sample,IWM,0.5292002558708191,1,1
2020-12-02,2020-12-03,train_in_sample,SPY,0.5908190011978149,0,0
2020-12-02,2020-12-03,train_in_sample,QQQ,0.6526146531105042,1,1
2020-12-02,2020-12-03,train_in_sample,IWM,0.5098612308502197,1,1
2020-12-03,2020-12-04,train_in_sample,SPY,0.572498619556427,1,1
2020-12-03,2020-12-04,train_in_sample,QQQ,0.6170322895050049,1,1
2020-12-03,2020-12-04,train_in_sample,IWM,0.516968309879303,1,1
2020-12-04,2020-12-07,train_in_sample,SPY,0.6312348246574402,0,0
2020-12-04,2020-12-07,train_in_sample,QQQ,0.6300231218338013,1,1
2020-12-04,2020-12-07,train_in_sample,IWM,0.5531787276268005,1,1
2020-12-07,2020-12-08,train_in_sample,SPY,0.5482674837112427,1,1
2020-12-07,2020-12-08,train_in_sample,QQQ,0.618379533290863,1,1
2020-12-07,2020-12-08,train_in_sample,IWM,0.5412805080413818,1,1
2020-12-08,2020-12-09,train_in_sample,SPY,0.5522082448005676,0,0
2020-12-08,2020-12-09,train_in_sample,QQQ,0.619921863079071,0,0
2020-12-08,2020-12-09,train_in_sample,IWM,0.47994425892829895,0,1
2020-12-09,2020-12-10,train_in_sample,SPY,0.5427994728088379,1,1
2020-12-09,2020-12-10,train_in_sample,QQQ,0.5933011770248413,1,1
2020-12-09,2020-12-10,train_in_sample,IWM,0.5022591352462769,1,1
2020-12-10,2020-12-11,train_in_sample,SPY,0.5948836803436279,0,0
2020-12-10,2020-12-11,train_in_sample,QQQ,0.6121846437454224,0,0
2020-12-10,2020-12-11,train_in_sample,IWM,0.548071563243866,0,0
2020-12-11,2020-12-14,train_in_sample,SPY,0.5326709747314453,0,0
2020-12-11,2020-12-14,train_in_sample,QQQ,0.6054742336273193,1,1
2020-12-11,2020-12-14,train_in_sample,IWM,0.4821787178516388,1,0
2020-12-14,2020-12-15,train_in_sample,SPY,0.5397182703018188,1,1
2020-12-14,2020-12-15,train_in_sample,QQQ,0.603051483631134,1,1
2020-12-14,2020-12-15,train_in_sample,IWM,0.5484992265701294,1,1
2020-12-15,2020-12-16,train_in_sample,SPY,0.6134714484214783,1,1
2020-12-15,2020-12-16,train_in_sample,QQQ,0.6036514043807983,1,1
2020-12-15,2020-12-16,train_in_sample,IWM,0.5104125142097473,0,0
2020-12-16,2020-12-17,train_in_sample,SPY,0.57487553358078,1,1
2020-12-16,2020-12-17,train_in_sample,QQQ,0.5871273279190063,1,1
2020-12-16,2020-12-17,train_in_sample,IWM,0.5581122636795044,1,1
2020-12-17,2020-12-18,train_in_sample,SPY,0.5652165412902832,0,0
2020-12-17,2020-12-18,train_in_sample,QQQ,0.5990297198295593,0,0
2020-12-17,2020-12-18,train_in_sample,IWM,0.5061301589012146,0,0
2020-12-18,2020-12-21,train_in_sample,SPY,0.5545555949211121,0,0
2020-12-18,2020-12-21,train_in_sample,QQQ,0.5873985886573792,0,0
2020-12-18,2020-12-21,train_in_sample,IWM,0.5115395188331604,0,0
2020-12-21,2020-12-22,train_in_sample,SPY,0.5448806285858154,0,0
2020-12-21,2020-12-22,train_in_sample,QQQ,0.5774413347244263,1,1
2020-12-21,2020-12-22,train_in_sample,IWM,0.6254655122756958,1,1
2020-12-22,2020-12-23,train_in_sample,SPY,0.5471913814544678,1,1
2020-12-22,2020-12-23,train_in_sample,QQQ,0.6190005540847778,0,0
2020-12-22,2020-12-23,train_in_sample,IWM,0.5272447466850281,1,1
2020-12-23,2020-12-24,train_in_sample,SPY,0.5835634469985962,1,1
2020-12-23,2020-12-24,train_in_sample,QQQ,0.5849609375,1,1
2020-12-23,2020-12-24,train_in_sample,IWM,0.5146692991256714,0,0
2020-12-24,2020-12-28,train_in_sample,SPY,0.5584922432899475,1,1
2020-12-24,2020-12-28,train_in_sample,QQQ,0.6167333126068115,1,1
2020-12-24,2020-12-28,train_in_sample,IWM,0.46854695677757263,0,1
2020-12-28,2020-12-29,train_in_sample,SPY,0.5304597616195679,0,0
2020-12-28,2020-12-29,train_in_sample,QQQ,0.5770841240882874,1,1
2020-12-28,2020-12-29,train_in_sample,IWM,0.5110017657279968,0,0
2020-12-29,2020-12-30,train_in_sample,SPY,0.4685303270816803,1,0
2020-12-29,2020-12-30,train_in_sample,QQQ,0.5145918726921082,1,1
2020-12-29,2020-12-30,train_in_sample,IWM,0.4639067053794861,1,0
2020-12-30,2020-12-31,train_in_sample,SPY,0.5821359157562256,1,1
2020-12-30,2020-12-31,train_in_sample,QQQ,0.6233310699462891,1,1
2020-12-30,2020-12-31,train_in_sample,IWM,0.5594983696937561,0,0
2020-12-31,2021-01-04,train_in_sample,SPY,0.5760674476623535,0,0
2020-12-31,2021-01-04,train_in_sample,QQQ,0.612490177154541,0,0
2020-12-31,2021-01-04,train_in_sample,IWM,0.4923265278339386,0,1
2021-01-04,2021-01-05,train_in_sample,SPY,0.5846895575523376,1,1
2021-01-04,2021-01-05,train_in_sample,QQQ,0.603992223739624,1,1
2021-01-04,2021-01-05,train_in_sample,IWM,0.5401932597160339,1,1
2021-01-05,2021-01-06,train_in_sample,SPY,0.5544064044952393,1,1
2021-01-05,2021-01-06,train_in_sample,QQQ,0.6259757876396179,0,0
2021-01-05,2021-01-06,train_in_sample,IWM,0.4968923330307007,1,0
2021-01-06,2021-01-07,train_in_sample,SPY,0.645226240158081,1,1
2021-01-06,2021-01-07,train_in_sample,QQQ,0.6304371356964111,1,1
2021-01-06,2021-01-07,train_in_sample,IWM,0.5565518140792847,1,1
2021-01-07,2021-01-08,train_in_sample,SPY,0.5329715609550476,1,1
2021-01-07,2021-01-08,train_in_sample,QQQ,0.6191421747207642,1,1
2021-01-07,2021-01-08,train_in_sample,IWM,0.5318126678466797,0,0
2021-01-08,2021-01-11,train_in_sample,SPY,0.5167888402938843,0,0
2021-01-08,2021-01-11,train_in_sample,QQQ,0.5918271541595459,0,0
2021-01-08,2021-01-11,train_in_sample,IWM,0.5797085165977478,0,0
2021-01-11,2021-01-12,train_in_sample,SPY,0.6005293130874634,0,0
2021-01-11,2021-01-12,train_in_sample,QQQ,0.637073278427124,0,0
2021-01-11,2021-01-12,train_in_sample,IWM,0.5345956683158875,1,1
2021-01-12,2021-01-13,train_in_sample,SPY,0.5455827116966248,1,1
2021-01-12,2021-01-13,train_in_sample,QQQ,0.6256182789802551,1,1
2021-01-12,2021-01-13,train_in_sample,IWM,0.5237941741943359,0,0
2021-01-13,2021-01-14,train_in_sample,SPY,0.4793074429035187,0,1
2021-01-13,2021-01-14,train_in_sample,QQQ,0.5514816045761108,0,0
2021-01-13,2021-01-14,train_in_sample,IWM,0.4843677282333374,1,0
2021-01-14,2021-01-15,train_in_sample,SPY,0.5982180237770081,0,0
2021-01-14,2021-01-15,train_in_sample,QQQ,0.6446645855903625,0,0
2021-01-14,2021-01-15,train_in_sample,IWM,0.49375778436660767,0,1
2021-01-15,2021-01-19,train_in_sample,SPY,0.5520116686820984,1,1
2021-01-15,2021-01-19,train_in_sample,QQQ,0.5788729190826416,1,1
2021-01-15,2021-01-19,train_in_sample,IWM,0.5023142099380493,1,1
2021-01-19,2021-01-20,train_in_sample,SPY,0.5673832297325134,1,1
2021-01-19,2021-01-20,train_in_sample,QQQ,0.6306924223899841,1,1
2021-01-19,2021-01-20,train_in_sample,IWM,0.49765971302986145,1,0
2021-01-20,2021-01-21,train_in_sample,SPY,0.523363471031189,1,1
2021-01-20,2021-01-21,train_in_sample,QQQ,0.5969301462173462,1,1
2021-01-20,2021-01-21,train_in_sample,IWM,0.5494161248207092,0,0
2021-01-21,2021-01-22,train_in_sample,SPY,0.5208346843719482,0,0
2021-01-21,2021-01-22,train_in_sample,QQQ,0.5696088671684265,0,0
2021-01-21,2021-01-22,train_in_sample,IWM,0.5488489866256714,1,1
2021-01-22,2021-01-25,train_in_sample,SPY,0.5346984267234802,1,1
2021-01-22,2021-01-25,train_in_sample,QQQ,0.5730116963386536,1,1
2021-01-22,2021-01-25,train_in_sample,IWM,0.5208098292350769,0,0
2021-01-25,2021-01-26,train_in_sample,SPY,0.5668006539344788,0,0
2021-01-25,2021-01-26,train_in_sample,QQQ,0.5701040029525757,1,1
2021-01-25,2021-01-26,train_in_sample,IWM,0.56206214427948,0,0
2021-01-26,2021-01-27,train_in_sample,SPY,0.5101088285446167,0,0
2021-01-26,2021-01-27,train_in_sample,QQQ,0.5943202376365662,0,0
2021-01-26,2021-01-27,train_in_sample,IWM,0.5575243830680847,0,0
2021-01-27,2021-01-28,train_in_sample,SPY,0.44058120250701904,1,0
2021-01-27,2021-01-28,train_in_sample,QQQ,0.5111081600189209,1,1
2021-01-27,2021-01-28,train_in_sample,IWM,0.5347793698310852,0,0
2021-01-28,2021-01-29,train_in_sample,SPY,0.5477450489997864,0,0
2021-01-28,2021-01-29,train_in_sample,QQQ,0.5470507740974426,0,0
2021-01-28,2021-01-29,train_in_sample,IWM,0.5201498866081238,0,0
2021-01-29,2021-02-01,train_in_sample,SPY,0.5699666738510132,1,1
2021-01-29,2021-02-01,train_in_sample,QQQ,0.594201922416687,1,1
2021-01-29,2021-02-01,train_in_sample,IWM,0.5631476044654846,1,1
2021-02-01,2021-02-02,train_in_sample,SPY,0.6092022061347961,1,1
2021-02-01,2021-02-02,train_in_sample,QQQ,0.6278636455535889,1,1
2021-02-01,2021-02-02,train_in_sample,IWM,0.5428394079208374,1,1
2021-02-02,2021-02-03,train_in_sample,SPY,0.5691928267478943,1,1
2021-02-02,2021-02-03,train_in_sample,QQQ,0.5797463655471802,0,0
2021-02-02,2021-02-03,train_in_sample,IWM,0.5511220097541809,1,1
2021-02-03,2021-02-04,train_in_sample,SPY,0.5772669315338135,1,1
2021-02-03,2021-02-04,train_in_sample,QQQ,0.6230921745300293,1,1
2021-02-03,2021-02-04,train_in_sample,IWM,0.5175395011901855,1,1
2021-02-04,2021-02-05,train_in_sample,SPY,0.6006543636322021,1,1
2021-02-04,2021-02-05,train_in_sample,QQQ,0.6089966297149658,1,1
2021-02-04,2021-02-05,train_in_sample,IWM,0.4871065616607666,1,0
2021-02-05,2021-02-08,train_in_sample,SPY,0.5974850654602051,1,1
2021-02-05,2021-02-08,train_in_sample,QQQ,0.6257439255714417,1,1
2021-02-05,2021-02-08,train_in_sample,IWM,0.4936777651309967,1,0
2021-02-08,2021-02-09,train_in_sample,SPY,0.5599895119667053,0,0
2021-02-08,2021-02-09,train_in_sample,QQQ,0.5920894145965576,0,0
2021-02-08,2021-02-09,train_in_sample,IWM,0.521694540977478,1,1
2021-02-09,2021-02-10,train_in_sample,SPY,0.5113856792449951,0,0
2021-02-09,2021-02-10,train_in_sample,QQQ,0.59786456823349,0,0
2021-02-09,2021-02-10,train_in_sample,IWM,0.47932809591293335,0,1
2021-02-10,2021-02-11,train_in_sample,SPY,0.5522698163986206,1,1
2021-02-10,2021-02-11,train_in_sample,QQQ,0.541265606880188,1,1
2021-02-10,2021-02-11,train_in_sample,IWM,0.5096907019615173,0,0
2021-02-11,2021-02-12,train_in_sample,SPY,0.4802486002445221,1,0
2021-02-11,2021-02-12,train_in_sample,QQQ,0.5610748529434204,1,1
2021-02-11,2021-02-12,train_in_sample,IWM,0.48915138840675354,1,0
2021-02-12,2021-02-16,train_in_sample,SPY,0.5517598390579224,0,0
2021-02-12,2021-02-16,train_in_sample,QQQ,0.6226873397827148,0,0
2021-02-12,2021-02-16,train_in_sample,IWM,0.5467499494552612,0,0
2021-02-16,2021-02-17,train_in_sample,SPY,0.5245858430862427,1,1
2021-02-16,2021-02-17,train_in_sample,QQQ,0.5638622045516968,0,0
2021-02-16,2021-02-17,train_in_sample,IWM,0.4898245632648468,0,1
2021-02-17,2021-02-18,train_in_sample,SPY,0.5429206490516663,0,0
2021-02-17,2021-02-18,train_in_sample,QQQ,0.5471414923667908,0,0
2021-02-17,2021-02-18,train_in_sample,IWM,0.5020824074745178,0,0
2021-02-18,2021-02-19,train_in_sample,SPY,0.50802081823349,0,0
2021-02-18,2021-02-19,train_in_sample,QQQ,0.5508891940116882,0,0
2021-02-18,2021-02-19,train_in_sample,IWM,0.5006430149078369,1,1
2021-02-19,2021-02-22,train_in_sample,SPY,0.5599923133850098,0,0
2021-02-19,2021-02-22,train_in_sample,QQQ,0.6372071504592896,0,0
2021-02-19,2021-02-22,train_in_sample,IWM,0.4429083466529846,0,1
2021-02-22,2021-02-23,train_in_sample,SPY,0.536354660987854,1,1
2021-02-22,2021-02-23,train_in_sample,QQQ,0.5683829188346863,0,0
2021-02-22,2021-02-23,train_in_sample,IWM,0.4788585603237152,0,1
2021-02-23,2021-02-24,train_in_sample,SPY,0.5353071093559265,1,1
2021-02-23,2021-02-24,train_in_sample,QQQ,0.5643216967582703,1,1
2021-02-23,2021-02-24,train_in_sample,IWM,0.5803444981575012,1,1
2021-02-24,2021-02-25,train_in_sample,SPY,0.5324480533599854,0,0
2021-02-24,2021-02-25,train_in_sample,QQQ,0.6227320432662964,0,0
2021-02-24,2021-02-25,train_in_sample,IWM,0.5776774287223816,0,0
2021-02-25,2021-02-26,train_in_sample,SPY,0.518836259841919,0,0
2021-02-25,2021-02-26,train_in_sample,QQQ,0.5300981402397156,1,1
2021-02-25,2021-02-26,train_in_sample,IWM,0.5285892486572266,0,0
2021-02-26,2021-03-01,train_in_sample,SPY,0.5510992407798767,1,1
2021-02-26,2021-03-01,train_in_sample,QQQ,0.6013526916503906,1,1
2021-02-26,2021-03-01,train_in_sample,IWM,0.5108531713485718,1,1
2021-03-01,2021-03-02,train_in_sample,SPY,0.5932785272598267,0,0
2021-03-01,2021-03-02,train_in_sample,QQQ,0.570134162902832,0,0
2021-03-01,2021-03-02,train_in_sample,IWM,0.5542678236961365,0,0
2021-03-02,2021-03-03,train_in_sample,SPY,0.5524501204490662,0,0
2021-03-02,2021-03-03,train_in_sample,QQQ,0.5636587142944336,0,0
2021-03-02,2021-03-03,train_in_sample,IWM,0.4660128653049469,0,1
2021-03-03,2021-03-04,train_in_sample,SPY,0.5983630418777466,0,0
2021-03-03,2021-03-04,train_in_sample,QQQ,0.5850680470466614,0,0
2021-03-03,2021-03-04,train_in_sample,IWM,0.5327932238578796,0,0
2021-03-04,2021-03-05,train_in_sample,SPY,0.4978417754173279,1,0
2021-03-04,2021-03-05,train_in_sample,QQQ,0.5113374590873718,1,1
2021-03-04,2021-03-05,train_in_sample,IWM,0.5830682516098022,1,1
2021-03-05,2021-03-08,train_in_sample,SPY,0.6128052473068237,0,0
2021-03-05,2021-03-08,train_in_sample,QQQ,0.5586811304092407,0,0
2021-03-05,2021-03-08,train_in_sample,IWM,0.5794057250022888,1,1
2021-03-08,2021-03-09,train_in_sample,SPY,0.6326857209205627,1,1
2021-03-08,2021-03-09,train_in_sample,QQQ,0.6001318097114563,1,1
2021-03-08,2021-03-09,train_in_sample,IWM,0.537578284740448,1,1
2021-03-09,2021-03-10,train_in_sample,SPY,0.5100905895233154,1,1
2021-03-09,2021-03-10,train_in_sample,QQQ,0.5173341035842896,0,0
2021-03-09,2021-03-10,train_in_sample,IWM,0.5809429883956909,1,1
2021-03-10,2021-03-11,train_in_sample,SPY,0.6205413937568665,1,1
2021-03-10,2021-03-11,train_in_sample,QQQ,0.5957266688346863,1,1
2021-03-10,2021-03-11,train_in_sample,IWM,0.5251951217651367,1,1
2021-03-11,2021-03-12,train_in_sample,SPY,0.5577234625816345,1,1
2021-03-11,2021-03-12,train_in_sample,QQQ,0.6023469567298889,0,0
2021-03-11,2021-03-12,train_in_sample,IWM,0.5465393662452698,1,1
2021-03-12,2021-03-15,train_in_sample,SPY,0.5796905755996704,1,1
2021-03-12,2021-03-15,train_in_sample,QQQ,0.6105452179908752,1,1
2021-03-12,2021-03-15,train_in_sample,IWM,0.530164897441864,1,1
2021-03-15,2021-03-16,train_in_sample,SPY,0.5904279947280884,0,0
2021-03-15,2021-03-16,train_in_sample,QQQ,0.5956529378890991,1,1
2021-03-15,2021-03-16,train_in_sample,IWM,0.5519518852233887,0,0
2021-03-16,2021-03-17,train_in_sample,SPY,0.5213156938552856,1,1
2021-03-16,2021-03-17,train_in_sample,QQQ,0.5538709163665771,1,1
2021-03-16,2021-03-17,train_in_sample,IWM,0.5010438561439514,1,1
2021-03-17,2021-03-18,train_in_sample,SPY,0.5640334486961365,0,0
2021-03-17,2021-03-18,train_in_sample,QQQ,0.6205997467041016,0,0
2021-03-17,2021-03-18,train_in_sample,IWM,0.5886490345001221,0,0
2021-03-18,2021-03-19,train_in_sample,SPY,0.5292975306510925,0,0
2021-03-18,2021-03-19,train_in_sample,QQQ,0.522371768951416,1,1
2021-03-18,2021-03-19,train_in_sample,IWM,0.4832789897918701,1,0
2021-03-19,2021-03-22,train_in_sample,SPY,0.584972620010376,1,1
2021-03-19,2021-03-22,train_in_sample,QQQ,0.6077221035957336,1,1
2021-03-19,2021-03-22,train_in_sample,IWM,0.5046536326408386,0,0
2021-03-22,2021-03-23,train_in_sample,SPY,0.5525642037391663,0,0
2021-03-22,2021-03-23,train_in_sample,QQQ,0.593693733215332,0,0
2021-03-22,2021-03-23,train_in_sample,IWM,0.571617603302002,0,0
2021-03-23,2021-03-24,train_in_sample,SPY,0.5031425952911377,0,0
2021-03-23,2021-03-24,train_in_sample,QQQ,0.5027328729629517,0,0
2021-03-23,2021-03-24,train_in_sample,IWM,0.5166734457015991,0,0
2021-03-24,2021-03-25,train_in_sample,SPY,0.5528466701507568,1,1
2021-03-24,2021-03-25,train_in_sample,QQQ,0.541395366191864,0,0
2021-03-24,2021-03-25,train_in_sample,IWM,0.5610126852989197,1,1
2021-03-25,2021-03-26,train_in_sample,SPY,0.5969944596290588,1,1
2021-03-25,2021-03-26,train_in_sample,QQQ,0.6455007195472717,1,1
2021-03-25,2021-03-26,train_in_sample,IWM,0.5438007712364197,1,1
2021-03-26,2021-03-29,train_in_sample,SPY,0.5822833776473999,0,0
2021-03-26,2021-03-29,train_in_sample,QQQ,0.6080166101455688,0,0
2021-03-26,2021-03-29,train_in_sample,IWM,0.5779646039009094,0,0
2021-03-29,2021-03-30,train_in_sample,SPY,0.4859265387058258,0,1
2021-03-29,2021-03-30,train_in_sample,QQQ,0.5273993015289307,0,0
2021-03-29,2021-03-30,train_in_sample,IWM,0.5701823234558105,1,1
2021-03-30,2021-03-31,train_in_sample,SPY,0.6199215054512024,1,1
2021-03-30,2021-03-31,train_in_sample,QQQ,0.6316341161727905,1,1
2021-03-30,2021-03-31,train_in_sample,IWM,0.5673752427101135,1,1
2021-03-31,2021-04-01,train_in_sample,SPY,0.5723854899406433,1,1
2021-03-31,2021-04-01,train_in_sample,QQQ,0.6136137247085571,1,1
2021-03-31,2021-04-01,train_in_sample,IWM,0.5251359343528748,1,1
2021-04-01,2021-04-05,train_in_sample,SPY,0.58079594373703,1,1
2021-04-01,2021-04-05,train_in_sample,QQQ,0.6060994863510132,1,1
2021-04-01,2021-04-05,train_in_sample,IWM,0.4892579913139343,1,0
2021-04-05,2021-04-06,train_in_sample,SPY,0.538675844669342,0,0
2021-04-05,2021-04-06,train_in_sample,QQQ,0.5774771571159363,0,0
2021-04-05,2021-04-06,train_in_sample,IWM,0.5840955972671509,0,0
2021-04-06,2021-04-07,train_in_sample,SPY,0.5700448751449585,1,1
2021-04-06,2021-04-07,train_in_sample,QQQ,0.5889216065406799,1,1
2021-04-06,2021-04-07,train_in_sample,IWM,0.4538270831108093,0,1
2021-04-07,2021-04-08,train_in_sample,SPY,0.5389750003814697,1,1
2021-04-07,2021-04-08,train_in_sample,QQQ,0.5531845092773438,1,1
2021-04-07,2021-04-08,train_in_sample,IWM,0.5147523880004883,1,1
2021-04-08,2021-04-09,train_in_sample,SPY,0.586574912071228,1,1
2021-04-08,2021-04-09,train_in_sample,QQQ,0.6417898535728455,1,1
2021-04-08,2021-04-09,train_in_sample,IWM,0.5165331959724426,1,1
2021-04-09,2021-04-12,train_in_sample,SPY,0.5827545523643494,1,1
2021-04-09,2021-04-12,train_in_sample,QQQ,0.5618566274642944,0,0
2021-04-09,2021-04-12,train_in_sample,IWM,0.5144470930099487,0,0
2021-04-12,2021-04-13,train_in_sample,SPY,0.5824825167655945,1,1
2021-04-12,2021-04-13,train_in_sample,QQQ,0.5961059331893921,1,1
2021-04-12,2021-04-13,train_in_sample,IWM,0.5262606143951416,0,0
2021-04-13,2021-04-14,train_in_sample,SPY,0.5673613548278809,0,0
2021-04-13,2021-04-14,train_in_sample,QQQ,0.5968393683433533,0,0
2021-04-13,2021-04-14,train_in_sample,IWM,0.5410596132278442,1,1
2021-04-14,2021-04-15,train_in_sample,SPY,0.614098072052002,1,1
2021-04-14,2021-04-15,train_in_sample,QQQ,0.6414189338684082,1,1
2021-04-14,2021-04-15,train_in_sample,IWM,0.4905412793159485,1,0
2021-04-15,2021-04-16,train_in_sample,SPY,0.5482109189033508,1,1
2021-04-15,2021-04-16,train_in_sample,QQQ,0.5684093236923218,1,1
2021-04-15,2021-04-16,train_in_sample,IWM,0.5251181721687317,1,1
2021-04-16,2021-04-19,train_in_sample,SPY,0.5690646171569824,0,0
2021-04-16,2021-04-19,train_in_sample,QQQ,0.6146017909049988,0,0
2021-04-16,2021-04-19,train_in_sample,IWM,0.518059492111206,0,0
2021-04-19,2021-04-20,train_in_sample,SPY,0.5427284836769104,0,0
2021-04-19,2021-04-20,train_in_sample,QQQ,0.582689106464386,0,0
2021-04-19,2021-04-20,train_in_sample,IWM,0.4881267249584198,0,1
2021-04-20,2021-04-21,train_in_sample,SPY,0.47221869230270386,1,0
2021-04-20,2021-04-21,train_in_sample,QQQ,0.4955753684043884,1,0
2021-04-20,2021-04-21,train_in_sample,IWM,0.47736525535583496,1,0
2021-04-21,2021-04-22,train_in_sample,SPY,0.6096571683883667,0,0
2021-04-21,2021-04-22,train_in_sample,QQQ,0.6342245936393738,0,0
2021-04-21,2021-04-22,train_in_sample,IWM,0.49642685055732727,0,1
2021-04-22,2021-04-23,train_in_sample,SPY,0.5855690240859985,1,1
2021-04-22,2021-04-23,train_in_sample,QQQ,0.5579575896263123,1,1
2021-04-22,2021-04-23,train_in_sample,IWM,0.4790492355823517,1,0
2021-04-23,2021-04-26,train_in_sample,SPY,0.5915966629981995,1,1
2021-04-23,2021-04-26,train_in_sample,QQQ,0.6002874374389648,1,1
2021-04-23,2021-04-26,train_in_sample,IWM,0.5440970063209534,1,1
2021-04-26,2021-04-27,train_in_sample,SPY,0.5685716867446899,0,0
2021-04-26,2021-04-27,train_in_sample,QQQ,0.6211082935333252,0,0
2021-04-26,2021-04-27,train_in_sample,IWM,0.48927128314971924,1,0
2021-04-27,2021-04-28,train_in_sample,SPY,0.5577767491340637,0,0
2021-04-27,2021-04-28,train_in_sample,QQQ,0.6045438647270203,0,0
2021-04-27,2021-04-28,train_in_sample,IWM,0.47136935591697693,1,0
2021-04-28,2021-04-29,train_in_sample,SPY,0.5566917657852173,1,1
2021-04-28,2021-04-29,train_in_sample,QQQ,0.5935608148574829,1,1
2021-04-28,2021-04-29,train_in_sample,IWM,0.41578924655914307,0,1
2021-04-29,2021-04-30,train_in_sample,SPY,0.5818794965744019,0,0
2021-04-29,2021-04-30,train_in_sample,QQQ,0.6083555221557617,0,0
2021-04-29,2021-04-30,train_in_sample,IWM,0.48761406540870667,0,1
2021-04-30,2021-05-03,train_in_sample,SPY,0.5685015916824341,1,1
2021-04-30,2021-05-03,train_in_sample,QQQ,0.5756337642669678,0,0
2021-04-30,2021-05-03,train_in_sample,IWM,0.503315269947052,1,1
2021-05-03,2021-05-04,train_in_sample,SPY,0.6116412878036499,0,0
2021-05-03,2021-05-04,train_in_sample,QQQ,0.632253110408783,0,0
2021-05-03,2021-05-04,train_in_sample,IWM,0.48439526557922363,0,1
2021-05-04,2021-05-05,train_in_sample,SPY,0.5092251896858215,1,1
2021-05-04,2021-05-05,train_in_sample,QQQ,0.4714354872703552,0,1
2021-05-04,2021-05-05,train_in_sample,IWM,0.5050007700920105,0,0
2021-05-05,2021-05-06,train_in_sample,SPY,0.5667957663536072,1,1
2021-05-05,2021-05-06,train_in_sample,QQQ,0.6149640679359436,1,1
2021-05-05,2021-05-06,train_in_sample,IWM,0.4916473627090454,1,0
2021-05-06,2021-05-07,train_in_sample,SPY,0.5399206876754761,1,1
2021-05-06,2021-05-07,train_in_sample,QQQ,0.5786550045013428,1,1
2021-05-06,2021-05-07,train_in_sample,IWM,0.501517653465271,1,1
2021-05-07,2021-05-10,train_in_sample,SPY,0.5504563450813293,0,0
2021-05-07,2021-05-10,train_in_sample,QQQ,0.5948131084442139,0,0
2021-05-07,2021-05-10,train_in_sample,IWM,0.4737926125526428,0,1
2021-05-10,2021-05-11,train_in_sample,SPY,0.5917701125144958,0,0
2021-05-10,2021-05-11,train_in_sample,QQQ,0.5606836080551147,0,0
2021-05-10,2021-05-11,train_in_sample,IWM,0.5138113498687744,0,0
2021-05-11,2021-05-12,train_in_sample,SPY,0.5063120126724243,0,0
2021-05-11,2021-05-12,train_in_sample,QQQ,0.5892072319984436,0,0
2021-05-11,2021-05-12,train_in_sample,IWM,0.5421212315559387,0,0
2021-05-12,2021-05-13,train_in_sample,SPY,0.5357345938682556,1,1
2021-05-12,2021-05-13,train_in_sample,QQQ,0.5345274806022644,1,1
2021-05-12,2021-05-13,train_in_sample,IWM,0.5397864580154419,1,1
2021-05-13,2021-05-14,train_in_sample,SPY,0.5718374848365784,1,1
2021-05-13,2021-05-14,train_in_sample,QQQ,0.6240701675415039,1,1
2021-05-13,2021-05-14,train_in_sample,IWM,0.5428555011749268,1,1
2021-05-14,2021-05-17,train_in_sample,SPY,0.6005716323852539,0,0
2021-05-14,2021-05-17,train_in_sample,QQQ,0.587897002696991,0,0
2021-05-14,2021-05-17,train_in_sample,IWM,0.5385288000106812,1,1
2021-05-17,2021-05-18,train_in_sample,SPY,0.5812479853630066,0,0
2021-05-17,2021-05-18,train_in_sample,QQQ,0.6307860612869263,0,0
2021-05-17,2021-05-18,train_in_sample,IWM,0.5240122675895691,0,0
2021-05-18,2021-05-19,train_in_sample,SPY,0.5219132900238037,0,0
2021-05-18,2021-05-19,train_in_sample,QQQ,0.5971050262451172,1,1
2021-05-18,2021-05-19,train_in_sample,IWM,0.5149164199829102,0,0
2021-05-19,2021-05-20,train_in_sample,SPY,0.5037599802017212,1,1
2021-05-19,2021-05-20,train_in_sample,QQQ,0.567497730255127,1,1
2021-05-19,2021-05-20,train_in_sample,IWM,0.5222355127334595,1,1
2021-05-20,2021-05-21,train_in_sample,SPY,0.5531145930290222,0,0
2021-05-20,2021-05-21,train_in_sample,QQQ,0.595075249671936,0,0
2021-05-20,2021-05-21,train_in_sample,IWM,0.5480295419692993,1,1
2021-05-21,2021-05-24,train_in_sample,SPY,0.6034576296806335,1,1
2021-05-21,2021-05-24,train_in_sample,QQQ,0.5684431195259094,1,1
2021-05-21,2021-05-24,train_in_sample,IWM,0.4866567850112915,1,0
2021-05-24,2021-05-25,train_in_sample,SPY,0.5600991249084473,0,0
2021-05-24,2021-05-25,train_in_sample,QQQ,0.6011627912521362,1,1
2021-05-24,2021-05-25,train_in_sample,IWM,0.5240379571914673,0,0
2021-05-25,2021-05-26,train_in_sample,SPY,0.5226408839225769,1,1
2021-05-25,2021-05-26,train_in_sample,QQQ,0.5444957613945007,1,1
2021-05-25,2021-05-26,train_in_sample,IWM,0.5268635749816895,1,1
2021-05-26,2021-05-27,train_in_sample,SPY,0.5740963816642761,1,1
2021-05-26,2021-05-27,train_in_sample,QQQ,0.6366012692451477,0,0
2021-05-26,2021-05-27,train_in_sample,IWM,0.4709467887878418,1,0
2021-05-27,2021-05-28,train_in_sample,SPY,0.5868784189224243,1,1
2021-05-27,2021-05-28,train_in_sample,QQQ,0.6113203763961792,1,1
2021-05-27,2021-05-28,train_in_sample,IWM,0.49320533871650696,1,0
2021-05-28,2021-06-01,train_in_sample,SPY,0.5729163289070129,0,0
2021-05-28,2021-06-01,train_in_sample,QQQ,0.5667392015457153,0,0
2021-05-28,2021-06-01,train_in_sample,IWM,0.48311901092529297,1,0
2021-06-01,2021-06-02,train_in_sample,SPY,0.6336470246315002,1,1
2021-06-01,2021-06-02,train_in_sample,QQQ,0.5925101041793823,1,1
2021-06-01,2021-06-02,train_in_sample,IWM,0.5116138458251953,1,1
2021-06-02,2021-06-03,train_in_sample,SPY,0.5234107375144958,0,0
2021-06-02,2021-06-03,train_in_sample,QQQ,0.5623902678489685,0,0
2021-06-02,2021-06-03,train_in_sample,IWM,0.5098747611045837,0,0
2021-06-03,2021-06-04,train_in_sample,SPY,0.542032778263092,1,1
2021-06-03,2021-06-04,train_in_sample,QQQ,0.559977114200592,1,1
2021-06-03,2021-06-04,train_in_sample,IWM,0.5014574527740479,1,1
2021-06-04,2021-06-07,train_in_sample,SPY,0.5025380253791809,0,0
2021-06-04,2021-06-07,train_in_sample,QQQ,0.5951970219612122,1,1
2021-06-04,2021-06-07,train_in_sample,IWM,0.5004287362098694,1,1
2021-06-07,2021-06-08,train_in_sample,SPY,0.5519953370094299,1,1
2021-06-07,2021-06-08,train_in_sample,QQQ,0.6115756630897522,1,1
2021-06-07,2021-06-08,train_in_sample,IWM,0.48547714948654175,1,0
2021-06-08,2021-06-09,train_in_sample,SPY,0.5904537439346313,0,0
2021-06-08,2021-06-09,train_in_sample,QQQ,0.5963722467422485,1,1
2021-06-08,2021-06-09,train_in_sample,IWM,0.4833362400531769,0,1
2021-06-09,2021-06-10,train_in_sample,SPY,0.506561279296875,1,1
2021-06-09,2021-06-10,train_in_sample,QQQ,0.4822831153869629,1,0
2021-06-09,2021-06-10,train_in_sample,IWM,0.472583144903183,0,1
2021-06-10,2021-06-11,train_in_sample,SPY,0.5027358531951904,1,1
2021-06-10,2021-06-11,train_in_sample,QQQ,0.5782156586647034,1,1
2021-06-10,2021-06-11,train_in_sample,IWM,0.5074529647827148,1,1
2021-06-11,2021-06-14,train_in_sample,SPY,0.5776512026786804,1,1
2021-06-11,2021-06-14,train_in_sample,QQQ,0.6358461380004883,1,1
2021-06-11,2021-06-14,train_in_sample,IWM,0.4812037944793701,0,1
2021-06-14,2021-06-15,train_in_sample,SPY,0.5412557125091553,0,0
2021-06-14,2021-06-15,train_in_sample,QQQ,0.576971709728241,0,0
2021-06-14,2021-06-15,train_in_sample,IWM,0.47503286600112915,0,1
2021-06-15,2021-06-16,train_in_sample,SPY,0.60835862159729,0,0
2021-06-15,2021-06-16,train_in_sample,QQQ,0.6168056726455688,0,0
2021-06-15,2021-06-16,train_in_sample,IWM,0.4972456693649292,0,1
2021-06-16,2021-06-17,train_in_sample,SPY,0.5279372334480286,0,0
2021-06-16,2021-06-17,train_in_sample,QQQ,0.5502505302429199,1,1
2021-06-16,2021-06-17,train_in_sample,IWM,0.501060426235199,0,0
2021-06-17,2021-06-18,train_in_sample,SPY,0.5416079759597778,0,0
2021-06-17,2021-06-18,train_in_sample,QQQ,0.531860888004303,0,0
2021-06-17,2021-06-18,train_in_sample,IWM,0.5755109190940857,0,0
2021-06-18,2021-06-21,train_in_sample,SPY,0.4728226661682129,1,0
2021-06-18,2021-06-21,train_in_sample,QQQ,0.5439621210098267,1,1
2021-06-18,2021-06-21,train_in_sample,IWM,0.4456498622894287,1,0
2021-06-21,2021-06-22,train_in_sample,SPY,0.579584002494812,1,1
2021-06-21,2021-06-22,train_in_sample,QQQ,0.5919468402862549,1,1
2021-06-21,2021-06-22,train_in_sample,IWM,0.5236377120018005,1,1
2021-06-22,2021-06-23,train_in_sample,SPY,0.5420230031013489,0,0
2021-06-22,2021-06-23,train_in_sample,QQQ,0.6134170293807983,1,1
2021-06-22,2021-06-23,train_in_sample,IWM,0.5016729235649109,1,1
2021-06-23,2021-06-24,train_in_sample,SPY,0.5550802946090698,1,1
2021-06-23,2021-06-24,train_in_sample,QQQ,0.5999758243560791,1,1
2021-06-23,2021-06-24,train_in_sample,IWM,0.5258750915527344,1,1
2021-06-24,2021-06-25,train_in_sample,SPY,0.6089493632316589,1,1
2021-06-24,2021-06-25,train_in_sample,QQQ,0.6324917078018188,0,0
2021-06-24,2021-06-25,train_in_sample,IWM,0.5149509906768799,1,1
2021-06-25,2021-06-28,train_in_sample,SPY,0.5699582099914551,1,1
2021-06-25,2021-06-28,train_in_sample,QQQ,0.5647913217544556,1,1
2021-06-25,2021-06-28,train_in_sample,IWM,0.5053941607475281,0,0
2021-06-28,2021-06-29,train_in_sample,SPY,0.49550649523735046,1,0
2021-06-28,2021-06-29,train_in_sample,QQQ,0.5169125199317932,1,1
2021-06-28,2021-06-29,train_in_sample,IWM,0.5379505157470703,0,0
2021-06-29,2021-06-30,train_in_sample,SPY,0.4583767354488373,1,0
2021-06-29,2021-06-30,train_in_sample,QQQ,0.535295844078064,0,0
2021-06-29,2021-06-30,train_in_sample,IWM,0.5538318753242493,1,1
2021-06-30,2021-07-01,train_in_sample,SPY,0.5611312389373779,1,1
2021-06-30,2021-07-01,train_in_sample,QQQ,0.5886174440383911,1,1
2021-06-30,2021-07-01,train_in_sample,IWM,0.4626123011112213,1,0
2021-07-01,2021-07-02,train_in_sample,SPY,0.5781276822090149,1,1
2021-07-01,2021-07-02,train_in_sample,QQQ,0.5656328797340393,1,1
2021-07-01,2021-07-02,train_in_sample,IWM,0.47017762064933777,0,1
2021-07-02,2021-07-06,train_in_sample,SPY,0.5187163352966309,0,0
2021-07-02,2021-07-06,train_in_sample,QQQ,0.5669087171554565,1,1
2021-07-02,2021-07-06,train_in_sample,IWM,0.5073705911636353,0,0
2021-07-06,2021-07-07,train_in_sample,SPY,0.5089957118034363,1,1
2021-07-06,2021-07-07,train_in_sample,QQQ,0.4613015949726105,1,0
2021-07-06,2021-07-07,train_in_sample,IWM,0.5272111892700195,0,0
2021-07-07,2021-07-08,train_in_sample,SPY,0.5781917572021484,0,0
2021-07-07,2021-07-08,train_in_sample,QQQ,0.6232655048370361,0,0
2021-07-07,2021-07-08,train_in_sample,IWM,0.4888176918029785,0,1
2021-07-08,2021-07-09,train_in_sample,SPY,0.5518897175788879,1,1
2021-07-08,2021-07-09,train_in_sample,QQQ,0.5914487838745117,1,1
2021-07-08,2021-07-09,train_in_sample,IWM,0.546951413154602,1,1
2021-07-09,2021-07-12,train_in_sample,SPY,0.5747112035751343,1,1
2021-07-09,2021-07-12,train_in_sample,QQQ,0.5747120380401611,1,1
2021-07-09,2021-07-12,train_in_sample,IWM,0.48966678977012634,1,0
2021-07-12,2021-07-13,train_in_sample,SPY,0.5759062767028809,0,0
2021-07-12,2021-07-13,train_in_sample,QQQ,0.6050102710723877,0,0
2021-07-12,2021-07-13,train_in_sample,IWM,0.539857029914856,0,0
2021-07-13,2021-07-14,train_in_sample,SPY,0.5610212683677673,1,1
2021-07-13,2021-07-14,train_in_sample,QQQ,0.5514509677886963,1,1
2021-07-13,2021-07-14,train_in_sample,IWM,0.4779694080352783,0,1
2021-07-14,2021-07-15,train_in_sample,SPY,0.5702016949653625,0,0
2021-07-14,2021-07-15,train_in_sample,QQQ,0.5898836255073547,0,0
2021-07-14,2021-07-15,train_in_sample,IWM,0.5228319764137268,0,0
2021-07-15,2021-07-16,train_in_sample,SPY,0.5606463551521301,0,0
2021-07-15,2021-07-16,train_in_sample,QQQ,0.6418769955635071,0,0
2021-07-15,2021-07-16,train_in_sample,IWM,0.4410005211830139,0,1
2021-07-16,2021-07-19,train_in_sample,SPY,0.558728039264679,0,0
2021-07-16,2021-07-19,train_in_sample,QQQ,0.5059822797775269,0,0
2021-07-16,2021-07-19,train_in_sample,IWM,0.5316879749298096,0,0
2021-07-19,2021-07-20,train_in_sample,SPY,0.4986335039138794,1,0
2021-07-19,2021-07-20,train_in_sample,QQQ,0.5082567930221558,1,1
2021-07-19,2021-07-20,train_in_sample,IWM,0.49862051010131836,1,0
2021-07-20,2021-07-21,train_in_sample,SPY,0.5873687863349915,1,1
2021-07-20,2021-07-21,train_in_sample,QQQ,0.6257920861244202,1,1
2021-07-20,2021-07-21,train_in_sample,IWM,0.4981020390987396,1,0
2021-07-21,2021-07-22,train_in_sample,SPY,0.6007742881774902,1,1
2021-07-21,2021-07-22,train_in_sample,QQQ,0.6400533318519592,1,1
2021-07-21,2021-07-22,train_in_sample,IWM,0.5478342175483704,0,0
2021-07-22,2021-07-23,train_in_sample,SPY,0.475154310464859,1,0
2021-07-22,2021-07-23,train_in_sample,QQQ,0.5726253986358643,1,1
2021-07-22,2021-07-23,train_in_sample,IWM,0.5085306167602539,1,1
2021-07-23,2021-07-26,train_in_sample,SPY,0.5833067893981934,1,1
2021-07-23,2021-07-26,train_in_sample,QQQ,0.5929431319236755,1,1
2021-07-23,2021-07-26,train_in_sample,IWM,0.5288577079772949,1,1
2021-07-26,2021-07-27,train_in_sample,SPY,0.525352954864502,0,0
2021-07-26,2021-07-27,train_in_sample,QQQ,0.583281397819519,0,0
2021-07-26,2021-07-27,train_in_sample,IWM,0.5331593155860901,0,0
2021-07-27,2021-07-28,train_in_sample,SPY,0.5029245018959045,0,0
2021-07-27,2021-07-28,train_in_sample,QQQ,0.5621242523193359,1,1
2021-07-27,2021-07-28,train_in_sample,IWM,0.4709922671318054,1,0
2021-07-28,2021-07-29,train_in_sample,SPY,0.5604297518730164,1,1
2021-07-28,2021-07-29,train_in_sample,QQQ,0.5968724489212036,1,1
2021-07-28,2021-07-29,train_in_sample,IWM,0.4855581820011139,1,0
2021-07-29,2021-07-30,train_in_sample,SPY,0.5560804605484009,0,0
2021-07-29,2021-07-30,train_in_sample,QQQ,0.5722609162330627,0,0
2021-07-29,2021-07-30,train_in_sample,IWM,0.4786795377731323,0,1
2021-07-30,2021-08-02,train_in_sample,SPY,0.5452658534049988,0,0
2021-07-30,2021-08-02,train_in_sample,QQQ,0.5557988882064819,1,1
2021-07-30,2021-08-02,train_in_sample,IWM,0.5251032114028931,0,0
2021-08-02,2021-08-03,train_in_sample,SPY,0.5740342140197754,1,1
2021-08-02,2021-08-03,train_in_sample,QQQ,0.6055422425270081,1,1
2021-08-02,2021-08-03,train_in_sample,IWM,0.504006564617157,1,1
2021-08-03,2021-08-04,train_in_sample,SPY,0.536054253578186,0,0
2021-08-03,2021-08-04,train_in_sample,QQQ,0.5645918250083923,1,1
2021-08-03,2021-08-04,train_in_sample,IWM,0.5297951698303223,0,0
2021-08-04,2021-08-05,train_in_sample,SPY,0.5416707992553711,1,1
2021-08-04,2021-08-05,train_in_sample,QQQ,0.5679238438606262,1,1
2021-08-04,2021-08-05,train_in_sample,IWM,0.5178106427192688,1,1
2021-08-05,2021-08-06,train_in_sample,SPY,0.5379032492637634,1,1
2021-08-05,2021-08-06,train_in_sample,QQQ,0.6171775460243225,0,0
2021-08-05,2021-08-06,train_in_sample,IWM,0.49688485264778137,1,0
2021-08-06,2021-08-09,train_in_sample,SPY,0.5954809188842773,0,0
2021-08-06,2021-08-09,train_in_sample,QQQ,0.5708466172218323,1,1
2021-08-06,2021-08-09,train_in_sample,IWM,0.4998376965522766,0,1
2021-08-09,2021-08-10,train_in_sample,SPY,0.5215609073638916,1,1
2021-08-09,2021-08-10,train_in_sample,QQQ,0.5675842761993408,0,0
2021-08-09,2021-08-10,train_in_sample,IWM,0.48626673221588135,1,0
2021-08-10,2021-08-11,train_in_sample,SPY,0.5393670797348022,1,1
2021-08-10,2021-08-11,train_in_sample,QQQ,0.5524398684501648,0,0
2021-08-10,2021-08-11,train_in_sample,IWM,0.4719807207584381,1,0
2021-08-11,2021-08-12,train_in_sample,SPY,0.5978823900222778,1,1
2021-08-11,2021-08-12,train_in_sample,QQQ,0.6395936012268066,1,1
2021-08-11,2021-08-12,train_in_sample,IWM,0.4943045973777771,0,1
2021-08-12,2021-08-13,train_in_sample,SPY,0.5210163593292236,1,1
2021-08-12,2021-08-13,train_in_sample,QQQ,0.6218118071556091,1,1
2021-08-12,2021-08-13,train_in_sample,IWM,0.4661930203437805,0,1
2021-08-13,2021-08-16,train_in_sample,SPY,0.51711106300354,1,1
2021-08-13,2021-08-16,train_in_sample,QQQ,0.5363913774490356,1,1
2021-08-13,2021-08-16,train_in_sample,IWM,0.5329064726829529,0,0
2021-08-16,2021-08-17,train_in_sample,SPY,0.507256805896759,0,0
2021-08-16,2021-08-17,train_in_sample,QQQ,0.5795801877975464,0,0
2021-08-16,2021-08-17,train_in_sample,IWM,0.5291566848754883,0,0
2021-08-17,2021-08-18,train_in_sample,SPY,0.5498421788215637,0,0
2021-08-17,2021-08-18,train_in_sample,QQQ,0.5862621665000916,0,0
2021-08-17,2021-08-18,train_in_sample,IWM,0.5613595247268677,0,0
2021-08-18,2021-08-19,train_in_sample,SPY,0.5565674304962158,1,1
2021-08-18,2021-08-19,train_in_sample,QQQ,0.6028594374656677,1,1
2021-08-18,2021-08-19,train_in_sample,IWM,0.5250477194786072,0,0
2021-08-19,2021-08-20,train_in_sample,SPY,0.5216053128242493,1,1
2021-08-19,2021-08-20,train_in_sample,QQQ,0.5727068781852722,1,1
2021-08-19,2021-08-20,train_in_sample,IWM,0.5502084493637085,1,1
2021-08-20,2021-08-23,train_in_sample,SPY,0.5850986838340759,1,1
2021-08-20,2021-08-23,train_in_sample,QQQ,0.6378961205482483,1,1
2021-08-20,2021-08-23,train_in_sample,IWM,0.5020521283149719,1,1
2021-08-23,2021-08-24,train_in_sample,SPY,0.5745025277137756,1,1
2021-08-23,2021-08-24,train_in_sample,QQQ,0.5866801738739014,1,1
2021-08-23,2021-08-24,train_in_sample,IWM,0.553238570690155,1,1
2021-08-24,2021-08-25,train_in_sample,SPY,0.551205039024353,1,1
2021-08-24,2021-08-25,train_in_sample,QQQ,0.6300981640815735,1,1
2021-08-24,2021-08-25,train_in_sample,IWM,0.495715469121933,1,0
2021-08-25,2021-08-26,train_in_sample,SPY,0.5743644833564758,0,0
2021-08-25,2021-08-26,train_in_sample,QQQ,0.6004652976989746,0,0
2021-08-25,2021-08-26,train_in_sample,IWM,0.5229374766349792,0,0
2021-08-26,2021-08-27,train_in_sample,SPY,0.5070536136627197,1,1
2021-08-26,2021-08-27,train_in_sample,QQQ,0.5397449135780334,1,1
2021-08-26,2021-08-27,train_in_sample,IWM,0.49085599184036255,1,0
2021-08-27,2021-08-30,train_in_sample,SPY,0.6338599920272827,1,1
2021-08-27,2021-08-30,train_in_sample,QQQ,0.6420843005180359,1,1
2021-08-27,2021-08-30,train_in_sample,IWM,0.5149328708648682,0,0
2021-08-30,2021-08-31,train_in_sample,SPY,0.5330690741539001,0,0
2021-08-30,2021-08-31,train_in_sample,QQQ,0.5591883659362793,0,0
2021-08-30,2021-08-31,train_in_sample,IWM,0.5509204268455505,1,1
2021-08-31,2021-09-01,train_in_sample,SPY,0.5506238341331482,1,1
2021-08-31,2021-09-01,train_in_sample,QQQ,0.5622138381004333,1,1
2021-08-31,2021-09-01,train_in_sample,IWM,0.4970242381095886,1,0
2021-09-01,2021-09-02,train_in_sample,SPY,0.5677085518836975,1,1
2021-09-01,2021-09-02,train_in_sample,QQQ,0.6033615469932556,0,0
2021-09-01,2021-09-02,train_in_sample,IWM,0.4857979714870453,1,0
2021-09-02,2021-09-03,train_in_sample,SPY,0.5409297943115234,0,0
2021-09-02,2021-09-03,train_in_sample,QQQ,0.6305285096168518,1,1
2021-09-02,2021-09-03,train_in_sample,IWM,0.4710312485694885,0,1
2021-09-03,2021-09-07,train_in_sample,SPY,0.5693843960762024,0,0
2021-09-03,2021-09-07,train_in_sample,QQQ,0.5951581001281738,1,1
2021-09-03,2021-09-07,train_in_sample,IWM,0.4978221654891968,0,1
2021-09-07,2021-09-08,train_in_sample,SPY,0.5697175860404968,0,0
2021-09-07,2021-09-08,train_in_sample,QQQ,0.611706018447876,0,0
2021-09-07,2021-09-08,train_in_sample,IWM,0.5189245939254761,0,0
2021-09-08,2021-09-09,train_in_sample,SPY,0.5769788026809692,0,0
2021-09-08,2021-09-09,train_in_sample,QQQ,0.6137350797653198,0,0
2021-09-08,2021-09-09,train_in_sample,IWM,0.49444806575775146,0,1
2021-09-09,2021-09-10,train_in_sample,SPY,0.5965240597724915,0,0
2021-09-09,2021-09-10,train_in_sample,QQQ,0.6129018068313599,0,0
2021-09-09,2021-09-10,train_in_sample,IWM,0.5124301910400391,0,0
2021-09-10,2021-09-13,train_in_sample,SPY,0.6180065274238586,1,1
2021-09-10,2021-09-13,train_in_sample,QQQ,0.610145092010498,0,0
2021-09-10,2021-09-13,train_in_sample,IWM,0.49073657393455505,1,0
2021-09-13,2021-09-14,train_in_sample,SPY,0.6336812376976013,0,0
2021-09-13,2021-09-14,train_in_sample,QQQ,0.6212641596794128,0,0
2021-09-13,2021-09-14,train_in_sample,IWM,0.5410406589508057,0,0
2021-09-14,2021-09-15,train_in_sample,SPY,0.5411297082901001,1,1
2021-09-14,2021-09-15,train_in_sample,QQQ,0.5085169672966003,1,1
2021-09-14,2021-09-15,train_in_sample,IWM,0.5330209732055664,1,1
2021-09-15,2021-09-16,train_in_sample,SPY,0.6330540180206299,0,0
2021-09-15,2021-09-16,train_in_sample,QQQ,0.654546320438385,1,1
2021-09-15,2021-09-16,train_in_sample,IWM,0.5525999665260315,1,1
2021-09-16,2021-09-17,train_in_sample,SPY,0.5801565051078796,0,0
2021-09-16,2021-09-17,train_in_sample,QQQ,0.6130790710449219,0,0
2021-09-16,2021-09-17,train_in_sample,IWM,0.5604892373085022,1,1
2021-09-17,2021-09-20,train_in_sample,SPY,0.6264505982398987,0,0
2021-09-17,2021-09-20,train_in_sample,QQQ,0.6260431408882141,0,0
2021-09-17,2021-09-20,train_in_sample,IWM,0.5496537089347839,0,0
2021-09-20,2021-09-21,train_in_sample,SPY,0.6109009385108948,0,0
2021-09-20,2021-09-21,train_in_sample,QQQ,0.6258901953697205,1,1
2021-09-20,2021-09-21,train_in_sample,IWM,0.5643179416656494,1,1
2021-09-21,2021-09-22,train_in_sample,SPY,0.6361715793609619,1,1
2021-09-21,2021-09-22,train_in_sample,QQQ,0.6449285745620728,1,1
2021-09-21,2021-09-22,train_in_sample,IWM,0.5710721015930176,1,1
2021-09-22,2021-09-23,train_in_sample,SPY,0.6430854201316833,1,1
2021-09-22,2021-09-23,train_in_sample,QQQ,0.6450693607330322,1,1
2021-09-22,2021-09-23,train_in_sample,IWM,0.5502837896347046,1,1
2021-09-23,2021-09-24,train_in_sample,SPY,0.6251814961433411,1,1
2021-09-23,2021-09-24,train_in_sample,QQQ,0.6269799470901489,1,1
2021-09-23,2021-09-24,train_in_sample,IWM,0.49670591950416565,0,1
2021-09-24,2021-09-27,train_in_sample,SPY,0.6156159043312073,0,0
2021-09-24,2021-09-27,train_in_sample,QQQ,0.6429153680801392,0,0
2021-09-24,2021-09-27,train_in_sample,IWM,0.5384796261787415,1,1
2021-09-27,2021-09-28,train_in_sample,SPY,0.6103008985519409,0,0
2021-09-27,2021-09-28,train_in_sample,QQQ,0.6325752139091492,0,0
2021-09-27,2021-09-28,train_in_sample,IWM,0.5380316376686096,0,0
2021-09-28,2021-09-29,train_in_sample,SPY,0.5834202170372009,1,1
2021-09-28,2021-09-29,train_in_sample,QQQ,0.6089827418327332,0,0
2021-09-28,2021-09-29,train_in_sample,IWM,0.5071341395378113,0,0
2021-09-29,2021-09-30,train_in_sample,SPY,0.6014993190765381,0,0
2021-09-29,2021-09-30,train_in_sample,QQQ,0.6001101732254028,0,0
2021-09-29,2021-09-30,train_in_sample,IWM,0.548147976398468,0,0
2021-09-30,2021-10-01,train_in_sample,SPY,0.5756527781486511,1,1
2021-09-30,2021-10-01,train_in_sample,QQQ,0.5734838247299194,1,1
2021-09-30,2021-10-01,train_in_sample,IWM,0.5022350549697876,1,1
2021-10-01,2021-10-04,train_in_sample,SPY,0.6227766871452332,0,0
2021-10-01,2021-10-04,train_in_sample,QQQ,0.6218128204345703,0,0
2021-10-01,2021-10-04,train_in_sample,IWM,0.5857256054878235,0,0
2021-10-04,2021-10-05,train_in_sample,SPY,0.629428505897522,1,1
2021-10-04,2021-10-05,train_in_sample,QQQ,0.61541748046875,1,1
2021-10-04,2021-10-05,train_in_sample,IWM,0.5592327117919922,1,1
2021-10-05,2021-10-06,train_in_sample,SPY,0.5770201086997986,1,1
2021-10-05,2021-10-06,train_in_sample,QQQ,0.6012502312660217,1,1
2021-10-05,2021-10-06,train_in_sample,IWM,0.5368837118148804,0,0
2021-10-06,2021-10-07,train_in_sample,SPY,0.5555710196495056,1,1
2021-10-06,2021-10-07,train_in_sample,QQQ,0.5494252443313599,1,1
2021-10-06,2021-10-07,train_in_sample,IWM,0.519213855266571,1,1
2021-10-07,2021-10-08,train_in_sample,SPY,0.5892136096954346,0,0
2021-10-07,2021-10-08,train_in_sample,QQQ,0.6339290142059326,0,0
2021-10-07,2021-10-08,train_in_sample,IWM,0.4810025691986084,0,1
2021-10-08,2021-10-11,train_in_sample,SPY,0.5716001987457275,0,0
2021-10-08,2021-10-11,train_in_sample,QQQ,0.5893922448158264,0,0
2021-10-08,2021-10-11,train_in_sample,IWM,0.48738887906074524,0,1
2021-10-11,2021-10-12,train_in_sample,SPY,0.5719620585441589,0,0
2021-10-11,2021-10-12,train_in_sample,QQQ,0.5981992483139038,0,0
2021-10-11,2021-10-12,train_in_sample,IWM,0.5103322863578796,1,1
2021-10-12,2021-10-13,train_in_sample,SPY,0.5506226420402527,1,1
2021-10-12,2021-10-13,train_in_sample,QQQ,0.6242642402648926,1,1
2021-10-12,2021-10-13,train_in_sample,IWM,0.4734945297241211,1,0
2021-10-13,2021-10-14,train_in_sample,SPY,0.5737498998641968,1,1
2021-10-13,2021-10-14,train_in_sample,QQQ,0.5705452561378479,1,1
2021-10-13,2021-10-14,train_in_sample,IWM,0.5677412152290344,1,1
2021-10-14,2021-10-15,train_in_sample,SPY,0.581948459148407,1,1
2021-10-14,2021-10-15,train_in_sample,QQQ,0.5988120436668396,1,1
2021-10-14,2021-10-15,train_in_sample,IWM,0.5570518374443054,0,0
2021-10-15,2021-10-18,train_in_sample,SPY,0.5514634847640991,1,1
2021-10-15,2021-10-18,train_in_sample,QQQ,0.6099008917808533,1,1
2021-10-15,2021-10-18,train_in_sample,IWM,0.5347604751586914,0,0
2021-10-18,2021-10-19,train_in_sample,SPY,0.5501802563667297,1,1
2021-10-18,2021-10-19,train_in_sample,QQQ,0.6093683242797852,1,1
2021-10-18,2021-10-19,train_in_sample,IWM,0.5284203886985779,1,1
2021-10-19,2021-10-20,train_in_sample,SPY,0.56453537940979,1,1
2021-10-19,2021-10-20,train_in_sample,QQQ,0.5791826248168945,0,0
2021-10-19,2021-10-20,train_in_sample,IWM,0.5404472947120667,1,1
2021-10-20,2021-10-21,train_in_sample,SPY,0.5688874125480652,1,1
2021-10-20,2021-10-21,train_in_sample,QQQ,0.6077455282211304,1,1
2021-10-20,2021-10-21,train_in_sample,IWM,0.5100990533828735,1,1
2021-10-21,2021-10-22,train_in_sample,SPY,0.5602933168411255,0,0
2021-10-21,2021-10-22,train_in_sample,QQQ,0.5778578519821167,0,0
2021-10-21,2021-10-22,train_in_sample,IWM,0.515017569065094,0,0
2021-10-22,2021-10-25,train_in_sample,SPY,0.6161096096038818,1,1
2021-10-22,2021-10-25,train_in_sample,QQQ,0.6085761189460754,1,1
2021-10-22,2021-10-25,train_in_sample,IWM,0.5421240925788879,1,1
2021-10-25,2021-10-26,train_in_sample,SPY,0.5706793069839478,1,1
2021-10-25,2021-10-26,train_in_sample,QQQ,0.6202538013458252,1,1
2021-10-25,2021-10-26,train_in_sample,IWM,0.48692524433135986,0,1
2021-10-26,2021-10-27,train_in_sample,SPY,0.5442440509796143,0,0
2021-10-26,2021-10-27,train_in_sample,QQQ,0.5827879905700684,1,1
2021-10-26,2021-10-27,train_in_sample,IWM,0.4885493814945221,0,1
2021-10-27,2021-10-28,train_in_sample,SPY,0.5510093569755554,1,1
2021-10-27,2021-10-28,train_in_sample,QQQ,0.5563687086105347,1,1
2021-10-27,2021-10-28,train_in_sample,IWM,0.5126001238822937,1,1
2021-10-28,2021-10-29,train_in_sample,SPY,0.5852423310279846,1,1
2021-10-28,2021-10-29,train_in_sample,QQQ,0.6141759753227234,1,1
2021-10-28,2021-10-29,train_in_sample,IWM,0.5087488293647766,0,0
2021-10-29,2021-11-01,train_in_sample,SPY,0.5779597759246826,1,1
2021-10-29,2021-11-01,train_in_sample,QQQ,0.6009060740470886,1,1
2021-10-29,2021-11-01,train_in_sample,IWM,0.5062543153762817,1,1
2021-11-01,2021-11-02,train_in_sample,SPY,0.6156889200210571,1,1
2021-11-01,2021-11-02,train_in_sample,QQQ,0.669319212436676,1,1
2021-11-01,2021-11-02,train_in_sample,IWM,0.48293912410736084,1,0
2021-11-02,2021-11-03,train_in_sample,SPY,0.5608988404273987,1,1
2021-11-02,2021-11-03,train_in_sample,QQQ,0.590156078338623,1,1
2021-11-02,2021-11-03,train_in_sample,IWM,0.5347685813903809,1,1
2021-11-03,2021-11-04,train_in_sample,SPY,0.5949046015739441,1,1
2021-11-03,2021-11-04,train_in_sample,QQQ,0.6371577978134155,1,1
2021-11-03,2021-11-04,train_in_sample,IWM,0.5511656403541565,0,0
2021-11-04,2021-11-05,train_in_sample,SPY,0.5428493022918701,1,1
2021-11-04,2021-11-05,train_in_sample,QQQ,0.5700514316558838,1,1
2021-11-04,2021-11-05,train_in_sample,IWM,0.5347229242324829,1,1
2021-11-05,2021-11-08,train_in_sample,SPY,0.570859432220459,1,1
2021-11-05,2021-11-08,train_in_sample,QQQ,0.6186659336090088,0,0
2021-11-05,2021-11-08,train_in_sample,IWM,0.520854651927948,1,1
2021-11-08,2021-11-09,train_in_sample,SPY,0.5842090845108032,0,0
2021-11-08,2021-11-09,train_in_sample,QQQ,0.5901006460189819,0,0
2021-11-08,2021-11-09,train_in_sample,IWM,0.49743273854255676,0,1
2021-11-09,2021-11-10,train_in_sample,SPY,0.5427967309951782,0,0
2021-11-09,2021-11-10,train_in_sample,QQQ,0.5701618790626526,0,0
2021-11-09,2021-11-10,train_in_sample,IWM,0.4831123352050781,0,1
2021-11-10,2021-11-11,train_in_sample,SPY,0.5499024391174316,1,1
2021-11-10,2021-11-11,train_in_sample,QQQ,0.6037995219230652,1,1
2021-11-10,2021-11-11,train_in_sample,IWM,0.5115948915481567,1,1
2021-11-11,2021-11-12,train_in_sample,SPY,0.5891457200050354,1,1
2021-11-11,2021-11-12,train_in_sample,QQQ,0.6171810030937195,1,1
2021-11-11,2021-11-12,train_in_sample,IWM,0.5298849940299988,1,1
2021-11-12,2021-11-15,train_in_sample,SPY,0.5902266502380371,1,1
2021-11-12,2021-11-15,train_in_sample,QQQ,0.6021254062652588,0,0
2021-11-12,2021-11-15,train_in_sample,IWM,0.5592517256736755,0,0
2021-11-15,2021-11-16,train_in_sample,SPY,0.5616275072097778,1,1
2021-11-15,2021-11-16,train_in_sample,QQQ,0.6072896122932434,1,1
2021-11-15,2021-11-16,train_in_sample,IWM,0.512660562992096,1,1
2021-11-16,2021-11-17,train_in_sample,SPY,0.5295307040214539,0,0
2021-11-16,2021-11-17,train_in_sample,QQQ,0.6057569980621338,1,1
2021-11-16,2021-11-17,train_in_sample,IWM,0.5226017236709595,0,0
2021-11-17,2021-11-18,train_in_sample,SPY,0.5367909073829651,1,1
2021-11-17,2021-11-18,train_in_sample,QQQ,0.5723117589950562,1,1
2021-11-17,2021-11-18,train_in_sample,IWM,0.533479630947113,0,0
2021-11-18,2021-11-19,train_in_sample,SPY,0.5279744863510132,0,0
2021-11-18,2021-11-19,train_in_sample,QQQ,0.5828266143798828,1,1
2021-11-18,2021-11-19,train_in_sample,IWM,0.5449547171592712,0,0
2021-11-19,2021-11-22,train_in_sample,SPY,0.5335750579833984,0,0
2021-11-19,2021-11-22,train_in_sample,QQQ,0.5881379246711731,0,0
2021-11-19,2021-11-22,train_in_sample,IWM,0.5106657147407532,0,0
2021-11-22,2021-11-23,train_in_sample,SPY,0.5978038907051086,1,1
2021-11-22,2021-11-23,train_in_sample,QQQ,0.599962055683136,0,0
2021-11-22,2021-11-23,train_in_sample,IWM,0.5104619860649109,0,0
2021-11-23,2021-11-24,train_in_sample,SPY,0.6062390208244324,1,1
2021-11-23,2021-11-24,train_in_sample,QQQ,0.6146875023841858,1,1
2021-11-23,2021-11-24,train_in_sample,IWM,0.57249516248703,1,1
2021-11-24,2021-11-26,train_in_sample,SPY,0.5747160911560059,0,0
2021-11-24,2021-11-26,train_in_sample,QQQ,0.618927538394928,0,0
2021-11-24,2021-11-26,train_in_sample,IWM,0.5063696503639221,0,0
2021-11-26,2021-11-29,train_in_sample,SPY,0.5297214984893799,1,1
2021-11-26,2021-11-29,train_in_sample,QQQ,0.5808777809143066,1,1
2021-11-26,2021-11-29,train_in_sample,IWM,0.5524564981460571,0,0
2021-11-29,2021-11-30,train_in_sample,SPY,0.5443675518035889,0,0
2021-11-29,2021-11-30,train_in_sample,QQQ,0.5588252544403076,0,0
2021-11-29,2021-11-30,train_in_sample,IWM,0.5449722409248352,0,0
2021-11-30,2021-12-01,train_in_sample,SPY,0.5349050164222717,0,0
2021-11-30,2021-12-01,train_in_sample,QQQ,0.5349200963973999,0,0
2021-11-30,2021-12-01,train_in_sample,IWM,0.49856752157211304,0,1
2021-12-01,2021-12-02,train_in_sample,SPY,0.5496927499771118,1,1
2021-12-01,2021-12-02,train_in_sample,QQQ,0.5303590297698975,1,1
2021-12-01,2021-12-02,train_in_sample,IWM,0.5767266750335693,1,1
2021-12-02,2021-12-03,train_in_sample,SPY,0.6359882354736328,0,0
2021-12-02,2021-12-03,train_in_sample,QQQ,0.6257599592208862,0,0
2021-12-02,2021-12-03,train_in_sample,IWM,0.5444318652153015,0,0
2021-12-03,2021-12-06,train_in_sample,SPY,0.5551908016204834,1,1
2021-12-03,2021-12-06,train_in_sample,QQQ,0.5598261952400208,1,1
2021-12-03,2021-12-06,train_in_sample,IWM,0.5683627724647522,1,1
2021-12-06,2021-12-07,train_in_sample,SPY,0.635228157043457,1,1
2021-12-06,2021-12-07,train_in_sample,QQQ,0.637671947479248,1,1
2021-12-06,2021-12-07,train_in_sample,IWM,0.5519009828567505,1,1
2021-12-07,2021-12-08,train_in_sample,SPY,0.5672962069511414,1,1
2021-12-07,2021-12-08,train_in_sample,QQQ,0.562313437461853,1,1
2021-12-07,2021-12-08,train_in_sample,IWM,0.5635730624198914,1,1
2021-12-08,2021-12-09,train_in_sample,SPY,0.5705815553665161,0,0
2021-12-08,2021-12-09,train_in_sample,QQQ,0.6116495132446289,0,0
2021-12-08,2021-12-09,train_in_sample,IWM,0.5016393661499023,0,0
2021-12-09,2021-12-10,train_in_sample,SPY,0.5646608471870422,1,1
2021-12-09,2021-12-10,train_in_sample,QQQ,0.5560594797134399,1,1
2021-12-09,2021-12-10,train_in_sample,IWM,0.5591272115707397,0,0
2021-12-10,2021-12-13,train_in_sample,SPY,0.5946004986763,0,0
2021-12-10,2021-12-13,train_in_sample,QQQ,0.6230118870735168,0,0
2021-12-10,2021-12-13,train_in_sample,IWM,0.5546240210533142,0,0
2021-12-13,2021-12-14,train_in_sample,SPY,0.5738571286201477,0,0
2021-12-13,2021-12-14,train_in_sample,QQQ,0.5603563785552979,0,0
2021-12-13,2021-12-14,train_in_sample,IWM,0.5364014506340027,0,0
2021-12-14,2021-12-15,train_in_sample,SPY,0.5665519833564758,1,1
2021-12-14,2021-12-15,train_in_sample,QQQ,0.543574333190918,1,1
2021-12-14,2021-12-15,train_in_sample,IWM,0.5516024231910706,1,1
2021-12-15,2021-12-16,train_in_sample,SPY,0.5969238877296448,0,0
2021-12-15,2021-12-16,train_in_sample,QQQ,0.6144601702690125,0,0
2021-12-15,2021-12-16,train_in_sample,IWM,0.5589005947113037,0,0
2021-12-16,2021-12-17,train_in_sample,SPY,0.588840663433075,0,0
2021-12-16,2021-12-17,train_in_sample,QQQ,0.6012771725654602,0,0
2021-12-16,2021-12-17,train_in_sample,IWM,0.5320393443107605,1,1
2021-12-17,2021-12-20,train_in_sample,SPY,0.5982862710952759,0,0
2021-12-17,2021-12-20,train_in_sample,QQQ,0.6575850248336792,0,0
2021-12-17,2021-12-20,train_in_sample,IWM,0.5409529805183411,0,0
2021-12-20,2021-12-21,train_in_sample,SPY,0.5617835521697998,1,1
2021-12-20,2021-12-21,train_in_sample,QQQ,0.6156368255615234,1,1
2021-12-20,2021-12-21,train_in_sample,IWM,0.5688526034355164,1,1
2021-12-21,2021-12-22,train_in_sample,SPY,0.5990729928016663,1,1
2021-12-21,2021-12-22,train_in_sample,QQQ,0.5988035798072815,1,1
2021-12-21,2021-12-22,train_in_sample,IWM,0.5384551286697388,1,1
2021-12-22,2021-12-23,train_in_sample,SPY,0.6148074269294739,1,1
2021-12-22,2021-12-23,train_in_sample,QQQ,0.6074196100234985,1,1
2021-12-22,2021-12-23,train_in_sample,IWM,0.5518331527709961,1,1
2021-12-23,2021-12-27,train_in_sample,SPY,0.5735388398170471,1,1
2021-12-23,2021-12-27,train_in_sample,QQQ,0.6034992933273315,1,1
2021-12-23,2021-12-27,train_in_sample,IWM,0.5360098481178284,1,1
2021-12-27,2021-12-28,train_in_sample,SPY,0.5930202007293701,0,0
2021-12-27,2021-12-28,train_in_sample,QQQ,0.642463743686676,0,0
2021-12-27,2021-12-28,train_in_sample,IWM,0.5580581426620483,0,0
2021-12-28,2021-12-29,train_in_sample,SPY,0.5535146594047546,1,1
2021-12-28,2021-12-29,train_in_sample,QQQ,0.5982180833816528,0,0
2021-12-28,2021-12-29,train_in_sample,IWM,0.4989571273326874,1,0
2021-12-29,2021-12-30,train_in_sample,SPY,0.5951636433601379,0,0
2021-12-29,2021-12-30,train_in_sample,QQQ,0.615244448184967,0,0
2021-12-29,2021-12-30,train_in_sample,IWM,0.5438552498817444,0,0
2021-12-30,2021-12-31,train_in_sample,SPY,0.5898551940917969,0,0
2021-12-30,2021-12-31,train_in_sample,QQQ,0.5819366574287415,0,0
2021-12-30,2021-12-31,train_in_sample,IWM,0.5499914288520813,0,0
2021-12-31,2022-01-03,train_in_sample,SPY,0.5882177948951721,1,1
2021-12-31,2022-01-03,train_in_sample,QQQ,0.6232216954231262,1,1
2021-12-31,2022-01-03,train_in_sample,IWM,0.5162394046783447,1,1
2022-01-03,2022-01-04,train_in_sample,SPY,0.6179347038269043,0,0
2022-01-03,2022-01-04,train_in_sample,QQQ,0.6553138494491577,0,0
2022-01-03,2022-01-04,train_in_sample,IWM,0.5567162036895752,0,0
2022-01-04,2022-01-05,train_in_sample,SPY,0.56562340259552,0,0
2022-01-04,2022-01-05,train_in_sample,QQQ,0.5853716135025024,0,0
2022-01-04,2022-01-05,train_in_sample,IWM,0.5433229804039001,0,0
2022-01-05,2022-01-06,train_in_sample,SPY,0.5451894402503967,0,0
2022-01-05,2022-01-06,train_in_sample,QQQ,0.54426109790802,0,0
2022-01-05,2022-01-06,train_in_sample,IWM,0.5483125448226929,1,1
2022-01-06,2022-01-07,train_in_sample,SPY,0.5690908432006836,0,0
2022-01-06,2022-01-07,train_in_sample,QQQ,0.6285162568092346,0,0
2022-01-06,2022-01-07,train_in_sample,IWM,0.5098727345466614,0,0
2022-01-07,2022-01-10,train_in_sample,SPY,0.6022675037384033,0,0
2022-01-07,2022-01-10,train_in_sample,QQQ,0.5977343916893005,1,1
2022-01-07,2022-01-10,train_in_sample,IWM,0.5367132425308228,0,0
2022-01-10,2022-01-11,train_in_sample,SPY,0.5572205781936646,1,1
2022-01-10,2022-01-11,train_in_sample,QQQ,0.5856442451477051,1,1
2022-01-10,2022-01-11,train_in_sample,IWM,0.5776823163032532,1,1
2022-01-11,2022-01-12,train_in_sample,SPY,0.5984683632850647,1,1
2022-01-11,2022-01-12,train_in_sample,QQQ,0.6125404834747314,1,1
2022-01-11,2022-01-12,train_in_sample,IWM,0.5498723387718201,0,0
2022-01-12,2022-01-13,train_in_sample,SPY,0.5754604339599609,0,0
2022-01-12,2022-01-13,train_in_sample,QQQ,0.6129288077354431,0,0
2022-01-12,2022-01-13,train_in_sample,IWM,0.5312227606773376,0,0
2022-01-13,2022-01-14,train_in_sample,SPY,0.556921660900116,1,1
2022-01-13,2022-01-14,train_in_sample,QQQ,0.575122594833374,1,1
2022-01-13,2022-01-14,train_in_sample,IWM,0.5436206459999084,1,1
2022-01-14,2022-01-18,train_in_sample,SPY,0.5546082854270935,0,0
2022-01-14,2022-01-18,train_in_sample,QQQ,0.5943979024887085,0,0
2022-01-14,2022-01-18,train_in_sample,IWM,0.5447399616241455,0,0
2022-01-18,2022-01-19,train_in_sample,SPY,0.5395850539207458,0,0
2022-01-18,2022-01-19,train_in_sample,QQQ,0.5790848731994629,0,0
2022-01-18,2022-01-19,train_in_sample,IWM,0.5307978391647339,0,0
2022-01-19,2022-01-20,train_in_sample,SPY,0.5746170282363892,0,0
2022-01-19,2022-01-20,train_in_sample,QQQ,0.5799821019172668,0,0
2022-01-19,2022-01-20,train_in_sample,IWM,0.5133844017982483,0,0
2022-01-20,2022-01-21,train_in_sample,SPY,0.5624474883079529,0,0
2022-01-20,2022-01-21,train_in_sample,QQQ,0.5569478869438171,0,0
2022-01-20,2022-01-21,train_in_sample,IWM,0.5520164966583252,0,0
2022-01-21,2022-01-24,train_in_sample,SPY,0.5532978177070618,1,1
2022-01-21,2022-01-24,train_in_sample,QQQ,0.5777480602264404,1,1
2022-01-21,2022-01-24,train_in_sample,IWM,0.5752579569816589,1,1
2022-01-24,2022-01-25,train_in_sample,SPY,0.5659789443016052,0,0
2022-01-24,2022-01-25,train_in_sample,QQQ,0.586235761642456,0,0
2022-01-24,2022-01-25,train_in_sample,IWM,0.6291540861129761,0,0
2022-01-25,2022-01-26,train_in_sample,SPY,0.5884935259819031,0,0
2022-01-25,2022-01-26,train_in_sample,QQQ,0.623336672782898,0,0
2022-01-25,2022-01-26,train_in_sample,IWM,0.5617768168449402,0,0
2022-01-26,2022-01-27,train_in_sample,SPY,0.561475932598114,0,0
2022-01-26,2022-01-27,train_in_sample,QQQ,0.5532802939414978,0,0
2022-01-26,2022-01-27,train_in_sample,IWM,0.5468423962593079,0,0
2022-01-27,2022-01-28,train_in_sample,SPY,0.5404901504516602,1,1
2022-01-27,2022-01-28,train_in_sample,QQQ,0.5169088244438171,1,1
2022-01-27,2022-01-28,train_in_sample,IWM,0.5663024187088013,1,1
2022-01-28,2022-01-31,train_in_sample,SPY,0.565067708492279,1,1
2022-01-28,2022-01-31,train_in_sample,QQQ,0.5835620164871216,1,1
2022-01-28,2022-01-31,train_in_sample,IWM,0.6123829483985901,1,1
2022-01-31,2022-02-01,train_in_sample,SPY,0.5895513296127319,1,1
2022-01-31,2022-02-01,train_in_sample,QQQ,0.6001921892166138,1,1
2022-01-31,2022-02-01,train_in_sample,IWM,0.6010544300079346,1,1
2022-02-01,2022-02-02,train_in_sample,SPY,0.5945905447006226,1,1
2022-02-01,2022-02-02,train_in_sample,QQQ,0.5993948578834534,1,1
2022-02-01,2022-02-02,train_in_sample,IWM,0.5288304686546326,0,0
2022-02-02,2022-02-03,train_in_sample,SPY,0.5590669512748718,0,0
2022-02-02,2022-02-03,train_in_sample,QQQ,0.5447996258735657,0,0
2022-02-02,2022-02-03,train_in_sample,IWM,0.5624296069145203,0,0
2022-02-03,2022-02-04,train_in_sample,SPY,0.5525426268577576,1,1
2022-02-03,2022-02-04,train_in_sample,QQQ,0.5635944604873657,1,1
2022-02-03,2022-02-04,train_in_sample,IWM,0.5383164286613464,1,1
2022-02-04,2022-02-07,train_in_sample,SPY,0.5739771723747253,0,0
2022-02-04,2022-02-07,train_in_sample,QQQ,0.5533140301704407,0,0
2022-02-04,2022-02-07,train_in_sample,IWM,0.5586237907409668,1,1
2022-02-07,2022-02-08,train_in_sample,SPY,0.6097062230110168,1,1
2022-02-07,2022-02-08,train_in_sample,QQQ,0.6156812310218811,1,1
2022-02-07,2022-02-08,train_in_sample,IWM,0.5191241502761841,1,1
2022-02-08,2022-02-09,train_in_sample,SPY,0.5956690311431885,1,1
2022-02-08,2022-02-09,train_in_sample,QQQ,0.6283515095710754,1,1
2022-02-08,2022-02-09,train_in_sample,IWM,0.5113771557807922,1,1
2022-02-09,2022-02-10,train_in_sample,SPY,0.6063013076782227,0,0
2022-02-09,2022-02-10,train_in_sample,QQQ,0.6303096413612366,0,0
2022-02-09,2022-02-10,train_in_sample,IWM,0.5404384136199951,0,0
2022-02-10,2022-02-11,train_in_sample,SPY,0.5545529127120972,0,0
2022-02-10,2022-02-11,train_in_sample,QQQ,0.5888352394104004,0,0
2022-02-10,2022-02-11,train_in_sample,IWM,0.5387322306632996,0,0
2022-02-11,2022-02-14,train_in_sample,SPY,0.6079593300819397,0,0
2022-02-11,2022-02-14,train_in_sample,QQQ,0.5684875845909119,1,1
2022-02-11,2022-02-14,train_in_sample,IWM,0.5215792655944824,0,0
2022-02-14,2022-02-15,train_in_sample,SPY,0.5767053365707397,1,1
2022-02-14,2022-02-15,train_in_sample,QQQ,0.582202136516571,1,1
2022-02-14,2022-02-15,train_in_sample,IWM,0.5593887567520142,1,1
2022-02-15,2022-02-16,train_in_sample,SPY,0.5753207206726074,1,1
2022-02-15,2022-02-16,train_in_sample,QQQ,0.5968767404556274,0,0
2022-02-15,2022-02-16,train_in_sample,IWM,0.5084360837936401,1,1
2022-02-16,2022-02-17,train_in_sample,SPY,0.5605754256248474,0,0
2022-02-16,2022-02-17,train_in_sample,QQQ,0.6095547080039978,0,0
2022-02-16,2022-02-17,train_in_sample,IWM,0.5397875905036926,0,0
2022-02-17,2022-02-18,train_in_sample,SPY,0.5415375828742981,0,0
2022-02-17,2022-02-18,train_in_sample,QQQ,0.5402803421020508,0,0
2022-02-17,2022-02-18,train_in_sample,IWM,0.49643924832344055,0,1
2022-02-18,2022-02-22,train_in_sample,SPY,0.5690546035766602,0,0
2022-02-18,2022-02-22,train_in_sample,QQQ,0.5780845880508423,0,0
2022-02-18,2022-02-22,train_in_sample,IWM,0.5075961351394653,0,0
2022-02-22,2022-02-23,train_in_sample,SPY,0.5450533628463745,0,0
2022-02-22,2022-02-23,train_in_sample,QQQ,0.5809091329574585,0,0
2022-02-22,2022-02-23,train_in_sample,IWM,0.5445321202278137,0,0
2022-02-23,2022-02-24,train_in_sample,SPY,0.5395382046699524,1,1
2022-02-23,2022-02-24,train_in_sample,QQQ,0.5120424032211304,1,1
2022-02-23,2022-02-24,train_in_sample,IWM,0.48963460326194763,1,0
2022-02-24,2022-02-25,train_in_sample,SPY,0.5223576426506042,1,1
2022-02-24,2022-02-25,train_in_sample,QQQ,0.5650539398193359,1,1
2022-02-24,2022-02-25,train_in_sample,IWM,0.6517794728279114,1,1
2022-02-25,2022-02-28,train_in_sample,SPY,0.6015199422836304,0,0
2022-02-25,2022-02-28,train_in_sample,QQQ,0.5890131592750549,1,1
2022-02-25,2022-02-28,train_in_sample,IWM,0.5827218294143677,1,1
2022-02-28,2022-03-01,train_in_sample,SPY,0.5644087195396423,0,0
2022-02-28,2022-03-01,train_in_sample,QQQ,0.5819135904312134,0,0
2022-02-28,2022-03-01,train_in_sample,IWM,0.564739465713501,0,0
2022-03-01,2022-03-02,train_in_sample,SPY,0.5812159180641174,1,1
2022-03-01,2022-03-02,train_in_sample,QQQ,0.567157506942749,1,1
2022-03-01,2022-03-02,train_in_sample,IWM,0.5728364586830139,1,1
2022-03-02,2022-03-03,train_in_sample,SPY,0.5997127294540405,0,0
2022-03-02,2022-03-03,train_in_sample,QQQ,0.6087791919708252,0,0
2022-03-02,2022-03-03,train_in_sample,IWM,0.5389594435691833,0,0
2022-03-03,2022-03-04,train_in_sample,SPY,0.5773741602897644,0,0
2022-03-03,2022-03-04,train_in_sample,QQQ,0.557938277721405,0,0
2022-03-03,2022-03-04,train_in_sample,IWM,0.5053448677062988,0,0
2022-03-04,2022-03-07,train_in_sample,SPY,0.5319749116897583,0,0
2022-03-04,2022-03-07,train_in_sample,QQQ,0.5445520281791687,0,0
2022-03-04,2022-03-07,train_in_sample,IWM,0.5426174998283386,0,0
2022-03-07,2022-03-08,train_in_sample,SPY,0.5596103668212891,0,0
2022-03-07,2022-03-08,train_in_sample,QQQ,0.5618407726287842,0,0
2022-03-07,2022-03-08,train_in_sample,IWM,0.5582603812217712,1,1
2022-03-08,2022-03-09,train_in_sample,SPY,0.5909536480903625,1,1
2022-03-08,2022-03-09,train_in_sample,QQQ,0.595967710018158,1,1
2022-03-08,2022-03-09,train_in_sample,IWM,0.5481725931167603,1,1
2022-03-09,2022-03-10,train_in_sample,SPY,0.5646957159042358,0,0
2022-03-09,2022-03-10,train_in_sample,QQQ,0.5632584691047668,0,0
2022-03-09,2022-03-10,train_in_sample,IWM,0.5846114158630371,0,0
2022-03-10,2022-03-11,train_in_sample,SPY,0.549189031124115,0,0
2022-03-10,2022-03-11,train_in_sample,QQQ,0.5804760456085205,0,0
2022-03-10,2022-03-11,train_in_sample,IWM,0.5263270735740662,0,0
2022-03-11,2022-03-14,train_in_sample,SPY,0.5521435737609863,0,0
2022-03-11,2022-03-14,train_in_sample,QQQ,0.5350417494773865,0,0
2022-03-11,2022-03-14,train_in_sample,IWM,0.5263445973396301,0,0
2022-03-14,2022-03-15,train_in_sample,SPY,0.537230372428894,1,1
2022-03-14,2022-03-15,train_in_sample,QQQ,0.5622360706329346,1,1
2022-03-14,2022-03-15,train_in_sample,IWM,0.5470578670501709,1,1
2022-03-15,2022-03-16,train_in_sample,SPY,0.5556371212005615,1,1
2022-03-15,2022-03-16,train_in_sample,QQQ,0.5746909379959106,1,1
2022-03-15,2022-03-16,train_in_sample,IWM,0.5765184164047241,1,1
2022-03-16,2022-03-17,train_in_sample,SPY,0.5568817853927612,1,1
2022-03-16,2022-03-17,train_in_sample,QQQ,0.5715444684028625,1,1
2022-03-16,2022-03-17,train_in_sample,IWM,0.5815550088882446,1,1
2022-03-17,2022-03-18,train_in_sample,SPY,0.5964518785476685,1,1
2022-03-17,2022-03-18,train_in_sample,QQQ,0.630160391330719,1,1
2022-03-17,2022-03-18,train_in_sample,IWM,0.5681447386741638,1,1
2022-03-18,2022-03-21,train_in_sample,SPY,0.576287567615509,0,0
2022-03-18,2022-03-21,train_in_sample,QQQ,0.6059653759002686,0,0
2022-03-18,2022-03-21,train_in_sample,IWM,0.5789086818695068,0,0
2022-03-21,2022-03-22,train_in_sample,SPY,0.5531558990478516,1,1
2022-03-21,2022-03-22,train_in_sample,QQQ,0.5618832111358643,1,1
2022-03-21,2022-03-22,train_in_sample,IWM,0.5416618585586548,1,1
2022-03-22,2022-03-23,train_in_sample,SPY,0.5532246232032776,0,0
2022-03-22,2022-03-23,train_in_sample,QQQ,0.6118379831314087,0,0
2022-03-22,2022-03-23,train_in_sample,IWM,0.5420284867286682,0,0
2022-03-23,2022-03-24,train_in_sample,SPY,0.5678562521934509,1,1
2022-03-23,2022-03-24,train_in_sample,QQQ,0.6084756851196289,1,1
2022-03-23,2022-03-24,train_in_sample,IWM,0.5186409950256348,1,1
2022-03-24,2022-03-25,train_in_sample,SPY,0.5696026086807251,1,1
2022-03-24,2022-03-25,train_in_sample,QQQ,0.5896735787391663,0,0
2022-03-24,2022-03-25,train_in_sample,IWM,0.5800828337669373,1,1
2022-03-25,2022-03-28,train_in_sample,SPY,0.5942822694778442,1,1
2022-03-25,2022-03-28,train_in_sample,QQQ,0.6078701615333557,1,1
2022-03-25,2022-03-28,train_in_sample,IWM,0.5313080549240112,1,1
2022-03-28,2022-03-29,train_in_sample,SPY,0.5320068597793579,1,1
2022-03-28,2022-03-29,train_in_sample,QQQ,0.5849431753158569,1,1
2022-03-28,2022-03-29,train_in_sample,IWM,0.5886083245277405,1,1
2022-03-29,2022-03-30,train_in_sample,SPY,0.6131980419158936,0,0
2022-03-29,2022-03-30,train_in_sample,QQQ,0.6331788301467896,0,0
2022-03-29,2022-03-30,train_in_sample,IWM,0.5437446236610413,0,0
2022-03-30,2022-03-31,train_in_sample,SPY,0.535838782787323,0,0
2022-03-30,2022-03-31,train_in_sample,QQQ,0.5598120093345642,0,0
2022-03-30,2022-03-31,train_in_sample,IWM,0.535995602607727,0,0
2022-03-31,2022-04-01,train_in_sample,SPY,0.5734179615974426,1,1
2022-03-31,2022-04-01,train_in_sample,QQQ,0.6049009561538696,0,0
2022-03-31,2022-04-01,train_in_sample,IWM,0.47947144508361816,1,0
2022-04-01,2022-04-04,train_in_sample,SPY,0.6100423336029053,1,1
2022-04-01,2022-04-04,train_in_sample,QQQ,0.6332995295524597,1,1
2022-04-01,2022-04-04,train_in_sample,IWM,0.48565027117729187,1,0
2022-04-04,2022-04-05,train_in_sample,SPY,0.582912027835846,0,0
2022-04-04,2022-04-05,train_in_sample,QQQ,0.6194058060646057,0,0
2022-04-04,2022-04-05,train_in_sample,IWM,0.580622673034668,0,0
2022-04-05,2022-04-06,train_in_sample,SPY,0.5625012516975403,0,0
2022-04-05,2022-04-06,train_in_sample,QQQ,0.5581401586532593,0,0
2022-04-05,2022-04-06,train_in_sample,IWM,0.5206053256988525,0,0
2022-04-06,2022-04-07,train_in_sample,SPY,0.5778418183326721,1,1
2022-04-06,2022-04-07,train_in_sample,QQQ,0.5796182155609131,1,1
2022-04-06,2022-04-07,train_in_sample,IWM,0.5723662376403809,0,0
2022-04-07,2022-04-08,train_in_sample,SPY,0.5521234273910522,0,0
2022-04-07,2022-04-08,train_in_sample,QQQ,0.5919314622879028,0,0
2022-04-07,2022-04-08,train_in_sample,IWM,0.5521001219749451,0,0
2022-04-08,2022-04-11,train_in_sample,SPY,0.5980997681617737,0,0
2022-04-08,2022-04-11,train_in_sample,QQQ,0.6108189821243286,0,0
2022-04-08,2022-04-11,train_in_sample,IWM,0.5254433751106262,0,0
2022-04-11,2022-04-12,train_in_sample,SPY,0.6158742904663086,0,0
2022-04-11,2022-04-12,train_in_sample,QQQ,0.6394486427307129,0,0
2022-04-11,2022-04-12,train_in_sample,IWM,0.546053409576416,1,1
2022-04-12,2022-04-13,train_in_sample,SPY,0.5858293771743774,1,1
2022-04-12,2022-04-13,train_in_sample,QQQ,0.5682936310768127,1,1
2022-04-12,2022-04-13,train_in_sample,IWM,0.5417391657829285,1,1
2022-04-13,2022-04-14,train_in_sample,SPY,0.5717559456825256,0,0
2022-04-13,2022-04-14,train_in_sample,QQQ,0.6353661417961121,0,0
2022-04-13,2022-04-14,train_in_sample,IWM,0.5538288950920105,0,0
2022-04-14,2022-04-18,train_in_sample,SPY,0.5838308930397034,1,1
2022-04-14,2022-04-18,train_in_sample,QQQ,0.5812295079231262,1,1
2022-04-14,2022-04-18,train_in_sample,IWM,0.5476857423782349,0,0
2022-04-18,2022-04-19,train_in_sample,SPY,0.5556360483169556,1,1
2022-04-18,2022-04-19,train_in_sample,QQQ,0.5603084564208984,1,1
2022-04-18,2022-04-19,train_in_sample,IWM,0.5705348253250122,1,1
2022-04-19,2022-04-20,train_in_sample,SPY,0.588716983795166,0,0
2022-04-19,2022-04-20,train_in_sample,QQQ,0.6251558065414429,0,0
2022-04-19,2022-04-20,train_in_sample,IWM,0.5772421956062317,1,1
2022-04-20,2022-04-21,train_in_sample,SPY,0.6401320695877075,0,0
2022-04-20,2022-04-21,train_in_sample,QQQ,0.6296437978744507,0,0
2022-04-20,2022-04-21,train_in_sample,IWM,0.5412750840187073,0,0
2022-04-21,2022-04-22,train_in_sample,SPY,0.5615720152854919,0,0
2022-04-21,2022-04-22,train_in_sample,QQQ,0.5695396065711975,0,0
2022-04-21,2022-04-22,train_in_sample,IWM,0.5770984888076782,0,0
2022-04-22,2022-04-25,train_in_sample,SPY,0.5677030682563782,1,1
2022-04-22,2022-04-25,train_in_sample,QQQ,0.5543360114097595,1,1
2022-04-22,2022-04-25,train_in_sample,IWM,0.5412499904632568,1,1
2022-04-25,2022-04-26,train_in_sample,SPY,0.5769047141075134,0,0
2022-04-25,2022-04-26,train_in_sample,QQQ,0.6121046543121338,0,0
2022-04-25,2022-04-26,train_in_sample,IWM,0.5975397825241089,0,0
2022-04-26,2022-04-27,train_in_sample,SPY,0.5218290686607361,1,1
2022-04-26,2022-04-27,train_in_sample,QQQ,0.5377000570297241,0,0
2022-04-26,2022-04-27,train_in_sample,IWM,0.5085802674293518,0,0
2022-04-27,2022-04-28,train_in_sample,SPY,0.5805675387382507,1,1
2022-04-27,2022-04-28,train_in_sample,QQQ,0.5845934152603149,1,1
2022-04-27,2022-04-28,train_in_sample,IWM,0.5821619629859924,1,1
2022-04-28,2022-04-29,train_in_sample,SPY,0.559638500213623,0,0
2022-04-28,2022-04-29,train_in_sample,QQQ,0.5925483703613281,0,0
2022-04-28,2022-04-29,train_in_sample,IWM,0.5833126902580261,0,0
2022-04-29,2022-05-02,train_in_sample,SPY,0.5362443327903748,1,1
2022-04-29,2022-05-02,train_in_sample,QQQ,0.58607017993927,1,1
2022-04-29,2022-05-02,train_in_sample,IWM,0.5112698674201965,1,1
2022-05-02,2022-05-03,train_in_sample,SPY,0.5829209089279175,1,1
2022-05-02,2022-05-03,train_in_sample,QQQ,0.6217340230941772,1,1
2022-05-02,2022-05-03,train_in_sample,IWM,0.5925655364990234,1,1
2022-05-03,2022-05-04,train_in_sample,SPY,0.5814191102981567,1,1
2022-05-03,2022-05-04,train_in_sample,QQQ,0.6010960340499878,1,1
2022-05-03,2022-05-04,train_in_sample,IWM,0.5245013236999512,1,1
2022-05-04,2022-05-05,train_in_sample,SPY,0.5755175948143005,0,0
2022-05-04,2022-05-05,train_in_sample,QQQ,0.5895787477493286,0,0
2022-05-04,2022-05-05,train_in_sample,IWM,0.6121751666069031,0,0
2022-05-05,2022-05-06,train_in_sample,SPY,0.5638946890830994,0,0
2022-05-05,2022-05-06,train_in_sample,QQQ,0.5569480061531067,0,0
2022-05-05,2022-05-06,train_in_sample,IWM,0.5864086747169495,0,0
2022-05-06,2022-05-09,train_in_sample,SPY,0.5742574334144592,0,0
2022-05-06,2022-05-09,train_in_sample,QQQ,0.5696302056312561,0,0
2022-05-06,2022-05-09,train_in_sample,IWM,0.5455673336982727,0,0
2022-05-09,2022-05-10,train_in_sample,SPY,0.5172126889228821,1,1
2022-05-09,2022-05-10,train_in_sample,QQQ,0.5550300478935242,1,1
2022-05-09,2022-05-10,train_in_sample,IWM,0.5938422083854675,1,1
2022-05-10,2022-05-11,train_in_sample,SPY,0.546735405921936,0,0
2022-05-10,2022-05-11,train_in_sample,QQQ,0.5276653170585632,0,0
2022-05-10,2022-05-11,train_in_sample,IWM,0.5652032494544983,0,0
2022-05-11,2022-05-12,train_in_sample,SPY,0.5288776755332947,0,0
2022-05-11,2022-05-12,train_in_sample,QQQ,0.5681853890419006,0,0
2022-05-11,2022-05-12,train_in_sample,IWM,0.5655868649482727,1,1
2022-05-12,2022-05-13,train_in_sample,SPY,0.547325849533081,1,1
2022-05-12,2022-05-13,train_in_sample,QQQ,0.615013062953949,1,1
2022-05-12,2022-05-13,train_in_sample,IWM,0.5734876394271851,1,1
2022-05-13,2022-05-16,train_in_sample,SPY,0.5747993588447571,0,0
2022-05-13,2022-05-16,train_in_sample,QQQ,0.5965805649757385,0,0
2022-05-13,2022-05-16,train_in_sample,IWM,0.5841723084449768,0,0
2022-05-16,2022-05-17,train_in_sample,SPY,0.5748969316482544,1,1
2022-05-16,2022-05-17,train_in_sample,QQQ,0.6017212271690369,1,1
2022-05-16,2022-05-17,train_in_sample,IWM,0.5467548370361328,1,1
2022-05-17,2022-05-18,train_in_sample,SPY,0.5692290663719177,0,0
2022-05-17,2022-05-18,train_in_sample,QQQ,0.6072469353675842,0,0
2022-05-17,2022-05-18,train_in_sample,IWM,0.5510295033454895,0,0
2022-05-18,2022-05-19,train_in_sample,SPY,0.5289199352264404,0,0
2022-05-18,2022-05-19,train_in_sample,QQQ,0.5762544274330139,0,0
2022-05-18,2022-05-19,train_in_sample,IWM,0.5360658764839172,1,1
2022-05-19,2022-05-20,train_in_sample,SPY,0.5824190378189087,1,1
2022-05-19,2022-05-20,train_in_sample,QQQ,0.6225678324699402,0,0
2022-05-19,2022-05-20,train_in_sample,IWM,0.5517388582229614,0,0
2022-05-20,2022-05-23,train_in_sample,SPY,0.5699939131736755,1,1
2022-05-20,2022-05-23,train_in_sample,QQQ,0.5818772912025452,1,1
2022-05-20,2022-05-23,train_in_sample,IWM,0.5810899138450623,1,1
2022-05-23,2022-05-24,train_in_sample,SPY,0.5758612155914307,0,0
2022-05-23,2022-05-24,train_in_sample,QQQ,0.5993766188621521,0,0
2022-05-23,2022-05-24,train_in_sample,IWM,0.575705349445343,0,0
2022-05-24,2022-05-25,train_in_sample,SPY,0.5328516960144043,1,1
2022-05-24,2022-05-25,train_in_sample,QQQ,0.575483500957489,1,1
2022-05-24,2022-05-25,train_in_sample,IWM,0.5647280812263489,1,1
2022-05-25,2022-05-26,train_in_sample,SPY,0.5928239226341248,1,1
2022-05-25,2022-05-26,train_in_sample,QQQ,0.6398940682411194,1,1
2022-05-25,2022-05-26,train_in_sample,IWM,0.5812268257141113,1,1
2022-05-26,2022-05-27,train_in_sample,SPY,0.5648355484008789,1,1
2022-05-26,2022-05-27,train_in_sample,QQQ,0.6111892461776733,1,1
2022-05-26,2022-05-27,train_in_sample,IWM,0.5879506468772888,1,1
2022-05-27,2022-05-31,train_in_sample,SPY,0.5920626521110535,0,0
2022-05-27,2022-05-31,train_in_sample,QQQ,0.6095248460769653,0,0
2022-05-27,2022-05-31,train_in_sample,IWM,0.587221086025238,0,0
2022-05-31,2022-06-01,train_in_sample,SPY,0.5477843284606934,0,0
2022-05-31,2022-06-01,train_in_sample,QQQ,0.5664728879928589,0,0
2022-05-31,2022-06-01,train_in_sample,IWM,0.5514065623283386,0,0
2022-06-01,2022-06-02,train_in_sample,SPY,0.5754825472831726,1,1
2022-06-01,2022-06-02,train_in_sample,QQQ,0.5661031603813171,1,1
2022-06-01,2022-06-02,train_in_sample,IWM,0.5692676901817322,1,1
2022-06-02,2022-06-03,train_in_sample,SPY,0.5584741830825806,0,0
2022-06-02,2022-06-03,train_in_sample,QQQ,0.6004139184951782,0,0
2022-06-02,2022-06-03,train_in_sample,IWM,0.5847091674804688,0,0
2022-06-03,2022-06-06,train_in_sample,SPY,0.562947154045105,1,1
2022-06-03,2022-06-06,train_in_sample,QQQ,0.6110816597938538,1,1
2022-06-03,2022-06-06,train_in_sample,IWM,0.5237191915512085,1,1
2022-06-06,2022-06-07,train_in_sample,SPY,0.5895859599113464,1,1
2022-06-06,2022-06-07,train_in_sample,QQQ,0.6123600602149963,1,1
2022-06-06,2022-06-07,train_in_sample,IWM,0.5410664081573486,1,1
2022-06-07,2022-06-08,train_in_sample,SPY,0.5515865087509155,0,0
2022-06-07,2022-06-08,train_in_sample,QQQ,0.616686224937439,0,0
2022-06-07,2022-06-08,train_in_sample,IWM,0.555510401725769,0,0
2022-06-08,2022-06-09,train_in_sample,SPY,0.519524872303009,0,0
2022-06-08,2022-06-09,train_in_sample,QQQ,0.5652456879615784,0,0
2022-06-08,2022-06-09,train_in_sample,IWM,0.5217610001564026,0,0
2022-06-09,2022-06-10,train_in_sample,SPY,0.5374067425727844,0,0
2022-06-09,2022-06-10,train_in_sample,QQQ,0.570620059967041,0,0
2022-06-09,2022-06-10,train_in_sample,IWM,0.5300445556640625,0,0
2022-06-10,2022-06-13,train_in_sample,SPY,0.5031741261482239,0,0
2022-06-10,2022-06-13,train_in_sample,QQQ,0.556682288646698,0,0
2022-06-10,2022-06-13,train_in_sample,IWM,0.5152466893196106,0,0
2022-06-13,2022-06-14,train_in_sample,SPY,0.48769497871398926,0,1
2022-06-13,2022-06-14,train_in_sample,QQQ,0.5502490997314453,1,1
2022-06-13,2022-06-14,train_in_sample,IWM,0.5560696721076965,0,0
2022-06-14,2022-06-15,train_in_sample,SPY,0.5702313780784607,1,1
2022-06-14,2022-06-15,train_in_sample,QQQ,0.5818563103675842,1,1
2022-06-14,2022-06-15,train_in_sample,IWM,0.5511605143547058,1,1
2022-06-15,2022-06-16,train_in_sample,SPY,0.5370951890945435,0,0
2022-06-15,2022-06-16,train_in_sample,QQQ,0.5755819082260132,0,0
2022-06-15,2022-06-16,train_in_sample,IWM,0.5575318932533264,0,0
2022-06-16,2022-06-17,train_in_sample,SPY,0.5014665126800537,1,1
2022-06-16,2022-06-17,train_in_sample,QQQ,0.5503949522972107,1,1
2022-06-16,2022-06-17,train_in_sample,IWM,0.5621230006217957,1,1
2022-06-17,2022-06-21,train_in_sample,SPY,0.5518882870674133,1,1
2022-06-17,2022-06-21,train_in_sample,QQQ,0.5932273268699646,1,1
2022-06-17,2022-06-21,train_in_sample,IWM,0.5631964206695557,1,1
2022-06-21,2022-06-22,train_in_sample,SPY,0.585354745388031,0,0
2022-06-21,2022-06-22,train_in_sample,QQQ,0.5935846567153931,0,0
2022-06-21,2022-06-22,train_in_sample,IWM,0.5631494522094727,0,0
2022-06-22,2022-06-23,train_in_sample,SPY,0.5391610860824585,1,1
2022-06-22,2022-06-23,train_in_sample,QQQ,0.6024482846260071,1,1
2022-06-22,2022-06-23,train_in_sample,IWM,0.5378156900405884,1,1
2022-06-23,2022-06-24,train_in_sample,SPY,0.5475950241088867,1,1
2022-06-23,2022-06-24,train_in_sample,QQQ,0.5876200199127197,1,1
2022-06-23,2022-06-24,train_in_sample,IWM,0.5629373788833618,1,1
2022-06-24,2022-06-27,train_in_sample,SPY,0.5899548530578613,0,0
2022-06-24,2022-06-27,train_in_sample,QQQ,0.6077021956443787,0,0
2022-06-24,2022-06-27,train_in_sample,IWM,0.5815730690956116,1,1
2022-06-27,2022-06-28,train_in_sample,SPY,0.598492443561554,0,0
2022-06-27,2022-06-28,train_in_sample,QQQ,0.6223670840263367,0,0
2022-06-27,2022-06-28,train_in_sample,IWM,0.5290061831474304,0,0
2022-06-28,2022-06-29,train_in_sample,SPY,0.5405016541481018,0,0
2022-06-28,2022-06-29,train_in_sample,QQQ,0.5619373917579651,1,1
2022-06-28,2022-06-29,train_in_sample,IWM,0.5282751321792603,0,0
2022-06-29,2022-06-30,train_in_sample,SPY,0.5182281732559204,0,0
2022-06-29,2022-06-30,train_in_sample,QQQ,0.571451723575592,0,0
2022-06-29,2022-06-30,train_in_sample,IWM,0.5114770531654358,0,0
2022-06-30,2022-07-01,train_in_sample,SPY,0.5762448310852051,1,1
2022-06-30,2022-07-01,train_in_sample,QQQ,0.6001724600791931,1,1
2022-06-30,2022-07-01,train_in_sample,IWM,0.5460933446884155,1,1
2022-07-01,2022-07-05,train_in_sample,SPY,0.5694166421890259,1,1
2022-07-01,2022-07-05,train_in_sample,QQQ,0.6069028973579407,1,1
2022-07-01,2022-07-05,train_in_sample,IWM,0.5669156908988953,1,1
2022-07-05,2022-07-06,train_in_sample,SPY,0.5294561386108398,1,1
2022-07-05,2022-07-06,train_in_sample,QQQ,0.6152788400650024,1,1
2022-07-05,2022-07-06,train_in_sample,IWM,0.5949633121490479,0,0
2022-07-06,2022-07-07,train_in_sample,SPY,0.5674088597297668,1,1
2022-07-06,2022-07-07,train_in_sample,QQQ,0.5854078531265259,1,1
2022-07-06,2022-07-07,train_in_sample,IWM,0.5723386406898499,1,1
2022-07-07,2022-07-08,train_in_sample,SPY,0.5730215311050415,0,0
2022-07-07,2022-07-08,train_in_sample,QQQ,0.5922752022743225,1,1
2022-07-07,2022-07-08,train_in_sample,IWM,0.542566180229187,0,0
2022-07-08,2022-07-11,train_in_sample,SPY,0.5578593611717224,0,0
2022-07-08,2022-07-11,train_in_sample,QQQ,0.6165593266487122,0,0
2022-07-08,2022-07-11,train_in_sample,IWM,0.5342959761619568,0,0
2022-07-11,2022-07-12,train_in_sample,SPY,0.5335729718208313,0,0
2022-07-11,2022-07-12,train_in_sample,QQQ,0.5721240043640137,0,0
2022-07-11,2022-07-12,train_in_sample,IWM,0.5340084433555603,0,0
2022-07-12,2022-07-13,train_in_sample,SPY,0.5544021129608154,0,0
2022-07-12,2022-07-13,train_in_sample,QQQ,0.5944952964782715,0,0
2022-07-12,2022-07-13,train_in_sample,IWM,0.5266332030296326,0,0
2022-07-13,2022-07-14,train_in_sample,SPY,0.5389003753662109,0,0
2022-07-13,2022-07-14,train_in_sample,QQQ,0.6047977805137634,1,1
2022-07-13,2022-07-14,train_in_sample,IWM,0.5274775624275208,0,0
2022-07-14,2022-07-15,train_in_sample,SPY,0.5260745286941528,1,1
2022-07-14,2022-07-15,train_in_sample,QQQ,0.5596747398376465,1,1
2022-07-14,2022-07-15,train_in_sample,IWM,0.5547636151313782,1,1
2022-07-15,2022-07-18,train_in_sample,SPY,0.5715476274490356,0,0
2022-07-15,2022-07-18,train_in_sample,QQQ,0.6077699065208435,0,0
2022-07-15,2022-07-18,train_in_sample,IWM,0.536094069480896,0,0
2022-07-18,2022-07-19,train_in_sample,SPY,0.5851663947105408,1,1
2022-07-18,2022-07-19,train_in_sample,QQQ,0.610852062702179,1,1
2022-07-18,2022-07-19,train_in_sample,IWM,0.5189369320869446,1,1
2022-07-19,2022-07-20,train_in_sample,SPY,0.5931052565574646,1,1
2022-07-19,2022-07-20,train_in_sample,QQQ,0.6150899529457092,1,1
2022-07-19,2022-07-20,train_in_sample,IWM,0.5437272787094116,1,1
2022-07-20,2022-07-21,train_in_sample,SPY,0.5479194521903992,1,1
2022-07-20,2022-07-21,train_in_sample,QQQ,0.6148800849914551,1,1
2022-07-20,2022-07-21,train_in_sample,IWM,0.5568819046020508,1,1
2022-07-21,2022-07-22,train_in_sample,SPY,0.5383846163749695,0,0
2022-07-21,2022-07-22,train_in_sample,QQQ,0.5929891467094421,0,0
2022-07-21,2022-07-22,train_in_sample,IWM,0.5470970869064331,0,0
2022-07-22,2022-07-25,train_in_sample,SPY,0.5255134105682373,1,1
2022-07-22,2022-07-25,train_in_sample,QQQ,0.5670130848884583,0,0
2022-07-22,2022-07-25,train_in_sample,IWM,0.5250903367996216,1,1
2022-07-25,2022-07-26,train_in_sample,SPY,0.5970414876937866,0,0
2022-07-25,2022-07-26,train_in_sample,QQQ,0.6229926943778992,0,0
2022-07-25,2022-07-26,train_in_sample,IWM,0.5350298881530762,0,0
2022-07-26,2022-07-27,train_in_sample,SPY,0.5201966166496277,1,1
2022-07-26,2022-07-27,train_in_sample,QQQ,0.6070149540901184,1,1
2022-07-26,2022-07-27,train_in_sample,IWM,0.5119658708572388,1,1
2022-07-27,2022-07-28,train_in_sample,SPY,0.5478113293647766,1,1
2022-07-27,2022-07-28,train_in_sample,QQQ,0.5869729518890381,1,1
2022-07-27,2022-07-28,train_in_sample,IWM,0.5974419713020325,1,1
2022-07-28,2022-07-29,train_in_sample,SPY,0.5687942504882812,1,1
2022-07-28,2022-07-29,train_in_sample,QQQ,0.6075974702835083,1,1
2022-07-28,2022-07-29,train_in_sample,IWM,0.563720703125,1,1
2022-07-29,2022-08-01,train_in_sample,SPY,0.5728107690811157,0,0
2022-07-29,2022-08-01,train_in_sample,QQQ,0.6054219007492065,0,0
2022-07-29,2022-08-01,train_in_sample,IWM,0.5578975677490234,0,0
2022-08-01,2022-08-02,train_in_sample,SPY,0.540621817111969,0,0
2022-08-01,2022-08-02,train_in_sample,QQQ,0.6069134473800659,0,0
2022-08-01,2022-08-02,train_in_sample,IWM,0.530188262462616,0,0
2022-08-02,2022-08-03,train_in_sample,SPY,0.5353579521179199,1,1
2022-08-02,2022-08-03,train_in_sample,QQQ,0.6024974584579468,1,1
2022-08-02,2022-08-03,train_in_sample,IWM,0.5262795090675354,1,1
2022-08-03,2022-08-04,train_in_sample,SPY,0.5414538979530334,0,0
2022-08-03,2022-08-04,train_in_sample,QQQ,0.6028398275375366,1,1
2022-08-03,2022-08-04,train_in_sample,IWM,0.5542488098144531,0,0
2022-08-04,2022-08-05,train_in_sample,SPY,0.5417550206184387,0,0
2022-08-04,2022-08-05,train_in_sample,QQQ,0.5761545896530151,0,0
2022-08-04,2022-08-05,train_in_sample,IWM,0.5033461451530457,1,1
2022-08-05,2022-08-08,train_in_sample,SPY,0.5486375689506531,0,0
2022-08-05,2022-08-08,train_in_sample,QQQ,0.6110477447509766,0,0
2022-08-05,2022-08-08,train_in_sample,IWM,0.5153316259384155,1,1
2022-08-08,2022-08-09,train_in_sample,SPY,0.5878781676292419,0,0
2022-08-08,2022-08-09,train_in_sample,QQQ,0.6404120922088623,0,0
2022-08-08,2022-08-09,train_in_sample,IWM,0.5508745312690735,0,0
2022-08-09,2022-08-10,train_in_sample,SPY,0.5297638177871704,1,1
2022-08-09,2022-08-10,train_in_sample,QQQ,0.5769649147987366,1,1
2022-08-09,2022-08-10,train_in_sample,IWM,0.49321404099464417,1,0
2022-08-10,2022-08-11,train_in_sample,SPY,0.5740733742713928,0,0
2022-08-10,2022-08-11,train_in_sample,QQQ,0.5952533483505249,0,0
2022-08-10,2022-08-11,train_in_sample,IWM,0.5134690403938293,1,1
2022-08-11,2022-08-12,train_in_sample,SPY,0.5644616484642029,1,1
2022-08-11,2022-08-12,train_in_sample,QQQ,0.5914310812950134,1,1
2022-08-11,2022-08-12,train_in_sample,IWM,0.491240918636322,1,0
2022-08-12,2022-08-15,train_in_sample,SPY,0.5631014108657837,1,1
2022-08-12,2022-08-15,train_in_sample,QQQ,0.6198039054870605,1,1
2022-08-12,2022-08-15,train_in_sample,IWM,0.5381780862808228,1,1
2022-08-15,2022-08-16,train_in_sample,SPY,0.5562340021133423,1,1
2022-08-15,2022-08-16,train_in_sample,QQQ,0.5993869304656982,0,0
2022-08-15,2022-08-16,train_in_sample,IWM,0.5266100764274597,0,0
2022-08-16,2022-08-17,train_in_sample,SPY,0.5558075904846191,0,0
2022-08-16,2022-08-17,train_in_sample,QQQ,0.5902342200279236,0,0
2022-08-16,2022-08-17,train_in_sample,IWM,0.5728267431259155,0,0
2022-08-17,2022-08-18,train_in_sample,SPY,0.5329801440238953,1,1
2022-08-17,2022-08-18,train_in_sample,QQQ,0.5705570578575134,1,1
2022-08-17,2022-08-18,train_in_sample,IWM,0.4989575445652008,1,0
2022-08-18,2022-08-19,train_in_sample,SPY,0.5519877076148987,0,0
2022-08-18,2022-08-19,train_in_sample,QQQ,0.5982346534729004,0,0
2022-08-18,2022-08-19,train_in_sample,IWM,0.528056800365448,0,0
2022-08-19,2022-08-22,train_in_sample,SPY,0.5151281952857971,0,0
2022-08-19,2022-08-22,train_in_sample,QQQ,0.5357533097267151,0,0
2022-08-19,2022-08-22,train_in_sample,IWM,0.521160900592804,0,0
2022-08-22,2022-08-23,train_in_sample,SPY,0.5576000213623047,0,0
2022-08-22,2022-08-23,train_in_sample,QQQ,0.5697923302650452,0,0
2022-08-22,2022-08-23,train_in_sample,IWM,0.5052571296691895,1,1
2022-08-23,2022-08-24,train_in_sample,SPY,0.5532895922660828,1,1
2022-08-23,2022-08-24,train_in_sample,QQQ,0.6230832934379578,1,1
2022-08-23,2022-08-24,train_in_sample,IWM,0.4691895842552185,1,0
2022-08-24,2022-08-25,train_in_sample,SPY,0.5611364245414734,1,1
2022-08-24,2022-08-25,train_in_sample,QQQ,0.6241495609283447,1,1
2022-08-24,2022-08-25,train_in_sample,IWM,0.5160601139068604,1,1
2022-08-25,2022-08-26,train_in_sample,SPY,0.5783726572990417,0,0
2022-08-25,2022-08-26,train_in_sample,QQQ,0.6106424331665039,0,0
2022-08-25,2022-08-26,train_in_sample,IWM,0.5283585786819458,0,0
2022-08-26,2022-08-29,train_in_sample,SPY,0.5338563919067383,0,0
2022-08-26,2022-08-29,train_in_sample,QQQ,0.5466666221618652,0,0
2022-08-26,2022-08-29,train_in_sample,IWM,0.5448070764541626,0,0
2022-08-29,2022-08-30,train_in_sample,SPY,0.5674627423286438,0,0
2022-08-29,2022-08-30,train_in_sample,QQQ,0.5922667384147644,0,0
2022-08-29,2022-08-30,train_in_sample,IWM,0.5367024540901184,0,0
2022-08-30,2022-08-31,train_in_sample,SPY,0.5469323396682739,0,0
2022-08-30,2022-08-31,train_in_sample,QQQ,0.5733529329299927,0,0
2022-08-30,2022-08-31,train_in_sample,IWM,0.5182172656059265,0,0
2022-08-31,2022-09-01,train_in_sample,SPY,0.5535552501678467,1,1
2022-08-31,2022-09-01,train_in_sample,QQQ,0.5908069014549255,1,1
2022-08-31,2022-09-01,train_in_sample,IWM,0.5010721683502197,0,0
2022-09-01,2022-09-02,train_in_sample,SPY,0.5418695211410522,0,0
2022-09-01,2022-09-02,train_in_sample,QQQ,0.5767233371734619,0,0
2022-09-01,2022-09-02,train_in_sample,IWM,0.5416862964630127,0,0
2022-09-02,2022-09-06,train_in_sample,SPY,0.5543227791786194,0,0
2022-09-02,2022-09-06,train_in_sample,QQQ,0.5766240358352661,0,0
2022-09-02,2022-09-06,train_in_sample,IWM,0.5045868158340454,0,0
2022-09-06,2022-09-07,train_in_sample,SPY,0.5591148734092712,1,1
2022-09-06,2022-09-07,train_in_sample,QQQ,0.5883416533470154,1,1
2022-09-06,2022-09-07,train_in_sample,IWM,0.5232961177825928,1,1
2022-09-07,2022-09-08,train_in_sample,SPY,0.5975329279899597,1,1
2022-09-07,2022-09-08,train_in_sample,QQQ,0.6291440725326538,1,1
2022-09-07,2022-09-08,train_in_sample,IWM,0.5439391732215881,1,1
2022-09-08,2022-09-09,train_in_sample,SPY,0.5888737440109253,1,1
2022-09-08,2022-09-09,train_in_sample,QQQ,0.611151933670044,1,1
2022-09-08,2022-09-09,train_in_sample,IWM,0.5350732803344727,1,1
2022-09-09,2022-09-12,train_in_sample,SPY,0.580335259437561,1,1
2022-09-09,2022-09-12,train_in_sample,QQQ,0.6187363862991333,1,1
2022-09-09,2022-09-12,train_in_sample,IWM,0.5435599088668823,1,1
2022-09-12,2022-09-13,train_in_sample,SPY,0.6083148121833801,0,0
2022-09-12,2022-09-13,train_in_sample,QQQ,0.6154115200042725,0,0
2022-09-12,2022-09-13,train_in_sample,IWM,0.5419646501541138,0,0
2022-09-13,2022-09-14,train_in_sample,SPY,0.506834089756012,1,1
2022-09-13,2022-09-14,train_in_sample,QQQ,0.5573126077651978,1,1
2022-09-13,2022-09-14,train_in_sample,IWM,0.5079624652862549,1,1
2022-09-14,2022-09-15,train_in_sample,SPY,0.553867518901825,0,0
2022-09-14,2022-09-15,train_in_sample,QQQ,0.6032658815383911,0,0
2022-09-14,2022-09-15,train_in_sample,IWM,0.5334317088127136,0,0
2022-09-15,2022-09-16,train_in_sample,SPY,0.561036229133606,0,0
2022-09-15,2022-09-16,train_in_sample,QQQ,0.5798342227935791,0,0
2022-09-15,2022-09-16,train_in_sample,IWM,0.5078025460243225,0,0
2022-09-16,2022-09-19,train_in_sample,SPY,0.529189944267273,1,1
2022-09-16,2022-09-19,train_in_sample,QQQ,0.5627151727676392,1,1
2022-09-16,2022-09-19,train_in_sample,IWM,0.5452736616134644,1,1
2022-09-19,2022-09-20,train_in_sample,SPY,0.5889413356781006,0,0
2022-09-19,2022-09-20,train_in_sample,QQQ,0.635692298412323,0,0
2022-09-19,2022-09-20,train_in_sample,IWM,0.5733306407928467,0,0
2022-09-20,2022-09-21,train_in_sample,SPY,0.5160130262374878,0,0
2022-09-20,2022-09-21,train_in_sample,QQQ,0.5560839176177979,0,0
2022-09-20,2022-09-21,train_in_sample,IWM,0.5161643624305725,0,0
2022-09-21,2022-09-22,train_in_sample,SPY,0.5195980072021484,0,0
2022-09-21,2022-09-22,train_in_sample,QQQ,0.5630901455879211,0,0
2022-09-21,2022-09-22,train_in_sample,IWM,0.5264531970024109,0,0
2022-09-22,2022-09-23,train_in_sample,SPY,0.5297244787216187,0,0
2022-09-22,2022-09-23,train_in_sample,QQQ,0.5522047877311707,0,0
2022-09-22,2022-09-23,train_in_sample,IWM,0.5386130809783936,0,0
2022-09-23,2022-09-26,train_in_sample,SPY,0.49883732199668884,0,1
2022-09-23,2022-09-26,train_in_sample,QQQ,0.5326002836227417,0,0
2022-09-23,2022-09-26,train_in_sample,IWM,0.5385153293609619,0,0
2022-09-26,2022-09-27,train_in_sample,SPY,0.5473241806030273,0,0
2022-09-26,2022-09-27,train_in_sample,QQQ,0.5731377601623535,1,1
2022-09-26,2022-09-27,train_in_sample,IWM,0.5517625212669373,1,1
2022-09-27,2022-09-28,train_in_sample,SPY,0.5908074378967285,1,1
2022-09-27,2022-09-28,train_in_sample,QQQ,0.598664402961731,1,1
2022-09-27,2022-09-28,train_in_sample,IWM,0.5170889496803284,1,1
2022-09-28,2022-09-29,train_in_sample,SPY,0.5842158198356628,0,0
2022-09-28,2022-09-29,train_in_sample,QQQ,0.6148752570152283,0,0
2022-09-28,2022-09-29,train_in_sample,IWM,0.576653242111206,0,0
2022-09-29,2022-09-30,train_in_sample,SPY,0.553966760635376,0,0
2022-09-29,2022-09-30,train_in_sample,QQQ,0.5700515508651733,0,0
2022-09-29,2022-09-30,train_in_sample,IWM,0.5262439846992493,0,0
2022-09-30,2022-10-03,train_in_sample,SPY,0.580237090587616,1,1
2022-09-30,2022-10-03,train_in_sample,QQQ,0.6016616821289062,1,1
2022-09-30,2022-10-03,train_in_sample,IWM,0.5071631669998169,1,1
2022-10-03,2022-10-04,train_in_sample,SPY,0.5978752374649048,1,1
2022-10-03,2022-10-04,train_in_sample,QQQ,0.6021443605422974,1,1
2022-10-03,2022-10-04,train_in_sample,IWM,0.5757815837860107,1,1
2022-10-04,2022-10-05,train_in_sample,SPY,0.6016111969947815,0,0
2022-10-04,2022-10-05,train_in_sample,QQQ,0.5872902870178223,0,0
2022-10-04,2022-10-05,train_in_sample,IWM,0.5604717135429382,0,0
2022-10-05,2022-10-06,train_in_sample,SPY,0.5395426750183105,0,0
2022-10-05,2022-10-06,train_in_sample,QQQ,0.5821650624275208,0,0
2022-10-05,2022-10-06,train_in_sample,IWM,0.5441746711730957,0,0
2022-10-06,2022-10-07,train_in_sample,SPY,0.5312913060188293,0,0
2022-10-06,2022-10-07,train_in_sample,QQQ,0.5661799907684326,0,0
2022-10-06,2022-10-07,train_in_sample,IWM,0.5147149562835693,0,0
2022-10-07,2022-10-10,train_in_sample,SPY,0.5592758655548096,0,0
2022-10-07,2022-10-10,train_in_sample,QQQ,0.5709240436553955,0,0
2022-10-07,2022-10-10,train_in_sample,IWM,0.5319388508796692,0,0
2022-10-10,2022-10-11,train_in_sample,SPY,0.5709477066993713,0,0
2022-10-10,2022-10-11,train_in_sample,QQQ,0.592088520526886,0,0
2022-10-10,2022-10-11,train_in_sample,IWM,0.5322158932685852,1,1
2022-10-11,2022-10-12,train_in_sample,SPY,0.5596895813941956,0,0
2022-10-11,2022-10-12,train_in_sample,QQQ,0.6015005111694336,0,0
2022-10-11,2022-10-12,train_in_sample,IWM,0.5046365261077881,0,0
2022-10-12,2022-10-13,train_in_sample,SPY,0.5785739421844482,1,1
2022-10-12,2022-10-13,train_in_sample,QQQ,0.6055565476417542,1,1
2022-10-12,2022-10-13,train_in_sample,IWM,0.5189120173454285,1,1
2022-10-13,2022-10-14,train_in_sample,SPY,0.5436156988143921,0,0
2022-10-13,2022-10-14,train_in_sample,QQQ,0.5895101428031921,0,0
2022-10-13,2022-10-14,train_in_sample,IWM,0.611316442489624,0,0
2022-10-14,2022-10-17,train_in_sample,SPY,0.5381665825843811,1,1
2022-10-14,2022-10-17,train_in_sample,QQQ,0.5342395305633545,1,1
2022-10-14,2022-10-17,train_in_sample,IWM,0.5258700847625732,1,1
2022-10-17,2022-10-18,train_in_sample,SPY,0.5929545164108276,1,1
2022-10-17,2022-10-18,train_in_sample,QQQ,0.5862101316452026,1,1
2022-10-17,2022-10-18,train_in_sample,IWM,0.5505583882331848,1,1
2022-10-18,2022-10-19,train_in_sample,SPY,0.6065399050712585,0,0
2022-10-18,2022-10-19,train_in_sample,QQQ,0.5819788575172424,0,0
2022-10-18,2022-10-19,train_in_sample,IWM,0.5183006525039673,0,0
2022-10-19,2022-10-20,train_in_sample,SPY,0.5266803503036499,0,0
2022-10-19,2022-10-20,train_in_sample,QQQ,0.5442172884941101,0,0
2022-10-19,2022-10-20,train_in_sample,IWM,0.5410881042480469,0,0
2022-10-20,2022-10-21,train_in_sample,SPY,0.5507228970527649,1,1
2022-10-20,2022-10-21,train_in_sample,QQQ,0.5670420527458191,1,1
2022-10-20,2022-10-21,train_in_sample,IWM,0.5470909476280212,1,1
2022-10-21,2022-10-24,train_in_sample,SPY,0.5634992122650146,1,1
2022-10-21,2022-10-24,train_in_sample,QQQ,0.5898820161819458,1,1
2022-10-21,2022-10-24,train_in_sample,IWM,0.5635108947753906,1,1
2022-10-24,2022-10-25,train_in_sample,SPY,0.5621725916862488,1,1
2022-10-24,2022-10-25,train_in_sample,QQQ,0.592306911945343,1,1
2022-10-24,2022-10-25,train_in_sample,IWM,0.5587399005889893,1,1
2022-10-25,2022-10-26,train_in_sample,SPY,0.5861561894416809,0,0
2022-10-25,2022-10-26,train_in_sample,QQQ,0.6273469924926758,0,0
2022-10-25,2022-10-26,train_in_sample,IWM,0.5345666408538818,1,1
2022-10-26,2022-10-27,train_in_sample,SPY,0.5945046544075012,0,0
2022-10-26,2022-10-27,train_in_sample,QQQ,0.6297045350074768,0,0
2022-10-26,2022-10-27,train_in_sample,IWM,0.515201210975647,1,1
2022-10-27,2022-10-28,train_in_sample,SPY,0.5695714354515076,1,1
2022-10-27,2022-10-28,train_in_sample,QQQ,0.599559485912323,1,1
2022-10-27,2022-10-28,train_in_sample,IWM,0.4988064765930176,1,0
2022-10-28,2022-10-31,train_in_sample,SPY,0.5449713468551636,0,0
2022-10-28,2022-10-31,train_in_sample,QQQ,0.5881716012954712,0,0
2022-10-28,2022-10-31,train_in_sample,IWM,0.5583813786506653,1,1
2022-10-31,2022-11-01,train_in_sample,SPY,0.5829461812973022,0,0
2022-10-31,2022-11-01,train_in_sample,QQQ,0.6113977432250977,0,0
2022-10-31,2022-11-01,train_in_sample,IWM,0.4992239475250244,1,0
2022-11-01,2022-11-02,train_in_sample,SPY,0.5798448324203491,0,0
2022-11-01,2022-11-02,train_in_sample,QQQ,0.5986993908882141,0,0
2022-11-01,2022-11-02,train_in_sample,IWM,0.47878220677375793,0,1
2022-11-02,2022-11-03,train_in_sample,SPY,0.525970458984375,0,0
2022-11-02,2022-11-03,train_in_sample,QQQ,0.5243556499481201,0,0
2022-11-02,2022-11-03,train_in_sample,IWM,0.5303346514701843,0,0
2022-11-03,2022-11-04,train_in_sample,SPY,0.58111172914505,1,1
2022-11-03,2022-11-04,train_in_sample,QQQ,0.6071357727050781,1,1
2022-11-03,2022-11-04,train_in_sample,IWM,0.5079854726791382,1,1
2022-11-04,2022-11-07,train_in_sample,SPY,0.5656723976135254,1,1
2022-11-04,2022-11-07,train_in_sample,QQQ,0.5756136775016785,1,1
2022-11-04,2022-11-07,train_in_sample,IWM,0.536116361618042,1,1
2022-11-07,2022-11-08,train_in_sample,SPY,0.5651681423187256,1,1
2022-11-07,2022-11-08,train_in_sample,QQQ,0.5959398746490479,1,1
2022-11-07,2022-11-08,train_in_sample,IWM,0.5292908549308777,1,1
2022-11-08,2022-11-09,train_in_sample,SPY,0.5516876578330994,0,0
2022-11-08,2022-11-09,train_in_sample,QQQ,0.5938757061958313,0,0
2022-11-08,2022-11-09,train_in_sample,IWM,0.5258901119232178,0,0
2022-11-09,2022-11-10,train_in_sample,SPY,0.5083127021789551,1,1
2022-11-09,2022-11-10,train_in_sample,QQQ,0.5308748483657837,1,1
2022-11-09,2022-11-10,train_in_sample,IWM,0.5208202600479126,1,1
2022-11-10,2022-11-11,train_in_sample,SPY,0.5774567723274231,1,1
2022-11-10,2022-11-11,train_in_sample,QQQ,0.5286126136779785,1,1
2022-11-10,2022-11-11,train_in_sample,IWM,0.573576807975769,1,1
2022-11-11,2022-11-14,train_in_sample,SPY,0.5439035892486572,0,0
2022-11-11,2022-11-14,train_in_sample,QQQ,0.586498498916626,0,0
2022-11-11,2022-11-14,train_in_sample,IWM,0.5459108352661133,0,0
2022-11-14,2022-11-15,train_in_sample,SPY,0.5546680092811584,1,1
2022-11-14,2022-11-15,train_in_sample,QQQ,0.5791042447090149,1,1
2022-11-14,2022-11-15,train_in_sample,IWM,0.5052015781402588,1,1
2022-11-15,2022-11-16,train_in_sample,SPY,0.5458755493164062,0,0
2022-11-15,2022-11-16,train_in_sample,QQQ,0.586185872554779,0,0
2022-11-15,2022-11-16,train_in_sample,IWM,0.5261234045028687,0,0
2022-11-16,2022-11-17,train_in_sample,SPY,0.5367032289505005,0,0
2022-11-16,2022-11-17,train_in_sample,QQQ,0.590886116027832,0,0
2022-11-16,2022-11-17,train_in_sample,IWM,0.48866039514541626,0,1
2022-11-17,2022-11-18,train_in_sample,SPY,0.5398083925247192,1,1
2022-11-17,2022-11-18,train_in_sample,QQQ,0.6037274599075317,1,1
2022-11-17,2022-11-18,train_in_sample,IWM,0.5149999856948853,1,1
2022-11-18,2022-11-21,train_in_sample,SPY,0.577750563621521,0,0
2022-11-18,2022-11-21,train_in_sample,QQQ,0.6013191938400269,0,0
2022-11-18,2022-11-21,train_in_sample,IWM,0.49661147594451904,0,1
2022-11-21,2022-11-22,train_in_sample,SPY,0.5789767503738403,1,1
2022-11-21,2022-11-22,train_in_sample,QQQ,0.5926799178123474,1,1
2022-11-21,2022-11-22,train_in_sample,IWM,0.4970920979976654,1,0
2022-11-22,2022-11-23,train_in_sample,SPY,0.5546611547470093,1,1
2022-11-22,2022-11-23,train_in_sample,QQQ,0.5874627828598022,1,1
2022-11-22,2022-11-23,train_in_sample,IWM,0.5185053944587708,1,1
2022-11-23,2022-11-25,train_in_sample,SPY,0.5629489421844482,0,0
2022-11-23,2022-11-25,train_in_sample,QQQ,0.6041422486305237,0,0
2022-11-23,2022-11-25,train_in_sample,IWM,0.5107254385948181,1,1
2022-11-25,2022-11-28,train_in_sample,SPY,0.585650622844696,0,0
2022-11-25,2022-11-28,train_in_sample,QQQ,0.6362517476081848,0,0
2022-11-25,2022-11-28,train_in_sample,IWM,0.4780392050743103,0,1
2022-11-28,2022-11-29,train_in_sample,SPY,0.5291098952293396,0,0
2022-11-28,2022-11-29,train_in_sample,QQQ,0.5970529913902283,0,0
2022-11-28,2022-11-29,train_in_sample,IWM,0.4980110228061676,1,0
2022-11-29,2022-11-30,train_in_sample,SPY,0.5879375338554382,1,1
2022-11-29,2022-11-30,train_in_sample,QQQ,0.6210545301437378,1,1
2022-11-29,2022-11-30,train_in_sample,IWM,0.47433027625083923,1,0
2022-11-30,2022-12-01,train_in_sample,SPY,0.5583480000495911,0,0
2022-11-30,2022-12-01,train_in_sample,QQQ,0.5947765111923218,1,1
2022-11-30,2022-12-01,train_in_sample,IWM,0.6012998819351196,0,0
2022-12-01,2022-12-02,train_in_sample,SPY,0.5941070914268494,0,0
2022-12-01,2022-12-02,train_in_sample,QQQ,0.617662250995636,0,0
2022-12-01,2022-12-02,train_in_sample,IWM,0.5123985409736633,1,1
2022-12-02,2022-12-05,train_in_sample,SPY,0.5855637192726135,0,0
2022-12-02,2022-12-05,train_in_sample,QQQ,0.6257308721542358,0,0
2022-12-02,2022-12-05,train_in_sample,IWM,0.5349902510643005,0,0
2022-12-05,2022-12-06,train_in_sample,SPY,0.5353366136550903,0,0
2022-12-05,2022-12-06,train_in_sample,QQQ,0.5753797292709351,0,0
2022-12-05,2022-12-06,train_in_sample,IWM,0.5093819499015808,0,0
2022-12-06,2022-12-07,train_in_sample,SPY,0.5664145350456238,0,0
2022-12-06,2022-12-07,train_in_sample,QQQ,0.5657365322113037,0,0
2022-12-06,2022-12-07,train_in_sample,IWM,0.5297127366065979,0,0
2022-12-07,2022-12-08,train_in_sample,SPY,0.5392561554908752,1,1
2022-12-07,2022-12-08,train_in_sample,QQQ,0.5737838745117188,1,1
2022-12-07,2022-12-08,train_in_sample,IWM,0.5143373608589172,1,1
2022-12-08,2022-12-09,train_in_sample,SPY,0.5541106462478638,0,0
2022-12-08,2022-12-09,train_in_sample,QQQ,0.5988043546676636,0,0
2022-12-08,2022-12-09,train_in_sample,IWM,0.5444797277450562,0,0
2022-12-09,2022-12-12,train_in_sample,SPY,0.526287317276001,1,1
2022-12-09,2022-12-12,train_in_sample,QQQ,0.5385868549346924,1,1
2022-12-09,2022-12-12,train_in_sample,IWM,0.5168484449386597,1,1
2022-12-12,2022-12-13,train_in_sample,SPY,0.5699658989906311,1,1
2022-12-12,2022-12-13,train_in_sample,QQQ,0.5946638584136963,1,1
2022-12-12,2022-12-13,train_in_sample,IWM,0.5619791150093079,1,1
2022-12-13,2022-12-14,train_in_sample,SPY,0.5920752286911011,0,0
2022-12-13,2022-12-14,train_in_sample,QQQ,0.5536658763885498,0,0
2022-12-13,2022-12-14,train_in_sample,IWM,0.5574353337287903,0,0
2022-12-14,2022-12-15,train_in_sample,SPY,0.5676695108413696,0,0
2022-12-14,2022-12-15,train_in_sample,QQQ,0.5700857639312744,0,0
2022-12-14,2022-12-15,train_in_sample,IWM,0.5241460800170898,0,0
2022-12-15,2022-12-16,train_in_sample,SPY,0.524743378162384,0,0
2022-12-15,2022-12-16,train_in_sample,QQQ,0.5216121673583984,0,0
2022-12-15,2022-12-16,train_in_sample,IWM,0.5234088897705078,0,0
2022-12-16,2022-12-19,train_in_sample,SPY,0.5677082538604736,0,0
2022-12-16,2022-12-19,train_in_sample,QQQ,0.5538778305053711,0,0
2022-12-16,2022-12-19,train_in_sample,IWM,0.5344998240470886,0,0
2022-12-19,2022-12-20,train_in_sample,SPY,0.5703855752944946,1,1
2022-12-19,2022-12-20,train_in_sample,QQQ,0.5653349161148071,0,0
2022-12-19,2022-12-20,train_in_sample,IWM,0.5329840779304504,1,1
2022-12-20,2022-12-21,train_in_sample,SPY,0.5761956572532654,1,1
2022-12-20,2022-12-21,train_in_sample,QQQ,0.5936254858970642,1,1
2022-12-20,2022-12-21,train_in_sample,IWM,0.5268048644065857,1,1
2022-12-21,2022-12-22,train_in_sample,SPY,0.5838562846183777,0,0
2022-12-21,2022-12-22,train_in_sample,QQQ,0.6229037046432495,0,0
2022-12-21,2022-12-22,train_in_sample,IWM,0.5175971984863281,0,0
2022-12-22,2022-12-23,train_in_sample,SPY,0.5722054243087769,1,1
2022-12-22,2022-12-23,train_in_sample,QQQ,0.5822389125823975,1,1
2022-12-22,2022-12-23,train_in_sample,IWM,0.5227406024932861,1,1
2022-12-23,2022-12-27,train_in_sample,SPY,0.5805782675743103,0,0
2022-12-23,2022-12-27,train_in_sample,QQQ,0.6216562390327454,0,0
2022-12-23,2022-12-27,train_in_sample,IWM,0.4951185882091522,0,1
2022-12-27,2022-12-28,train_in_sample,SPY,0.5983937978744507,0,0
2022-12-27,2022-12-28,train_in_sample,QQQ,0.6057575345039368,0,0
2022-12-27,2022-12-28,train_in_sample,IWM,0.5081347227096558,0,0
2022-12-28,2022-12-29,train_in_sample,SPY,0.5319957137107849,1,1
2022-12-28,2022-12-29,train_in_sample,QQQ,0.5795161128044128,1,1
2022-12-28,2022-12-29,train_in_sample,IWM,0.5245662331581116,1,1
2022-12-29,2022-12-30,train_in_sample,SPY,0.586424708366394,0,0
2022-12-29,2022-12-30,train_in_sample,QQQ,0.6180700063705444,0,0
2022-12-29,2022-12-30,train_in_sample,IWM,0.5430387854576111,0,0
2022-12-30,2023-01-03,train_in_sample,SPY,0.5680310726165771,0,0
2022-12-30,2023-01-03,train_in_sample,QQQ,0.5962826609611511,0,0
2022-12-30,2023-01-03,train_in_sample,IWM,0.5503843426704407,0,0
2023-01-03,2023-01-04,train_in_sample,SPY,0.5563995242118835,1,1
2023-01-03,2023-01-04,train_in_sample,QQQ,0.5760242938995361,1,1
2023-01-03,2023-01-04,train_in_sample,IWM,0.5508652329444885,1,1
2023-01-04,2023-01-05,train_in_sample,SPY,0.6137101650238037,0,0
2023-01-04,2023-01-05,train_in_sample,QQQ,0.6155057549476624,0,0
2023-01-04,2023-01-05,train_in_sample,IWM,0.5321344137191772,0,0
2023-01-05,2023-01-06,train_in_sample,SPY,0.5656319856643677,1,1
2023-01-05,2023-01-06,train_in_sample,QQQ,0.5640049576759338,1,1
2023-01-05,2023-01-06,train_in_sample,IWM,0.5037440061569214,1,1
2023-01-06,2023-01-09,train_in_sample,SPY,0.591513991355896,0,0
2023-01-06,2023-01-09,train_in_sample,QQQ,0.6153773665428162,1,1
2023-01-06,2023-01-09,train_in_sample,IWM,0.5781624913215637,1,1
2023-01-09,2023-01-10,train_in_sample,SPY,0.5648178458213806,1,1
2023-01-09,2023-01-10,train_in_sample,QQQ,0.605223536491394,1,1
2023-01-09,2023-01-10,train_in_sample,IWM,0.5337871313095093,1,1
2023-01-10,2023-01-11,train_in_sample,SPY,0.5918554663658142,1,1
2023-01-10,2023-01-11,train_in_sample,QQQ,0.6314190626144409,1,1
2023-01-10,2023-01-11,train_in_sample,IWM,0.5212658047676086,1,1
2023-01-11,2023-01-12,train_in_sample,SPY,0.5843666195869446,1,1
2023-01-11,2023-01-12,train_in_sample,QQQ,0.6122942566871643,1,1
2023-01-11,2023-01-12,train_in_sample,IWM,0.5549737215042114,1,1
2023-01-12,2023-01-13,train_in_sample,SPY,0.5874021649360657,1,1
2023-01-12,2023-01-13,train_in_sample,QQQ,0.6154726147651672,1,1
2023-01-12,2023-01-13,train_in_sample,IWM,0.518257737159729,1,1
2023-01-13,2023-01-17,train_in_sample,SPY,0.578874945640564,0,0
2023-01-13,2023-01-17,train_in_sample,QQQ,0.6367594599723816,1,1
2023-01-13,2023-01-17,train_in_sample,IWM,0.5469564199447632,0,0
2023-01-17,2023-01-18,train_in_sample,SPY,0.5651819705963135,0,0
2023-01-17,2023-01-18,train_in_sample,QQQ,0.6039425134658813,0,0
2023-01-17,2023-01-18,train_in_sample,IWM,0.5275671482086182,0,0
2023-01-18,2023-01-19,train_in_sample,SPY,0.5503736138343811,0,0
2023-01-18,2023-01-19,train_in_sample,QQQ,0.5452054738998413,0,0
2023-01-18,2023-01-19,train_in_sample,IWM,0.5259038209915161,0,0
2023-01-19,2023-01-20,train_in_sample,SPY,0.5776548385620117,1,1
2023-01-19,2023-01-20,train_in_sample,QQQ,0.5808535814285278,1,1
2023-01-19,2023-01-20,train_in_sample,IWM,0.5162338614463806,1,1
2023-01-20,2023-01-23,train_in_sample,SPY,0.5755702257156372,1,1
2023-01-20,2023-01-23,train_in_sample,QQQ,0.6056466102600098,1,1
2023-01-20,2023-01-23,train_in_sample,IWM,0.5506327748298645,1,1
2023-01-23,2023-01-24,train_in_sample,SPY,0.5724276900291443,0,0
2023-01-23,2023-01-24,train_in_sample,QQQ,0.6057584285736084,0,0
2023-01-23,2023-01-24,train_in_sample,IWM,0.5756254196166992,0,0
2023-01-24,2023-01-25,train_in_sample,SPY,0.5742683410644531,1,1
2023-01-24,2023-01-25,train_in_sample,QQQ,0.6012035608291626,0,0
2023-01-24,2023-01-25,train_in_sample,IWM,0.5312092304229736,1,1
2023-01-25,2023-01-26,train_in_sample,SPY,0.5785648822784424,1,1
2023-01-25,2023-01-26,train_in_sample,QQQ,0.6331937909126282,1,1
2023-01-25,2023-01-26,train_in_sample,IWM,0.5479592084884644,1,1
2023-01-26,2023-01-27,train_in_sample,SPY,0.5732724666595459,1,1
2023-01-26,2023-01-27,train_in_sample,QQQ,0.5889983177185059,1,1
2023-01-26,2023-01-27,train_in_sample,IWM,0.5464997291564941,1,1
2023-01-27,2023-01-30,train_in_sample,SPY,0.5501388311386108,0,0
2023-01-27,2023-01-30,train_in_sample,QQQ,0.5933594703674316,0,0
2023-01-27,2023-01-30,train_in_sample,IWM,0.5436595678329468,0,0
2023-01-30,2023-01-31,train_in_sample,SPY,0.573180615901947,1,1
2023-01-30,2023-01-31,train_in_sample,QQQ,0.5790491700172424,1,1
2023-01-30,2023-01-31,train_in_sample,IWM,0.503261148929596,1,1
2023-01-31,2023-02-01,train_in_sample,SPY,0.5948688983917236,1,1
2023-01-31,2023-02-01,train_in_sample,QQQ,0.6313570141792297,1,1
2023-01-31,2023-02-01,train_in_sample,IWM,0.5150293707847595,1,1
2023-02-01,2023-02-02,train_in_sample,SPY,0.5619204640388489,1,1
2023-02-01,2023-02-02,train_in_sample,QQQ,0.6080077886581421,1,1
2023-02-01,2023-02-02,train_in_sample,IWM,0.5764737129211426,1,1
2023-02-02,2023-02-03,train_in_sample,SPY,0.5498277544975281,0,0
2023-02-02,2023-02-03,train_in_sample,QQQ,0.5757532119750977,0,0
2023-02-02,2023-02-03,train_in_sample,IWM,0.5616921782493591,0,0
2023-02-03,2023-02-06,train_in_sample,SPY,0.5550799369812012,0,0
2023-02-03,2023-02-06,train_in_sample,QQQ,0.5860318541526794,0,0
2023-02-03,2023-02-06,train_in_sample,IWM,0.5044671297073364,0,0
2023-02-06,2023-02-07,train_in_sample,SPY,0.5428105592727661,1,1
2023-02-06,2023-02-07,train_in_sample,QQQ,0.5623135566711426,1,1
2023-02-06,2023-02-07,train_in_sample,IWM,0.4874151051044464,1,0
2023-02-07,2023-02-08,train_in_sample,SPY,0.566385805606842,0,0
2023-02-07,2023-02-08,train_in_sample,QQQ,0.6024487018585205,0,0
2023-02-07,2023-02-08,train_in_sample,IWM,0.5746753215789795,0,0
2023-02-08,2023-02-09,train_in_sample,SPY,0.5758065581321716,0,0
2023-02-08,2023-02-09,train_in_sample,QQQ,0.5843947529792786,0,0
2023-02-08,2023-02-09,train_in_sample,IWM,0.5105524063110352,0,0
2023-02-09,2023-02-10,train_in_sample,SPY,0.5583156943321228,1,1
2023-02-09,2023-02-10,train_in_sample,QQQ,0.5622563362121582,0,0
2023-02-09,2023-02-10,train_in_sample,IWM,0.5182532668113708,1,1
2023-02-10,2023-02-13,train_in_sample,SPY,0.5935006141662598,1,1
2023-02-10,2023-02-13,train_in_sample,QQQ,0.6129878759384155,1,1
2023-02-10,2023-02-13,train_in_sample,IWM,0.5115214586257935,1,1
2023-02-13,2023-02-14,train_in_sample,SPY,0.5861710906028748,0,0
2023-02-13,2023-02-14,train_in_sample,QQQ,0.5999652147293091,1,1
2023-02-13,2023-02-14,train_in_sample,IWM,0.5619994401931763,0,0
2023-02-14,2023-02-15,train_in_sample,SPY,0.5486462116241455,1,1
2023-02-14,2023-02-15,train_in_sample,QQQ,0.5965272784233093,1,1
2023-02-14,2023-02-15,train_in_sample,IWM,0.5460240840911865,1,1
2023-02-15,2023-02-16,train_in_sample,SPY,0.5788499712944031,0,0
2023-02-15,2023-02-16,train_in_sample,QQQ,0.609030544757843,0,0
2023-02-15,2023-02-16,train_in_sample,IWM,0.5460008978843689,0,0
2023-02-16,2023-02-17,train_in_sample,SPY,0.5687084794044495,0,0
2023-02-16,2023-02-17,train_in_sample,QQQ,0.5626901388168335,0,0
2023-02-16,2023-02-17,train_in_sample,IWM,0.5244022011756897,1,1
2023-02-17,2023-02-21,train_in_sample,SPY,0.612508237361908,0,0
2023-02-17,2023-02-21,train_in_sample,QQQ,0.6263155937194824,0,0
2023-02-17,2023-02-21,train_in_sample,IWM,0.5349640846252441,0,0
2023-02-21,2023-02-22,train_in_sample,SPY,0.5220091938972473,0,0
2023-02-21,2023-02-22,train_in_sample,QQQ,0.5655303001403809,1,1
2023-02-21,2023-02-22,train_in_sample,IWM,0.5250659584999084,1,1
2023-02-22,2023-02-23,train_in_sample,SPY,0.5791968107223511,1,1
2023-02-22,2023-02-23,train_in_sample,QQQ,0.6016190648078918,1,1
2023-02-22,2023-02-23,train_in_sample,IWM,0.5202323198318481,1,1
2023-02-23,2023-02-24,train_in_sample,SPY,0.6052013635635376,0,0
2023-02-23,2023-02-24,train_in_sample,QQQ,0.5939541459083557,0,0
2023-02-23,2023-02-24,train_in_sample,IWM,0.5383415222167969,0,0
2023-02-24,2023-02-27,train_in_sample,SPY,0.5524910688400269,1,1
2023-02-24,2023-02-27,train_in_sample,QQQ,0.5760860443115234,1,1
2023-02-24,2023-02-27,train_in_sample,IWM,0.5193185806274414,1,1
2023-02-27,2023-02-28,train_in_sample,SPY,0.5759174823760986,0,0
2023-02-27,2023-02-28,train_in_sample,QQQ,0.5917477011680603,0,0
2023-02-27,2023-02-28,train_in_sample,IWM,0.5003213882446289,1,1
2023-02-28,2023-03-01,train_in_sample,SPY,0.5818246603012085,0,0
2023-02-28,2023-03-01,train_in_sample,QQQ,0.599705696105957,0,0
2023-02-28,2023-03-01,train_in_sample,IWM,0.5095527172088623,1,1
2023-03-01,2023-03-02,train_in_sample,SPY,0.5646986961364746,1,1
2023-03-01,2023-03-02,train_in_sample,QQQ,0.5702598094940186,1,1
2023-03-01,2023-03-02,train_in_sample,IWM,0.5055637955665588,1,1
2023-03-02,2023-03-03,train_in_sample,SPY,0.5596930980682373,1,1
2023-03-02,2023-03-03,train_in_sample,QQQ,0.6079424023628235,1,1
2023-03-02,2023-03-03,train_in_sample,IWM,0.5535644888877869,1,1
2023-03-03,2023-03-06,train_in_sample,SPY,0.5848190188407898,1,1
2023-03-03,2023-03-06,train_in_sample,QQQ,0.5856892466545105,1,1
2023-03-03,2023-03-06,train_in_sample,IWM,0.5557842254638672,0,0
2023-03-06,2023-03-07,train_in_sample,SPY,0.560309886932373,0,0
2023-03-06,2023-03-07,train_in_sample,QQQ,0.5585710406303406,0,0
2023-03-06,2023-03-07,train_in_sample,IWM,0.5352247357368469,0,0
2023-03-07,2023-03-08,train_in_sample,SPY,0.5617148876190186,1,1
2023-03-07,2023-03-08,train_in_sample,QQQ,0.5750884413719177,1,1
2023-03-07,2023-03-08,train_in_sample,IWM,0.5271843075752258,1,1
2023-03-08,2023-03-09,train_in_sample,SPY,0.5737826228141785,0,0
2023-03-08,2023-03-09,train_in_sample,QQQ,0.6031819581985474,0,0
2023-03-08,2023-03-09,train_in_sample,IWM,0.532359778881073,0,0
2023-03-09,2023-03-10,train_in_sample,SPY,0.5015953779220581,0,0
2023-03-09,2023-03-10,train_in_sample,QQQ,0.4984338581562042,0,1
2023-03-09,2023-03-10,train_in_sample,IWM,0.5423312783241272,0,0
2023-03-10,2023-03-13,train_in_sample,SPY,0.5095138549804688,0,0
2023-03-10,2023-03-13,train_in_sample,QQQ,0.5283005237579346,1,1
2023-03-10,2023-03-13,train_in_sample,IWM,0.5393142700195312,0,0
2023-03-13,2023-03-14,train_in_sample,SPY,0.5411263108253479,1,1
2023-03-13,2023-03-14,train_in_sample,QQQ,0.5483063459396362,1,1
2023-03-13,2023-03-14,train_in_sample,IWM,0.5926627516746521,1,1
2023-03-14,2023-03-15,train_in_sample,SPY,0.5967980623245239,0,0
2023-03-14,2023-03-15,train_in_sample,QQQ,0.5948424339294434,1,1
2023-03-14,2023-03-15,train_in_sample,IWM,0.5433558225631714,0,0
2023-03-15,2023-03-16,train_in_sample,SPY,0.528454065322876,1,1
2023-03-15,2023-03-16,train_in_sample,QQQ,0.5613082647323608,1,1
2023-03-15,2023-03-16,train_in_sample,IWM,0.5655160546302795,1,1
2023-03-16,2023-03-17,train_in_sample,SPY,0.561968207359314,0,0
2023-03-16,2023-03-17,train_in_sample,QQQ,0.5691760182380676,0,0
2023-03-16,2023-03-17,train_in_sample,IWM,0.5950353145599365,0,0
2023-03-17,2023-03-20,train_in_sample,SPY,0.5506160259246826,1,1
2023-03-17,2023-03-20,train_in_sample,QQQ,0.5477496385574341,1,1
2023-03-17,2023-03-20,train_in_sample,IWM,0.5464218258857727,1,1
2023-03-20,2023-03-21,train_in_sample,SPY,0.609092652797699,1,1
2023-03-20,2023-03-21,train_in_sample,QQQ,0.6098523139953613,1,1
2023-03-20,2023-03-21,train_in_sample,IWM,0.5534749627113342,1,1
2023-03-21,2023-03-22,train_in_sample,SPY,0.5839827656745911,0,0
2023-03-21,2023-03-22,train_in_sample,QQQ,0.5857222676277161,0,0
2023-03-21,2023-03-22,train_in_sample,IWM,0.5299013257026672,0,0
2023-03-22,2023-03-23,train_in_sample,SPY,0.5307731628417969,1,1
2023-03-22,2023-03-23,train_in_sample,QQQ,0.5588948130607605,1,1
2023-03-22,2023-03-23,train_in_sample,IWM,0.5547628402709961,0,0
2023-03-23,2023-03-24,train_in_sample,SPY,0.5485081076622009,1,1
2023-03-23,2023-03-24,train_in_sample,QQQ,0.5589542984962463,1,1
2023-03-23,2023-03-24,train_in_sample,IWM,0.5802909135818481,1,1
2023-03-24,2023-03-27,train_in_sample,SPY,0.590425968170166,1,1
2023-03-24,2023-03-27,train_in_sample,QQQ,0.5865208506584167,0,0
2023-03-24,2023-03-27,train_in_sample,IWM,0.5543559193611145,1,1
2023-03-27,2023-03-28,train_in_sample,SPY,0.6184250712394714,0,0
2023-03-27,2023-03-28,train_in_sample,QQQ,0.6400163769721985,0,0
2023-03-27,2023-03-28,train_in_sample,IWM,0.5271878242492676,0,0
2023-03-28,2023-03-29,train_in_sample,SPY,0.5718245506286621,1,1
2023-03-28,2023-03-29,train_in_sample,QQQ,0.5864730477333069,1,1
2023-03-28,2023-03-29,train_in_sample,IWM,0.5115996599197388,1,1
2023-03-29,2023-03-30,train_in_sample,SPY,0.579463005065918,1,1
2023-03-29,2023-03-30,train_in_sample,QQQ,0.6018006801605225,1,1
2023-03-29,2023-03-30,train_in_sample,IWM,0.5252224802970886,0,0
2023-03-30,2023-03-31,train_in_sample,SPY,0.5610458254814148,1,1
2023-03-30,2023-03-31,train_in_sample,QQQ,0.5937051177024841,1,1
2023-03-30,2023-03-31,train_in_sample,IWM,0.5271977782249451,1,1
2023-03-31,2023-04-03,train_in_sample,SPY,0.5857848525047302,1,1
2023-03-31,2023-04-03,train_in_sample,QQQ,0.6333647966384888,0,0
2023-03-31,2023-04-03,train_in_sample,IWM,0.5472673177719116,1,1
2023-04-03,2023-04-04,train_in_sample,SPY,0.5931060910224915,0,0
2023-04-03,2023-04-04,train_in_sample,QQQ,0.6075589060783386,0,0
2023-04-03,2023-04-04,train_in_sample,IWM,0.5199185609817505,0,0
2023-04-04,2023-04-05,train_in_sample,SPY,0.5251756310462952,0,0
2023-04-04,2023-04-05,train_in_sample,QQQ,0.5515682101249695,0,0
2023-04-04,2023-04-05,train_in_sample,IWM,0.5119699835777283,0,0
2023-04-05,2023-04-06,train_in_sample,SPY,0.5870957970619202,1,1
2023-04-05,2023-04-06,train_in_sample,QQQ,0.6003325581550598,1,1
2023-04-05,2023-04-06,train_in_sample,IWM,0.5124433636665344,1,1
2023-04-06,2023-04-10,train_in_sample,SPY,0.5769039988517761,1,1
2023-04-06,2023-04-10,train_in_sample,QQQ,0.6208901405334473,0,0
2023-04-06,2023-04-10,train_in_sample,IWM,0.5311499238014221,1,1
2023-04-10,2023-04-11,train_in_sample,SPY,0.6002823114395142,1,1
2023-04-10,2023-04-11,train_in_sample,QQQ,0.6511027216911316,0,0
2023-04-10,2023-04-11,train_in_sample,IWM,0.5328114032745361,1,1
2023-04-11,2023-04-12,train_in_sample,SPY,0.6052993535995483,0,0
2023-04-11,2023-04-12,train_in_sample,QQQ,0.657042384147644,0,0
2023-04-11,2023-04-12,train_in_sample,IWM,0.4855419397354126,0,1
2023-04-12,2023-04-13,train_in_sample,SPY,0.5736364126205444,1,1
2023-04-12,2023-04-13,train_in_sample,QQQ,0.5993794202804565,1,1
2023-04-12,2023-04-13,train_in_sample,IWM,0.5183401107788086,1,1
2023-04-13,2023-04-14,train_in_sample,SPY,0.5641540884971619,0,0
2023-04-13,2023-04-14,train_in_sample,QQQ,0.5963467955589294,0,0
2023-04-13,2023-04-14,train_in_sample,IWM,0.558571457862854,0,0
2023-04-14,2023-04-17,train_in_sample,SPY,0.5588964819908142,1,1
2023-04-14,2023-04-17,train_in_sample,QQQ,0.5759900808334351,1,1
2023-04-14,2023-04-17,train_in_sample,IWM,0.5103147029876709,1,1
2023-04-17,2023-04-18,train_in_sample,SPY,0.6025713682174683,1,1
2023-04-17,2023-04-18,train_in_sample,QQQ,0.6285796761512756,1,1
2023-04-17,2023-04-18,train_in_sample,IWM,0.5189107060432434,0,0
2023-04-18,2023-04-19,train_in_sample,SPY,0.5655962228775024,0,0
2023-04-18,2023-04-19,train_in_sample,QQQ,0.5841904282569885,0,0
2023-04-18,2023-04-19,train_in_sample,IWM,0.5034117698669434,1,1
2023-04-19,2023-04-20,train_in_sample,SPY,0.5640618801116943,0,0
2023-04-19,2023-04-20,train_in_sample,QQQ,0.5969120264053345,0,0
2023-04-19,2023-04-20,train_in_sample,IWM,0.5217625498771667,0,0
2023-04-20,2023-04-21,train_in_sample,SPY,0.5769645571708679,1,1
2023-04-20,2023-04-21,train_in_sample,QQQ,0.6247603297233582,1,1
2023-04-20,2023-04-21,train_in_sample,IWM,0.5124710202217102,1,1
2023-04-21,2023-04-24,train_in_sample,SPY,0.5636546015739441,1,1
2023-04-21,2023-04-24,train_in_sample,QQQ,0.5900174379348755,0,0
2023-04-21,2023-04-24,train_in_sample,IWM,0.5228936672210693,0,0
2023-04-24,2023-04-25,train_in_sample,SPY,0.6066944599151611,0,0
2023-04-24,2023-04-25,train_in_sample,QQQ,0.6265340447425842,0,0
2023-04-24,2023-04-25,train_in_sample,IWM,0.5333360433578491,0,0
2023-04-25,2023-04-26,train_in_sample,SPY,0.5277286171913147,0,0
2023-04-25,2023-04-26,train_in_sample,QQQ,0.5546165108680725,1,1
2023-04-25,2023-04-26,train_in_sample,IWM,0.5284750461578369,0,0
2023-04-26,2023-04-27,train_in_sample,SPY,0.5449739694595337,1,1
2023-04-26,2023-04-27,train_in_sample,QQQ,0.5693561434745789,1,1
2023-04-26,2023-04-27,train_in_sample,IWM,0.5274197459220886,1,1
2023-04-27,2023-04-28,train_in_sample,SPY,0.5895129442214966,1,1
2023-04-27,2023-04-28,train_in_sample,QQQ,0.6084430813789368,1,1
2023-04-27,2023-04-28,train_in_sample,IWM,0.5693501234054565,1,1
2023-04-28,2023-05-01,train_in_sample,SPY,0.5849656462669373,0,0
2023-04-28,2023-05-01,train_in_sample,QQQ,0.5961750149726868,0,0
2023-04-28,2023-05-01,train_in_sample,IWM,0.5443405508995056,1,1
2023-05-01,2023-05-02,train_in_sample,SPY,0.5805941820144653,0,0
2023-05-01,2023-05-02,train_in_sample,QQQ,0.6006653904914856,0,0
2023-05-01,2023-05-02,train_in_sample,IWM,0.5225983262062073,0,0
2023-05-02,2023-05-03,train_in_sample,SPY,0.5085205435752869,0,0
2023-05-02,2023-05-03,train_in_sample,QQQ,0.5469956994056702,0,0
2023-05-02,2023-05-03,train_in_sample,IWM,0.510253369808197,1,1
2023-05-03,2023-05-04,train_in_sample,SPY,0.5753124356269836,0,0
2023-05-03,2023-05-04,train_in_sample,QQQ,0.6013182401657104,0,0
2023-05-03,2023-05-04,train_in_sample,IWM,0.5392797589302063,0,0
2023-05-04,2023-05-05,train_in_sample,SPY,0.5300790071487427,1,1
2023-05-04,2023-05-05,train_in_sample,QQQ,0.5828513503074646,1,1
2023-05-04,2023-05-05,train_in_sample,IWM,0.5397973656654358,1,1
2023-05-05,2023-05-08,train_in_sample,SPY,0.5850613713264465,1,1
2023-05-05,2023-05-08,train_in_sample,QQQ,0.6183851361274719,1,1
2023-05-05,2023-05-08,train_in_sample,IWM,0.5525838136672974,0,0
2023-05-08,2023-05-09,train_in_sample,SPY,0.5509844422340393,0,0
2023-05-08,2023-05-09,train_in_sample,QQQ,0.5760891437530518,0,0
2023-05-08,2023-05-09,train_in_sample,IWM,0.5053679943084717,0,0
2023-05-09,2023-05-10,train_in_sample,SPY,0.5327281355857849,1,1
2023-05-09,2023-05-10,train_in_sample,QQQ,0.5769184827804565,1,1
2023-05-09,2023-05-10,train_in_sample,IWM,0.4892711043357849,1,0
2023-05-10,2023-05-11,train_in_sample,SPY,0.5632535815238953,0,0
2023-05-10,2023-05-11,train_in_sample,QQQ,0.5920753479003906,1,1
2023-05-10,2023-05-11,train_in_sample,IWM,0.5361214876174927,0,0
2023-05-11,2023-05-12,train_in_sample,SPY,0.5521997809410095,0,0
2023-05-11,2023-05-12,train_in_sample,QQQ,0.5946987271308899,0,0
2023-05-11,2023-05-12,train_in_sample,IWM,0.5348065495491028,0,0
2023-05-12,2023-05-15,train_in_sample,SPY,0.5545974373817444,1,1
2023-05-12,2023-05-15,train_in_sample,QQQ,0.6094442009925842,1,1
2023-05-12,2023-05-15,train_in_sample,IWM,0.5223867297172546,1,1
2023-05-15,2023-05-16,train_in_sample,SPY,0.5864988565444946,0,0
2023-05-15,2023-05-16,train_in_sample,QQQ,0.6320214867591858,1,1
2023-05-15,2023-05-16,train_in_sample,IWM,0.5147525668144226,0,0
2023-05-16,2023-05-17,train_in_sample,SPY,0.4988223612308502,1,0
2023-05-16,2023-05-17,train_in_sample,QQQ,0.5590385794639587,1,1
2023-05-16,2023-05-17,train_in_sample,IWM,0.5180104374885559,1,1
2023-05-17,2023-05-18,train_in_sample,SPY,0.6097453832626343,1,1
2023-05-17,2023-05-18,train_in_sample,QQQ,0.6363233923912048,1,1
2023-05-17,2023-05-18,train_in_sample,IWM,0.5606562495231628,1,1
2023-05-18,2023-05-19,train_in_sample,SPY,0.5687132477760315,0,0
2023-05-18,2023-05-19,train_in_sample,QQQ,0.5978369116783142,0,0
2023-05-18,2023-05-19,train_in_sample,IWM,0.5684034824371338,0,0
2023-05-19,2023-05-22,train_in_sample,SPY,0.570702075958252,1,1
2023-05-19,2023-05-22,train_in_sample,QQQ,0.5718610286712646,1,1
2023-05-19,2023-05-22,train_in_sample,IWM,0.5113107562065125,1,1
2023-05-22,2023-05-23,train_in_sample,SPY,0.6107694506645203,0,0
2023-05-22,2023-05-23,train_in_sample,QQQ,0.6491370797157288,0,0
2023-05-22,2023-05-23,train_in_sample,IWM,0.5241042971611023,0,0
2023-05-23,2023-05-24,train_in_sample,SPY,0.5817531943321228,0,0
2023-05-23,2023-05-24,train_in_sample,QQQ,0.6097116470336914,0,0
2023-05-23,2023-05-24,train_in_sample,IWM,0.5035214424133301,0,0
2023-05-24,2023-05-25,train_in_sample,SPY,0.5513341426849365,1,1
2023-05-24,2023-05-25,train_in_sample,QQQ,0.5861276388168335,1,1
2023-05-24,2023-05-25,train_in_sample,IWM,0.5044304728507996,0,0
2023-05-25,2023-05-26,train_in_sample,SPY,0.5302413105964661,1,1
2023-05-25,2023-05-26,train_in_sample,QQQ,0.5420361757278442,1,1
2023-05-25,2023-05-26,train_in_sample,IWM,0.549547553062439,1,1
2023-05-26,2023-05-30,train_in_sample,SPY,0.5756596326828003,1,1
2023-05-26,2023-05-30,train_in_sample,QQQ,0.6265461444854736,1,1
2023-05-26,2023-05-30,train_in_sample,IWM,0.568317711353302,0,0
2023-05-30,2023-05-31,train_in_sample,SPY,0.5667082667350769,0,0
2023-05-30,2023-05-31,train_in_sample,QQQ,0.5868165493011475,0,0
2023-05-30,2023-05-31,train_in_sample,IWM,0.530467689037323,0,0
2023-05-31,2023-06-01,train_in_sample,SPY,0.5566030144691467,1,1
2023-05-31,2023-06-01,train_in_sample,QQQ,0.5942763090133667,1,1
2023-05-31,2023-06-01,train_in_sample,IWM,0.5366790890693665,1,1
2023-06-01,2023-06-02,train_in_sample,SPY,0.5970285534858704,1,1
2023-06-01,2023-06-02,train_in_sample,QQQ,0.6281809210777283,1,1
2023-06-01,2023-06-02,train_in_sample,IWM,0.5450870394706726,1,1
2023-06-02,2023-06-05,train_in_sample,SPY,0.638538122177124,0,0
2023-06-02,2023-06-05,train_in_sample,QQQ,0.6489178538322449,1,1
2023-06-02,2023-06-05,train_in_sample,IWM,0.5283182859420776,0,0
2023-06-05,2023-06-06,train_in_sample,SPY,0.5588122010231018,1,1
2023-06-05,2023-06-06,train_in_sample,QQQ,0.5992928147315979,0,0
2023-06-05,2023-06-06,train_in_sample,IWM,0.5188238024711609,1,1
2023-06-06,2023-06-07,train_in_sample,SPY,0.6173471212387085,0,0
2023-06-06,2023-06-07,train_in_sample,QQQ,0.6757072806358337,0,0
2023-06-06,2023-06-07,train_in_sample,IWM,0.5033702254295349,1,1
2023-06-07,2023-06-08,train_in_sample,SPY,0.6186302304267883,1,1
2023-06-07,2023-06-08,train_in_sample,QQQ,0.6351897716522217,1,1
2023-06-07,2023-06-08,train_in_sample,IWM,0.5120123028755188,0,0
2023-06-08,2023-06-09,train_in_sample,SPY,0.560137152671814,1,1
2023-06-08,2023-06-09,train_in_sample,QQQ,0.5994694232940674,1,1
2023-06-08,2023-06-09,train_in_sample,IWM,0.5466119050979614,0,0
2023-06-09,2023-06-12,train_in_sample,SPY,0.5640160441398621,1,1
2023-06-09,2023-06-12,train_in_sample,QQQ,0.5735123753547668,1,1
2023-06-09,2023-06-12,train_in_sample,IWM,0.5212728977203369,1,1
2023-06-12,2023-06-13,train_in_sample,SPY,0.5822861194610596,1,1
2023-06-12,2023-06-13,train_in_sample,QQQ,0.6175798177719116,1,1
2023-06-12,2023-06-13,train_in_sample,IWM,0.5498717427253723,1,1
2023-06-13,2023-06-14,train_in_sample,SPY,0.612869143486023,1,1
2023-06-13,2023-06-14,train_in_sample,QQQ,0.6272810101509094,1,1
2023-06-13,2023-06-14,train_in_sample,IWM,0.5281713008880615,0,0
2023-06-14,2023-06-15,train_in_sample,SPY,0.5398944616317749,1,1
2023-06-14,2023-06-15,train_in_sample,QQQ,0.5673754215240479,1,1
2023-06-14,2023-06-15,train_in_sample,IWM,0.5469785928726196,1,1
2023-06-15,2023-06-16,train_in_sample,SPY,0.5741599798202515,0,0
2023-06-15,2023-06-16,train_in_sample,QQQ,0.6117043495178223,0,0
2023-06-15,2023-06-16,train_in_sample,IWM,0.5551249384880066,0,0
2023-06-16,2023-06-20,train_in_sample,SPY,0.5830226540565491,0,0
2023-06-16,2023-06-20,train_in_sample,QQQ,0.5900519490242004,0,0
2023-06-16,2023-06-20,train_in_sample,IWM,0.5343177318572998,0,0
2023-06-20,2023-06-21,train_in_sample,SPY,0.5531982183456421,0,0
2023-06-20,2023-06-21,train_in_sample,QQQ,0.5862489342689514,0,0
2023-06-20,2023-06-21,train_in_sample,IWM,0.5401042699813843,0,0
2023-06-21,2023-06-22,train_in_sample,SPY,0.5766841769218445,1,1
2023-06-21,2023-06-22,train_in_sample,QQQ,0.6196793913841248,1,1
2023-06-21,2023-06-22,train_in_sample,IWM,0.49872830510139465,0,1
2023-06-22,2023-06-23,train_in_sample,SPY,0.5447315573692322,0,0
2023-06-22,2023-06-23,train_in_sample,QQQ,0.5735675096511841,0,0
2023-06-22,2023-06-23,train_in_sample,IWM,0.5507753491401672,0,0
2023-06-23,2023-06-26,train_in_sample,SPY,0.5461119413375854,0,0
2023-06-23,2023-06-26,train_in_sample,QQQ,0.5774664282798767,0,0
2023-06-23,2023-06-26,train_in_sample,IWM,0.5167877674102783,1,1
2023-06-26,2023-06-27,train_in_sample,SPY,0.6160117387771606,1,1
2023-06-26,2023-06-27,train_in_sample,QQQ,0.6472868919372559,1,1
2023-06-26,2023-06-27,train_in_sample,IWM,0.5298173427581787,1,1
2023-06-27,2023-06-28,train_in_sample,SPY,0.5752140879631042,1,1
2023-06-27,2023-06-28,train_in_sample,QQQ,0.6199002861976624,1,1
2023-06-27,2023-06-28,train_in_sample,IWM,0.5560905933380127,1,1
2023-06-28,2023-06-29,train_in_sample,SPY,0.5840201377868652,1,1
2023-06-28,2023-06-29,train_in_sample,QQQ,0.612622857093811,0,0
2023-06-28,2023-06-29,train_in_sample,IWM,0.5363401770591736,1,1
2023-06-29,2023-06-30,train_in_sample,SPY,0.6203250885009766,1,1
2023-06-29,2023-06-30,train_in_sample,QQQ,0.6350137591362,1,1
2023-06-29,2023-06-30,train_in_sample,IWM,0.529052734375,1,1
2023-06-30,2023-07-03,train_in_sample,SPY,0.5684075951576233,1,1
2023-06-30,2023-07-03,train_in_sample,QQQ,0.5933818221092224,1,1
2023-06-30,2023-07-03,train_in_sample,IWM,0.547431468963623,1,1
2023-07-03,2023-07-05,train_in_sample,SPY,0.5890454053878784,0,0
2023-07-03,2023-07-05,train_in_sample,QQQ,0.6485781073570251,0,0
2023-07-03,2023-07-05,train_in_sample,IWM,0.5116839408874512,0,0
2023-07-05,2023-07-06,train_in_sample,SPY,0.5481864809989929,0,0
2023-07-05,2023-07-06,train_in_sample,QQQ,0.5816957950592041,0,0
2023-07-05,2023-07-06,train_in_sample,IWM,0.5091562867164612,0,0
2023-07-06,2023-07-07,train_in_sample,SPY,0.5399534106254578,0,0
2023-07-06,2023-07-07,train_in_sample,QQQ,0.5817297697067261,0,0
2023-07-06,2023-07-07,train_in_sample,IWM,0.5221784710884094,1,1
2023-07-07,2023-07-10,train_in_sample,SPY,0.5993455648422241,1,1
2023-07-07,2023-07-10,train_in_sample,QQQ,0.6454321146011353,1,1
2023-07-07,2023-07-10,train_in_sample,IWM,0.4961523115634918,1,0
2023-07-10,2023-07-11,train_in_sample,SPY,0.6039093732833862,1,1
2023-07-10,2023-07-11,train_in_sample,QQQ,0.6479001641273499,1,1
2023-07-10,2023-07-11,train_in_sample,IWM,0.5182273983955383,1,1
2023-07-11,2023-07-12,train_in_sample,SPY,0.5982011556625366,1,1
2023-07-11,2023-07-12,train_in_sample,QQQ,0.6348350048065186,1,1
2023-07-11,2023-07-12,train_in_sample,IWM,0.5194114446640015,1,1
2023-07-12,2023-07-13,train_in_sample,SPY,0.5778878927230835,1,1
2023-07-12,2023-07-13,train_in_sample,QQQ,0.5999257564544678,1,1
2023-07-12,2023-07-13,train_in_sample,IWM,0.5182380080223083,1,1
2023-07-13,2023-07-14,train_in_sample,SPY,0.5697920322418213,0,0
2023-07-13,2023-07-14,train_in_sample,QQQ,0.6283882260322571,0,0
2023-07-13,2023-07-14,train_in_sample,IWM,0.525775671005249,0,0
2023-07-14,2023-07-17,train_in_sample,SPY,0.5357694029808044,1,1
2023-07-14,2023-07-17,train_in_sample,QQQ,0.5557323694229126,1,1
2023-07-14,2023-07-17,train_in_sample,IWM,0.5274721384048462,1,1
2023-07-17,2023-07-18,train_in_sample,SPY,0.5755202770233154,1,1
2023-07-17,2023-07-18,train_in_sample,QQQ,0.6444436311721802,1,1
2023-07-17,2023-07-18,train_in_sample,IWM,0.523346483707428,1,1
2023-07-18,2023-07-19,train_in_sample,SPY,0.5919793844223022,1,1
2023-07-18,2023-07-19,train_in_sample,QQQ,0.6365437507629395,0,0
2023-07-18,2023-07-19,train_in_sample,IWM,0.5496501922607422,1,1
2023-07-19,2023-07-20,train_in_sample,SPY,0.5910161137580872,0,0
2023-07-19,2023-07-20,train_in_sample,QQQ,0.6211824417114258,0,0
2023-07-19,2023-07-20,train_in_sample,IWM,0.5174641013145447,0,0
2023-07-20,2023-07-21,train_in_sample,SPY,0.5907889604568481,0,0
2023-07-20,2023-07-21,train_in_sample,QQQ,0.6117364168167114,0,0
2023-07-20,2023-07-21,train_in_sample,IWM,0.5046724081039429,0,0
2023-07-21,2023-07-24,train_in_sample,SPY,0.6055917739868164,1,1
2023-07-21,2023-07-24,train_in_sample,QQQ,0.6381785273551941,1,1
2023-07-21,2023-07-24,train_in_sample,IWM,0.5095245242118835,1,1
2023-07-24,2023-07-25,train_in_sample,SPY,0.5777427554130554,1,1
2023-07-24,2023-07-25,train_in_sample,QQQ,0.6162047982215881,1,1
2023-07-24,2023-07-25,train_in_sample,IWM,0.530143678188324,0,0
2023-07-25,2023-07-26,train_in_sample,SPY,0.5524758696556091,1,1
2023-07-25,2023-07-26,train_in_sample,QQQ,0.5967236161231995,0,0
2023-07-25,2023-07-26,train_in_sample,IWM,0.5363900065422058,1,1
2023-07-26,2023-07-27,train_in_sample,SPY,0.5910030603408813,0,0
2023-07-26,2023-07-27,train_in_sample,QQQ,0.650127112865448,0,0
2023-07-26,2023-07-27,train_in_sample,IWM,0.5282152891159058,0,0
2023-07-27,2023-07-28,train_in_sample,SPY,0.5638607144355774,1,1
2023-07-27,2023-07-28,train_in_sample,QQQ,0.5811406373977661,1,1
2023-07-27,2023-07-28,train_in_sample,IWM,0.5288944840431213,1,1
2023-07-28,2023-07-31,train_in_sample,SPY,0.6212438941001892,1,1
2023-07-28,2023-07-31,train_in_sample,QQQ,0.6375941038131714,1,1
2023-07-28,2023-07-31,train_in_sample,IWM,0.5581802129745483,1,1
2023-07-31,2023-08-01,train_in_sample,SPY,0.6291050910949707,0,0
2023-07-31,2023-08-01,train_in_sample,QQQ,0.6644784212112427,0,0
2023-07-31,2023-08-01,train_in_sample,IWM,0.526264488697052,0,0
2023-08-01,2023-08-02,train_in_sample,SPY,0.5521752238273621,0,0
2023-08-01,2023-08-02,train_in_sample,QQQ,0.609401524066925,0,0
2023-08-01,2023-08-02,train_in_sample,IWM,0.5189581513404846,0,0
2023-08-02,2023-08-03,train_in_sample,SPY,0.584661066532135,0,0
2023-08-02,2023-08-03,train_in_sample,QQQ,0.5952719449996948,0,0
2023-08-02,2023-08-03,train_in_sample,IWM,0.5220063924789429,0,0
2023-08-03,2023-08-04,train_in_sample,SPY,0.5767260193824768,0,0
2023-08-03,2023-08-04,train_in_sample,QQQ,0.6070526242256165,0,0
2023-08-03,2023-08-04,train_in_sample,IWM,0.504791796207428,0,0
2023-08-04,2023-08-07,train_in_sample,SPY,0.5756509900093079,1,1
2023-08-04,2023-08-07,train_in_sample,QQQ,0.6074204444885254,1,1
2023-08-04,2023-08-07,train_in_sample,IWM,0.5361530780792236,1,1
2023-08-07,2023-08-08,train_in_sample,SPY,0.5973761677742004,0,0
2023-08-07,2023-08-08,train_in_sample,QQQ,0.6516598463058472,0,0
2023-08-07,2023-08-08,train_in_sample,IWM,0.5182364583015442,0,0
2023-08-08,2023-08-09,train_in_sample,SPY,0.5806586146354675,0,0
2023-08-08,2023-08-09,train_in_sample,QQQ,0.5959254503250122,0,0
2023-08-08,2023-08-09,train_in_sample,IWM,0.5105267763137817,0,0
2023-08-09,2023-08-10,train_in_sample,SPY,0.5977066159248352,1,1
2023-08-09,2023-08-10,train_in_sample,QQQ,0.6150084137916565,1,1
2023-08-09,2023-08-10,train_in_sample,IWM,0.5208774209022522,0,0
2023-08-10,2023-08-11,train_in_sample,SPY,0.5782095193862915,0,0
2023-08-10,2023-08-11,train_in_sample,QQQ,0.5924631953239441,0,0
2023-08-10,2023-08-11,train_in_sample,IWM,0.5352778434753418,1,1
2023-08-11,2023-08-14,train_in_sample,SPY,0.5719853043556213,1,1
2023-08-11,2023-08-14,train_in_sample,QQQ,0.6163316369056702,1,1
2023-08-11,2023-08-14,train_in_sample,IWM,0.5218948721885681,0,0
2023-08-14,2023-08-15,train_in_sample,SPY,0.5476500391960144,0,0
2023-08-14,2023-08-15,train_in_sample,QQQ,0.6210493445396423,0,0
2023-08-14,2023-08-15,train_in_sample,IWM,0.5428863167762756,0,0
2023-08-15,2023-08-16,train_in_sample,SPY,0.5197474956512451,0,0
2023-08-15,2023-08-16,train_in_sample,QQQ,0.5714820623397827,0,0
2023-08-15,2023-08-16,train_in_sample,IWM,0.5141509175300598,0,0
2023-08-16,2023-08-17,train_in_sample,SPY,0.5622141361236572,0,0
2023-08-16,2023-08-17,train_in_sample,QQQ,0.5876182317733765,0,0
2023-08-16,2023-08-17,train_in_sample,IWM,0.5118952989578247,0,0
2023-08-17,2023-08-18,train_in_sample,SPY,0.560928225517273,1,1
2023-08-17,2023-08-18,train_in_sample,QQQ,0.5953611135482788,0,0
2023-08-17,2023-08-18,train_in_sample,IWM,0.5195788145065308,1,1
2023-08-18,2023-08-21,train_in_sample,SPY,0.5884095430374146,1,1
2023-08-18,2023-08-21,train_in_sample,QQQ,0.6561274528503418,1,1
2023-08-18,2023-08-21,train_in_sample,IWM,0.49829861521720886,0,1
2023-08-21,2023-08-22,train_in_sample,SPY,0.5411572456359863,0,0
2023-08-21,2023-08-22,train_in_sample,QQQ,0.605323851108551,0,0
2023-08-21,2023-08-22,train_in_sample,IWM,0.5641345977783203,0,0
2023-08-22,2023-08-23,train_in_sample,SPY,0.5638736486434937,1,1
2023-08-22,2023-08-23,train_in_sample,QQQ,0.6034360527992249,1,1
2023-08-22,2023-08-23,train_in_sample,IWM,0.5079452991485596,1,1
2023-08-23,2023-08-24,train_in_sample,SPY,0.5783626437187195,0,0
2023-08-23,2023-08-24,train_in_sample,QQQ,0.6272352337837219,0,0
2023-08-23,2023-08-24,train_in_sample,IWM,0.5408187508583069,0,0
2023-08-24,2023-08-25,train_in_sample,SPY,0.5698923468589783,1,1
2023-08-24,2023-08-25,train_in_sample,QQQ,0.5903977751731873,1,1
2023-08-24,2023-08-25,train_in_sample,IWM,0.5144484043121338,1,1
2023-08-25,2023-08-28,train_in_sample,SPY,0.5779012441635132,1,1
2023-08-25,2023-08-28,train_in_sample,QQQ,0.6298402547836304,1,1
2023-08-25,2023-08-28,train_in_sample,IWM,0.5500504374504089,1,1
2023-08-28,2023-08-29,train_in_sample,SPY,0.5928626656532288,1,1
2023-08-28,2023-08-29,train_in_sample,QQQ,0.6427712440490723,1,1
2023-08-28,2023-08-29,train_in_sample,IWM,0.5260791778564453,1,1
2023-08-29,2023-08-30,train_in_sample,SPY,0.581809937953949,1,1
2023-08-29,2023-08-30,train_in_sample,QQQ,0.6319403648376465,1,1
2023-08-29,2023-08-30,train_in_sample,IWM,0.5750295519828796,1,1
2023-08-30,2023-08-31,train_in_sample,SPY,0.5822820663452148,0,0
2023-08-30,2023-08-31,train_in_sample,QQQ,0.6221560835838318,1,1
2023-08-30,2023-08-31,train_in_sample,IWM,0.5284721851348877,0,0
2023-08-31,2023-09-01,train_in_sample,SPY,0.5686154961585999,1,1
2023-08-31,2023-09-01,train_in_sample,QQQ,0.592624843120575,0,0
2023-08-31,2023-09-01,train_in_sample,IWM,0.519329309463501,1,1
2023-09-01,2023-09-05,train_in_sample,SPY,0.6188704967498779,0,0
2023-09-01,2023-09-05,train_in_sample,QQQ,0.6521962285041809,1,1
2023-09-01,2023-09-05,train_in_sample,IWM,0.516164243221283,0,0
2023-09-05,2023-09-06,train_in_sample,SPY,0.5319280624389648,0,0
2023-09-05,2023-09-06,train_in_sample,QQQ,0.5682286024093628,0,0
2023-09-05,2023-09-06,train_in_sample,IWM,0.5324703454971313,0,0
2023-09-06,2023-09-07,train_in_sample,SPY,0.5744737982749939,0,0
2023-09-06,2023-09-07,train_in_sample,QQQ,0.6034935712814331,0,0
2023-09-06,2023-09-07,train_in_sample,IWM,0.5221801400184631,0,0
2023-09-07,2023-09-08,train_in_sample,SPY,0.5470602512359619,1,1
2023-09-07,2023-09-08,train_in_sample,QQQ,0.5838261246681213,1,1
2023-09-07,2023-09-08,train_in_sample,IWM,0.5360588431358337,0,0
2023-09-08,2023-09-11,train_in_sample,SPY,0.5689785480499268,1,1
2023-09-08,2023-09-11,train_in_sample,QQQ,0.6105521321296692,1,1
2023-09-08,2023-09-11,train_in_sample,IWM,0.5153217911720276,1,1
2023-09-11,2023-09-12,train_in_sample,SPY,0.5705541372299194,0,0
2023-09-11,2023-09-12,train_in_sample,QQQ,0.6194615364074707,0,0
2023-09-11,2023-09-12,train_in_sample,IWM,0.5401859283447266,0,0
2023-09-12,2023-09-13,train_in_sample,SPY,0.5677255392074585,1,1
2023-09-12,2023-09-13,train_in_sample,QQQ,0.6139889359474182,1,1
2023-09-12,2023-09-13,train_in_sample,IWM,0.5034732818603516,0,0
2023-09-13,2023-09-14,train_in_sample,SPY,0.5582618117332458,1,1
2023-09-13,2023-09-14,train_in_sample,QQQ,0.6009635925292969,1,1
2023-09-13,2023-09-14,train_in_sample,IWM,0.5268502235412598,1,1
2023-09-14,2023-09-15,train_in_sample,SPY,0.5927588939666748,0,0
2023-09-14,2023-09-15,train_in_sample,QQQ,0.6369488835334778,0,0
2023-09-14,2023-09-15,train_in_sample,IWM,0.5012841820716858,0,0
2023-09-15,2023-09-18,train_in_sample,SPY,0.57072514295578,1,1
2023-09-15,2023-09-18,train_in_sample,QQQ,0.6061970591545105,1,1
2023-09-15,2023-09-18,train_in_sample,IWM,0.5038180351257324,0,0
2023-09-18,2023-09-19,train_in_sample,SPY,0.5605040788650513,0,0
2023-09-18,2023-09-19,train_in_sample,QQQ,0.6209948658943176,0,0
2023-09-18,2023-09-19,train_in_sample,IWM,0.5218621492385864,0,0
2023-09-19,2023-09-20,train_in_sample,SPY,0.5555538535118103,0,0
2023-09-19,2023-09-20,train_in_sample,QQQ,0.5958946943283081,0,0
2023-09-19,2023-09-20,train_in_sample,IWM,0.5115455985069275,0,0
2023-09-20,2023-09-21,train_in_sample,SPY,0.5769628882408142,0,0
2023-09-20,2023-09-21,train_in_sample,QQQ,0.5900659561157227,0,0
2023-09-20,2023-09-21,train_in_sample,IWM,0.5000653266906738,0,0
2023-09-21,2023-09-22,train_in_sample,SPY,0.5625395178794861,0,0
2023-09-21,2023-09-22,train_in_sample,QQQ,0.5903720259666443,1,1
2023-09-21,2023-09-22,train_in_sample,IWM,0.5187534093856812,0,0
2023-09-22,2023-09-25,train_in_sample,SPY,0.5938692092895508,1,1
2023-09-22,2023-09-25,train_in_sample,QQQ,0.6357331275939941,1,1
2023-09-22,2023-09-25,train_in_sample,IWM,0.5196912288665771,1,1
2023-09-25,2023-09-26,train_in_sample,SPY,0.5867103934288025,0,0
2023-09-25,2023-09-26,train_in_sample,QQQ,0.6402543783187866,0,0
2023-09-25,2023-09-26,train_in_sample,IWM,0.5611963272094727,0,0
2023-09-26,2023-09-27,train_in_sample,SPY,0.5818848609924316,1,1
2023-09-26,2023-09-27,train_in_sample,QQQ,0.6221373081207275,1,1
2023-09-26,2023-09-27,train_in_sample,IWM,0.5248859524726868,1,1
2023-09-27,2023-09-28,train_in_sample,SPY,0.6002719402313232,1,1
2023-09-27,2023-09-28,train_in_sample,QQQ,0.6397817730903625,1,1
2023-09-27,2023-09-28,train_in_sample,IWM,0.5345643758773804,1,1
2023-09-28,2023-09-29,train_in_sample,SPY,0.57708740234375,0,0
2023-09-28,2023-09-29,train_in_sample,QQQ,0.6356983184814453,1,1
2023-09-28,2023-09-29,train_in_sample,IWM,0.5470166206359863,0,0
2023-09-29,2023-10-02,train_in_sample,SPY,0.5924952626228333,0,0
2023-09-29,2023-10-02,train_in_sample,QQQ,0.5973246097564697,1,1
2023-09-29,2023-10-02,train_in_sample,IWM,0.5441120862960815,0,0
2023-10-02,2023-10-03,train_in_sample,SPY,0.5318872332572937,0,0
2023-10-02,2023-10-03,train_in_sample,QQQ,0.5799930691719055,0,0
2023-10-02,2023-10-03,train_in_sample,IWM,0.5596227645874023,0,0
2023-10-03,2023-10-04,train_in_sample,SPY,0.5632662177085876,1,1
2023-10-03,2023-10-04,train_in_sample,QQQ,0.595188558101654,1,1
2023-10-03,2023-10-04,train_in_sample,IWM,0.5359771847724915,1,1
2023-10-04,2023-10-05,train_in_sample,SPY,0.5795051455497742,0,0
2023-10-04,2023-10-05,train_in_sample,QQQ,0.6247063875198364,0,0
2023-10-04,2023-10-05,train_in_sample,IWM,0.5587871074676514,1,1
2023-10-05,2023-10-06,train_in_sample,SPY,0.5803782939910889,1,1
2023-10-05,2023-10-06,train_in_sample,QQQ,0.6157979369163513,1,1
2023-10-05,2023-10-06,train_in_sample,IWM,0.5356744527816772,1,1
2023-10-06,2023-10-09,train_in_sample,SPY,0.5750037431716919,1,1
2023-10-06,2023-10-09,train_in_sample,QQQ,0.6195241808891296,1,1
2023-10-06,2023-10-09,train_in_sample,IWM,0.581009566783905,1,1
2023-10-09,2023-10-10,train_in_sample,SPY,0.6124017238616943,1,1
2023-10-09,2023-10-10,train_in_sample,QQQ,0.6429866552352905,1,1
2023-10-09,2023-10-10,train_in_sample,IWM,0.5484297275543213,1,1
2023-10-10,2023-10-11,train_in_sample,SPY,0.5893020629882812,1,1
2023-10-10,2023-10-11,train_in_sample,QQQ,0.6461591124534607,1,1
2023-10-10,2023-10-11,train_in_sample,IWM,0.5281685590744019,0,0
2023-10-11,2023-10-12,train_in_sample,SPY,0.5533627867698669,0,0
2023-10-11,2023-10-12,train_in_sample,QQQ,0.6156179904937744,0,0
2023-10-11,2023-10-12,train_in_sample,IWM,0.5220581293106079,0,0
2023-10-12,2023-10-13,train_in_sample,SPY,0.5274583101272583,0,0
2023-10-12,2023-10-13,train_in_sample,QQQ,0.5500686764717102,0,0
2023-10-12,2023-10-13,train_in_sample,IWM,0.528313934803009,0,0
2023-10-13,2023-10-16,train_in_sample,SPY,0.5847482681274414,1,1
2023-10-13,2023-10-16,train_in_sample,QQQ,0.5922262072563171,1,1
2023-10-13,2023-10-16,train_in_sample,IWM,0.5215662717819214,1,1
2023-10-16,2023-10-17,train_in_sample,SPY,0.5913242101669312,0,0
2023-10-16,2023-10-17,train_in_sample,QQQ,0.6341750621795654,0,0
2023-10-16,2023-10-17,train_in_sample,IWM,0.5443383455276489,1,1
2023-10-17,2023-10-18,train_in_sample,SPY,0.5994880199432373,0,0
2023-10-17,2023-10-18,train_in_sample,QQQ,0.6462885737419128,0,0
2023-10-17,2023-10-18,train_in_sample,IWM,0.5398235321044922,0,0
2023-10-18,2023-10-19,train_in_sample,SPY,0.5278688073158264,0,0
2023-10-18,2023-10-19,train_in_sample,QQQ,0.589891254901886,0,0
2023-10-18,2023-10-19,train_in_sample,IWM,0.5340756177902222,0,0
2023-10-19,2023-10-20,train_in_sample,SPY,0.5323083996772766,0,0
2023-10-19,2023-10-20,train_in_sample,QQQ,0.5513607263565063,0,0
2023-10-19,2023-10-20,train_in_sample,IWM,0.5538744330406189,0,0
2023-10-20,2023-10-23,train_in_sample,SPY,0.5859175324440002,0,0
2023-10-20,2023-10-23,train_in_sample,QQQ,0.6082819104194641,1,1
2023-10-20,2023-10-23,train_in_sample,IWM,0.5138053297996521,0,0
2023-10-23,2023-10-24,train_in_sample,SPY,0.5356180667877197,1,1
2023-10-23,2023-10-24,train_in_sample,QQQ,0.5827165246009827,1,1
2023-10-23,2023-10-24,train_in_sample,IWM,0.5678586959838867,1,1
2023-10-24,2023-10-25,train_in_sample,SPY,0.5753697752952576,0,0
2023-10-24,2023-10-25,train_in_sample,QQQ,0.6232192516326904,0,0
2023-10-24,2023-10-25,train_in_sample,IWM,0.5370451211929321,0,0
2023-10-25,2023-10-26,train_in_sample,SPY,0.576708197593689,0,0
2023-10-25,2023-10-26,train_in_sample,QQQ,0.5997030735015869,0,0
2023-10-25,2023-10-26,train_in_sample,IWM,0.531086802482605,1,1
2023-10-26,2023-10-27,train_in_sample,SPY,0.6194171905517578,0,0
2023-10-26,2023-10-27,train_in_sample,QQQ,0.6539977192878723,1,1
2023-10-26,2023-10-27,train_in_sample,IWM,0.4962216913700104,0,1
2023-10-27,2023-10-30,train_in_sample,SPY,0.5440002679824829,1,1
2023-10-27,2023-10-30,train_in_sample,QQQ,0.5847890973091125,1,1
2023-10-27,2023-10-30,train_in_sample,IWM,0.5338454246520996,1,1
2023-10-30,2023-10-31,train_in_sample,SPY,0.5906521081924438,1,1
2023-10-30,2023-10-31,train_in_sample,QQQ,0.6308380961418152,1,1
2023-10-30,2023-10-31,train_in_sample,IWM,0.5453393459320068,1,1
2023-10-31,2023-11-01,train_in_sample,SPY,0.5694531202316284,1,1
2023-10-31,2023-11-01,train_in_sample,QQQ,0.6110242605209351,1,1
2023-10-31,2023-11-01,train_in_sample,IWM,0.5465846061706543,1,1
2023-11-01,2023-11-02,train_in_sample,SPY,0.583564043045044,1,1
2023-11-01,2023-11-02,train_in_sample,QQQ,0.6203024387359619,1,1
2023-11-01,2023-11-02,train_in_sample,IWM,0.5614132285118103,1,1
2023-11-02,2023-11-03,train_in_sample,SPY,0.6134463548660278,1,1
2023-11-02,2023-11-03,train_in_sample,QQQ,0.6145884990692139,1,1
2023-11-02,2023-11-03,train_in_sample,IWM,0.5379509925842285,1,1
2023-11-03,2023-11-06,train_in_sample,SPY,0.6242237687110901,1,1
2023-11-03,2023-11-06,train_in_sample,QQQ,0.6477791666984558,1,1
2023-11-03,2023-11-06,train_in_sample,IWM,0.5349213480949402,0,0
2023-11-06,2023-11-07,train_in_sample,SPY,0.5597349405288696,1,1
2023-11-06,2023-11-07,train_in_sample,QQQ,0.5927887558937073,1,1
2023-11-06,2023-11-07,train_in_sample,IWM,0.5214326977729797,0,0
2023-11-07,2023-11-08,train_in_sample,SPY,0.5340636968612671,1,1
2023-11-07,2023-11-08,train_in_sample,QQQ,0.5752819776535034,1,1
2023-11-07,2023-11-08,train_in_sample,IWM,0.5479711294174194,0,0
2023-11-08,2023-11-09,train_in_sample,SPY,0.549249529838562,0,0
2023-11-08,2023-11-09,train_in_sample,QQQ,0.5764805674552917,0,0
2023-11-08,2023-11-09,train_in_sample,IWM,0.5299239158630371,0,0
2023-11-09,2023-11-10,train_in_sample,SPY,0.5371819734573364,1,1
2023-11-09,2023-11-10,train_in_sample,QQQ,0.5706323981285095,1,1
2023-11-09,2023-11-10,train_in_sample,IWM,0.5227915048599243,1,1
2023-11-10,2023-11-13,train_in_sample,SPY,0.5741763710975647,0,0
2023-11-10,2023-11-13,train_in_sample,QQQ,0.6187655329704285,0,0
2023-11-10,2023-11-13,train_in_sample,IWM,0.5634710192680359,1,1
2023-11-13,2023-11-14,train_in_sample,SPY,0.5934281349182129,1,1
2023-11-13,2023-11-14,train_in_sample,QQQ,0.6280521750450134,1,1
2023-11-13,2023-11-14,train_in_sample,IWM,0.5317001938819885,1,1
2023-11-14,2023-11-15,train_in_sample,SPY,0.6081122159957886,1,1
2023-11-14,2023-11-15,train_in_sample,QQQ,0.6285815238952637,1,1
2023-11-14,2023-11-15,train_in_sample,IWM,0.5247752070426941,1,1
2023-11-15,2023-11-16,train_in_sample,SPY,0.5696461796760559,1,1
2023-11-15,2023-11-16,train_in_sample,QQQ,0.6091815233230591,1,1
2023-11-15,2023-11-16,train_in_sample,IWM,0.5292599201202393,0,0
2023-11-16,2023-11-17,train_in_sample,SPY,0.5252104997634888,1,1
2023-11-16,2023-11-17,train_in_sample,QQQ,0.5713744163513184,1,1
2023-11-16,2023-11-17,train_in_sample,IWM,0.5297349095344543,1,1
2023-11-17,2023-11-20,train_in_sample,SPY,0.5960608720779419,1,1
2023-11-17,2023-11-20,train_in_sample,QQQ,0.6470617651939392,1,1
2023-11-17,2023-11-20,train_in_sample,IWM,0.5196523666381836,1,1
2023-11-20,2023-11-21,train_in_sample,SPY,0.5717287659645081,0,0
2023-11-20,2023-11-21,train_in_sample,QQQ,0.6195165514945984,0,0
2023-11-20,2023-11-21,train_in_sample,IWM,0.5361112952232361,0,0
2023-11-21,2023-11-22,train_in_sample,SPY,0.5435153245925903,1,1
2023-11-21,2023-11-22,train_in_sample,QQQ,0.5803274512290955,1,1
2023-11-21,2023-11-22,train_in_sample,IWM,0.5237483382225037,1,1
2023-11-22,2023-11-24,train_in_sample,SPY,0.5912704467773438,1,1
2023-11-22,2023-11-24,train_in_sample,QQQ,0.6387796998023987,0,0
2023-11-22,2023-11-24,train_in_sample,IWM,0.543158769607544,1,1
2023-11-24,2023-11-27,train_in_sample,SPY,0.586367666721344,0,0
2023-11-24,2023-11-27,train_in_sample,QQQ,0.6638746857643127,0,0
2023-11-24,2023-11-27,train_in_sample,IWM,0.4992002546787262,0,1
2023-11-27,2023-11-28,train_in_sample,SPY,0.569547176361084,1,1
2023-11-27,2023-11-28,train_in_sample,QQQ,0.6209002137184143,1,1
2023-11-27,2023-11-28,train_in_sample,IWM,0.5266702771186829,0,0
2023-11-28,2023-11-29,train_in_sample,SPY,0.5647265315055847,0,0
2023-11-28,2023-11-29,train_in_sample,QQQ,0.6177763342857361,0,0
2023-11-28,2023-11-29,train_in_sample,IWM,0.5184386372566223,1,1
2023-11-29,2023-11-30,train_in_sample,SPY,0.6130122542381287,1,1
2023-11-29,2023-11-30,train_in_sample,QQQ,0.6325057148933411,0,0
2023-11-29,2023-11-30,train_in_sample,IWM,0.5257518291473389,1,1
2023-11-30,2023-12-01,train_in_sample,SPY,0.5844918489456177,1,1
2023-11-30,2023-12-01,train_in_sample,QQQ,0.6211304664611816,1,1
2023-11-30,2023-12-01,train_in_sample,IWM,0.5419722199440002,1,1
2023-12-01,2023-12-04,train_in_sample,SPY,0.6185644865036011,0,0
2023-12-01,2023-12-04,train_in_sample,QQQ,0.6521531343460083,0,0
2023-12-01,2023-12-04,train_in_sample,IWM,0.5501219034194946,1,1
2023-12-04,2023-12-05,train_in_sample,SPY,0.598356306552887,0,0
2023-12-04,2023-12-05,train_in_sample,QQQ,0.6466835141181946,1,1
2023-12-04,2023-12-05,train_in_sample,IWM,0.536641001701355,0,0
2023-12-05,2023-12-06,train_in_sample,SPY,0.541802704334259,0,0
2023-12-05,2023-12-06,train_in_sample,QQQ,0.5816499590873718,0,0
2023-12-05,2023-12-06,train_in_sample,IWM,0.5373715162277222,0,0
2023-12-06,2023-12-07,train_in_sample,SPY,0.5778117179870605,1,1
2023-12-06,2023-12-07,train_in_sample,QQQ,0.6285641193389893,1,1
2023-12-06,2023-12-07,train_in_sample,IWM,0.4979822039604187,1,0
2023-12-07,2023-12-08,train_in_sample,SPY,0.5785108208656311,1,1
2023-12-07,2023-12-08,train_in_sample,QQQ,0.6121814846992493,1,1
2023-12-07,2023-12-08,train_in_sample,IWM,0.5257089734077454,1,1
2023-12-08,2023-12-11,train_in_sample,SPY,0.5811936855316162,1,1
2023-12-08,2023-12-11,train_in_sample,QQQ,0.6177769303321838,1,1
2023-12-08,2023-12-11,train_in_sample,IWM,0.5416874885559082,1,1
2023-12-11,2023-12-12,train_in_sample,SPY,0.5834293365478516,1,1
2023-12-11,2023-12-12,train_in_sample,QQQ,0.6321442127227783,1,1
2023-12-11,2023-12-12,train_in_sample,IWM,0.5471963286399841,0,0
2023-12-12,2023-12-13,train_in_sample,SPY,0.5609618425369263,1,1
2023-12-12,2023-12-13,train_in_sample,QQQ,0.6046318411827087,1,1
2023-12-12,2023-12-13,train_in_sample,IWM,0.5674347281455994,1,1
2023-12-13,2023-12-14,train_in_sample,SPY,0.6287724375724792,1,1
2023-12-13,2023-12-14,train_in_sample,QQQ,0.6479616165161133,0,0
2023-12-13,2023-12-14,train_in_sample,IWM,0.568369448184967,1,1
2023-12-14,2023-12-15,train_in_sample,SPY,0.6255947947502136,0,0
2023-12-14,2023-12-15,train_in_sample,QQQ,0.6547425985336304,1,1
2023-12-14,2023-12-15,train_in_sample,IWM,0.542919933795929,0,0
2023-12-15,2023-12-18,train_in_sample,SPY,0.5674976706504822,1,1
2023-12-15,2023-12-18,train_in_sample,QQQ,0.553290605545044,1,1
2023-12-15,2023-12-18,train_in_sample,IWM,0.559492826461792,1,1
2023-12-18,2023-12-19,train_in_sample,SPY,0.5573031306266785,1,1
2023-12-18,2023-12-19,train_in_sample,QQQ,0.6128590703010559,1,1
2023-12-18,2023-12-19,train_in_sample,IWM,0.537471354007721,1,1
2023-12-19,2023-12-20,train_in_sample,SPY,0.5775288343429565,0,0
2023-12-19,2023-12-20,train_in_sample,QQQ,0.5673473477363586,0,0
2023-12-19,2023-12-20,train_in_sample,IWM,0.4525016248226166,0,1
2023-12-20,2023-12-21,train_in_sample,SPY,0.5258212089538574,1,1
2023-12-20,2023-12-21,train_in_sample,QQQ,0.48921290040016174,1,0
2023-12-20,2023-12-21,train_in_sample,IWM,0.4560428857803345,1,0
2023-12-21,2023-12-22,train_in_sample,SPY,0.5809211134910583,1,1
2023-12-21,2023-12-22,train_in_sample,QQQ,0.5540370941162109,1,1
2023-12-21,2023-12-22,train_in_sample,IWM,0.45973026752471924,1,0
2023-12-22,2023-12-26,train_in_sample,SPY,0.5727043747901917,1,1
2023-12-22,2023-12-26,train_in_sample,QQQ,0.5540458559989929,1,1
2023-12-22,2023-12-26,train_in_sample,IWM,0.4496762156486511,1,0
2023-12-26,2023-12-27,train_in_sample,SPY,0.5714996457099915,1,1
2023-12-26,2023-12-27,train_in_sample,QQQ,0.5655283331871033,1,1
2023-12-26,2023-12-27,train_in_sample,IWM,0.4512929320335388,1,0
2023-12-27,2023-12-28,train_in_sample,SPY,0.5634050965309143,1,1
2023-12-27,2023-12-28,train_in_sample,QQQ,0.544770359992981,0,0
2023-12-27,2023-12-28,train_in_sample,IWM,0.44732657074928284,0,1
2023-12-28,2023-12-29,train_in_sample,SPY,0.5591107606887817,0,0
2023-12-28,2023-12-29,train_in_sample,QQQ,0.5264279246330261,0,0
2023-12-28,2023-12-29,train_in_sample,IWM,0.4401615560054779,0,1
2023-12-29,2024-01-02,test_prequential,SPY,0.5423364043235779,0,0
2023-12-29,2024-01-02,test_prequential,QQQ,0.49436262249946594,0,1
2023-12-29,2024-01-02,test_prequential,IWM,0.4487289786338806,0,1
2024-01-02,2024-01-03,test_prequential,SPY,0.5569327473640442,0,0
2024-01-02,2024-01-03,test_prequential,QQQ,0.5134774446487427,0,0
2024-01-02,2024-01-03,test_prequential,IWM,0.44356569647789,0,1
2024-01-03,2024-01-04,test_prequential,SPY,0.49733564257621765,0,1
2024-01-03,2024-01-04,test_prequential,QQQ,0.4552716612815857,0,1
2024-01-03,2024-01-04,test_prequential,IWM,0.43467381596565247,0,1
2024-01-04,2024-01-05,test_prequential,SPY,0.5134519338607788,1,1
2024-01-04,2024-01-05,test_prequential,QQQ,0.47671008110046387,1,0
2024-01-04,2024-01-05,test_prequential,IWM,0.42264360189437866,0,1
2024-01-05,2024-01-08,test_prequential,SPY,0.5039548277854919,1,1
2024-01-05,2024-01-08,test_prequential,QQQ,0.46424078941345215,1,0
2024-01-05,2024-01-08,test_prequential,IWM,0.4177400469779968,1,0
2024-01-08,2024-01-09,test_prequential,SPY,0.506323516368866,0,0
2024-01-08,2024-01-09,test_prequential,QQQ,0.485253244638443,1,0
2024-01-08,2024-01-09,test_prequential,IWM,0.43954750895500183,0,1
2024-01-09,2024-01-10,test_prequential,SPY,0.4677239656448364,1,0
2024-01-09,2024-01-10,test_prequential,QQQ,0.4422127604484558,1,0
2024-01-09,2024-01-10,test_prequential,IWM,0.39932823181152344,1,0
2024-01-10,2024-01-11,test_prequential,SPY,0.4938230812549591,0,1
2024-01-10,2024-01-11,test_prequential,QQQ,0.4712485074996948,1,0
2024-01-10,2024-01-11,test_prequential,IWM,0.3915083408355713,0,1
2024-01-11,2024-01-12,test_prequential,SPY,0.47452986240386963,1,0
2024-01-11,2024-01-12,test_prequential,QQQ,0.45402050018310547,1,0
2024-01-11,2024-01-12,test_prequential,IWM,0.3853609561920166,0,1
2024-01-12,2024-01-16,test_prequential,SPY,0.48794135451316833,0,1
2024-01-12,2024-01-16,test_prequential,QQQ,0.48175227642059326,0,1
2024-01-12,2024-01-16,test_prequential,IWM,0.3556957542896271,0,1
2024-01-16,2024-01-17,test_prequential,SPY,0.45640531182289124,0,1
2024-01-16,2024-01-17,test_prequential,QQQ,0.4533015489578247,0,1
2024-01-16,2024-01-17,test_prequential,IWM,0.3581010103225708,0,1
2024-01-17,2024-01-18,test_prequential,SPY,0.46477052569389343,1,0
2024-01-17,2024-01-18,test_prequential,QQQ,0.4717588424682617,1,0
2024-01-17,2024-01-18,test_prequential,IWM,0.3416803479194641,1,0
2024-01-18,2024-01-19,test_prequential,SPY,0.4800774157047272,1,0
2024-01-18,2024-01-19,test_prequential,QQQ,0.48848897218704224,1,0
2024-01-18,2024-01-19,test_prequential,IWM,0.3513244390487671,1,0
2024-01-19,2024-01-22,test_prequential,SPY,0.48782628774642944,1,0
2024-01-19,2024-01-22,test_prequential,QQQ,0.5058190226554871,1,1
2024-01-19,2024-01-22,test_prequential,IWM,0.3625638484954834,1,0
2024-01-22,2024-01-23,test_prequential,SPY,0.516128420829773,1,1
2024-01-22,2024-01-23,test_prequential,QQQ,0.5438433289527893,1,1
2024-01-22,2024-01-23,test_prequential,IWM,0.3302212059497833,0,1
2024-01-23,2024-01-24,test_prequential,SPY,0.48442378640174866,1,0
2024-01-23,2024-01-24,test_prequential,QQQ,0.5169170498847961,1,1
2024-01-23,2024-01-24,test_prequential,IWM,0.31634655594825745,0,1
2024-01-24,2024-01-25,test_prequential,SPY,0.48973214626312256,1,0
2024-01-24,2024-01-25,test_prequential,QQQ,0.5108094811439514,1,1
2024-01-24,2024-01-25,test_prequential,IWM,0.31416055560112,1,0
2024-01-25,2024-01-26,test_prequential,SPY,0.538719117641449,0,0
2024-01-25,2024-01-26,test_prequential,QQQ,0.571850061416626,0,0
2024-01-25,2024-01-26,test_prequential,IWM,0.31749701499938965,1,0
2024-01-26,2024-01-29,test_prequential,SPY,0.5384997725486755,1,1
2024-01-26,2024-01-29,test_prequential,QQQ,0.5757192969322205,1,1
2024-01-26,2024-01-29,test_prequential,IWM,0.3109529912471771,1,0
2024-01-29,2024-01-30,test_prequential,SPY,0.5465887784957886,0,0
2024-01-29,2024-01-30,test_prequential,QQQ,0.6015837788581848,0,0
2024-01-29,2024-01-30,test_prequential,IWM,0.3471547067165375,0,1
2024-01-30,2024-01-31,test_prequential,SPY,0.5327920913696289,0,0
2024-01-30,2024-01-31,test_prequential,QQQ,0.5755800008773804,0,0
2024-01-30,2024-01-31,test_prequential,IWM,0.3217759430408478,0,1
2024-01-31,2024-02-01,test_prequential,SPY,0.5168020725250244,1,1
2024-01-31,2024-02-01,test_prequential,QQQ,0.5533033013343811,1,1
2024-01-31,2024-02-01,test_prequential,IWM,0.3279111385345459,1,0
2024-02-01,2024-02-02,test_prequential,SPY,0.5619489550590515,1,1
2024-02-01,2024-02-02,test_prequential,QQQ,0.603309154510498,1,1
2024-02-01,2024-02-02,test_prequential,IWM,0.36010199785232544,0,1
2024-02-02,2024-02-05,test_prequential,SPY,0.5298256278038025,0,0
2024-02-02,2024-02-05,test_prequential,QQQ,0.5689160227775574,0,0
2024-02-02,2024-02-05,test_prequential,IWM,0.37267595529556274,0,1
2024-02-05,2024-02-06,test_prequential,SPY,0.5296580195426941,1,1
2024-02-05,2024-02-06,test_prequential,QQQ,0.5729767084121704,0,0
2024-02-05,2024-02-06,test_prequential,IWM,0.3417925536632538,1,0
2024-02-06,2024-02-07,test_prequential,SPY,0.5740327835083008,1,1
2024-02-06,2024-02-07,test_prequential,QQQ,0.6224333047866821,1,1
2024-02-06,2024-02-07,test_prequential,IWM,0.3442835509777069,0,1
2024-02-07,2024-02-08,test_prequential,SPY,0.5528565645217896,1,1
2024-02-07,2024-02-08,test_prequential,QQQ,0.5911685824394226,1,1
2024-02-07,2024-02-08,test_prequential,IWM,0.35353612899780273,1,0
2024-02-08,2024-02-09,test_prequential,SPY,0.5838711261749268,1,1
2024-02-08,2024-02-09,test_prequential,QQQ,0.6330177187919617,1,1
2024-02-08,2024-02-09,test_prequential,IWM,0.34558549523353577,1,0
2024-02-09,2024-02-12,test_prequential,SPY,0.5864257216453552,0,0
2024-02-09,2024-02-12,test_prequential,QQQ,0.6355621218681335,0,0
2024-02-09,2024-02-12,test_prequential,IWM,0.36979541182518005,1,0
2024-02-12,2024-02-13,test_prequential,SPY,0.6134263873100281,0,0
2024-02-12,2024-02-13,test_prequential,QQQ,0.6557676792144775,0,0
2024-02-12,2024-02-13,test_prequential,IWM,0.3619283139705658,0,1
2024-02-13,2024-02-14,test_prequential,SPY,0.535571277141571,1,1
2024-02-13,2024-02-14,test_prequential,QQQ,0.5670685172080994,1,1
2024-02-13,2024-02-14,test_prequential,IWM,0.39041218161582947,1,0
2024-02-14,2024-02-15,test_prequential,SPY,0.6149783134460449,1,1
2024-02-14,2024-02-15,test_prequential,QQQ,0.6484059691429138,1,1
2024-02-14,2024-02-15,test_prequential,IWM,0.3892683982849121,1,0
2024-02-15,2024-02-16,test_prequential,SPY,0.6235395669937134,0,0
2024-02-15,2024-02-16,test_prequential,QQQ,0.6579962372779846,0,0
2024-02-15,2024-02-16,test_prequential,IWM,0.3983241617679596,0,1
2024-02-16,2024-02-20,test_prequential,SPY,0.5985831618309021,0,0
2024-02-16,2024-02-20,test_prequential,QQQ,0.6100069284439087,0,0
2024-02-16,2024-02-20,test_prequential,IWM,0.39244890213012695,0,1
2024-02-20,2024-02-21,test_prequential,SPY,0.5863680243492126,1,1
2024-02-20,2024-02-21,test_prequential,QQQ,0.6105976104736328,0,0
2024-02-20,2024-02-21,test_prequential,IWM,0.40868884325027466,0,1
2024-02-21,2024-02-22,test_prequential,SPY,0.5922590494155884,1,1
2024-02-21,2024-02-22,test_prequential,QQQ,0.6131543517112732,1,1
2024-02-21,2024-02-22,test_prequential,IWM,0.4148189127445221,1,0
2024-02-22,2024-02-23,test_prequential,SPY,0.5926395058631897,1,1
2024-02-22,2024-02-23,test_prequential,QQQ,0.5962886810302734,0,0
2024-02-22,2024-02-23,test_prequential,IWM,0.4452058672904968,1,0
2024-02-23,2024-02-26,test_prequential,SPY,0.6185500025749207,0,0
2024-02-23,2024-02-26,test_prequential,QQQ,0.6235873103141785,0,0
2024-02-23,2024-02-26,test_prequential,IWM,0.4199492037296295,1,0
2024-02-26,2024-02-27,test_prequential,SPY,0.6054286360740662,1,1
2024-02-26,2024-02-27,test_prequential,QQQ,0.6054556965827942,1,1
2024-02-26,2024-02-27,test_prequential,IWM,0.4268328845500946,1,0
2024-02-27,2024-02-28,test_prequential,SPY,0.6175001263618469,0,0
2024-02-27,2024-02-28,test_prequential,QQQ,0.6188767552375793,0,0
2024-02-27,2024-02-28,test_prequential,IWM,0.4433392286300659,0,1
2024-02-28,2024-02-29,test_prequential,SPY,0.5916668176651001,1,1
2024-02-28,2024-02-29,test_prequential,QQQ,0.5752662420272827,1,1
2024-02-28,2024-02-29,test_prequential,IWM,0.45604759454727173,1,0
2024-02-29,2024-03-01,test_prequential,SPY,0.6093358993530273,1,1
2024-02-29,2024-03-01,test_prequential,QQQ,0.5971307158470154,1,1
2024-02-29,2024-03-01,test_prequential,IWM,0.48105719685554504,1,0
2024-03-01,2024-03-04,test_prequential,SPY,0.6067997217178345,0,0
2024-03-01,2024-03-04,test_prequential,QQQ,0.5954900979995728,0,0
2024-03-01,2024-03-04,test_prequential,IWM,0.5035449862480164,0,0
2024-03-04,2024-03-05,test_prequential,SPY,0.6047762036323547,0,0
2024-03-04,2024-03-05,test_prequential,QQQ,0.5784085988998413,0,0
2024-03-04,2024-03-05,test_prequential,IWM,0.48845967650413513,0,1
2024-03-05,2024-03-06,test_prequential,SPY,0.6066386699676514,1,1
2024-03-05,2024-03-06,test_prequential,QQQ,0.569934070110321,1,1
2024-03-05,2024-03-06,test_prequential,IWM,0.49925071001052856,1,0
2024-03-06,2024-03-07,test_prequential,SPY,0.6141926646232605,1,1
2024-03-06,2024-03-07,test_prequential,QQQ,0.5840359926223755,1,1
2024-03-06,2024-03-07,test_prequential,IWM,0.5152640342712402,1,1
2024-03-07,2024-03-08,test_prequential,SPY,0.6056510210037231,0,0
2024-03-07,2024-03-08,test_prequential,QQQ,0.5812574028968811,0,0
2024-03-07,2024-03-08,test_prequential,IWM,0.5381268858909607,0,0
2024-03-08,2024-03-11,test_prequential,SPY,0.6217230558395386,0,0
2024-03-08,2024-03-11,test_prequential,QQQ,0.5751851201057434,0,0
2024-03-08,2024-03-11,test_prequential,IWM,0.5264680981636047,0,0
2024-03-11,2024-03-12,test_prequential,SPY,0.5987727642059326,1,1
2024-03-11,2024-03-12,test_prequential,QQQ,0.5577359795570374,1,1
2024-03-11,2024-03-12,test_prequential,IWM,0.5350190997123718,0,0
2024-03-12,2024-03-13,test_prequential,SPY,0.5906997323036194,0,0
2024-03-12,2024-03-13,test_prequential,QQQ,0.5515862107276917,0,0
2024-03-12,2024-03-13,test_prequential,IWM,0.5566189885139465,1,1
2024-03-13,2024-03-14,test_prequential,SPY,0.6096860766410828,0,0
2024-03-13,2024-03-14,test_prequential,QQQ,0.5693696737289429,0,0
2024-03-13,2024-03-14,test_prequential,IWM,0.5320478677749634,0,0
2024-03-14,2024-03-15,test_prequential,SPY,0.5736879110336304,0,0
2024-03-14,2024-03-15,test_prequential,QQQ,0.5087161660194397,0,0
2024-03-14,2024-03-15,test_prequential,IWM,0.5513529777526855,1,1
2024-03-15,2024-03-18,test_prequential,SPY,0.5966112017631531,1,1
2024-03-15,2024-03-18,test_prequential,QQQ,0.5489884614944458,1,1
2024-03-15,2024-03-18,test_prequential,IWM,0.545548141002655,0,0
2024-03-18,2024-03-19,test_prequential,SPY,0.5693966150283813,1,1
2024-03-18,2024-03-19,test_prequential,QQQ,0.5106024742126465,1,1
2024-03-18,2024-03-19,test_prequential,IWM,0.5542889833450317,1,1
2024-03-19,2024-03-20,test_prequential,SPY,0.5835535526275635,1,1
2024-03-19,2024-03-20,test_prequential,QQQ,0.5499411225318909,1,1
2024-03-19,2024-03-20,test_prequential,IWM,0.5567330121994019,1,1
2024-03-20,2024-03-21,test_prequential,SPY,0.5943725109100342,1,1
2024-03-20,2024-03-21,test_prequential,QQQ,0.5630707144737244,1,1
2024-03-20,2024-03-21,test_prequential,IWM,0.5630226135253906,1,1
2024-03-21,2024-03-22,test_prequential,SPY,0.5947179794311523,0,0
2024-03-21,2024-03-22,test_prequential,QQQ,0.5547340512275696,1,1
2024-03-21,2024-03-22,test_prequential,IWM,0.5543187856674194,0,0
2024-03-22,2024-03-25,test_prequential,SPY,0.5630866289138794,0,0
2024-03-22,2024-03-25,test_prequential,QQQ,0.5200704336166382,0,0
2024-03-22,2024-03-25,test_prequential,IWM,0.5586934685707092,1,1
2024-03-25,2024-03-26,test_prequential,SPY,0.5733332633972168,0,0
2024-03-25,2024-03-26,test_prequential,QQQ,0.5525623559951782,0,0
2024-03-25,2024-03-26,test_prequential,IWM,0.558455228805542,0,0
2024-03-26,2024-03-27,test_prequential,SPY,0.571782648563385,1,1
2024-03-26,2024-03-27,test_prequential,QQQ,0.5363577008247375,1,1
2024-03-26,2024-03-27,test_prequential,IWM,0.562860906124115,1,1
2024-03-27,2024-03-28,test_prequential,SPY,0.605201005935669,0,0
2024-03-27,2024-03-28,test_prequential,QQQ,0.5768422484397888,0,0
2024-03-27,2024-03-28,test_prequential,IWM,0.5709881782531738,1,1
2024-03-28,2024-04-01,test_prequential,SPY,0.5791764259338379,0,0
2024-03-28,2024-04-01,test_prequential,QQQ,0.5546937584877014,1,1
2024-03-28,2024-04-01,test_prequential,IWM,0.5783397555351257,0,0
2024-04-01,2024-04-02,test_prequential,SPY,0.5348138809204102,0,0
2024-04-01,2024-04-02,test_prequential,QQQ,0.5182327032089233,0,0
2024-04-01,2024-04-02,test_prequential,IWM,0.5861103534698486,0,0
2024-04-02,2024-04-03,test_prequential,SPY,0.5298711657524109,1,1
2024-04-02,2024-04-03,test_prequential,QQQ,0.5186700224876404,1,1
2024-04-02,2024-04-03,test_prequential,IWM,0.5844467282295227,1,1
2024-04-03,2024-04-04,test_prequential,SPY,0.5438898801803589,0,0
2024-04-03,2024-04-04,test_prequential,QQQ,0.5557767748832703,0,0
2024-04-03,2024-04-04,test_prequential,IWM,0.5919694900512695,0,0
2024-04-04,2024-04-05,test_prequential,SPY,0.538731575012207,1,1
2024-04-04,2024-04-05,test_prequential,QQQ,0.5189793705940247,1,1
2024-04-04,2024-04-05,test_prequential,IWM,0.5822952389717102,1,1
2024-04-05,2024-04-08,test_prequential,SPY,0.5360137224197388,1,1
2024-04-05,2024-04-08,test_prequential,QQQ,0.5431764125823975,1,1
2024-04-05,2024-04-08,test_prequential,IWM,0.6028686165809631,1,1
2024-04-08,2024-04-09,test_prequential,SPY,0.5363948941230774,1,1
2024-04-08,2024-04-09,test_prequential,QQQ,0.5584041476249695,1,1
2024-04-08,2024-04-09,test_prequential,IWM,0.5861489176750183,1,1
2024-04-09,2024-04-10,test_prequential,SPY,0.5381388068199158,0,0
2024-04-09,2024-04-10,test_prequential,QQQ,0.5581361055374146,0,0
2024-04-09,2024-04-10,test_prequential,IWM,0.6037050485610962,0,0
2024-04-10,2024-04-11,test_prequential,SPY,0.5020221471786499,1,1
2024-04-10,2024-04-11,test_prequential,QQQ,0.5180685520172119,1,1
2024-04-10,2024-04-11,test_prequential,IWM,0.6099758744239807,1,1
2024-04-11,2024-04-12,test_prequential,SPY,0.5256651043891907,0,0
2024-04-11,2024-04-12,test_prequential,QQQ,0.5589350461959839,0,0
2024-04-11,2024-04-12,test_prequential,IWM,0.6212714314460754,0,0
2024-04-12,2024-04-15,test_prequential,SPY,0.5156755447387695,0,0
2024-04-12,2024-04-15,test_prequential,QQQ,0.5355781316757202,0,0
2024-04-12,2024-04-15,test_prequential,IWM,0.6108769774436951,0,0
2024-04-15,2024-04-16,test_prequential,SPY,0.5194684863090515,0,0
2024-04-15,2024-04-16,test_prequential,QQQ,0.5228882431983948,1,1
2024-04-15,2024-04-16,test_prequential,IWM,0.6077239513397217,0,0
2024-04-16,2024-04-17,test_prequential,SPY,0.5179089903831482,0,0
2024-04-16,2024-04-17,test_prequential,QQQ,0.5442270636558533,0,0
2024-04-16,2024-04-17,test_prequential,IWM,0.6043376326560974,0,0
2024-04-17,2024-04-18,test_prequential,SPY,0.5244723558425903,0,0
2024-04-17,2024-04-18,test_prequential,QQQ,0.5452992916107178,0,0
2024-04-17,2024-04-18,test_prequential,IWM,0.5893080234527588,0,0
2024-04-18,2024-04-19,test_prequential,SPY,0.5206141471862793,0,0
2024-04-18,2024-04-19,test_prequential,QQQ,0.5516155362129211,0,0
2024-04-18,2024-04-19,test_prequential,IWM,0.5856450200080872,1,1
2024-04-19,2024-04-22,test_prequential,SPY,0.5406619310379028,1,1
2024-04-19,2024-04-22,test_prequential,QQQ,0.5704100131988525,1,1
2024-04-19,2024-04-22,test_prequential,IWM,0.5731155276298523,1,1
2024-04-22,2024-04-23,test_prequential,SPY,0.5075023174285889,1,1
2024-04-22,2024-04-23,test_prequential,QQQ,0.5559775829315186,1,1
2024-04-22,2024-04-23,test_prequential,IWM,0.5945497155189514,1,1
2024-04-23,2024-04-24,test_prequential,SPY,0.5109902620315552,0,0
2024-04-23,2024-04-24,test_prequential,QQQ,0.5665019750595093,1,1
2024-04-23,2024-04-24,test_prequential,IWM,0.5941265225410461,0,0
2024-04-24,2024-04-25,test_prequential,SPY,0.48182594776153564,0,1
2024-04-24,2024-04-25,test_prequential,QQQ,0.5330265760421753,0,0
2024-04-24,2024-04-25,test_prequential,IWM,0.5795827507972717,0,0
2024-04-25,2024-04-26,test_prequential,SPY,0.4710516333580017,1,0
2024-04-25,2024-04-26,test_prequential,QQQ,0.5362473130226135,1,1
2024-04-25,2024-04-26,test_prequential,IWM,0.5873358845710754,1,1
2024-04-26,2024-04-29,test_prequential,SPY,0.48850852251052856,1,0
2024-04-26,2024-04-29,test_prequential,QQQ,0.5552692413330078,1,1
2024-04-26,2024-04-29,test_prequential,IWM,0.5810964107513428,1,1
2024-04-29,2024-04-30,test_prequential,SPY,0.49504438042640686,0,1
2024-04-29,2024-04-30,test_prequential,QQQ,0.5693899989128113,0,0
2024-04-29,2024-04-30,test_prequential,IWM,0.5669844746589661,0,0
2024-04-30,2024-05-01,test_prequential,SPY,0.46095502376556396,0,1
2024-04-30,2024-05-01,test_prequential,QQQ,0.5199995040893555,0,0
2024-04-30,2024-05-01,test_prequential,IWM,0.5673474669456482,1,1
2024-05-01,2024-05-02,test_prequential,SPY,0.48702260851860046,1,0
2024-05-01,2024-05-02,test_prequential,QQQ,0.5561150312423706,1,1
2024-05-01,2024-05-02,test_prequential,IWM,0.5751122236251831,1,1
2024-05-02,2024-05-03,test_prequential,SPY,0.46569588780403137,1,0
2024-05-02,2024-05-03,test_prequential,QQQ,0.5484839677810669,1,1
2024-05-02,2024-05-03,test_prequential,IWM,0.5644132494926453,1,1
2024-05-03,2024-05-06,test_prequential,SPY,0.46288996934890747,1,0
2024-05-03,2024-05-06,test_prequential,QQQ,0.5376346111297607,1,1
2024-05-03,2024-05-06,test_prequential,IWM,0.5642307996749878,1,1
2024-05-06,2024-05-07,test_prequential,SPY,0.47224459052085876,1,0
2024-05-06,2024-05-07,test_prequential,QQQ,0.5616344213485718,1,1
2024-05-06,2024-05-07,test_prequential,IWM,0.5631150007247925,1,1
2024-05-07,2024-05-08,test_prequential,SPY,0.46916213631629944,1,0
2024-05-07,2024-05-08,test_prequential,QQQ,0.5567825436592102,0,0
2024-05-07,2024-05-08,test_prequential,IWM,0.5625091791152954,0,0
2024-05-08,2024-05-09,test_prequential,SPY,0.4606526494026184,1,0
2024-05-08,2024-05-09,test_prequential,QQQ,0.5509873032569885,1,1
2024-05-08,2024-05-09,test_prequential,IWM,0.5681681036949158,1,1
2024-05-09,2024-05-10,test_prequential,SPY,0.4962346851825714,1,0
2024-05-09,2024-05-10,test_prequential,QQQ,0.5825287103652954,1,1
2024-05-09,2024-05-10,test_prequential,IWM,0.5720346570014954,0,0
2024-05-10,2024-05-13,test_prequential,SPY,0.47911980748176575,1,0
2024-05-10,2024-05-13,test_prequential,QQQ,0.5560513734817505,1,1
2024-05-10,2024-05-13,test_prequential,IWM,0.5727839469909668,1,1
2024-05-13,2024-05-14,test_prequential,SPY,0.49798983335494995,1,0
2024-05-13,2024-05-14,test_prequential,QQQ,0.5773876905441284,1,1
2024-05-13,2024-05-14,test_prequential,IWM,0.5667178630828857,1,1
2024-05-14,2024-05-15,test_prequential,SPY,0.5306224822998047,1,1
2024-05-14,2024-05-15,test_prequential,QQQ,0.609903872013092,1,1
2024-05-14,2024-05-15,test_prequential,IWM,0.5798290371894836,1,1
2024-05-15,2024-05-16,test_prequential,SPY,0.5404971837997437,0,0
2024-05-15,2024-05-16,test_prequential,QQQ,0.6134713888168335,0,0
2024-05-15,2024-05-16,test_prequential,IWM,0.5960148572921753,0,0
2024-05-16,2024-05-17,test_prequential,SPY,0.5407050251960754,1,1
2024-05-16,2024-05-17,test_prequential,QQQ,0.6031821370124817,0,0
2024-05-16,2024-05-17,test_prequential,IWM,0.5784677267074585,1,1
2024-05-17,2024-05-20,test_prequential,SPY,0.5673017501831055,1,1
2024-05-17,2024-05-20,test_prequential,QQQ,0.6251093745231628,1,1
2024-05-17,2024-05-20,test_prequential,IWM,0.5850244164466858,1,1
2024-05-20,2024-05-21,test_prequential,SPY,0.5590492486953735,1,1
2024-05-20,2024-05-21,test_prequential,QQQ,0.6268170475959778,1,1
2024-05-20,2024-05-21,test_prequential,IWM,0.594935417175293,0,0
2024-05-21,2024-05-22,test_prequential,SPY,0.5764663219451904,0,0
2024-05-21,2024-05-22,test_prequential,QQQ,0.6366729736328125,0,0
2024-05-21,2024-05-22,test_prequential,IWM,0.594322144985199,0,0
2024-05-22,2024-05-23,test_prequential,SPY,0.5827693939208984,0,0
2024-05-22,2024-05-23,test_prequential,QQQ,0.6255427002906799,0,0
2024-05-22,2024-05-23,test_prequential,IWM,0.5922996401786804,0,0
2024-05-23,2024-05-24,test_prequential,SPY,0.578510582447052,1,1
2024-05-23,2024-05-24,test_prequential,QQQ,0.6059367060661316,1,1
2024-05-23,2024-05-24,test_prequential,IWM,0.5953378677368164,1,1
2024-05-24,2024-05-28,test_prequential,SPY,0.6193563342094421,1,1
2024-05-24,2024-05-28,test_prequential,QQQ,0.6646080017089844,1,1
2024-05-24,2024-05-28,test_prequential,IWM,0.5913183093070984,0,0
2024-05-28,2024-05-29,test_prequential,SPY,0.6105523109436035,0,0
2024-05-28,2024-05-29,test_prequential,QQQ,0.6420509815216064,0,0
2024-05-28,2024-05-29,test_prequential,IWM,0.5834242701530457,0,0
2024-05-29,2024-05-30,test_prequential,SPY,0.60908043384552,0,0
2024-05-29,2024-05-30,test_prequential,QQQ,0.6349820494651794,0,0
2024-05-29,2024-05-30,test_prequential,IWM,0.5776190757751465,1,1
2024-05-30,2024-05-31,test_prequential,SPY,0.6506007313728333,1,1
2024-05-30,2024-05-31,test_prequential,QQQ,0.6793568134307861,0,0
2024-05-30,2024-05-31,test_prequential,IWM,0.5670473575592041,1,1
2024-05-31,2024-06-03,test_prequential,SPY,0.6573866009712219,1,1
2024-05-31,2024-06-03,test_prequential,QQQ,0.6599388122558594,1,1
2024-05-31,2024-06-03,test_prequential,IWM,0.5890898108482361,0,0
2024-06-03,2024-06-04,test_prequential,SPY,0.6261576414108276,1,1
2024-06-03,2024-06-04,test_prequential,QQQ,0.634526789188385,1,1
2024-06-03,2024-06-04,test_prequential,IWM,0.5820761322975159,0,0
2024-06-04,2024-06-05,test_prequential,SPY,0.6287865042686462,1,1
2024-06-04,2024-06-05,test_prequential,QQQ,0.636354386806488,1,1
2024-06-04,2024-06-05,test_prequential,IWM,0.5706385970115662,1,1
2024-06-05,2024-06-06,test_prequential,SPY,0.6520169377326965,0,0
2024-06-05,2024-06-06,test_prequential,QQQ,0.6616143584251404,0,0
2024-06-05,2024-06-06,test_prequential,IWM,0.578091561794281,0,0
2024-06-06,2024-06-07,test_prequential,SPY,0.6558846235275269,0,0
2024-06-06,2024-06-07,test_prequential,QQQ,0.6490221619606018,0,0
2024-06-06,2024-06-07,test_prequential,IWM,0.5476429462432861,0,0
2024-06-07,2024-06-10,test_prequential,SPY,0.6454840898513794,1,1
2024-06-07,2024-06-10,test_prequential,QQQ,0.6273672580718994,1,1
2024-06-07,2024-06-10,test_prequential,IWM,0.5548888444900513,1,1
2024-06-10,2024-06-11,test_prequential,SPY,0.6673831343650818,1,1
2024-06-10,2024-06-11,test_prequential,QQQ,0.6603556871414185,1,1
2024-06-10,2024-06-11,test_prequential,IWM,0.5467879772186279,0,0
2024-06-11,2024-06-12,test_prequential,SPY,0.659791111946106,1,1
2024-06-11,2024-06-12,test_prequential,QQQ,0.6488268971443176,1,1
2024-06-11,2024-06-12,test_prequential,IWM,0.5461555123329163,1,1
2024-06-12,2024-06-13,test_prequential,SPY,0.6869951486587524,1,1
2024-06-12,2024-06-13,test_prequential,QQQ,0.6681537628173828,1,1
2024-06-12,2024-06-13,test_prequential,IWM,0.5421101450920105,0,0
2024-06-13,2024-06-14,test_prequential,SPY,0.6757962703704834,1,1
2024-06-13,2024-06-14,test_prequential,QQQ,0.6433835625648499,1,1
2024-06-13,2024-06-14,test_prequential,IWM,0.5320243239402771,0,0
2024-06-14,2024-06-17,test_prequential,SPY,0.6767067313194275,1,1
2024-06-14,2024-06-17,test_prequential,QQQ,0.6482698917388916,1,1
2024-06-14,2024-06-17,test_prequential,IWM,0.5233282446861267,1,1
2024-06-17,2024-06-18,test_prequential,SPY,0.7007458806037903,1,1
2024-06-17,2024-06-18,test_prequential,QQQ,0.6819350123405457,1,1
2024-06-17,2024-06-18,test_prequential,IWM,0.5348618626594543,1,1
2024-06-18,2024-06-20,test_prequential,SPY,0.7167125344276428,0,0
2024-06-18,2024-06-20,test_prequential,QQQ,0.6926995515823364,0,0
2024-06-18,2024-06-20,test_prequential,IWM,0.5114794969558716,0,0
2024-06-20,2024-06-21,test_prequential,SPY,0.7294939160346985,0,0
2024-06-20,2024-06-21,test_prequential,QQQ,0.6902453303337097,0,0
2024-06-20,2024-06-21,test_prequential,IWM,0.504603922367096,1,1
2024-06-21,2024-06-24,test_prequential,SPY,0.7329344749450684,0,0
2024-06-21,2024-06-24,test_prequential,QQQ,0.6983837485313416,0,0
2024-06-21,2024-06-24,test_prequential,IWM,0.5021527409553528,1,1
2024-06-24,2024-06-25,test_prequential,SPY,0.7377753853797913,1,1
2024-06-24,2024-06-25,test_prequential,QQQ,0.7082644104957581,1,1
2024-06-24,2024-06-25,test_prequential,IWM,0.4995763897895813,0,1
2024-06-25,2024-06-26,test_prequential,SPY,0.7124627828598022,1,1
2024-06-25,2024-06-26,test_prequential,QQQ,0.6844180226325989,1,1
2024-06-25,2024-06-26,test_prequential,IWM,0.5102611184120178,0,0
2024-06-26,2024-06-27,test_prequential,SPY,0.7294138669967651,1,1
2024-06-26,2024-06-27,test_prequential,QQQ,0.6972877979278564,1,1
2024-06-26,2024-06-27,test_prequential,IWM,0.4938930869102478,1,0
2024-06-27,2024-06-28,test_prequential,SPY,0.7388719320297241,0,0
2024-06-27,2024-06-28,test_prequential,QQQ,0.7175272107124329,0,0
2024-06-27,2024-06-28,test_prequential,IWM,0.4932704269886017,1,0
2024-06-28,2024-07-01,test_prequential,SPY,0.7444191575050354,1,1
2024-06-28,2024-07-01,test_prequential,QQQ,0.7119153141975403,1,1
2024-06-28,2024-07-01,test_prequential,IWM,0.5014685392379761,0,0
2024-07-01,2024-07-02,test_prequential,SPY,0.7265138626098633,1,1
2024-07-01,2024-07-02,test_prequential,QQQ,0.6949909329414368,1,1
2024-07-01,2024-07-02,test_prequential,IWM,0.4983707368373871,1,0
2024-07-02,2024-07-03,test_prequential,SPY,0.7361432313919067,1,1
2024-07-02,2024-07-03,test_prequential,QQQ,0.7193618416786194,1,1
2024-07-02,2024-07-03,test_prequential,IWM,0.5105308890342712,0,0
2024-07-03,2024-07-05,test_prequential,SPY,0.7472294569015503,1,1
2024-07-03,2024-07-05,test_prequential,QQQ,0.7289705872535706,1,1
2024-07-03,2024-07-05,test_prequential,IWM,0.48824673891067505,0,1
2024-07-05,2024-07-08,test_prequential,SPY,0.7472829222679138,1,1
2024-07-05,2024-07-08,test_prequential,QQQ,0.7199705839157104,1,1
2024-07-05,2024-07-08,test_prequential,IWM,0.49085426330566406,1,0
2024-07-08,2024-07-09,test_prequential,SPY,0.7637107372283936,1,1
2024-07-08,2024-07-09,test_prequential,QQQ,0.7391564249992371,1,1
2024-07-08,2024-07-09,test_prequential,IWM,0.4738292098045349,0,1
2024-07-09,2024-07-10,test_prequential,SPY,0.7625946402549744,1,1
2024-07-09,2024-07-10,test_prequential,QQQ,0.7342462539672852,1,1
2024-07-09,2024-07-10,test_prequential,IWM,0.46606895327568054,1,0
2024-07-10,2024-07-11,test_prequential,SPY,0.7761534452438354,0,0
2024-07-10,2024-07-11,test_prequential,QQQ,0.754240870475769,0,0
2024-07-10,2024-07-11,test_prequential,IWM,0.47910022735595703,1,0
2024-07-11,2024-07-12,test_prequential,SPY,0.7963510155677795,1,1
2024-07-11,2024-07-12,test_prequential,QQQ,0.7737658619880676,1,1
2024-07-11,2024-07-12,test_prequential,IWM,0.4611722528934479,1,0
2024-07-12,2024-07-15,test_prequential,SPY,0.7883052825927734,1,1
2024-07-12,2024-07-15,test_prequential,QQQ,0.7697412967681885,1,1
2024-07-12,2024-07-15,test_prequential,IWM,0.4818066358566284,1,0
2024-07-15,2024-07-16,test_prequential,SPY,0.7886237502098083,1,1
2024-07-15,2024-07-16,test_prequential,QQQ,0.7714967131614685,1,1
2024-07-15,2024-07-16,test_prequential,IWM,0.4865787625312805,1,0
2024-07-16,2024-07-17,test_prequential,SPY,0.8022328019142151,0,0
2024-07-16,2024-07-17,test_prequential,QQQ,0.7878782153129578,0,0
2024-07-16,2024-07-17,test_prequential,IWM,0.484182208776474,0,1
2024-07-17,2024-07-18,test_prequential,SPY,0.7950714230537415,0,0
2024-07-17,2024-07-18,test_prequential,QQQ,0.7735131978988647,0,0
2024-07-17,2024-07-18,test_prequential,IWM,0.49229174852371216,0,1
2024-07-18,2024-07-19,test_prequential,SPY,0.7809177041053772,0,0
2024-07-18,2024-07-19,test_prequential,QQQ,0.7528944611549377,0,0
2024-07-18,2024-07-19,test_prequential,IWM,0.5110909342765808,0,0
2024-07-19,2024-07-22,test_prequential,SPY,0.7908844947814941,1,1
2024-07-19,2024-07-22,test_prequential,QQQ,0.7667302489280701,1,1
2024-07-19,2024-07-22,test_prequential,IWM,0.5075847506523132,1,1
2024-07-22,2024-07-23,test_prequential,SPY,0.7939308881759644,0,0
2024-07-22,2024-07-23,test_prequential,QQQ,0.7798938751220703,0,0
2024-07-22,2024-07-23,test_prequential,IWM,0.5158149600028992,1,1
2024-07-23,2024-07-24,test_prequential,SPY,0.7930018305778503,0,0
2024-07-23,2024-07-24,test_prequential,QQQ,0.7821178436279297,0,0
2024-07-23,2024-07-24,test_prequential,IWM,0.5128040313720703,0,0
2024-07-24,2024-07-25,test_prequential,SPY,0.7829367518424988,0,0
2024-07-24,2024-07-25,test_prequential,QQQ,0.7611765265464783,0,0
2024-07-24,2024-07-25,test_prequential,IWM,0.5212101340293884,1,1
2024-07-25,2024-07-26,test_prequential,SPY,0.7865761518478394,1,1
2024-07-25,2024-07-26,test_prequential,QQQ,0.7715014219284058,1,1
2024-07-25,2024-07-26,test_prequential,IWM,0.5361794829368591,1,1
2024-07-26,2024-07-29,test_prequential,SPY,0.7852669358253479,1,1
2024-07-26,2024-07-29,test_prequential,QQQ,0.7709607481956482,1,1
2024-07-26,2024-07-29,test_prequential,IWM,0.544039249420166,0,0
2024-07-29,2024-07-30,test_prequential,SPY,0.7713476419448853,0,0
2024-07-29,2024-07-30,test_prequential,QQQ,0.7553656697273254,0,0
2024-07-29,2024-07-30,test_prequential,IWM,0.5407916307449341,1,1
2024-07-30,2024-07-31,test_prequential,SPY,0.7791382670402527,1,1
2024-07-30,2024-07-31,test_prequential,QQQ,0.7653218507766724,1,1
2024-07-30,2024-07-31,test_prequential,IWM,0.5481735467910767,1,1
2024-07-31,2024-08-01,test_prequential,SPY,0.7615821361541748,0,0
2024-07-31,2024-08-01,test_prequential,QQQ,0.743445098400116,0,0
2024-07-31,2024-08-01,test_prequential,IWM,0.573305606842041,0,0
2024-08-01,2024-08-02,test_prequential,SPY,0.7445220351219177,0,0
2024-08-01,2024-08-02,test_prequential,QQQ,0.7224833369255066,0,0
2024-08-01,2024-08-02,test_prequential,IWM,0.5832445621490479,0,0
2024-08-02,2024-08-05,test_prequential,SPY,0.736912727355957,0,0
2024-08-02,2024-08-05,test_prequential,QQQ,0.7256922125816345,0,0
2024-08-02,2024-08-05,test_prequential,IWM,0.5886099934577942,0,0
2024-08-05,2024-08-06,test_prequential,SPY,0.7064350247383118,1,1
2024-08-05,2024-08-06,test_prequential,QQQ,0.725522518157959,1,1
2024-08-05,2024-08-06,test_prequential,IWM,0.6141906976699829,1,1
2024-08-06,2024-08-07,test_prequential,SPY,0.7511096596717834,0,0
2024-08-06,2024-08-07,test_prequential,QQQ,0.7378321886062622,0,0
2024-08-06,2024-08-07,test_prequential,IWM,0.5906788110733032,0,0
2024-08-07,2024-08-08,test_prequential,SPY,0.7337328791618347,1,1
2024-08-07,2024-08-08,test_prequential,QQQ,0.7052182555198669,1,1
2024-08-07,2024-08-08,test_prequential,IWM,0.590022087097168,1,1
2024-08-08,2024-08-09,test_prequential,SPY,0.7351946830749512,1,1
2024-08-08,2024-08-09,test_prequential,QQQ,0.7243616580963135,1,1
2024-08-08,2024-08-09,test_prequential,IWM,0.5978232622146606,0,0
2024-08-09,2024-08-12,test_prequential,SPY,0.7331209778785706,1,1
2024-08-09,2024-08-12,test_prequential,QQQ,0.7267268300056458,1,1
2024-08-09,2024-08-12,test_prequential,IWM,0.5894348621368408,0,0
2024-08-12,2024-08-13,test_prequential,SPY,0.7293418049812317,1,1
2024-08-12,2024-08-13,test_prequential,QQQ,0.7148400545120239,1,1
2024-08-12,2024-08-13,test_prequential,IWM,0.5797999501228333,1,1
2024-08-13,2024-08-14,test_prequential,SPY,0.7379843592643738,1,1
2024-08-13,2024-08-14,test_prequential,QQQ,0.731056272983551,1,1
2024-08-13,2024-08-14,test_prequential,IWM,0.586841881275177,0,0
2024-08-14,2024-08-15,test_prequential,SPY,0.7386125922203064,1,1
2024-08-14,2024-08-15,test_prequential,QQQ,0.7256299257278442,1,1
2024-08-14,2024-08-15,test_prequential,IWM,0.576064944267273,1,1
2024-08-15,2024-08-16,test_prequential,SPY,0.7475847601890564,1,1
2024-08-15,2024-08-16,test_prequential,QQQ,0.7378252148628235,1,1
2024-08-15,2024-08-16,test_prequential,IWM,0.5778306722640991,1,1
2024-08-16,2024-08-19,test_prequential,SPY,0.7504917979240417,1,1
2024-08-16,2024-08-19,test_prequential,QQQ,0.7445939183235168,1,1
2024-08-16,2024-08-19,test_prequential,IWM,0.5741409659385681,1,1
2024-08-19,2024-08-20,test_prequential,SPY,0.7518898248672485,0,0
2024-08-19,2024-08-20,test_prequential,QQQ,0.7552168369293213,0,0
2024-08-19,2024-08-20,test_prequential,IWM,0.582693338394165,0,0
2024-08-20,2024-08-21,test_prequential,SPY,0.7438087463378906,1,1
2024-08-20,2024-08-21,test_prequential,QQQ,0.7337421178817749,1,1
2024-08-20,2024-08-21,test_prequential,IWM,0.5784221887588501,1,1
2024-08-21,2024-08-22,test_prequential,SPY,0.7644203305244446,0,0
2024-08-21,2024-08-22,test_prequential,QQQ,0.7641896605491638,0,0
2024-08-21,2024-08-22,test_prequential,IWM,0.5840983390808105,0,0
2024-08-22,2024-08-23,test_prequential,SPY,0.7567045092582703,1,1
2024-08-22,2024-08-23,test_prequential,QQQ,0.7388491630554199,1,1
2024-08-22,2024-08-23,test_prequential,IWM,0.5885305404663086,1,1
2024-08-23,2024-08-26,test_prequential,SPY,0.772017776966095,0,0
2024-08-23,2024-08-26,test_prequential,QQQ,0.7683981657028198,0,0
2024-08-23,2024-08-26,test_prequential,IWM,0.5869157314300537,1,1
2024-08-26,2024-08-27,test_prequential,SPY,0.7639824151992798,1,1
2024-08-26,2024-08-27,test_prequential,QQQ,0.7589220404624939,1,1
2024-08-26,2024-08-27,test_prequential,IWM,0.5893152356147766,0,0
2024-08-27,2024-08-28,test_prequential,SPY,0.7518931031227112,0,0
2024-08-27,2024-08-28,test_prequential,QQQ,0.7547644376754761,0,0
2024-08-27,2024-08-28,test_prequential,IWM,0.599466860294342,0,0
2024-08-28,2024-08-29,test_prequential,SPY,0.7558781504631042,1,1
2024-08-28,2024-08-29,test_prequential,QQQ,0.7495833039283752,0,0
2024-08-28,2024-08-29,test_prequential,IWM,0.6015647053718567,1,1
2024-08-29,2024-08-30,test_prequential,SPY,0.7653837203979492,1,1
2024-08-29,2024-08-30,test_prequential,QQQ,0.7644816040992737,1,1
2024-08-29,2024-08-30,test_prequential,IWM,0.5986688733100891,1,1
2024-08-30,2024-09-03,test_prequential,SPY,0.7671253681182861,0,0
2024-08-30,2024-09-03,test_prequential,QQQ,0.7584521770477295,0,0
2024-08-30,2024-09-03,test_prequential,IWM,0.6094964146614075,0,0
2024-09-03,2024-09-04,test_prequential,SPY,0.7410374283790588,0,0
2024-09-03,2024-09-04,test_prequential,QQQ,0.7294752597808838,0,0
2024-09-03,2024-09-04,test_prequential,IWM,0.6246556639671326,0,0
2024-09-04,2024-09-05,test_prequential,SPY,0.7550985217094421,0,0
2024-09-04,2024-09-05,test_prequential,QQQ,0.7497237920761108,1,1
2024-09-04,2024-09-05,test_prequential,IWM,0.6116918921470642,0,0
2024-09-05,2024-09-06,test_prequential,SPY,0.7461910247802734,0,0
2024-09-05,2024-09-06,test_prequential,QQQ,0.7400762438774109,0,0
2024-09-05,2024-09-06,test_prequential,IWM,0.6125261187553406,0,0
2024-09-06,2024-09-09,test_prequential,SPY,0.7443874478340149,1,1
2024-09-06,2024-09-09,test_prequential,QQQ,0.7212629318237305,1,1
2024-09-06,2024-09-09,test_prequential,IWM,0.6124619245529175,1,1
2024-09-09,2024-09-10,test_prequential,SPY,0.7470158338546753,1,1
2024-09-09,2024-09-10,test_prequential,QQQ,0.7355164885520935,1,1
2024-09-09,2024-09-10,test_prequential,IWM,0.6077182292938232,0,0
2024-09-10,2024-09-11,test_prequential,SPY,0.7372975945472717,1,1
2024-09-10,2024-09-11,test_prequential,QQQ,0.7315292954444885,1,1
2024-09-10,2024-09-11,test_prequential,IWM,0.607288122177124,1,1
2024-09-11,2024-09-12,test_prequential,SPY,0.7250340580940247,1,1
2024-09-11,2024-09-12,test_prequential,QQQ,0.7220485210418701,1,1
2024-09-11,2024-09-12,test_prequential,IWM,0.6258423328399658,1,1
2024-09-12,2024-09-13,test_prequential,SPY,0.7486234903335571,1,1
2024-09-12,2024-09-13,test_prequential,QQQ,0.7454590201377869,1,1
2024-09-12,2024-09-13,test_prequential,IWM,0.6083502173423767,1,1
2024-09-13,2024-09-16,test_prequential,SPY,0.7601334452629089,1,1
2024-09-13,2024-09-16,test_prequential,QQQ,0.7618901133537292,0,0
2024-09-13,2024-09-16,test_prequential,IWM,0.5978080034255981,1,1
2024-09-16,2024-09-17,test_prequential,SPY,0.7586642503738403,1,1
2024-09-16,2024-09-17,test_prequential,QQQ,0.7557374835014343,1,1
2024-09-16,2024-09-17,test_prequential,IWM,0.6030615568161011,1,1
2024-09-17,2024-09-18,test_prequential,SPY,0.7566255927085876,0,0
2024-09-17,2024-09-18,test_prequential,QQQ,0.7459123730659485,0,0
2024-09-17,2024-09-18,test_prequential,IWM,0.6174798607826233,1,1
2024-09-18,2024-09-19,test_prequential,SPY,0.7534656524658203,1,1
2024-09-18,2024-09-19,test_prequential,QQQ,0.7371066212654114,1,1
2024-09-18,2024-09-19,test_prequential,IWM,0.6285663843154907,1,1
2024-09-19,2024-09-20,test_prequential,SPY,0.7593051791191101,0,0
2024-09-19,2024-09-20,test_prequential,QQQ,0.7393949031829834,0,0
2024-09-19,2024-09-20,test_prequential,IWM,0.6312745213508606,0,0
2024-09-20,2024-09-23,test_prequential,SPY,0.7465877532958984,1,1
2024-09-20,2024-09-23,test_prequential,QQQ,0.7276809215545654,1,1
2024-09-20,2024-09-23,test_prequential,IWM,0.6471408009529114,0,0
2024-09-23,2024-09-24,test_prequential,SPY,0.7548264265060425,1,1
2024-09-23,2024-09-24,test_prequential,QQQ,0.7436659336090088,1,1
2024-09-23,2024-09-24,test_prequential,IWM,0.6393925547599792,1,1
2024-09-24,2024-09-25,test_prequential,SPY,0.7547826170921326,0,0
2024-09-24,2024-09-25,test_prequential,QQQ,0.7457597255706787,1,1
2024-09-24,2024-09-25,test_prequential,IWM,0.6458427309989929,0,0
2024-09-25,2024-09-26,test_prequential,SPY,0.7460799217224121,1,1
2024-09-25,2024-09-26,test_prequential,QQQ,0.7344213724136353,1,1
2024-09-25,2024-09-26,test_prequential,IWM,0.6458091139793396,1,1
2024-09-26,2024-09-27,test_prequential,SPY,0.7623178958892822,0,0
2024-09-26,2024-09-27,test_prequential,QQQ,0.7512066960334778,0,0
2024-09-26,2024-09-27,test_prequential,IWM,0.6457198262214661,1,1
2024-09-27,2024-09-30,test_prequential,SPY,0.765920102596283,1,1
2024-09-27,2024-09-30,test_prequential,QQQ,0.7608705163002014,1,1
2024-09-27,2024-09-30,test_prequential,IWM,0.6484541893005371,1,1
2024-09-30,2024-10-01,test_prequential,SPY,0.7565301656723022,0,0
2024-09-30,2024-10-01,test_prequential,QQQ,0.7510741949081421,0,0
2024-09-30,2024-10-01,test_prequential,IWM,0.6693570613861084,0,0
2024-10-01,2024-10-02,test_prequential,SPY,0.7461646795272827,1,1
2024-10-01,2024-10-02,test_prequential,QQQ,0.7369394302368164,1,1
2024-10-01,2024-10-02,test_prequential,IWM,0.6790777444839478,0,0
2024-10-02,2024-10-03,test_prequential,SPY,0.7478481531143188,0,0
2024-10-02,2024-10-03,test_prequential,QQQ,0.75034099817276,0,0
2024-10-02,2024-10-03,test_prequential,IWM,0.671658456325531,0,0
2024-10-03,2024-10-04,test_prequential,SPY,0.744118332862854,1,1
2024-10-03,2024-10-04,test_prequential,QQQ,0.7447215914726257,1,1
2024-10-03,2024-10-04,test_prequential,IWM,0.6718446612358093,1,1
2024-10-04,2024-10-07,test_prequential,SPY,0.7589216232299805,0,0
2024-10-04,2024-10-07,test_prequential,QQQ,0.7588613629341125,0,0
2024-10-04,2024-10-07,test_prequential,IWM,0.6667471528053284,0,0
2024-10-07,2024-10-08,test_prequential,SPY,0.7472907900810242,1,1
2024-10-07,2024-10-08,test_prequential,QQQ,0.7463855743408203,1,1
2024-10-07,2024-10-08,test_prequential,IWM,0.673281192779541,1,1
2024-10-08,2024-10-09,test_prequential,SPY,0.7391592860221863,1,1
2024-10-08,2024-10-09,test_prequential,QQQ,0.7475392818450928,1,1
2024-10-08,2024-10-09,test_prequential,IWM,0.6811296343803406,1,1
2024-10-09,2024-10-10,test_prequential,SPY,0.7502212524414062,0,0
2024-10-09,2024-10-10,test_prequential,QQQ,0.7594096064567566,0,0
2024-10-09,2024-10-10,test_prequential,IWM,0.6775615811347961,0,0
2024-10-10,2024-10-11,test_prequential,SPY,0.7493610382080078,1,1
2024-10-10,2024-10-11,test_prequential,QQQ,0.7552984952926636,1,1
2024-10-10,2024-10-11,test_prequential,IWM,0.6759449243545532,1,1
2024-10-11,2024-10-14,test_prequential,SPY,0.7667468190193176,1,1
2024-10-11,2024-10-14,test_prequential,QQQ,0.7774147391319275,1,1
2024-10-11,2024-10-14,test_prequential,IWM,0.6707842946052551,1,1
2024-10-14,2024-10-15,test_prequential,SPY,0.7573221921920776,0,0
2024-10-14,2024-10-15,test_prequential,QQQ,0.7653847932815552,0,0
2024-10-14,2024-10-15,test_prequential,IWM,0.6838317513465881,1,1
2024-10-15,2024-10-16,test_prequential,SPY,0.7555181980133057,1,1
2024-10-15,2024-10-16,test_prequential,QQQ,0.7628302574157715,1,1
2024-10-15,2024-10-16,test_prequential,IWM,0.6942622661590576,1,1
2024-10-16,2024-10-17,test_prequential,SPY,0.7671704292297363,1,1
2024-10-16,2024-10-17,test_prequential,QQQ,0.7815428972244263,1,1
2024-10-16,2024-10-17,test_prequential,IWM,0.6853498220443726,0,0
2024-10-17,2024-10-18,test_prequential,SPY,0.7543113827705383,1,1
2024-10-17,2024-10-18,test_prequential,QQQ,0.7603384256362915,1,1
2024-10-17,2024-10-18,test_prequential,IWM,0.7000696063041687,0,0
2024-10-18,2024-10-21,test_prequential,SPY,0.7619113326072693,0,0
2024-10-18,2024-10-21,test_prequential,QQQ,0.7717983722686768,1,1
2024-10-18,2024-10-21,test_prequential,IWM,0.693581759929657,0,0
2024-10-21,2024-10-22,test_prequential,SPY,0.7438520193099976,0,0
2024-10-21,2024-10-22,test_prequential,QQQ,0.7574706673622131,1,1
2024-10-21,2024-10-22,test_prequential,IWM,0.7033941745758057,0,0
2024-10-22,2024-10-23,test_prequential,SPY,0.7525142431259155,0,0
2024-10-22,2024-10-23,test_prequential,QQQ,0.7740269303321838,0,0
2024-10-22,2024-10-23,test_prequential,IWM,0.6951808333396912,0,0
2024-10-23,2024-10-24,test_prequential,SPY,0.7564294934272766,1,1
2024-10-23,2024-10-24,test_prequential,QQQ,0.7713520526885986,1,1
2024-10-23,2024-10-24,test_prequential,IWM,0.6933982372283936,1,1
2024-10-24,2024-10-25,test_prequential,SPY,0.7564679980278015,0,0
2024-10-24,2024-10-25,test_prequential,QQQ,0.7829100489616394,1,1
2024-10-24,2024-10-25,test_prequential,IWM,0.6867783069610596,0,0
2024-10-25,2024-10-28,test_prequential,SPY,0.7496426105499268,1,1
2024-10-25,2024-10-28,test_prequential,QQQ,0.7740053534507751,1,1
2024-10-25,2024-10-28,test_prequential,IWM,0.6871085166931152,1,1
2024-10-28,2024-10-29,test_prequential,SPY,0.7664861083030701,1,1
2024-10-28,2024-10-29,test_prequential,QQQ,0.797663688659668,1,1
2024-10-28,2024-10-29,test_prequential,IWM,0.6713571548461914,0,0
2024-10-29,2024-10-30,test_prequential,SPY,0.7444917559623718,0,0
2024-10-29,2024-10-30,test_prequential,QQQ,0.7834399938583374,0,0
2024-10-29,2024-10-30,test_prequential,IWM,0.6829200983047485,0,0
2024-10-30,2024-10-31,test_prequential,SPY,0.7595453262329102,0,0
2024-10-30,2024-10-31,test_prequential,QQQ,0.7936877608299255,0,0
2024-10-30,2024-10-31,test_prequential,IWM,0.6715095639228821,0,0
2024-10-31,2024-11-01,test_prequential,SPY,0.7508661150932312,1,1
2024-10-31,2024-11-01,test_prequential,QQQ,0.7876477837562561,1,1
2024-10-31,2024-11-01,test_prequential,IWM,0.6714087724685669,1,1
2024-11-01,2024-11-04,test_prequential,SPY,0.7539907693862915,0,0
2024-11-01,2024-11-04,test_prequential,QQQ,0.794259250164032,0,0
2024-11-01,2024-11-04,test_prequential,IWM,0.6629306674003601,1,1
2024-11-04,2024-11-05,test_prequential,SPY,0.7549524307250977,1,1
2024-11-04,2024-11-05,test_prequential,QQQ,0.8003309965133667,1,1
2024-11-04,2024-11-05,test_prequential,IWM,0.6578141450881958,1,1
2024-11-05,2024-11-06,test_prequential,SPY,0.755979597568512,1,1
2024-11-05,2024-11-06,test_prequential,QQQ,0.8007915019989014,1,1
2024-11-05,2024-11-06,test_prequential,IWM,0.6560624241828918,1,1
2024-11-06,2024-11-07,test_prequential,SPY,0.7511149048805237,1,1
2024-11-06,2024-11-07,test_prequential,QQQ,0.7849698662757874,1,1
2024-11-06,2024-11-07,test_prequential,IWM,0.6620007157325745,0,0
2024-11-07,2024-11-08,test_prequential,SPY,0.7383500933647156,1,1
2024-11-07,2024-11-08,test_prequential,QQQ,0.7884323596954346,1,1
2024-11-07,2024-11-08,test_prequential,IWM,0.6671605110168457,1,1
2024-11-08,2024-11-11,test_prequential,SPY,0.7545833587646484,1,1
2024-11-08,2024-11-11,test_prequential,QQQ,0.8026340007781982,0,0
2024-11-08,2024-11-11,test_prequential,IWM,0.6668595671653748,1,1
2024-11-11,2024-11-12,test_prequential,SPY,0.7614465951919556,0,0
2024-11-11,2024-11-12,test_prequential,QQQ,0.8085142970085144,0,0
2024-11-11,2024-11-12,test_prequential,IWM,0.6595814824104309,0,0
2024-11-12,2024-11-13,test_prequential,SPY,0.7426806092262268,1,1
2024-11-12,2024-11-13,test_prequential,QQQ,0.7870553731918335,0,0
2024-11-12,2024-11-13,test_prequential,IWM,0.6738560199737549,0,0
2024-11-13,2024-11-14,test_prequential,SPY,0.7512370944023132,0,0
2024-11-13,2024-11-14,test_prequential,QQQ,0.7916126251220703,0,0
2024-11-13,2024-11-14,test_prequential,IWM,0.6687343716621399,0,0
2024-11-14,2024-11-15,test_prequential,SPY,0.7489644885063171,0,0
2024-11-14,2024-11-15,test_prequential,QQQ,0.7872639894485474,0,0
2024-11-14,2024-11-15,test_prequential,IWM,0.6645256876945496,0,0
2024-11-15,2024-11-18,test_prequential,SPY,0.7550995945930481,1,1
2024-11-15,2024-11-18,test_prequential,QQQ,0.7847549915313721,1,1
2024-11-15,2024-11-18,test_prequential,IWM,0.6645652651786804,1,1
2024-11-18,2024-11-19,test_prequential,SPY,0.7524507641792297,1,1
2024-11-18,2024-11-19,test_prequential,QQQ,0.78849858045578,1,1
2024-11-18,2024-11-19,test_prequential,IWM,0.6555753350257874,1,1
2024-11-19,2024-11-20,test_prequential,SPY,0.7545908093452454,1,1
2024-11-19,2024-11-20,test_prequential,QQQ,0.7887074947357178,0,0
2024-11-19,2024-11-20,test_prequential,IWM,0.6596162915229797,1,1
2024-11-20,2024-11-21,test_prequential,SPY,0.7579230070114136,1,1
2024-11-20,2024-11-21,test_prequential,QQQ,0.7816789746284485,1,1
2024-11-20,2024-11-21,test_prequential,IWM,0.6600276231765747,1,1
2024-11-21,2024-11-22,test_prequential,SPY,0.7650136947631836,1,1
2024-11-21,2024-11-22,test_prequential,QQQ,0.7851163148880005,1,1
2024-11-21,2024-11-22,test_prequential,IWM,0.659269392490387,1,1
2024-11-22,2024-11-25,test_prequential,SPY,0.7704330682754517,1,1
2024-11-22,2024-11-25,test_prequential,QQQ,0.7926986813545227,1,1
2024-11-22,2024-11-25,test_prequential,IWM,0.6570064425468445,1,1
2024-11-25,2024-11-26,test_prequential,SPY,0.7728005051612854,1,1
2024-11-25,2024-11-26,test_prequential,QQQ,0.787612795829773,1,1
2024-11-25,2024-11-26,test_prequential,IWM,0.6674396395683289,0,0
2024-11-26,2024-11-27,test_prequential,SPY,0.763714075088501,0,0
2024-11-26,2024-11-27,test_prequential,QQQ,0.7706146240234375,0,0
2024-11-26,2024-11-27,test_prequential,IWM,0.6772990822792053,1,1
2024-11-27,2024-11-29,test_prequential,SPY,0.775253415107727,1,1
2024-11-27,2024-11-29,test_prequential,QQQ,0.7874583005905151,1,1
2024-11-27,2024-11-29,test_prequential,IWM,0.6704795956611633,1,1
2024-11-29,2024-12-02,test_prequential,SPY,0.7719345092773438,1,1
2024-11-29,2024-12-02,test_prequential,QQQ,0.7886185646057129,1,1
2024-11-29,2024-12-02,test_prequential,IWM,0.6776819825172424,0,0
2024-12-02,2024-12-03,test_prequential,SPY,0.762722373008728,1,1
2024-12-02,2024-12-03,test_prequential,QQQ,0.7779815196990967,1,1
2024-12-02,2024-12-03,test_prequential,IWM,0.6855478882789612,0,0
2024-12-03,2024-12-04,test_prequential,SPY,0.7673672437667847,1,1
2024-12-03,2024-12-04,test_prequential,QQQ,0.7789759635925293,1,1
2024-12-03,2024-12-04,test_prequential,IWM,0.6848728060722351,1,1
2024-12-04,2024-12-05,test_prequential,SPY,0.7787532210350037,0,0
2024-12-04,2024-12-05,test_prequential,QQQ,0.7832621932029724,0,0
2024-12-04,2024-12-05,test_prequential,IWM,0.6852738261222839,0,0
2024-12-05,2024-12-06,test_prequential,SPY,0.7798747420310974,1,1
2024-12-05,2024-12-06,test_prequential,QQQ,0.7819728851318359,1,1
2024-12-05,2024-12-06,test_prequential,IWM,0.6827132105827332,1,1
2024-12-06,2024-12-09,test_prequential,SPY,0.7802327871322632,0,0
2024-12-06,2024-12-09,test_prequential,QQQ,0.7884771227836609,0,0
2024-12-06,2024-12-09,test_prequential,IWM,0.6845324039459229,0,0
2024-12-09,2024-12-10,test_prequential,SPY,0.7889736890792847,0,0
2024-12-09,2024-12-10,test_prequential,QQQ,0.787887454032898,0,0
2024-12-09,2024-12-10,test_prequential,IWM,0.6823211908340454,0,0
2024-12-10,2024-12-11,test_prequential,SPY,0.7869071364402771,1,1
2024-12-10,2024-12-11,test_prequential,QQQ,0.783840537071228,1,1
2024-12-10,2024-12-11,test_prequential,IWM,0.685623824596405,1,1
2024-12-11,2024-12-12,test_prequential,SPY,0.7788074016571045,0,0
2024-12-11,2024-12-12,test_prequential,QQQ,0.7825635075569153,0,0
2024-12-11,2024-12-12,test_prequential,IWM,0.6859683990478516,0,0
2024-12-12,2024-12-13,test_prequential,SPY,0.7839967012405396,0,0
2024-12-12,2024-12-13,test_prequential,QQQ,0.7786923050880432,1,1
2024-12-12,2024-12-13,test_prequential,IWM,0.6852850317955017,0,0
2024-12-13,2024-12-16,test_prequential,SPY,0.7791627049446106,1,1
2024-12-13,2024-12-16,test_prequential,QQQ,0.7748619914054871,1,1
2024-12-13,2024-12-16,test_prequential,IWM,0.686592698097229,1,1
2024-12-16,2024-12-17,test_prequential,SPY,0.7786888480186462,0,0
2024-12-16,2024-12-17,test_prequential,QQQ,0.7800511717796326,0,0
2024-12-16,2024-12-17,test_prequential,IWM,0.6868765950202942,0,0
2024-12-17,2024-12-18,test_prequential,SPY,0.7851978540420532,0,0
2024-12-17,2024-12-18,test_prequential,QQQ,0.7766715288162231,0,0
2024-12-17,2024-12-18,test_prequential,IWM,0.682898759841919,0,0
2024-12-18,2024-12-19,test_prequential,SPY,0.7548871040344238,0,0
2024-12-18,2024-12-19,test_prequential,QQQ,0.7489795088768005,0,0
2024-12-18,2024-12-19,test_prequential,IWM,0.7115532755851746,0,0
2024-12-19,2024-12-20,test_prequential,SPY,0.8001296520233154,1,1
2024-12-19,2024-12-20,test_prequential,QQQ,0.7523468136787415,1,1
2024-12-19,2024-12-20,test_prequential,IWM,0.7566821575164795,1,1
2024-12-20,2024-12-23,test_prequential,SPY,0.782985270023346,1,1
2024-12-20,2024-12-23,test_prequential,QQQ,0.7941390872001648,1,1
2024-12-20,2024-12-23,test_prequential,IWM,0.69649338722229,0,0
2024-12-23,2024-12-24,test_prequential,SPY,0.7771856784820557,1,1
2024-12-23,2024-12-24,test_prequential,QQQ,0.8109208345413208,1,1
2024-12-23,2024-12-24,test_prequential,IWM,0.6712723970413208,1,1
2024-12-24,2024-12-26,test_prequential,SPY,0.7878251075744629,1,1
2024-12-24,2024-12-26,test_prequential,QQQ,0.8068405389785767,0,0
2024-12-24,2024-12-26,test_prequential,IWM,0.7036194205284119,1,1
2024-12-26,2024-12-27,test_prequential,SPY,0.7971951365470886,0,0
2024-12-26,2024-12-27,test_prequential,QQQ,0.8300159573554993,0,0
2024-12-26,2024-12-27,test_prequential,IWM,0.6806889772415161,0,0
2024-12-27,2024-12-30,test_prequential,SPY,0.77914959192276,0,0
2024-12-27,2024-12-30,test_prequential,QQQ,0.760718584060669,0,0
2024-12-27,2024-12-30,test_prequential,IWM,0.7141663432121277,0,0
2024-12-30,2024-12-31,test_prequential,SPY,0.7946593165397644,0,0
2024-12-30,2024-12-31,test_prequential,QQQ,0.8037007451057434,0,0
2024-12-30,2024-12-31,test_prequential,IWM,0.7121623158454895,1,1
2024-12-31,2025-01-02,test_prequential,SPY,0.795476496219635,0,0
2024-12-31,2025-01-02,test_prequential,QQQ,0.7595341205596924,0,0
2024-12-31,2025-01-02,test_prequential,IWM,0.672487735748291,1,1
2025-01-02,2025-01-03,test_prequential,SPY,0.7826889157295227,1,1
2025-01-02,2025-01-03,test_prequential,QQQ,0.7982021570205688,1,1
2025-01-02,2025-01-03,test_prequential,IWM,0.6994847655296326,1,1
2025-01-03,2025-01-06,test_prequential,SPY,0.7590677738189697,1,1
2025-01-03,2025-01-06,test_prequential,QQQ,0.8168627023696899,1,1
2025-01-03,2025-01-06,test_prequential,IWM,0.687022864818573,1,1
2025-01-06,2025-01-07,test_prequential,SPY,0.7738518714904785,0,0
2025-01-06,2025-01-07,test_prequential,QQQ,0.7715194821357727,0,0
2025-01-06,2025-01-07,test_prequential,IWM,0.7146427631378174,0,0
2025-01-07,2025-01-08,test_prequential,SPY,0.7639948725700378,1,1
2025-01-07,2025-01-08,test_prequential,QQQ,0.7542009353637695,1,1
2025-01-07,2025-01-08,test_prequential,IWM,0.7049909234046936,0,0
2025-01-08,2025-01-10,test_prequential,SPY,0.7232910394668579,0,0
2025-01-08,2025-01-10,test_prequential,QQQ,0.7637038826942444,0,0
2025-01-08,2025-01-10,test_prequential,IWM,0.6528392434120178,0,0
2025-01-10,2025-01-13,test_prequential,SPY,0.7220515012741089,1,1
2025-01-10,2025-01-13,test_prequential,QQQ,0.7285985946655273,0,0
2025-01-10,2025-01-13,test_prequential,IWM,0.721689760684967,1,1
2025-01-13,2025-01-14,test_prequential,SPY,0.7567638754844666,1,1
2025-01-13,2025-01-14,test_prequential,QQQ,0.7504698634147644,0,0
2025-01-13,2025-01-14,test_prequential,IWM,0.7218064665794373,1,1
2025-01-14,2025-01-15,test_prequential,SPY,0.7783328294754028,1,1
2025-01-14,2025-01-15,test_prequential,QQQ,0.7590858936309814,1,1
2025-01-14,2025-01-15,test_prequential,IWM,0.702775776386261,1,1
2025-01-15,2025-01-16,test_prequential,SPY,0.7504611611366272,0,0
2025-01-15,2025-01-16,test_prequential,QQQ,0.7418177723884583,0,0
2025-01-15,2025-01-16,test_prequential,IWM,0.7108810544013977,1,1
2025-01-16,2025-01-17,test_prequential,SPY,0.7467376589775085,1,1
2025-01-16,2025-01-17,test_prequential,QQQ,0.7457126975059509,1,1
2025-01-16,2025-01-17,test_prequential,IWM,0.6967535018920898,1,1
2025-01-17,2025-01-21,test_prequential,SPY,0.7415271401405334,1,1
2025-01-17,2025-01-21,test_prequential,QQQ,0.7203069925308228,1,1
2025-01-17,2025-01-21,test_prequential,IWM,0.7225579619407654,1,1
2025-01-21,2025-01-22,test_prequential,SPY,0.7455310225486755,1,1
2025-01-21,2025-01-22,test_prequential,QQQ,0.7441365718841553,1,1
2025-01-21,2025-01-22,test_prequential,IWM,0.7028154134750366,0,0
2025-01-22,2025-01-23,test_prequential,SPY,0.7293116450309753,1,1
2025-01-22,2025-01-23,test_prequential,QQQ,0.6934762597084045,1,1
2025-01-22,2025-01-23,test_prequential,IWM,0.7113768458366394,1,1
2025-01-23,2025-01-24,test_prequential,SPY,0.7617000937461853,0,0
2025-01-23,2025-01-24,test_prequential,QQQ,0.732559323310852,0,0
2025-01-23,2025-01-24,test_prequential,IWM,0.7193304300308228,0,0
2025-01-24,2025-01-27,test_prequential,SPY,0.7650778889656067,0,0
2025-01-24,2025-01-27,test_prequential,QQQ,0.7371503710746765,0,0
2025-01-24,2025-01-27,test_prequential,IWM,0.7049401998519897,0,0
2025-01-27,2025-01-28,test_prequential,SPY,0.7564654350280762,1,1
2025-01-27,2025-01-28,test_prequential,QQQ,0.7274510860443115,1,1
2025-01-27,2025-01-28,test_prequential,IWM,0.7251176834106445,1,1
2025-01-28,2025-01-29,test_prequential,SPY,0.7400888204574585,0,0
2025-01-28,2025-01-29,test_prequential,QQQ,0.7219682931900024,0,0
2025-01-28,2025-01-29,test_prequential,IWM,0.7460693120956421,0,0
2025-01-29,2025-01-30,test_prequential,SPY,0.7342600226402283,1,1
2025-01-29,2025-01-30,test_prequential,QQQ,0.7067406177520752,1,1
2025-01-29,2025-01-30,test_prequential,IWM,0.722639799118042,1,1
2025-01-30,2025-01-31,test_prequential,SPY,0.7720863223075867,0,0
2025-01-30,2025-01-31,test_prequential,QQQ,0.7392281293869019,0,0
2025-01-30,2025-01-31,test_prequential,IWM,0.7139323949813843,0,0
2025-01-31,2025-02-03,test_prequential,SPY,0.7594699263572693,0,0
2025-01-31,2025-02-03,test_prequential,QQQ,0.6937578320503235,0,0
2025-01-31,2025-02-03,test_prequential,IWM,0.7156141400337219,0,0
2025-02-03,2025-02-04,test_prequential,SPY,0.7300782203674316,1,1
2025-02-03,2025-02-04,test_prequential,QQQ,0.6840634346008301,1,1
2025-02-03,2025-02-04,test_prequential,IWM,0.7303158640861511,1,1
2025-02-04,2025-02-05,test_prequential,SPY,0.727623462677002,1,1
2025-02-04,2025-02-05,test_prequential,QQQ,0.7066090106964111,1,1
2025-02-04,2025-02-05,test_prequential,IWM,0.7067552208900452,1,1
2025-02-05,2025-02-06,test_prequential,SPY,0.7539482712745667,1,1
2025-02-05,2025-02-06,test_prequential,QQQ,0.6879782676696777,1,1
2025-02-05,2025-02-06,test_prequential,IWM,0.7059088945388794,0,0
2025-02-06,2025-02-07,test_prequential,SPY,0.737358033657074,0,0
2025-02-06,2025-02-07,test_prequential,QQQ,0.6955490708351135,0,0
2025-02-06,2025-02-07,test_prequential,IWM,0.7108238339424133,0,0
2025-02-07,2025-02-10,test_prequential,SPY,0.7552134990692139,1,1
2025-02-07,2025-02-10,test_prequential,QQQ,0.700247049331665,1,1
2025-02-07,2025-02-10,test_prequential,IWM,0.7163339257240295,1,1
2025-02-10,2025-02-11,test_prequential,SPY,0.759175181388855,1,1
2025-02-10,2025-02-11,test_prequential,QQQ,0.722960889339447,0,0
2025-02-10,2025-02-11,test_prequential,IWM,0.6912053227424622,0,0
2025-02-11,2025-02-12,test_prequential,SPY,0.751059353351593,0,0
2025-02-11,2025-02-12,test_prequential,QQQ,0.6781495809555054,1,1
2025-02-11,2025-02-12,test_prequential,IWM,0.6974918842315674,0,0
2025-02-12,2025-02-13,test_prequential,SPY,0.7382867336273193,1,1
2025-02-12,2025-02-13,test_prequential,QQQ,0.6862843036651611,1,1
2025-02-12,2025-02-13,test_prequential,IWM,0.6975157260894775,1,1
2025-02-13,2025-02-14,test_prequential,SPY,0.7576059103012085,0,0
2025-02-13,2025-02-14,test_prequential,QQQ,0.717383086681366,1,1
2025-02-13,2025-02-14,test_prequential,IWM,0.708324134349823,0,0
2025-02-14,2025-02-18,test_prequential,SPY,0.7556265592575073,1,1
2025-02-14,2025-02-18,test_prequential,QQQ,0.7029805779457092,1,1
2025-02-14,2025-02-18,test_prequential,IWM,0.6912406086921692,1,1
2025-02-18,2025-02-19,test_prequential,SPY,0.7670987248420715,1,1
2025-02-18,2025-02-19,test_prequential,QQQ,0.7140987515449524,1,1
2025-02-18,2025-02-19,test_prequential,IWM,0.6790260672569275,0,0
2025-02-19,2025-02-20,test_prequential,SPY,0.7433286905288696,0,0
2025-02-19,2025-02-20,test_prequential,QQQ,0.7041980028152466,0,0
2025-02-19,2025-02-20,test_prequential,IWM,0.6606016755104065,0,0
2025-02-20,2025-02-21,test_prequential,SPY,0.7725526094436646,0,0
2025-02-20,2025-02-21,test_prequential,QQQ,0.7216383218765259,0,0
2025-02-20,2025-02-21,test_prequential,IWM,0.6803354620933533,0,0
2025-02-21,2025-02-24,test_prequential,SPY,0.7578417658805847,0,0
2025-02-21,2025-02-24,test_prequential,QQQ,0.7031956315040588,0,0
2025-02-21,2025-02-24,test_prequential,IWM,0.6924424767494202,0,0
2025-02-24,2025-02-25,test_prequential,SPY,0.7678626179695129,0,0
2025-02-24,2025-02-25,test_prequential,QQQ,0.7144253253936768,0,0
2025-02-24,2025-02-25,test_prequential,IWM,0.6712849736213684,0,0
2025-02-25,2025-02-26,test_prequential,SPY,0.7555326223373413,1,1
2025-02-25,2025-02-26,test_prequential,QQQ,0.7080901861190796,1,1
2025-02-25,2025-02-26,test_prequential,IWM,0.661618709564209,1,1
2025-02-26,2025-02-27,test_prequential,SPY,0.7673804759979248,0,0
2025-02-26,2025-02-27,test_prequential,QQQ,0.7157849073410034,0,0
2025-02-26,2025-02-27,test_prequential,IWM,0.6518860459327698,0,0
2025-02-27,2025-02-28,test_prequential,SPY,0.7481200695037842,1,1
2025-02-27,2025-02-28,test_prequential,QQQ,0.7110841870307922,1,1
2025-02-27,2025-02-28,test_prequential,IWM,0.6434705853462219,1,1
2025-02-28,2025-03-03,test_prequential,SPY,0.7533087134361267,0,0
2025-02-28,2025-03-03,test_prequential,QQQ,0.710922360420227,0,0
2025-02-28,2025-03-03,test_prequential,IWM,0.6503438949584961,0,0
2025-03-03,2025-03-04,test_prequential,SPY,0.7368496656417847,0,0
2025-03-03,2025-03-04,test_prequential,QQQ,0.6787846088409424,0,0
2025-03-03,2025-03-04,test_prequential,IWM,0.6893526911735535,0,0
2025-03-04,2025-03-05,test_prequential,SPY,0.7262561917304993,1,1
2025-03-04,2025-03-05,test_prequential,QQQ,0.6974692344665527,1,1
2025-03-04,2025-03-05,test_prequential,IWM,0.660320520401001,1,1
2025-03-05,2025-03-06,test_prequential,SPY,0.7286020517349243,0,0
2025-03-05,2025-03-06,test_prequential,QQQ,0.6912611722946167,0,0
2025-03-05,2025-03-06,test_prequential,IWM,0.6391268372535706,0,0
2025-03-06,2025-03-07,test_prequential,SPY,0.7104433178901672,1,1
2025-03-06,2025-03-07,test_prequential,QQQ,0.6926025152206421,1,1
2025-03-06,2025-03-07,test_prequential,IWM,0.6734680533409119,1,1
2025-03-07,2025-03-10,test_prequential,SPY,0.7389704585075378,0,0
2025-03-07,2025-03-10,test_prequential,QQQ,0.7008020281791687,0,0
2025-03-07,2025-03-10,test_prequential,IWM,0.6495068669319153,0,0
2025-03-10,2025-03-11,test_prequential,SPY,0.7219583988189697,0,0
2025-03-10,2025-03-11,test_prequential,QQQ,0.6729881167411804,0,0
2025-03-10,2025-03-11,test_prequential,IWM,0.6656700968742371,0,0
2025-03-11,2025-03-12,test_prequential,SPY,0.709130048751831,1,1
2025-03-11,2025-03-12,test_prequential,QQQ,0.6741036772727966,1,1
2025-03-11,2025-03-12,test_prequential,IWM,0.6519887447357178,1,1
2025-03-12,2025-03-13,test_prequential,SPY,0.728545069694519,0,0
2025-03-12,2025-03-13,test_prequential,QQQ,0.6629915237426758,0,0
2025-03-12,2025-03-13,test_prequential,IWM,0.6495627760887146,0,0
2025-03-13,2025-03-14,test_prequential,SPY,0.6925525665283203,1,1
2025-03-13,2025-03-14,test_prequential,QQQ,0.6484454274177551,1,1
2025-03-13,2025-03-14,test_prequential,IWM,0.6319484114646912,1,1
2025-03-14,2025-03-17,test_prequential,SPY,0.7270114421844482,1,1
2025-03-14,2025-03-17,test_prequential,QQQ,0.6732078194618225,1,1
2025-03-14,2025-03-17,test_prequential,IWM,0.6309801936149597,1,1
2025-03-17,2025-03-18,test_prequential,SPY,0.7327514886856079,0,0
2025-03-17,2025-03-18,test_prequential,QQQ,0.6936236023902893,0,0
2025-03-17,2025-03-18,test_prequential,IWM,0.6262606978416443,0,0
2025-03-18,2025-03-19,test_prequential,SPY,0.7104927897453308,1,1
2025-03-18,2025-03-19,test_prequential,QQQ,0.6556300520896912,1,1
2025-03-18,2025-03-19,test_prequential,IWM,0.624347448348999,1,1
2025-03-19,2025-03-20,test_prequential,SPY,0.7136502861976624,0,0
2025-03-19,2025-03-20,test_prequential,QQQ,0.687754213809967,0,0
2025-03-19,2025-03-20,test_prequential,IWM,0.6382686495780945,0,0
2025-03-20,2025-03-21,test_prequential,SPY,0.6948680877685547,1,1
2025-03-20,2025-03-21,test_prequential,QQQ,0.6545405983924866,1,1
2025-03-20,2025-03-21,test_prequential,IWM,0.6490551233291626,0,0
2025-03-21,2025-03-24,test_prequential,SPY,0.7034826278686523,1,1
2025-03-21,2025-03-24,test_prequential,QQQ,0.6550252437591553,1,1
2025-03-21,2025-03-24,test_prequential,IWM,0.6516693234443665,1,1
2025-03-24,2025-03-25,test_prequential,SPY,0.7341824769973755,1,1
2025-03-24,2025-03-25,test_prequential,QQQ,0.6900743246078491,1,1
2025-03-24,2025-03-25,test_prequential,IWM,0.6279529333114624,0,0
2025-03-25,2025-03-26,test_prequential,SPY,0.6944288015365601,0,0
2025-03-25,2025-03-26,test_prequential,QQQ,0.6410060524940491,0,0
2025-03-25,2025-03-26,test_prequential,IWM,0.6150907874107361,0,0
2025-03-26,2025-03-27,test_prequential,SPY,0.7060831189155579,0,0
2025-03-26,2025-03-27,test_prequential,QQQ,0.6580435037612915,0,0
2025-03-26,2025-03-27,test_prequential,IWM,0.6066173315048218,0,0
2025-03-27,2025-03-28,test_prequential,SPY,0.7048747539520264,0,0
2025-03-27,2025-03-28,test_prequential,QQQ,0.6618000268936157,0,0
2025-03-27,2025-03-28,test_prequential,IWM,0.6084491610527039,0,0
