issue_date,label_date,split,ticker,prob_up,actual_up,correct
2018-01-30,2018-01-31,train_in_sample,SPY,0.48128339648246765,1,0
2018-01-30,2018-01-31,train_in_sample,QQQ,0.47952792048454285,1,0
2018-01-30,2018-01-31,train_in_sample,IWM,0.5260829329490662,0,0
2018-01-31,2018-02-01,train_in_sample,SPY,0.49090084433555603,0,1
2018-01-31,2018-02-01,train_in_sample,QQQ,0.5083104968070984,0,0
2018-01-31,2018-02-01,train_in_sample,IWM,0.5174210071563721,1,1
2018-02-01,2018-02-02,train_in_sample,SPY,0.5395771265029907,0,0
2018-02-01,2018-02-02,train_in_sample,QQQ,0.5599310994148254,0,0
2018-02-01,2018-02-02,train_in_sample,IWM,0.5179828405380249,0,0
2018-02-02,2018-02-05,train_in_sample,SPY,0.4720327854156494,0,1
2018-02-02,2018-02-05,train_in_sample,QQQ,0.4739437401294708,0,1
2018-02-02,2018-02-05,train_in_sample,IWM,0.529333770275116,0,0
2018-02-05,2018-02-06,train_in_sample,SPY,0.4475625157356262,1,0
2018-02-05,2018-02-06,train_in_sample,QQQ,0.4580916464328766,1,0
2018-02-05,2018-02-06,train_in_sample,IWM,0.5330083966255188,1,1
2018-02-06,2018-02-07,train_in_sample,SPY,0.5003132224082947,0,0
2018-02-06,2018-02-07,train_in_sample,QQQ,0.49654579162597656,0,1
2018-02-06,2018-02-07,train_in_sample,IWM,0.5890867710113525,1,1
2018-02-07,2018-02-08,train_in_sample,SPY,0.5474532246589661,0,0
2018-02-07,2018-02-08,train_in_sample,QQQ,0.5514565110206604,0,0
2018-02-07,2018-02-08,train_in_sample,IWM,0.5289680361747742,0,0
2018-02-08,2018-02-09,train_in_sample,SPY,0.4827975332736969,1,0
2018-02-08,2018-02-09,train_in_sample,QQQ,0.48384520411491394,1,0
2018-02-08,2018-02-09,train_in_sample,IWM,0.4882701337337494,1,0
2018-02-09,2018-02-12,train_in_sample,SPY,0.5137267708778381,1,1
2018-02-09,2018-02-12,train_in_sample,QQQ,0.501001238822937,1,1
2018-02-09,2018-02-12,train_in_sample,IWM,0.563736617565155,1,1
2018-02-12,2018-02-13,train_in_sample,SPY,0.5041264891624451,1,1
2018-02-12,2018-02-13,train_in_sample,QQQ,0.505059540271759,1,1
2018-02-12,2018-02-13,train_in_sample,IWM,0.5156921148300171,1,1
2018-02-13,2018-02-14,train_in_sample,SPY,0.5066912174224854,1,1
2018-02-13,2018-02-14,train_in_sample,QQQ,0.5588132739067078,1,1
2018-02-13,2018-02-14,train_in_sample,IWM,0.5043836832046509,1,1
2018-02-14,2018-02-15,train_in_sample,SPY,0.49046528339385986,1,0
2018-02-14,2018-02-15,train_in_sample,QQQ,0.5565957427024841,1,1
2018-02-14,2018-02-15,train_in_sample,IWM,0.5308120846748352,1,1
2018-02-15,2018-02-16,train_in_sample,SPY,0.4960715174674988,1,0
2018-02-15,2018-02-16,train_in_sample,QQQ,0.5381271243095398,0,0
2018-02-15,2018-02-16,train_in_sample,IWM,0.5172660946846008,1,1
2018-02-16,2018-02-20,train_in_sample,SPY,0.508078396320343,0,0
2018-02-16,2018-02-20,train_in_sample,QQQ,0.5460926294326782,1,1
2018-02-16,2018-02-20,train_in_sample,IWM,0.47945281863212585,0,1
2018-02-20,2018-02-21,train_in_sample,SPY,0.4369814097881317,0,1
2018-02-20,2018-02-21,train_in_sample,QQQ,0.4984673857688904,0,1
2018-02-20,2018-02-21,train_in_sample,IWM,0.5141561031341553,1,1
2018-02-21,2018-02-22,train_in_sample,SPY,0.484740674495697,1,0
2018-02-21,2018-02-22,train_in_sample,QQQ,0.5026590824127197,0,0
2018-02-21,2018-02-22,train_in_sample,IWM,0.48373737931251526,0,1
2018-02-22,2018-02-23,train_in_sample,SPY,0.4747198224067688,1,0
2018-02-22,2018-02-23,train_in_sample,QQQ,0.5066609382629395,1,1
2018-02-22,2018-02-23,train_in_sample,IWM,0.4971639811992645,1,0
2018-02-23,2018-02-26,train_in_sample,SPY,0.495291531085968,1,0
2018-02-23,2018-02-26,train_in_sample,QQQ,0.5193343758583069,1,1
2018-02-23,2018-02-26,train_in_sample,IWM,0.5173150897026062,1,1
2018-02-26,2018-02-27,train_in_sample,SPY,0.515597403049469,0,0
2018-02-26,2018-02-27,train_in_sample,QQQ,0.5700028538703918,0,0
2018-02-26,2018-02-27,train_in_sample,IWM,0.49536213278770447,0,1
2018-02-27,2018-02-28,train_in_sample,SPY,0.4427163600921631,0,1
2018-02-27,2018-02-28,train_in_sample,QQQ,0.4842293858528137,0,1
2018-02-27,2018-02-28,train_in_sample,IWM,0.48524707555770874,0,1
2018-02-28,2018-03-01,train_in_sample,SPY,0.495553582906723,0,1
2018-02-28,2018-03-01,train_in_sample,QQQ,0.49398404359817505,0,1
2018-02-28,2018-03-01,train_in_sample,IWM,0.47508713603019714,0,1
2018-03-01,2018-03-02,train_in_sample,SPY,0.5171911716461182,1,1
2018-03-01,2018-03-02,train_in_sample,QQQ,0.49886947870254517,1,0
2018-03-01,2018-03-02,train_in_sample,IWM,0.525924026966095,1,1
2018-03-02,2018-03-05,train_in_sample,SPY,0.5050573348999023,1,1
2018-03-02,2018-03-05,train_in_sample,QQQ,0.5487358570098877,1,1
2018-03-02,2018-03-05,train_in_sample,IWM,0.5350217223167419,1,1
2018-03-05,2018-03-06,train_in_sample,SPY,0.5133416652679443,1,1
2018-03-05,2018-03-06,train_in_sample,QQQ,0.5038476586341858,1,1
2018-03-05,2018-03-06,train_in_sample,IWM,0.5506273508071899,1,1
2018-03-06,2018-03-07,train_in_sample,SPY,0.507122278213501,0,0
2018-03-06,2018-03-07,train_in_sample,QQQ,0.5189037919044495,1,1
2018-03-06,2018-03-07,train_in_sample,IWM,0.5126515030860901,1,1
2018-03-07,2018-03-08,train_in_sample,SPY,0.4944251477718353,1,0
2018-03-07,2018-03-08,train_in_sample,QQQ,0.568287193775177,1,1
2018-03-07,2018-03-08,train_in_sample,IWM,0.5218766331672668,0,0
2018-03-08,2018-03-09,train_in_sample,SPY,0.5004943609237671,1,1
2018-03-08,2018-03-09,train_in_sample,QQQ,0.5363824963569641,1,1
2018-03-08,2018-03-09,train_in_sample,IWM,0.4881848394870758,1,0
2018-03-09,2018-03-12,train_in_sample,SPY,0.5177363157272339,0,0
2018-03-09,2018-03-12,train_in_sample,QQQ,0.5537464618682861,1,1
2018-03-09,2018-03-12,train_in_sample,IWM,0.533936083316803,1,1
2018-03-12,2018-03-13,train_in_sample,SPY,0.48498955368995667,0,1
2018-03-12,2018-03-13,train_in_sample,QQQ,0.5273832678794861,0,0
2018-03-12,2018-03-13,train_in_sample,IWM,0.4672187566757202,0,1
2018-03-13,2018-03-14,train_in_sample,SPY,0.5102643966674805,0,0
2018-03-13,2018-03-14,train_in_sample,QQQ,0.5435261130332947,0,0
2018-03-13,2018-03-14,train_in_sample,IWM,0.47679612040519714,0,1
2018-03-14,2018-03-15,train_in_sample,SPY,0.472287118434906,0,1
2018-03-14,2018-03-15,train_in_sample,QQQ,0.5212887525558472,0,0
2018-03-14,2018-03-15,train_in_sample,IWM,0.49351394176483154,0,1
2018-03-15,2018-03-16,train_in_sample,SPY,0.49928292632102966,1,0
2018-03-15,2018-03-16,train_in_sample,QQQ,0.5056151747703552,0,0
2018-03-15,2018-03-16,train_in_sample,IWM,0.4994901120662689,1,0
2018-03-16,2018-03-19,train_in_sample,SPY,0.5260985493659973,0,0
2018-03-16,2018-03-19,train_in_sample,QQQ,0.5851366519927979,0,0
2018-03-16,2018-03-19,train_in_sample,IWM,0.4806949198246002,0,1
2018-03-19,2018-03-20,train_in_sample,SPY,0.46735942363739014,1,0
2018-03-19,2018-03-20,train_in_sample,QQQ,0.4713435173034668,1,0
2018-03-19,2018-03-20,train_in_sample,IWM,0.4561368227005005,0,1
2018-03-20,2018-03-21,train_in_sample,SPY,0.46334585547447205,0,1
2018-03-20,2018-03-21,train_in_sample,QQQ,0.46187344193458557,0,1
2018-03-20,2018-03-21,train_in_sample,IWM,0.5117684006690979,1,1
2018-03-21,2018-03-22,train_in_sample,SPY,0.5030085444450378,0,0
2018-03-21,2018-03-22,train_in_sample,QQQ,0.5315653681755066,0,0
2018-03-21,2018-03-22,train_in_sample,IWM,0.496268093585968,0,1
2018-03-22,2018-03-23,train_in_sample,SPY,0.45516514778137207,0,1
2018-03-22,2018-03-23,train_in_sample,QQQ,0.46842899918556213,0,1
2018-03-22,2018-03-23,train_in_sample,IWM,0.5214027762413025,0,0
2018-03-23,2018-03-26,train_in_sample,SPY,0.48701024055480957,1,0
2018-03-23,2018-03-26,train_in_sample,QQQ,0.49162551760673523,1,0
2018-03-23,2018-03-26,train_in_sample,IWM,0.5106377005577087,1,1
2018-03-26,2018-03-27,train_in_sample,SPY,0.49907729029655457,0,1
2018-03-26,2018-03-27,train_in_sample,QQQ,0.5056980848312378,0,0
2018-03-26,2018-03-27,train_in_sample,IWM,0.5614240765571594,0,0
2018-03-27,2018-03-28,train_in_sample,SPY,0.4880378246307373,0,1
2018-03-27,2018-03-28,train_in_sample,QQQ,0.507317841053009,0,0
2018-03-27,2018-03-28,train_in_sample,IWM,0.5371893048286438,0,0
2018-03-28,2018-03-29,train_in_sample,SPY,0.5278711318969727,1,1
2018-03-28,2018-03-29,train_in_sample,QQQ,0.5280609726905823,1,1
2018-03-28,2018-03-29,train_in_sample,IWM,0.5215175151824951,1,1
2018-03-29,2018-04-02,train_in_sample,SPY,0.5253627896308899,0,0
2018-03-29,2018-04-02,train_in_sample,QQQ,0.543136477470398,0,0
2018-03-29,2018-04-02,train_in_sample,IWM,0.5508702397346497,0,0
2018-04-02,2018-04-03,train_in_sample,SPY,0.46937131881713867,1,0
2018-04-02,2018-04-03,train_in_sample,QQQ,0.5020126104354858,1,1
2018-04-02,2018-04-03,train_in_sample,IWM,0.5316670536994934,1,1
2018-04-03,2018-04-04,train_in_sample,SPY,0.5389196872711182,1,1
2018-04-03,2018-04-04,train_in_sample,QQQ,0.539229154586792,1,1
2018-04-03,2018-04-04,train_in_sample,IWM,0.5376067161560059,1,1
2018-04-04,2018-04-05,train_in_sample,SPY,0.5046285390853882,1,1
2018-04-04,2018-04-05,train_in_sample,QQQ,0.5847887396812439,1,1
2018-04-04,2018-04-05,train_in_sample,IWM,0.5647953152656555,1,1
2018-04-05,2018-04-06,train_in_sample,SPY,0.5454099774360657,0,0
2018-04-05,2018-04-06,train_in_sample,QQQ,0.5822550058364868,0,0
2018-04-05,2018-04-06,train_in_sample,IWM,0.5236978530883789,0,0
2018-04-06,2018-04-09,train_in_sample,SPY,0.4687204957008362,1,0
2018-04-06,2018-04-09,train_in_sample,QQQ,0.4728732109069824,1,0
2018-04-06,2018-04-09,train_in_sample,IWM,0.5253139138221741,1,1
2018-04-09,2018-04-10,train_in_sample,SPY,0.4804668426513672,1,0
2018-04-09,2018-04-10,train_in_sample,QQQ,0.5421960353851318,1,1
2018-04-09,2018-04-10,train_in_sample,IWM,0.48495012521743774,1,0
2018-04-10,2018-04-11,train_in_sample,SPY,0.5207245349884033,0,0
2018-04-10,2018-04-11,train_in_sample,QQQ,0.5252748131752014,0,0
2018-04-10,2018-04-11,train_in_sample,IWM,0.5450375080108643,1,1
2018-04-11,2018-04-12,train_in_sample,SPY,0.4681455194950104,1,0
2018-04-11,2018-04-12,train_in_sample,QQQ,0.5246226191520691,1,1
2018-04-11,2018-04-12,train_in_sample,IWM,0.4934799373149872,1,0
2018-04-12,2018-04-13,train_in_sample,SPY,0.4936900734901428,0,1
2018-04-12,2018-04-13,train_in_sample,QQQ,0.5216550230979919,0,0
2018-04-12,2018-04-13,train_in_sample,IWM,0.5325056314468384,0,0
2018-04-13,2018-04-16,train_in_sample,SPY,0.4527241885662079,1,0
2018-04-13,2018-04-16,train_in_sample,QQQ,0.5210649371147156,1,1
2018-04-13,2018-04-16,train_in_sample,IWM,0.4633670449256897,1,0
2018-04-16,2018-04-17,train_in_sample,SPY,0.5314503312110901,1,1
2018-04-16,2018-04-17,train_in_sample,QQQ,0.5675860047340393,1,1
2018-04-16,2018-04-17,train_in_sample,IWM,0.5257943272590637,1,1
2018-04-17,2018-04-18,train_in_sample,SPY,0.5056173205375671,1,1
2018-04-17,2018-04-18,train_in_sample,QQQ,0.5501193404197693,1,1
2018-04-17,2018-04-18,train_in_sample,IWM,0.5516587495803833,1,1
2018-04-18,2018-04-19,train_in_sample,SPY,0.471553772687912,0,1
2018-04-18,2018-04-19,train_in_sample,QQQ,0.555991530418396,0,0
2018-04-18,2018-04-19,train_in_sample,IWM,0.46039527654647827,0,1
2018-04-19,2018-04-20,train_in_sample,SPY,0.4757457971572876,0,1
2018-04-19,2018-04-20,train_in_sample,QQQ,0.5322698354721069,0,0
2018-04-19,2018-04-20,train_in_sample,IWM,0.40678223967552185,0,1
2018-04-20,2018-04-23,train_in_sample,SPY,0.5304518938064575,0,0
2018-04-20,2018-04-23,train_in_sample,QQQ,0.5392225980758667,0,0
2018-04-20,2018-04-23,train_in_sample,IWM,0.49026358127593994,0,1
2018-04-23,2018-04-24,train_in_sample,SPY,0.4879211485385895,0,1
2018-04-23,2018-04-24,train_in_sample,QQQ,0.5311166048049927,0,0
2018-04-23,2018-04-24,train_in_sample,IWM,0.47231218218803406,0,1
2018-04-24,2018-04-25,train_in_sample,SPY,0.4870588779449463,1,0
2018-04-24,2018-04-25,train_in_sample,QQQ,0.5055573582649231,1,1
2018-04-24,2018-04-25,train_in_sample,IWM,0.4913090169429779,0,1
2018-04-25,2018-04-26,train_in_sample,SPY,0.5354347229003906,1,1
2018-04-25,2018-04-26,train_in_sample,QQQ,0.546711266040802,1,1
2018-04-25,2018-04-26,train_in_sample,IWM,0.5419113039970398,1,1
2018-04-26,2018-04-27,train_in_sample,SPY,0.5034648180007935,1,1
2018-04-26,2018-04-27,train_in_sample,QQQ,0.5465602874755859,1,1
2018-04-26,2018-04-27,train_in_sample,IWM,0.524090051651001,0,0
2018-04-27,2018-04-30,train_in_sample,SPY,0.5110980868339539,0,0
2018-04-27,2018-04-30,train_in_sample,QQQ,0.5274747610092163,0,0
2018-04-27,2018-04-30,train_in_sample,IWM,0.4823424220085144,0,1
2018-04-30,2018-05-01,train_in_sample,SPY,0.4781707525253296,1,0
2018-04-30,2018-05-01,train_in_sample,QQQ,0.4811183214187622,1,0
2018-04-30,2018-05-01,train_in_sample,IWM,0.4910723567008972,1,0
2018-05-01,2018-05-02,train_in_sample,SPY,0.48529812693595886,0,1
2018-05-01,2018-05-02,train_in_sample,QQQ,0.5005856156349182,0,0
2018-05-01,2018-05-02,train_in_sample,IWM,0.5322104096412659,1,1
2018-05-02,2018-05-03,train_in_sample,SPY,0.5330528020858765,0,0
2018-05-02,2018-05-03,train_in_sample,QQQ,0.5346350073814392,0,0
2018-05-02,2018-05-03,train_in_sample,IWM,0.5095426440238953,0,0
2018-05-03,2018-05-04,train_in_sample,SPY,0.4932217001914978,1,0
2018-05-03,2018-05-04,train_in_sample,QQQ,0.49709922075271606,1,0
2018-05-03,2018-05-04,train_in_sample,IWM,0.5002391338348389,1,1
2018-05-04,2018-05-07,train_in_sample,SPY,0.5143206715583801,1,1
2018-05-04,2018-05-07,train_in_sample,QQQ,0.551201581954956,1,1
2018-05-04,2018-05-07,train_in_sample,IWM,0.5582002997398376,1,1
2018-05-07,2018-05-08,train_in_sample,SPY,0.5005193948745728,0,0
2018-05-07,2018-05-08,train_in_sample,QQQ,0.5354089736938477,0,0
2018-05-07,2018-05-08,train_in_sample,IWM,0.4972500205039978,1,0
2018-05-08,2018-05-09,train_in_sample,SPY,0.49878498911857605,1,0
2018-05-08,2018-05-09,train_in_sample,QQQ,0.5128363370895386,1,1
2018-05-08,2018-05-09,train_in_sample,IWM,0.49539846181869507,1,0
2018-05-09,2018-05-10,train_in_sample,SPY,0.5182080864906311,1,1
2018-05-09,2018-05-10,train_in_sample,QQQ,0.5635101199150085,1,1
2018-05-09,2018-05-10,train_in_sample,IWM,0.5278883576393127,1,1
2018-05-10,2018-05-11,train_in_sample,SPY,0.5072425007820129,1,1
2018-05-10,2018-05-11,train_in_sample,QQQ,0.5372203588485718,0,0
2018-05-10,2018-05-11,train_in_sample,IWM,0.4989456236362457,1,0
2018-05-11,2018-05-14,train_in_sample,SPY,0.490265429019928,1,0
2018-05-11,2018-05-14,train_in_sample,QQQ,0.5306867957115173,1,1
2018-05-11,2018-05-14,train_in_sample,IWM,0.4785121977329254,0,1
2018-05-14,2018-05-15,train_in_sample,SPY,0.46051254868507385,0,1
2018-05-14,2018-05-15,train_in_sample,QQQ,0.5437316298484802,0,0
2018-05-14,2018-05-15,train_in_sample,IWM,0.43708670139312744,1,0
2018-05-15,2018-05-16,train_in_sample,SPY,0.5092068314552307,1,1
2018-05-15,2018-05-16,train_in_sample,QQQ,0.5357803106307983,1,1
2018-05-15,2018-05-16,train_in_sample,IWM,0.5378413796424866,1,1
2018-05-16,2018-05-17,train_in_sample,SPY,0.5816555023193359,0,0
2018-05-16,2018-05-17,train_in_sample,QQQ,0.637215793132782,0,0
2018-05-16,2018-05-17,train_in_sample,IWM,0.5275689959526062,1,1
2018-05-17,2018-05-18,train_in_sample,SPY,0.5016902685165405,0,0
2018-05-17,2018-05-18,train_in_sample,QQQ,0.5709009766578674,0,0
2018-05-17,2018-05-18,train_in_sample,IWM,0.4544280469417572,1,0
2018-05-18,2018-05-21,train_in_sample,SPY,0.487396240234375,1,0
2018-05-18,2018-05-21,train_in_sample,QQQ,0.5577228665351868,1,1
2018-05-18,2018-05-21,train_in_sample,IWM,0.4589114785194397,1,0
2018-05-21,2018-05-22,train_in_sample,SPY,0.5429195165634155,0,0
2018-05-21,2018-05-22,train_in_sample,QQQ,0.60997474193573,0,0
2018-05-21,2018-05-22,train_in_sample,IWM,0.47951650619506836,0,1
2018-05-22,2018-05-23,train_in_sample,SPY,0.5220264792442322,1,1
2018-05-22,2018-05-23,train_in_sample,QQQ,0.5485159754753113,1,1
2018-05-22,2018-05-23,train_in_sample,IWM,0.4950719475746155,1,0
2018-05-23,2018-05-24,train_in_sample,SPY,0.48895785212516785,0,1
2018-05-23,2018-05-24,train_in_sample,QQQ,0.5247758030891418,0,0
2018-05-23,2018-05-24,train_in_sample,IWM,0.5345819592475891,1,1
2018-05-24,2018-05-25,train_in_sample,SPY,0.5188689827919006,0,0
2018-05-24,2018-05-25,train_in_sample,QQQ,0.5824928879737854,1,1
2018-05-24,2018-05-25,train_in_sample,IWM,0.49592307209968567,0,1
2018-05-25,2018-05-29,train_in_sample,SPY,0.4895457923412323,0,1
2018-05-25,2018-05-29,train_in_sample,QQQ,0.5384101271629333,0,0
2018-05-25,2018-05-29,train_in_sample,IWM,0.4943479299545288,0,1
2018-05-29,2018-05-30,train_in_sample,SPY,0.5174365043640137,1,1
2018-05-29,2018-05-30,train_in_sample,QQQ,0.5652651786804199,1,1
2018-05-29,2018-05-30,train_in_sample,IWM,0.5238983631134033,1,1
2018-05-30,2018-05-31,train_in_sample,SPY,0.5527217984199524,0,0
2018-05-30,2018-05-31,train_in_sample,QQQ,0.5676644444465637,0,0
2018-05-30,2018-05-31,train_in_sample,IWM,0.5086528062820435,0,0
2018-05-31,2018-06-01,train_in_sample,SPY,0.445828378200531,1,0
2018-05-31,2018-06-01,train_in_sample,QQQ,0.49119463562965393,1,0
2018-05-31,2018-06-01,train_in_sample,IWM,0.5001730918884277,1,1
2018-06-01,2018-06-04,train_in_sample,SPY,0.5159463286399841,1,1
2018-06-01,2018-06-04,train_in_sample,QQQ,0.5374733209609985,1,1
2018-06-01,2018-06-04,train_in_sample,IWM,0.5118284225463867,1,1
2018-06-04,2018-06-05,train_in_sample,SPY,0.5001863241195679,1,1
2018-06-04,2018-06-05,train_in_sample,QQQ,0.531773567199707,1,1
2018-06-04,2018-06-05,train_in_sample,IWM,0.5107364058494568,1,1
2018-06-05,2018-06-06,train_in_sample,SPY,0.514909565448761,1,1
2018-06-05,2018-06-06,train_in_sample,QQQ,0.5759895443916321,1,1
2018-06-05,2018-06-06,train_in_sample,IWM,0.48923948407173157,1,0
2018-06-06,2018-06-07,train_in_sample,SPY,0.5369136333465576,0,0
2018-06-06,2018-06-07,train_in_sample,QQQ,0.5622562766075134,0,0
2018-06-06,2018-06-07,train_in_sample,IWM,0.5063309669494629,0,0
2018-06-07,2018-06-08,train_in_sample,SPY,0.5238910913467407,1,1
2018-06-07,2018-06-08,train_in_sample,QQQ,0.5379852652549744,1,1
2018-06-07,2018-06-08,train_in_sample,IWM,0.4995143413543701,1,0
2018-06-08,2018-06-11,train_in_sample,SPY,0.5084450840950012,1,1
2018-06-08,2018-06-11,train_in_sample,QQQ,0.5736641883850098,1,1
2018-06-08,2018-06-11,train_in_sample,IWM,0.4720627963542938,1,0
2018-06-11,2018-06-12,train_in_sample,SPY,0.512553870677948,1,1
2018-06-11,2018-06-12,train_in_sample,QQQ,0.5732696056365967,1,1
2018-06-11,2018-06-12,train_in_sample,IWM,0.4896834194660187,1,0
2018-06-12,2018-06-13,train_in_sample,SPY,0.4891893267631531,0,1
2018-06-12,2018-06-13,train_in_sample,QQQ,0.5324283242225647,0,0
2018-06-12,2018-06-13,train_in_sample,IWM,0.5363108515739441,0,0
2018-06-13,2018-06-14,train_in_sample,SPY,0.49707508087158203,1,0
2018-06-13,2018-06-14,train_in_sample,QQQ,0.563569188117981,1,1
2018-06-13,2018-06-14,train_in_sample,IWM,0.47129324078559875,1,0
2018-06-14,2018-06-15,train_in_sample,SPY,0.5126640200614929,0,0
2018-06-14,2018-06-15,train_in_sample,QQQ,0.5971975922584534,0,0
2018-06-14,2018-06-15,train_in_sample,IWM,0.48803073167800903,0,1
2018-06-15,2018-06-18,train_in_sample,SPY,0.4722328186035156,0,1
2018-06-15,2018-06-18,train_in_sample,QQQ,0.5345808267593384,0,0
2018-06-15,2018-06-18,train_in_sample,IWM,0.5079910159111023,1,1
2018-06-18,2018-06-19,train_in_sample,SPY,0.5017092823982239,0,0
2018-06-18,2018-06-19,train_in_sample,QQQ,0.5790286064147949,0,0
2018-06-18,2018-06-19,train_in_sample,IWM,0.4898260533809662,1,0
2018-06-19,2018-06-20,train_in_sample,SPY,0.4977705776691437,1,0
2018-06-19,2018-06-20,train_in_sample,QQQ,0.5882656574249268,1,1
2018-06-19,2018-06-20,train_in_sample,IWM,0.4372430145740509,1,0
2018-06-20,2018-06-21,train_in_sample,SPY,0.5020405054092407,0,0
2018-06-20,2018-06-21,train_in_sample,QQQ,0.545272946357727,0,0
2018-06-20,2018-06-21,train_in_sample,IWM,0.5000693798065186,0,0
2018-06-21,2018-06-22,train_in_sample,SPY,0.4881434142589569,1,0
2018-06-21,2018-06-22,train_in_sample,QQQ,0.5602192282676697,0,0
2018-06-21,2018-06-22,train_in_sample,IWM,0.4128648042678833,0,1
2018-06-22,2018-06-25,train_in_sample,SPY,0.5223290324211121,0,0
2018-06-22,2018-06-25,train_in_sample,QQQ,0.548999547958374,0,0
2018-06-22,2018-06-25,train_in_sample,IWM,0.4875471293926239,0,1
2018-06-25,2018-06-26,train_in_sample,SPY,0.5118445754051208,1,1
2018-06-25,2018-06-26,train_in_sample,QQQ,0.5063064098358154,1,1
2018-06-25,2018-06-26,train_in_sample,IWM,0.5059384703636169,1,1
2018-06-26,2018-06-27,train_in_sample,SPY,0.5262205600738525,0,0
2018-06-26,2018-06-27,train_in_sample,QQQ,0.5307488441467285,0,0
2018-06-26,2018-06-27,train_in_sample,IWM,0.4846241772174835,0,1
2018-06-27,2018-06-28,train_in_sample,SPY,0.49777689576148987,1,0
2018-06-27,2018-06-28,train_in_sample,QQQ,0.5053063631057739,1,1
2018-06-27,2018-06-28,train_in_sample,IWM,0.502444863319397,1,1
2018-06-28,2018-06-29,train_in_sample,SPY,0.5183047652244568,1,1
2018-06-28,2018-06-29,train_in_sample,QQQ,0.5346034169197083,1,1
2018-06-28,2018-06-29,train_in_sample,IWM,0.5196351408958435,0,0
2018-06-29,2018-07-02,train_in_sample,SPY,0.5241408944129944,1,1
2018-06-29,2018-07-02,train_in_sample,QQQ,0.5431370735168457,1,1
2018-06-29,2018-07-02,train_in_sample,IWM,0.4817606806755066,1,0
2018-07-02,2018-07-03,train_in_sample,SPY,0.4933304786682129,0,1
2018-07-02,2018-07-03,train_in_sample,QQQ,0.5605379343032837,0,0
2018-07-02,2018-07-03,train_in_sample,IWM,0.47665688395500183,1,0
2018-07-03,2018-07-05,train_in_sample,SPY,0.5664969086647034,1,1
2018-07-03,2018-07-05,train_in_sample,QQQ,0.5826826095581055,1,1
2018-07-03,2018-07-05,train_in_sample,IWM,0.4913511276245117,1,0
2018-07-05,2018-07-06,train_in_sample,SPY,0.4781576097011566,1,0
2018-07-05,2018-07-06,train_in_sample,QQQ,0.533972978591919,1,1
2018-07-05,2018-07-06,train_in_sample,IWM,0.5282876491546631,1,1
2018-07-06,2018-07-09,train_in_sample,SPY,0.48494040966033936,1,0
2018-07-06,2018-07-09,train_in_sample,QQQ,0.5617110729217529,1,1
2018-07-06,2018-07-09,train_in_sample,IWM,0.47561532258987427,1,0
2018-07-09,2018-07-10,train_in_sample,SPY,0.5222887992858887,1,1
2018-07-09,2018-07-10,train_in_sample,QQQ,0.5897684097290039,1,1
2018-07-09,2018-07-10,train_in_sample,IWM,0.49262386560440063,0,1
2018-07-10,2018-07-11,train_in_sample,SPY,0.5354634523391724,0,0
2018-07-10,2018-07-11,train_in_sample,QQQ,0.5603619813919067,0,0
2018-07-10,2018-07-11,train_in_sample,IWM,0.4912775158882141,0,1
2018-07-11,2018-07-12,train_in_sample,SPY,0.5263280272483826,1,1
2018-07-11,2018-07-12,train_in_sample,QQQ,0.5402211546897888,1,1
2018-07-11,2018-07-12,train_in_sample,IWM,0.4723599851131439,1,0
2018-07-12,2018-07-13,train_in_sample,SPY,0.527660608291626,1,1
2018-07-12,2018-07-13,train_in_sample,QQQ,0.5739293098449707,1,1
2018-07-12,2018-07-13,train_in_sample,IWM,0.4908107817173004,0,1
2018-07-13,2018-07-16,train_in_sample,SPY,0.4839785099029541,0,1
2018-07-13,2018-07-16,train_in_sample,QQQ,0.5256770253181458,0,0
2018-07-13,2018-07-16,train_in_sample,IWM,0.49475017189979553,0,1
2018-07-16,2018-07-17,train_in_sample,SPY,0.4827815294265747,1,0
2018-07-16,2018-07-17,train_in_sample,QQQ,0.5236787796020508,1,1
2018-07-16,2018-07-17,train_in_sample,IWM,0.4777834415435791,1,0
2018-07-17,2018-07-18,train_in_sample,SPY,0.491079717874527,1,0
2018-07-17,2018-07-18,train_in_sample,QQQ,0.5724703669548035,0,0
2018-07-17,2018-07-18,train_in_sample,IWM,0.48870036005973816,1,0
2018-07-18,2018-07-19,train_in_sample,SPY,0.4923553168773651,0,1
2018-07-18,2018-07-19,train_in_sample,QQQ,0.5742998123168945,0,0
2018-07-18,2018-07-19,train_in_sample,IWM,0.42882001399993896,1,0
2018-07-19,2018-07-20,train_in_sample,SPY,0.5329283475875854,0,0
2018-07-19,2018-07-20,train_in_sample,QQQ,0.56491619348526,0,0
2018-07-19,2018-07-20,train_in_sample,IWM,0.4798814356327057,0,1
2018-07-20,2018-07-23,train_in_sample,SPY,0.5161328911781311,1,1
2018-07-20,2018-07-23,train_in_sample,QQQ,0.548481285572052,1,1
2018-07-20,2018-07-23,train_in_sample,IWM,0.47846925258636475,1,0
2018-07-23,2018-07-24,train_in_sample,SPY,0.4941869378089905,1,0
2018-07-23,2018-07-24,train_in_sample,QQQ,0.5878438949584961,1,1
2018-07-23,2018-07-24,train_in_sample,IWM,0.47030171751976013,0,1
2018-07-24,2018-07-25,train_in_sample,SPY,0.4830857813358307,1,0
2018-07-24,2018-07-25,train_in_sample,QQQ,0.5230603218078613,1,1
2018-07-24,2018-07-25,train_in_sample,IWM,0.47175315022468567,1,0
2018-07-25,2018-07-26,train_in_sample,SPY,0.5092364549636841,0,0
2018-07-25,2018-07-26,train_in_sample,QQQ,0.5584820508956909,0,0
2018-07-25,2018-07-26,train_in_sample,IWM,0.5117403864860535,1,1
2018-07-26,2018-07-27,train_in_sample,SPY,0.5222756266593933,0,0
2018-07-26,2018-07-27,train_in_sample,QQQ,0.5529677867889404,0,0
2018-07-26,2018-07-27,train_in_sample,IWM,0.47430577874183655,0,1
2018-07-27,2018-07-30,train_in_sample,SPY,0.49451836943626404,0,1
2018-07-27,2018-07-30,train_in_sample,QQQ,0.5055139064788818,0,0
2018-07-27,2018-07-30,train_in_sample,IWM,0.4589838981628418,0,1
2018-07-30,2018-07-31,train_in_sample,SPY,0.5205763578414917,1,1
2018-07-30,2018-07-31,train_in_sample,QQQ,0.5170794725418091,1,1
2018-07-30,2018-07-31,train_in_sample,IWM,0.4925537407398224,1,0
2018-07-31,2018-08-01,train_in_sample,SPY,0.5190531611442566,0,0
2018-07-31,2018-08-01,train_in_sample,QQQ,0.541023850440979,1,1
2018-07-31,2018-08-01,train_in_sample,IWM,0.5015720129013062,0,0
2018-08-01,2018-08-02,train_in_sample,SPY,0.4772021174430847,1,0
2018-08-01,2018-08-02,train_in_sample,QQQ,0.5183476209640503,1,1
2018-08-01,2018-08-02,train_in_sample,IWM,0.4896395802497864,1,0
2018-08-02,2018-08-03,train_in_sample,SPY,0.48199066519737244,1,0
2018-08-02,2018-08-03,train_in_sample,QQQ,0.5358367562294006,1,1
2018-08-02,2018-08-03,train_in_sample,IWM,0.5233883261680603,0,0
2018-08-03,2018-08-06,train_in_sample,SPY,0.5233806371688843,1,1
2018-08-03,2018-08-06,train_in_sample,QQQ,0.5528466701507568,1,1
2018-08-03,2018-08-06,train_in_sample,IWM,0.48488134145736694,1,0
2018-08-06,2018-08-07,train_in_sample,SPY,0.5022405385971069,1,1
2018-08-06,2018-08-07,train_in_sample,QQQ,0.568980872631073,1,1
2018-08-06,2018-08-07,train_in_sample,IWM,0.4942536950111389,1,0
2018-08-07,2018-08-08,train_in_sample,SPY,0.4790792167186737,0,1
2018-08-07,2018-08-08,train_in_sample,QQQ,0.5600213408470154,1,1
2018-08-07,2018-08-08,train_in_sample,IWM,0.4512961506843567,0,1
2018-08-08,2018-08-09,train_in_sample,SPY,0.4790140986442566,0,1
2018-08-08,2018-08-09,train_in_sample,QQQ,0.5443906784057617,0,0
2018-08-08,2018-08-09,train_in_sample,IWM,0.4488975703716278,1,0
2018-08-09,2018-08-10,train_in_sample,SPY,0.4985603094100952,0,1
2018-08-09,2018-08-10,train_in_sample,QQQ,0.5353632569313049,0,0
2018-08-09,2018-08-10,train_in_sample,IWM,0.46536046266555786,0,1
2018-08-10,2018-08-13,train_in_sample,SPY,0.542822003364563,0,0
2018-08-10,2018-08-13,train_in_sample,QQQ,0.5941334962844849,0,0
2018-08-10,2018-08-13,train_in_sample,IWM,0.47024649381637573,0,1
2018-08-13,2018-08-14,train_in_sample,SPY,0.50063556432724,1,1
2018-08-13,2018-08-14,train_in_sample,QQQ,0.5020341277122498,1,1
2018-08-13,2018-08-14,train_in_sample,IWM,0.4879528284072876,1,0
2018-08-14,2018-08-15,train_in_sample,SPY,0.5194365382194519,0,0
2018-08-14,2018-08-15,train_in_sample,QQQ,0.5687559843063354,0,0
2018-08-14,2018-08-15,train_in_sample,IWM,0.4755556285381317,0,1
2018-08-15,2018-08-16,train_in_sample,SPY,0.5029970407485962,1,1
2018-08-15,2018-08-16,train_in_sample,QQQ,0.5129745006561279,1,1
2018-08-15,2018-08-16,train_in_sample,IWM,0.49179768562316895,1,0
2018-08-16,2018-08-17,train_in_sample,SPY,0.5390928983688354,1,1
2018-08-16,2018-08-17,train_in_sample,QQQ,0.5360344648361206,1,1
2018-08-16,2018-08-17,train_in_sample,IWM,0.48238158226013184,1,0
2018-08-17,2018-08-20,train_in_sample,SPY,0.5029679536819458,1,1
2018-08-17,2018-08-20,train_in_sample,QQQ,0.536698579788208,0,0
2018-08-17,2018-08-20,train_in_sample,IWM,0.49021390080451965,1,0
2018-08-20,2018-08-21,train_in_sample,SPY,0.49853700399398804,1,0
2018-08-20,2018-08-21,train_in_sample,QQQ,0.5425147414207458,1,1
2018-08-20,2018-08-21,train_in_sample,IWM,0.46021825075149536,1,0
2018-08-21,2018-08-22,train_in_sample,SPY,0.5271734595298767,0,0
2018-08-21,2018-08-22,train_in_sample,QQQ,0.5577017068862915,1,1
2018-08-21,2018-08-22,train_in_sample,IWM,0.4913189113140106,1,0
2018-08-22,2018-08-23,train_in_sample,SPY,0.49611803889274597,0,1
2018-08-22,2018-08-23,train_in_sample,QQQ,0.5815736055374146,0,0
2018-08-22,2018-08-23,train_in_sample,IWM,0.45617660880088806,0,1
2018-08-23,2018-08-24,train_in_sample,SPY,0.5780560374259949,1,1
2018-08-23,2018-08-24,train_in_sample,QQQ,0.5582290887832642,1,1
2018-08-23,2018-08-24,train_in_sample,IWM,0.49966466426849365,1,0
2018-08-24,2018-08-27,train_in_sample,SPY,0.5461777448654175,1,1
2018-08-24,2018-08-27,train_in_sample,QQQ,0.5725517272949219,1,1
2018-08-24,2018-08-27,train_in_sample,IWM,0.49713650345802307,1,0
2018-08-27,2018-08-28,train_in_sample,SPY,0.5103639960289001,1,1
2018-08-27,2018-08-28,train_in_sample,QQQ,0.5353941321372986,1,1
2018-08-27,2018-08-28,train_in_sample,IWM,0.5077281594276428,1,1
2018-08-28,2018-08-29,train_in_sample,SPY,0.4786122441291809,1,0
2018-08-28,2018-08-29,train_in_sample,QQQ,0.5022561550140381,1,1
2018-08-28,2018-08-29,train_in_sample,IWM,0.5062828063964844,1,1
2018-08-29,2018-08-30,train_in_sample,SPY,0.5210859179496765,0,0
2018-08-29,2018-08-30,train_in_sample,QQQ,0.6073219180107117,0,0
2018-08-29,2018-08-30,train_in_sample,IWM,0.5104946494102478,0,0
2018-08-30,2018-08-31,train_in_sample,SPY,0.5010941624641418,0,0
2018-08-30,2018-08-31,train_in_sample,QQQ,0.5351513028144836,1,1
2018-08-30,2018-08-31,train_in_sample,IWM,0.5092073082923889,1,1
2018-08-31,2018-09-04,train_in_sample,SPY,0.4787299633026123,0,1
2018-08-31,2018-09-04,train_in_sample,QQQ,0.5554683208465576,0,0
2018-08-31,2018-09-04,train_in_sample,IWM,0.4653654992580414,0,1
2018-09-04,2018-09-05,train_in_sample,SPY,0.4873650372028351,0,1
2018-09-04,2018-09-05,train_in_sample,QQQ,0.5567081570625305,0,0
2018-09-04,2018-09-05,train_in_sample,IWM,0.478773295879364,0,1
2018-09-05,2018-09-06,train_in_sample,SPY,0.5471103191375732,0,0
2018-09-05,2018-09-06,train_in_sample,QQQ,0.535410463809967,0,0
2018-09-05,2018-09-06,train_in_sample,IWM,0.5085163712501526,0,0
2018-09-06,2018-09-07,train_in_sample,SPY,0.48861926794052124,0,1
2018-09-06,2018-09-07,train_in_sample,QQQ,0.5100998878479004,0,0
2018-09-06,2018-09-07,train_in_sample,IWM,0.4594201147556305,0,1
2018-09-07,2018-09-10,train_in_sample,SPY,0.5077704191207886,1,1
2018-09-07,2018-09-10,train_in_sample,QQQ,0.5321317315101624,1,1
2018-09-07,2018-09-10,train_in_sample,IWM,0.4781436622142792,1,0
2018-09-10,2018-09-11,train_in_sample,SPY,0.5054886341094971,1,1
2018-09-10,2018-09-11,train_in_sample,QQQ,0.5468242764472961,1,1
2018-09-10,2018-09-11,train_in_sample,IWM,0.466510146856308,1,0
2018-09-11,2018-09-12,train_in_sample,SPY,0.4984508156776428,1,0
2018-09-11,2018-09-12,train_in_sample,QQQ,0.5319337844848633,0,0
2018-09-11,2018-09-12,train_in_sample,IWM,0.48091909289360046,0,1
2018-09-12,2018-09-13,train_in_sample,SPY,0.5181149244308472,1,1
2018-09-12,2018-09-13,train_in_sample,QQQ,0.5218029618263245,1,1
2018-09-12,2018-09-13,train_in_sample,IWM,0.4977581202983856,1,0
2018-09-13,2018-09-14,train_in_sample,SPY,0.48343831300735474,1,0
2018-09-13,2018-09-14,train_in_sample,QQQ,0.5343440175056458,0,0
2018-09-13,2018-09-14,train_in_sample,IWM,0.514491081237793,1,1
2018-09-14,2018-09-17,train_in_sample,SPY,0.5121225714683533,0,0
2018-09-14,2018-09-17,train_in_sample,QQQ,0.5628785490989685,0,0
2018-09-14,2018-09-17,train_in_sample,IWM,0.4543062746524811,0,1
2018-09-17,2018-09-18,train_in_sample,SPY,0.5189384818077087,1,1
2018-09-17,2018-09-18,train_in_sample,QQQ,0.5329145789146423,1,1
2018-09-17,2018-09-18,train_in_sample,IWM,0.4842408001422882,1,0
2018-09-18,2018-09-19,train_in_sample,SPY,0.5140258073806763,1,1
2018-09-18,2018-09-19,train_in_sample,QQQ,0.530242383480072,0,0
2018-09-18,2018-09-19,train_in_sample,IWM,0.4708818793296814,0,1
2018-09-19,2018-09-20,train_in_sample,SPY,0.4914824068546295,1,0
2018-09-19,2018-09-20,train_in_sample,QQQ,0.5110926628112793,1,1
2018-09-19,2018-09-20,train_in_sample,IWM,0.44091394543647766,1,0
2018-09-20,2018-09-21,train_in_sample,SPY,0.548449695110321,0,0
2018-09-20,2018-09-21,train_in_sample,QQQ,0.5320053696632385,0,0
2018-09-20,2018-09-21,train_in_sample,IWM,0.5057231783866882,0,0
2018-09-21,2018-09-24,train_in_sample,SPY,0.5055571794509888,0,0
2018-09-21,2018-09-24,train_in_sample,QQQ,0.5133088231086731,1,1
2018-09-21,2018-09-24,train_in_sample,IWM,0.4805777668952942,0,1
2018-09-24,2018-09-25,train_in_sample,SPY,0.460467129945755,0,1
2018-09-24,2018-09-25,train_in_sample,QQQ,0.49005118012428284,1,0
2018-09-24,2018-09-25,train_in_sample,IWM,0.4910609722137451,1,0
2018-09-25,2018-09-26,train_in_sample,SPY,0.5137818455696106,0,0
2018-09-25,2018-09-26,train_in_sample,QQQ,0.5346882939338684,1,1
2018-09-25,2018-09-26,train_in_sample,IWM,0.4812966585159302,0,1
2018-09-26,2018-09-27,train_in_sample,SPY,0.5036665201187134,1,1
2018-09-26,2018-09-27,train_in_sample,QQQ,0.4928992986679077,1,0
2018-09-26,2018-09-27,train_in_sample,IWM,0.5065696239471436,1,1
2018-09-27,2018-09-28,train_in_sample,SPY,0.491812527179718,0,1
2018-09-27,2018-09-28,train_in_sample,QQQ,0.5093715190887451,0,0
2018-09-27,2018-09-28,train_in_sample,IWM,0.5096988081932068,1,1
2018-09-28,2018-10-01,train_in_sample,SPY,0.5176252126693726,1,1
2018-09-28,2018-10-01,train_in_sample,QQQ,0.5506483912467957,1,1
2018-09-28,2018-10-01,train_in_sample,IWM,0.5032209753990173,0,0
2018-10-01,2018-10-02,train_in_sample,SPY,0.4887853264808655,0,1
2018-10-01,2018-10-02,train_in_sample,QQQ,0.4868965446949005,0,1
2018-10-01,2018-10-02,train_in_sample,IWM,0.49743184447288513,0,1
2018-10-02,2018-10-03,train_in_sample,SPY,0.49368274211883545,1,0
2018-10-02,2018-10-03,train_in_sample,QQQ,0.5224413275718689,1,1
2018-10-02,2018-10-03,train_in_sample,IWM,0.464076966047287,1,0
2018-10-03,2018-10-04,train_in_sample,SPY,0.5434424877166748,0,0
2018-10-03,2018-10-04,train_in_sample,QQQ,0.5238108038902283,0,0
2018-10-03,2018-10-04,train_in_sample,IWM,0.5029470920562744,0,0
2018-10-04,2018-10-05,train_in_sample,SPY,0.5390071868896484,0,0
2018-10-04,2018-10-05,train_in_sample,QQQ,0.5087448954582214,0,0
2018-10-04,2018-10-05,train_in_sample,IWM,0.49190399050712585,0,1
2018-10-05,2018-10-08,train_in_sample,SPY,0.5196274518966675,0,0
2018-10-05,2018-10-08,train_in_sample,QQQ,0.5168286561965942,0,0
2018-10-05,2018-10-08,train_in_sample,IWM,0.4988328218460083,0,1
2018-10-08,2018-10-09,train_in_sample,SPY,0.5161895751953125,0,0
2018-10-08,2018-10-09,train_in_sample,QQQ,0.526437520980835,1,1
2018-10-08,2018-10-09,train_in_sample,IWM,0.49663057923316956,0,1
2018-10-09,2018-10-10,train_in_sample,SPY,0.5108230710029602,0,0
2018-10-09,2018-10-10,train_in_sample,QQQ,0.5147712230682373,0,0
2018-10-09,2018-10-10,train_in_sample,IWM,0.49537914991378784,0,1
2018-10-10,2018-10-11,train_in_sample,SPY,0.5070462226867676,0,0
2018-10-10,2018-10-11,train_in_sample,QQQ,0.48681437969207764,0,1
2018-10-10,2018-10-11,train_in_sample,IWM,0.5080670118331909,0,0
2018-10-11,2018-10-12,train_in_sample,SPY,0.5018078088760376,1,1
2018-10-11,2018-10-12,train_in_sample,QQQ,0.48570898175239563,1,0
2018-10-11,2018-10-12,train_in_sample,IWM,0.5349026918411255,1,1
2018-10-12,2018-10-15,train_in_sample,SPY,0.5117273926734924,0,0
2018-10-12,2018-10-15,train_in_sample,QQQ,0.47947725653648376,0,1
2018-10-12,2018-10-15,train_in_sample,IWM,0.5329399704933167,1,1
2018-10-15,2018-10-16,train_in_sample,SPY,0.5924168825149536,1,1
2018-10-15,2018-10-16,train_in_sample,QQQ,0.5685505867004395,1,1
2018-10-15,2018-10-16,train_in_sample,IWM,0.5028808116912842,1,1
2018-10-16,2018-10-17,train_in_sample,SPY,0.5330310463905334,1,1
2018-10-16,2018-10-17,train_in_sample,QQQ,0.5336268544197083,1,1
2018-10-16,2018-10-17,train_in_sample,IWM,0.5084266662597656,0,0
2018-10-17,2018-10-18,train_in_sample,SPY,0.5005332231521606,0,0
2018-10-17,2018-10-18,train_in_sample,QQQ,0.5350271463394165,0,0
2018-10-17,2018-10-18,train_in_sample,IWM,0.4608103334903717,0,1
2018-10-18,2018-10-19,train_in_sample,SPY,0.4880804717540741,0,1
2018-10-18,2018-10-19,train_in_sample,QQQ,0.4912527799606323,0,1
2018-10-18,2018-10-19,train_in_sample,IWM,0.47187650203704834,0,1
2018-10-19,2018-10-22,train_in_sample,SPY,0.5137795209884644,0,0
2018-10-19,2018-10-22,train_in_sample,QQQ,0.49549737572669983,1,0
2018-10-19,2018-10-22,train_in_sample,IWM,0.5235403776168823,0,0
2018-10-22,2018-10-23,train_in_sample,SPY,0.4933236837387085,0,1
2018-10-22,2018-10-23,train_in_sample,QQQ,0.5130684971809387,0,0
2018-10-22,2018-10-23,train_in_sample,IWM,0.5045557022094727,0,0
2018-10-23,2018-10-24,train_in_sample,SPY,0.5011135935783386,0,0
2018-10-23,2018-10-24,train_in_sample,QQQ,0.5341325402259827,0,0
2018-10-23,2018-10-24,train_in_sample,IWM,0.5252447724342346,0,0
2018-10-24,2018-10-25,train_in_sample,SPY,0.48525482416152954,1,0
2018-10-24,2018-10-25,train_in_sample,QQQ,0.4817965626716614,1,0
2018-10-24,2018-10-25,train_in_sample,IWM,0.5065503120422363,1,1
2018-10-25,2018-10-26,train_in_sample,SPY,0.4892162084579468,0,1
2018-10-25,2018-10-26,train_in_sample,QQQ,0.5094602704048157,0,0
2018-10-25,2018-10-26,train_in_sample,IWM,0.5292980670928955,0,0
2018-10-26,2018-10-29,train_in_sample,SPY,0.49711352586746216,0,1
2018-10-26,2018-10-29,train_in_sample,QQQ,0.5185046195983887,0,0
2018-10-26,2018-10-29,train_in_sample,IWM,0.4938306212425232,0,1
2018-10-29,2018-10-30,train_in_sample,SPY,0.6009050607681274,1,1
2018-10-29,2018-10-30,train_in_sample,QQQ,0.5682739019393921,1,1
2018-10-29,2018-10-30,train_in_sample,IWM,0.5017019510269165,1,1
2018-10-30,2018-10-31,train_in_sample,SPY,0.5799301862716675,1,1
2018-10-30,2018-10-31,train_in_sample,QQQ,0.5851701498031616,1,1
2018-10-30,2018-10-31,train_in_sample,IWM,0.5543069839477539,1,1
2018-10-31,2018-11-01,train_in_sample,SPY,0.5468987822532654,1,1
2018-10-31,2018-11-01,train_in_sample,QQQ,0.5469417572021484,1,1
2018-10-31,2018-11-01,train_in_sample,IWM,0.49093154072761536,1,0
2018-11-01,2018-11-02,train_in_sample,SPY,0.6026012301445007,0,0
2018-11-01,2018-11-02,train_in_sample,QQQ,0.6120896339416504,0,0
2018-11-01,2018-11-02,train_in_sample,IWM,0.4646812081336975,1,0
2018-11-02,2018-11-05,train_in_sample,SPY,0.5771679878234863,1,1
2018-11-02,2018-11-05,train_in_sample,QQQ,0.6326949596405029,0,0
2018-11-02,2018-11-05,train_in_sample,IWM,0.43808457255363464,0,1
2018-11-05,2018-11-06,train_in_sample,SPY,0.6134915947914124,1,1
2018-11-05,2018-11-06,train_in_sample,QQQ,0.5898823142051697,1,1
2018-11-05,2018-11-06,train_in_sample,IWM,0.46282440423965454,1,0
2018-11-06,2018-11-07,train_in_sample,SPY,0.5374397039413452,1,1
2018-11-06,2018-11-07,train_in_sample,QQQ,0.5650615096092224,1,1
2018-11-06,2018-11-07,train_in_sample,IWM,0.47272902727127075,1,0
2018-11-07,2018-11-08,train_in_sample,SPY,0.5606236457824707,0,0
2018-11-07,2018-11-08,train_in_sample,QQQ,0.6230964660644531,0,0
2018-11-07,2018-11-08,train_in_sample,IWM,0.4680710434913635,0,1
2018-11-08,2018-11-09,train_in_sample,SPY,0.5575574636459351,0,0
2018-11-08,2018-11-09,train_in_sample,QQQ,0.6098185181617737,0,0
2018-11-08,2018-11-09,train_in_sample,IWM,0.3957799971103668,0,1
2018-11-09,2018-11-12,train_in_sample,SPY,0.5387306213378906,0,0
2018-11-09,2018-11-12,train_in_sample,QQQ,0.5795813798904419,0,0
2018-11-09,2018-11-12,train_in_sample,IWM,0.39330095052719116,0,1
2018-11-12,2018-11-13,train_in_sample,SPY,0.5267590880393982,0,0
2018-11-12,2018-11-13,train_in_sample,QQQ,0.5001128911972046,1,1
2018-11-12,2018-11-13,train_in_sample,IWM,0.4397619068622589,0,1
2018-11-13,2018-11-14,train_in_sample,SPY,0.5473917126655579,0,0
2018-11-13,2018-11-14,train_in_sample,QQQ,0.5760291814804077,0,0
2018-11-13,2018-11-14,train_in_sample,IWM,0.44261276721954346,0,1
2018-11-14,2018-11-15,train_in_sample,SPY,0.5410873889923096,1,1
2018-11-14,2018-11-15,train_in_sample,QQQ,0.5661859512329102,1,1
2018-11-14,2018-11-15,train_in_sample,IWM,0.44715794920921326,1,0
2018-11-15,2018-11-16,train_in_sample,SPY,0.5175120234489441,1,1
2018-11-15,2018-11-16,train_in_sample,QQQ,0.5652467608451843,0,0
2018-11-15,2018-11-16,train_in_sample,IWM,0.48203083872795105,1,0
2018-11-16,2018-11-19,train_in_sample,SPY,0.5846136808395386,0,0
2018-11-16,2018-11-19,train_in_sample,QQQ,0.6030492186546326,0,0
2018-11-16,2018-11-19,train_in_sample,IWM,0.49935537576675415,0,1
2018-11-19,2018-11-20,train_in_sample,SPY,0.4899273216724396,0,1
2018-11-19,2018-11-20,train_in_sample,QQQ,0.5402618050575256,0,0
2018-11-19,2018-11-20,train_in_sample,IWM,0.4429264962673187,0,1
2018-11-20,2018-11-21,train_in_sample,SPY,0.48445752263069153,1,0
2018-11-20,2018-11-21,train_in_sample,QQQ,0.5384632349014282,1,1
2018-11-20,2018-11-21,train_in_sample,IWM,0.461588591337204,1,0
2018-11-21,2018-11-23,train_in_sample,SPY,0.5706894397735596,0,0
2018-11-21,2018-11-23,train_in_sample,QQQ,0.6303877234458923,0,0
2018-11-21,2018-11-23,train_in_sample,IWM,0.44635844230651855,0,1
2018-11-23,2018-11-26,train_in_sample,SPY,0.5702142715454102,1,1
2018-11-23,2018-11-26,train_in_sample,QQQ,0.6053553819656372,1,1
2018-11-23,2018-11-26,train_in_sample,IWM,0.42913442850112915,1,0
2018-11-26,2018-11-27,train_in_sample,SPY,0.5432395339012146,1,1
2018-11-26,2018-11-27,train_in_sample,QQQ,0.5090336799621582,1,1
2018-11-26,2018-11-27,train_in_sample,IWM,0.4437166154384613,0,1
2018-11-27,2018-11-28,train_in_sample,SPY,0.5278615951538086,1,1
2018-11-27,2018-11-28,train_in_sample,QQQ,0.5513141751289368,1,1
2018-11-27,2018-11-28,train_in_sample,IWM,0.4137229323387146,1,0
2018-11-28,2018-11-29,train_in_sample,SPY,0.5696241855621338,0,0
2018-11-28,2018-11-29,train_in_sample,QQQ,0.5959156155586243,0,0
2018-11-28,2018-11-29,train_in_sample,IWM,0.55888432264328,0,0
2018-11-29,2018-11-30,train_in_sample,SPY,0.5618370175361633,1,1
2018-11-29,2018-11-30,train_in_sample,QQQ,0.6045057773590088,1,1
2018-11-29,2018-11-30,train_in_sample,IWM,0.4846274256706238,1,0
2018-11-30,2018-12-03,train_in_sample,SPY,0.4970303475856781,1,0
2018-11-30,2018-12-03,train_in_sample,QQQ,0.6205759644508362,1,1
2018-11-30,2018-12-03,train_in_sample,IWM,0.4030623733997345,1,0
2018-12-03,2018-12-04,train_in_sample,SPY,0.6043993830680847,0,0
2018-12-03,2018-12-04,train_in_sample,QQQ,0.580594539642334,0,0
2018-12-03,2018-12-04,train_in_sample,IWM,0.5360209345817566,0,0
2018-12-04,2018-12-06,train_in_sample,SPY,0.5418687462806702,0,0
2018-12-04,2018-12-06,train_in_sample,QQQ,0.5369808673858643,1,1
2018-12-04,2018-12-06,train_in_sample,IWM,0.5193252563476562,0,0
2018-12-06,2018-12-07,train_in_sample,SPY,0.5053704380989075,0,0
2018-12-06,2018-12-07,train_in_sample,QQQ,0.5543611645698547,0,0
2018-12-06,2018-12-07,train_in_sample,IWM,0.566717803478241,0,0
2018-12-07,2018-12-10,train_in_sample,SPY,0.5732664465904236,1,1
2018-12-07,2018-12-10,train_in_sample,QQQ,0.5883445739746094,1,1
2018-12-07,2018-12-10,train_in_sample,IWM,0.5126148462295532,0,0
2018-12-10,2018-12-11,train_in_sample,SPY,0.5777638554573059,1,1
2018-12-10,2018-12-11,train_in_sample,QQQ,0.5926331281661987,1,1
2018-12-10,2018-12-11,train_in_sample,IWM,0.5842038989067078,0,0
2018-12-11,2018-12-12,train_in_sample,SPY,0.5911346077919006,1,1
2018-12-11,2018-12-12,train_in_sample,QQQ,0.5619038939476013,1,1
2018-12-11,2018-12-12,train_in_sample,IWM,0.5235661268234253,1,1
2018-12-12,2018-12-13,train_in_sample,SPY,0.5719503164291382,0,0
2018-12-12,2018-12-13,train_in_sample,QQQ,0.6395347118377686,1,1
2018-12-12,2018-12-13,train_in_sample,IWM,0.5210062265396118,0,0
2018-12-13,2018-12-14,train_in_sample,SPY,0.5419614911079407,0,0
2018-12-13,2018-12-14,train_in_sample,QQQ,0.5387895703315735,0,0
2018-12-13,2018-12-14,train_in_sample,IWM,0.49354833364486694,0,1
2018-12-14,2018-12-17,train_in_sample,SPY,0.5535531640052795,0,0
2018-12-14,2018-12-17,train_in_sample,QQQ,0.5953444838523865,0,0
2018-12-14,2018-12-17,train_in_sample,IWM,0.5008394122123718,0,0
2018-12-17,2018-12-18,train_in_sample,SPY,0.5679653286933899,0,0
2018-12-17,2018-12-18,train_in_sample,QQQ,0.5708988308906555,1,1
2018-12-17,2018-12-18,train_in_sample,IWM,0.49339964985847473,0,1
2018-12-18,2018-12-19,train_in_sample,SPY,0.5278468132019043,0,0
2018-12-18,2018-12-19,train_in_sample,QQQ,0.5684823393821716,0,0
2018-12-18,2018-12-19,train_in_sample,IWM,0.49181678891181946,0,1
2018-12-19,2018-12-20,train_in_sample,SPY,0.5509598851203918,0,0
2018-12-19,2018-12-20,train_in_sample,QQQ,0.5331519246101379,0,0
2018-12-19,2018-12-20,train_in_sample,IWM,0.5783323645591736,0,0
2018-12-20,2018-12-21,train_in_sample,SPY,0.558601438999176,0,0
2018-12-20,2018-12-21,train_in_sample,QQQ,0.5639113783836365,0,0
2018-12-20,2018-12-21,train_in_sample,IWM,0.5628164410591125,0,0
2018-12-21,2018-12-24,train_in_sample,SPY,0.5394128561019897,0,0
2018-12-21,2018-12-24,train_in_sample,QQQ,0.5311816334724426,0,0
2018-12-21,2018-12-24,train_in_sample,IWM,0.5092060565948486,0,0
2018-12-24,2018-12-26,train_in_sample,SPY,0.5050208568572998,1,1
2018-12-24,2018-12-26,train_in_sample,QQQ,0.5468559861183167,1,1
2018-12-24,2018-12-26,train_in_sample,IWM,0.4982838034629822,1,0
2018-12-26,2018-12-27,train_in_sample,SPY,0.5679894089698792,1,1
2018-12-26,2018-12-27,train_in_sample,QQQ,0.5678492188453674,1,1
2018-12-26,2018-12-27,train_in_sample,IWM,0.5776554346084595,1,1
2018-12-27,2018-12-28,train_in_sample,SPY,0.5570011734962463,0,0
2018-12-27,2018-12-28,train_in_sample,QQQ,0.5948193669319153,0,0
2018-12-27,2018-12-28,train_in_sample,IWM,0.5570477247238159,1,1
2018-12-28,2018-12-31,train_in_sample,SPY,0.5601134300231934,1,1
2018-12-28,2018-12-31,train_in_sample,QQQ,0.5625662803649902,1,1
2018-12-28,2018-12-31,train_in_sample,IWM,0.4553128778934479,1,0
2018-12-31,2019-01-02,train_in_sample,SPY,0.6082291603088379,1,1
2018-12-31,2019-01-02,train_in_sample,QQQ,0.589293897151947,1,1
2018-12-31,2019-01-02,train_in_sample,IWM,0.5770260691642761,1,1
2019-01-02,2019-01-03,train_in_sample,SPY,0.5356228351593018,0,0
2019-01-02,2019-01-03,train_in_sample,QQQ,0.6225031018257141,0,0
2019-01-02,2019-01-03,train_in_sample,IWM,0.5154624581336975,0,0
2019-01-03,2019-01-04,train_in_sample,SPY,0.5729420185089111,1,1
2019-01-03,2019-01-04,train_in_sample,QQQ,0.6180636286735535,1,1
2019-01-03,2019-01-04,train_in_sample,IWM,0.47329849004745483,1,0
2019-01-04,2019-01-07,train_in_sample,SPY,0.5454282164573669,1,1
2019-01-04,2019-01-07,train_in_sample,QQQ,0.6132258176803589,1,1
2019-01-04,2019-01-07,train_in_sample,IWM,0.5508425831794739,1,1
2019-01-07,2019-01-08,train_in_sample,SPY,0.5693475008010864,1,1
2019-01-07,2019-01-08,train_in_sample,QQQ,0.6373696327209473,1,1
2019-01-07,2019-01-08,train_in_sample,IWM,0.5349113345146179,1,1
2019-01-08,2019-01-09,train_in_sample,SPY,0.5960683226585388,1,1
2019-01-08,2019-01-09,train_in_sample,QQQ,0.5962029099464417,1,1
2019-01-08,2019-01-09,train_in_sample,IWM,0.49672016501426697,1,0
2019-01-09,2019-01-10,train_in_sample,SPY,0.5749273300170898,1,1
2019-01-09,2019-01-10,train_in_sample,QQQ,0.6042526960372925,1,1
2019-01-09,2019-01-10,train_in_sample,IWM,0.533682107925415,1,1
2019-01-10,2019-01-11,train_in_sample,SPY,0.572485089302063,0,0
2019-01-10,2019-01-11,train_in_sample,QQQ,0.6192002296447754,0,0
2019-01-10,2019-01-11,train_in_sample,IWM,0.4465217590332031,1,0
2019-01-11,2019-01-14,train_in_sample,SPY,0.6162658333778381,0,0
2019-01-11,2019-01-14,train_in_sample,QQQ,0.6278002262115479,0,0
2019-01-11,2019-01-14,train_in_sample,IWM,0.4937420189380646,0,1
2019-01-14,2019-01-15,train_in_sample,SPY,0.5163422226905823,1,1
2019-01-14,2019-01-15,train_in_sample,QQQ,0.5509806275367737,1,1
2019-01-14,2019-01-15,train_in_sample,IWM,0.4884720742702484,1,0
2019-01-15,2019-01-16,train_in_sample,SPY,0.5808449387550354,1,1
2019-01-15,2019-01-16,train_in_sample,QQQ,0.5869577527046204,0,0
2019-01-15,2019-01-16,train_in_sample,IWM,0.5469687581062317,1,1
2019-01-16,2019-01-17,train_in_sample,SPY,0.5900229811668396,1,1
2019-01-16,2019-01-17,train_in_sample,QQQ,0.642475962638855,1,1
2019-01-16,2019-01-17,train_in_sample,IWM,0.4631026089191437,1,0
2019-01-17,2019-01-18,train_in_sample,SPY,0.6313380599021912,1,1
2019-01-17,2019-01-18,train_in_sample,QQQ,0.637194037437439,1,1
2019-01-17,2019-01-18,train_in_sample,IWM,0.5278589725494385,1,1
2019-01-18,2019-01-22,train_in_sample,SPY,0.6438005566596985,0,0
2019-01-18,2019-01-22,train_in_sample,QQQ,0.5819182991981506,0,0
2019-01-18,2019-01-22,train_in_sample,IWM,0.4473525285720825,0,1
2019-01-22,2019-01-23,train_in_sample,SPY,0.5473364591598511,1,1
2019-01-22,2019-01-23,train_in_sample,QQQ,0.5617460608482361,1,1
2019-01-22,2019-01-23,train_in_sample,IWM,0.5136393308639526,0,0
2019-01-23,2019-01-24,train_in_sample,SPY,0.5349847674369812,1,1
2019-01-23,2019-01-24,train_in_sample,QQQ,0.5910078287124634,1,1
2019-01-23,2019-01-24,train_in_sample,IWM,0.44585734605789185,1,0
2019-01-24,2019-01-25,train_in_sample,SPY,0.6314849257469177,1,1
2019-01-24,2019-01-25,train_in_sample,QQQ,0.6545602083206177,1,1
2019-01-24,2019-01-25,train_in_sample,IWM,0.46525102853775024,1,0
2019-01-25,2019-01-28,train_in_sample,SPY,0.5818090438842773,0,0
2019-01-25,2019-01-28,train_in_sample,QQQ,0.5875601768493652,0,0
2019-01-25,2019-01-28,train_in_sample,IWM,0.4636918306350708,0,1
2019-01-28,2019-01-29,train_in_sample,SPY,0.5824093818664551,0,0
2019-01-28,2019-01-29,train_in_sample,QQQ,0.598227322101593,0,0
2019-01-28,2019-01-29,train_in_sample,IWM,0.47234228253364563,0,1
2019-01-29,2019-01-30,train_in_sample,SPY,0.5762118101119995,1,1
2019-01-29,2019-01-30,train_in_sample,QQQ,0.6540589332580566,1,1
2019-01-29,2019-01-30,train_in_sample,IWM,0.465236097574234,1,0
2019-01-30,2019-01-31,train_in_sample,SPY,0.560818076133728,1,1
2019-01-30,2019-01-31,train_in_sample,QQQ,0.6089321970939636,1,1
2019-01-30,2019-01-31,train_in_sample,IWM,0.5249254107475281,1,1
2019-01-31,2019-02-01,train_in_sample,SPY,0.5751436352729797,1,1
2019-01-31,2019-02-01,train_in_sample,QQQ,0.5994219183921814,0,0
2019-01-31,2019-02-01,train_in_sample,IWM,0.49034979939460754,1,0
2019-02-01,2019-02-04,train_in_sample,SPY,0.6116220355033875,1,1
2019-02-01,2019-02-04,train_in_sample,QQQ,0.6075577139854431,1,1
2019-02-01,2019-02-04,train_in_sample,IWM,0.4823267161846161,1,0
2019-02-04,2019-02-05,train_in_sample,SPY,0.5533962845802307,1,1
2019-02-04,2019-02-05,train_in_sample,QQQ,0.5929684042930603,1,1
2019-02-04,2019-02-05,train_in_sample,IWM,0.47831058502197266,1,0
2019-02-05,2019-02-06,train_in_sample,SPY,0.5676429271697998,0,0
2019-02-05,2019-02-06,train_in_sample,QQQ,0.6432071924209595,0,0
2019-02-05,2019-02-06,train_in_sample,IWM,0.4892641603946686,0,1
2019-02-06,2019-02-07,train_in_sample,SPY,0.5193554759025574,0,0
2019-02-06,2019-02-07,train_in_sample,QQQ,0.5885698795318604,0,0
2019-02-06,2019-02-07,train_in_sample,IWM,0.43186670541763306,0,1
2019-02-07,2019-02-08,train_in_sample,SPY,0.5642505288124084,1,1
2019-02-07,2019-02-08,train_in_sample,QQQ,0.607340931892395,1,1
2019-02-07,2019-02-08,train_in_sample,IWM,0.41191133856773376,1,0
2019-02-08,2019-02-11,train_in_sample,SPY,0.5540971755981445,1,1
2019-02-08,2019-02-11,train_in_sample,QQQ,0.566983163356781,0,0
2019-02-08,2019-02-11,train_in_sample,IWM,0.4952861964702606,1,0
2019-02-11,2019-02-12,train_in_sample,SPY,0.6296573281288147,1,1
2019-02-11,2019-02-12,train_in_sample,QQQ,0.6538991332054138,1,1
2019-02-11,2019-02-12,train_in_sample,IWM,0.42569708824157715,1,0
2019-02-12,2019-02-13,train_in_sample,SPY,0.6079477071762085,1,1
2019-02-12,2019-02-13,train_in_sample,QQQ,0.6137039661407471,1,1
2019-02-12,2019-02-13,train_in_sample,IWM,0.483760803937912,1,0
2019-02-13,2019-02-14,train_in_sample,SPY,0.5810678601264954,0,0
2019-02-13,2019-02-14,train_in_sample,QQQ,0.5996456146240234,1,1
2019-02-13,2019-02-14,train_in_sample,IWM,0.4857637882232666,1,0
2019-02-14,2019-02-15,train_in_sample,SPY,0.563170313835144,1,1
2019-02-14,2019-02-15,train_in_sample,QQQ,0.6183735132217407,1,1
2019-02-14,2019-02-15,train_in_sample,IWM,0.4562665820121765,1,0
2019-02-15,2019-02-19,train_in_sample,SPY,0.5990158319473267,1,1
2019-02-15,2019-02-19,train_in_sample,QQQ,0.5858955979347229,1,1
2019-02-15,2019-02-19,train_in_sample,IWM,0.49650323390960693,1,0
2019-02-19,2019-02-20,train_in_sample,SPY,0.5713958144187927,1,1
2019-02-19,2019-02-20,train_in_sample,QQQ,0.6283313632011414,0,0
2019-02-19,2019-02-20,train_in_sample,IWM,0.45061078667640686,1,0
2019-02-20,2019-02-21,train_in_sample,SPY,0.5810926556587219,0,0
2019-02-20,2019-02-21,train_in_sample,QQQ,0.6208047866821289,0,0
2019-02-20,2019-02-21,train_in_sample,IWM,0.5072675347328186,0,0
2019-02-21,2019-02-22,train_in_sample,SPY,0.5777607560157776,1,1
2019-02-21,2019-02-22,train_in_sample,QQQ,0.602230966091156,1,1
2019-02-21,2019-02-22,train_in_sample,IWM,0.4899979531764984,1,0
2019-02-22,2019-02-25,train_in_sample,SPY,0.6146430373191833,1,1
2019-02-22,2019-02-25,train_in_sample,QQQ,0.6224638819694519,1,1
2019-02-22,2019-02-25,train_in_sample,IWM,0.5263957381248474,1,1
2019-02-25,2019-02-26,train_in_sample,SPY,0.56466144323349,0,0
2019-02-25,2019-02-26,train_in_sample,QQQ,0.5670639276504517,1,1
2019-02-25,2019-02-26,train_in_sample,IWM,0.4837760925292969,0,1
2019-02-26,2019-02-27,train_in_sample,SPY,0.567980945110321,0,0
2019-02-26,2019-02-27,train_in_sample,QQQ,0.5839319825172424,0,0
2019-02-26,2019-02-27,train_in_sample,IWM,0.5304110646247864,1,1
2019-02-27,2019-02-28,train_in_sample,SPY,0.6000713109970093,0,0
2019-02-27,2019-02-28,train_in_sample,QQQ,0.6634838581085205,0,0
2019-02-27,2019-02-28,train_in_sample,IWM,0.5354155898094177,0,0
2019-02-28,2019-03-01,train_in_sample,SPY,0.5751319527626038,1,1
2019-02-28,2019-03-01,train_in_sample,QQQ,0.5985614657402039,1,1
2019-02-28,2019-03-01,train_in_sample,IWM,0.46515360474586487,1,0
2019-03-01,2019-03-04,train_in_sample,SPY,0.5326064229011536,0,0
2019-03-01,2019-03-04,train_in_sample,QQQ,0.5800223350524902,1,1
2019-03-01,2019-03-04,train_in_sample,IWM,0.5047871470451355,0,0
2019-03-04,2019-03-05,train_in_sample,SPY,0.5818665027618408,0,0
2019-03-04,2019-03-05,train_in_sample,QQQ,0.5883573293685913,1,1
2019-03-04,2019-03-05,train_in_sample,IWM,0.5456882119178772,0,0
2019-03-05,2019-03-06,train_in_sample,SPY,0.5466495752334595,0,0
2019-03-05,2019-03-06,train_in_sample,QQQ,0.5556514859199524,0,0
2019-03-05,2019-03-06,train_in_sample,IWM,0.42872104048728943,0,1
2019-03-06,2019-03-07,train_in_sample,SPY,0.5069885849952698,0,0
2019-03-06,2019-03-07,train_in_sample,QQQ,0.5701010227203369,0,0
2019-03-06,2019-03-07,train_in_sample,IWM,0.4747227728366852,0,1
2019-03-07,2019-03-08,train_in_sample,SPY,0.5551893711090088,0,0
2019-03-07,2019-03-08,train_in_sample,QQQ,0.5561264157295227,0,0
2019-03-07,2019-03-08,train_in_sample,IWM,0.48352736234664917,0,1
2019-03-08,2019-03-11,train_in_sample,SPY,0.5766167044639587,1,1
2019-03-08,2019-03-11,train_in_sample,QQQ,0.5963802337646484,1,1
2019-03-08,2019-03-11,train_in_sample,IWM,0.5183081030845642,1,1
2019-03-11,2019-03-12,train_in_sample,SPY,0.5904553532600403,1,1
2019-03-11,2019-03-12,train_in_sample,QQQ,0.6042283773422241,1,1
2019-03-11,2019-03-12,train_in_sample,IWM,0.5776806473731995,1,1
2019-03-12,2019-03-13,train_in_sample,SPY,0.5833567380905151,1,1
2019-03-12,2019-03-13,train_in_sample,QQQ,0.5776282548904419,1,1
2019-03-12,2019-03-13,train_in_sample,IWM,0.5046411156654358,1,1
2019-03-13,2019-03-14,train_in_sample,SPY,0.5428409576416016,0,0
2019-03-13,2019-03-14,train_in_sample,QQQ,0.5665930509567261,0,0
2019-03-13,2019-03-14,train_in_sample,IWM,0.480882465839386,0,1
2019-03-14,2019-03-15,train_in_sample,SPY,0.5679255723953247,1,1
2019-03-14,2019-03-15,train_in_sample,QQQ,0.5721540451049805,1,1
2019-03-14,2019-03-15,train_in_sample,IWM,0.425380676984787,1,0
2019-03-15,2019-03-18,train_in_sample,SPY,0.5674387216567993,1,1
2019-03-15,2019-03-18,train_in_sample,QQQ,0.5454698801040649,1,1
2019-03-15,2019-03-18,train_in_sample,IWM,0.4971027076244354,1,0
2019-03-18,2019-03-19,train_in_sample,SPY,0.5271599292755127,1,1
2019-03-18,2019-03-19,train_in_sample,QQQ,0.6011381149291992,1,1
2019-03-18,2019-03-19,train_in_sample,IWM,0.4939158260822296,0,1
2019-03-19,2019-03-20,train_in_sample,SPY,0.5115312337875366,0,0
2019-03-19,2019-03-20,train_in_sample,QQQ,0.5735378265380859,1,1
2019-03-19,2019-03-20,train_in_sample,IWM,0.47018614411354065,0,1
2019-03-20,2019-03-21,train_in_sample,SPY,0.5277456641197205,1,1
2019-03-20,2019-03-21,train_in_sample,QQQ,0.5283070206642151,1,1
2019-03-20,2019-03-21,train_in_sample,IWM,0.5580617189407349,1,1
2019-03-21,2019-03-22,train_in_sample,SPY,0.5628769993782043,0,0
2019-03-21,2019-03-22,train_in_sample,QQQ,0.5975562930107117,0,0
2019-03-21,2019-03-22,train_in_sample,IWM,0.480386346578598,0,1
2019-03-22,2019-03-25,train_in_sample,SPY,0.489307701587677,0,1
2019-03-22,2019-03-25,train_in_sample,QQQ,0.4768429696559906,0,1
2019-03-22,2019-03-25,train_in_sample,IWM,0.5169642567634583,1,1
2019-03-25,2019-03-26,train_in_sample,SPY,0.5686817169189453,1,1
2019-03-25,2019-03-26,train_in_sample,QQQ,0.5626934170722961,1,1
2019-03-25,2019-03-26,train_in_sample,IWM,0.5016200542449951,1,1
2019-03-26,2019-03-27,train_in_sample,SPY,0.5683060884475708,0,0
2019-03-26,2019-03-27,train_in_sample,QQQ,0.567988932132721,0,0
2019-03-26,2019-03-27,train_in_sample,IWM,0.510656476020813,0,0
2019-03-27,2019-03-28,train_in_sample,SPY,0.5859076976776123,1,1
2019-03-27,2019-03-28,train_in_sample,QQQ,0.5353965163230896,1,1
2019-03-27,2019-03-28,train_in_sample,IWM,0.5306882262229919,1,1
2019-03-28,2019-03-29,train_in_sample,SPY,0.5939955115318298,1,1
2019-03-28,2019-03-29,train_in_sample,QQQ,0.6290843486785889,1,1
2019-03-28,2019-03-29,train_in_sample,IWM,0.45526888966560364,1,0
2019-03-29,2019-04-01,train_in_sample,SPY,0.5730416178703308,1,1
2019-03-29,2019-04-01,train_in_sample,QQQ,0.5794804096221924,1,1
2019-03-29,2019-04-01,train_in_sample,IWM,0.5066593289375305,1,1
2019-04-01,2019-04-02,train_in_sample,SPY,0.6093799471855164,1,1
2019-04-01,2019-04-02,train_in_sample,QQQ,0.585426926612854,1,1
2019-04-01,2019-04-02,train_in_sample,IWM,0.5164035558700562,0,0
2019-04-02,2019-04-03,train_in_sample,SPY,0.5340907573699951,1,1
2019-04-02,2019-04-03,train_in_sample,QQQ,0.5327306985855103,1,1
2019-04-02,2019-04-03,train_in_sample,IWM,0.46060246229171753,1,0
2019-04-03,2019-04-04,train_in_sample,SPY,0.5306203365325928,1,1
2019-04-03,2019-04-04,train_in_sample,QQQ,0.6012793779373169,0,0
2019-04-03,2019-04-04,train_in_sample,IWM,0.5103765726089478,1,1
2019-04-04,2019-04-05,train_in_sample,SPY,0.5788477063179016,1,1
2019-04-04,2019-04-05,train_in_sample,QQQ,0.5786231756210327,1,1
2019-04-04,2019-04-05,train_in_sample,IWM,0.49970465898513794,1,0
2019-04-05,2019-04-08,train_in_sample,SPY,0.6327464580535889,1,1
2019-04-05,2019-04-08,train_in_sample,QQQ,0.64620041847229,1,1
2019-04-05,2019-04-08,train_in_sample,IWM,0.5434882640838623,0,0
2019-04-08,2019-04-09,train_in_sample,SPY,0.5509947538375854,0,0
2019-04-08,2019-04-09,train_in_sample,QQQ,0.5616670250892639,0,0
2019-04-08,2019-04-09,train_in_sample,IWM,0.4583284556865692,0,1
2019-04-09,2019-04-10,train_in_sample,SPY,0.5198822617530823,1,1
2019-04-09,2019-04-10,train_in_sample,QQQ,0.5059673190116882,1,1
2019-04-09,2019-04-10,train_in_sample,IWM,0.4298287332057953,1,0
2019-04-10,2019-04-11,train_in_sample,SPY,0.6020391583442688,0,0
2019-04-10,2019-04-11,train_in_sample,QQQ,0.6355169415473938,0,0
2019-04-10,2019-04-11,train_in_sample,IWM,0.4927237331867218,0,1
2019-04-11,2019-04-12,train_in_sample,SPY,0.5867695212364197,1,1
2019-04-11,2019-04-12,train_in_sample,QQQ,0.5588901042938232,1,1
2019-04-11,2019-04-12,train_in_sample,IWM,0.45476242899894714,1,0
2019-04-12,2019-04-15,train_in_sample,SPY,0.5858838558197021,0,0
2019-04-12,2019-04-15,train_in_sample,QQQ,0.5745992660522461,1,1
2019-04-12,2019-04-15,train_in_sample,IWM,0.4689357578754425,0,1
2019-04-15,2019-04-16,train_in_sample,SPY,0.5188541412353516,1,1
2019-04-15,2019-04-16,train_in_sample,QQQ,0.5573107600212097,1,1
2019-04-15,2019-04-16,train_in_sample,IWM,0.4889222979545593,1,0
2019-04-16,2019-04-17,train_in_sample,SPY,0.5439131259918213,0,0
2019-04-16,2019-04-17,train_in_sample,QQQ,0.5367816686630249,1,1
2019-04-16,2019-04-17,train_in_sample,IWM,0.47183844447135925,0,1
2019-04-17,2019-04-18,train_in_sample,SPY,0.5513724684715271,1,1
2019-04-17,2019-04-18,train_in_sample,QQQ,0.5243337750434875,1,1
2019-04-17,2019-04-18,train_in_sample,IWM,0.4684692323207855,0,1
2019-04-18,2019-04-22,train_in_sample,SPY,0.5737027525901794,1,1
2019-04-18,2019-04-22,train_in_sample,QQQ,0.5598189234733582,1,1
2019-04-18,2019-04-22,train_in_sample,IWM,0.5546396374702454,0,0
2019-04-22,2019-04-23,train_in_sample,SPY,0.5303340554237366,1,1
2019-04-22,2019-04-23,train_in_sample,QQQ,0.5245330929756165,1,1
2019-04-22,2019-04-23,train_in_sample,IWM,0.4496642053127289,1,0
2019-04-23,2019-04-24,train_in_sample,SPY,0.49060192704200745,0,1
2019-04-23,2019-04-24,train_in_sample,QQQ,0.47339928150177,0,1
2019-04-23,2019-04-24,train_in_sample,IWM,0.49982577562332153,1,0
2019-04-24,2019-04-25,train_in_sample,SPY,0.6121917366981506,0,0
2019-04-24,2019-04-25,train_in_sample,QQQ,0.6363730430603027,1,1
2019-04-24,2019-04-25,train_in_sample,IWM,0.5057106018066406,0,0
2019-04-25,2019-04-26,train_in_sample,SPY,0.5502005219459534,1,1
2019-04-25,2019-04-26,train_in_sample,QQQ,0.5605368614196777,1,1
2019-04-25,2019-04-26,train_in_sample,IWM,0.5079130530357361,1,1
2019-04-26,2019-04-29,train_in_sample,SPY,0.6026650667190552,1,1
2019-04-26,2019-04-29,train_in_sample,QQQ,0.6048816442489624,1,1
2019-04-26,2019-04-29,train_in_sample,IWM,0.4613852798938751,1,0
2019-04-29,2019-04-30,train_in_sample,SPY,0.5772234797477722,1,1
2019-04-29,2019-04-30,train_in_sample,QQQ,0.6061365604400635,0,0
2019-04-29,2019-04-30,train_in_sample,IWM,0.4849852919578552,0,1
2019-04-30,2019-05-01,train_in_sample,SPY,0.5404094457626343,0,0
2019-04-30,2019-05-01,train_in_sample,QQQ,0.5000602006912231,0,0
2019-04-30,2019-05-01,train_in_sample,IWM,0.5622375011444092,0,0
2019-05-01,2019-05-02,train_in_sample,SPY,0.4814698100090027,0,1
2019-05-01,2019-05-02,train_in_sample,QQQ,0.46944460272789,0,1
2019-05-01,2019-05-02,train_in_sample,IWM,0.5024089813232422,1,1
2019-05-02,2019-05-03,train_in_sample,SPY,0.5172505974769592,1,1
2019-05-02,2019-05-03,train_in_sample,QQQ,0.5626571774482727,1,1
2019-05-02,2019-05-03,train_in_sample,IWM,0.5131226778030396,1,1
2019-05-03,2019-05-06,train_in_sample,SPY,0.593748927116394,0,0
2019-05-03,2019-05-06,train_in_sample,QQQ,0.616309404373169,0,0
2019-05-03,2019-05-06,train_in_sample,IWM,0.5155609250068665,1,1
2019-05-06,2019-05-07,train_in_sample,SPY,0.5323109030723572,0,0
2019-05-06,2019-05-07,train_in_sample,QQQ,0.5268499851226807,0,0
2019-05-06,2019-05-07,train_in_sample,IWM,0.4953533113002777,0,1
2019-05-07,2019-05-08,train_in_sample,SPY,0.49849042296409607,0,1
2019-05-07,2019-05-08,train_in_sample,QQQ,0.49983692169189453,0,1
2019-05-07,2019-05-08,train_in_sample,IWM,0.429487019777298,0,1
2019-05-08,2019-05-09,train_in_sample,SPY,0.6817424893379211,0,0
2019-05-08,2019-05-09,train_in_sample,QQQ,0.6129807829856873,0,0
2019-05-08,2019-05-09,train_in_sample,IWM,0.39085623621940613,0,1
2019-05-09,2019-05-10,train_in_sample,SPY,0.5848056077957153,1,1
2019-05-09,2019-05-10,train_in_sample,QQQ,0.6187607645988464,1,1
2019-05-09,2019-05-10,train_in_sample,IWM,0.5593603253364563,1,1
2019-05-10,2019-05-13,train_in_sample,SPY,0.6002088785171509,0,0
2019-05-10,2019-05-13,train_in_sample,QQQ,0.5666557550430298,0,0
2019-05-10,2019-05-13,train_in_sample,IWM,0.682988166809082,0,0
2019-05-13,2019-05-14,train_in_sample,SPY,0.5599347949028015,1,1
2019-05-13,2019-05-14,train_in_sample,QQQ,0.5528510808944702,1,1
2019-05-13,2019-05-14,train_in_sample,IWM,0.4508667290210724,1,0
2019-05-14,2019-05-15,train_in_sample,SPY,0.5950539112091064,1,1
2019-05-14,2019-05-15,train_in_sample,QQQ,0.6274627447128296,1,1
2019-05-14,2019-05-15,train_in_sample,IWM,0.531432569026947,1,1
2019-05-15,2019-05-16,train_in_sample,SPY,0.5369371771812439,1,1
2019-05-15,2019-05-16,train_in_sample,QQQ,0.6017091870307922,1,1
2019-05-15,2019-05-16,train_in_sample,IWM,0.5219511985778809,1,1
2019-05-16,2019-05-17,train_in_sample,SPY,0.5640714764595032,0,0
2019-05-16,2019-05-17,train_in_sample,QQQ,0.5443999171257019,0,0
2019-05-16,2019-05-17,train_in_sample,IWM,0.4944153130054474,0,1
2019-05-17,2019-05-20,train_in_sample,SPY,0.5227027535438538,0,0
2019-05-17,2019-05-20,train_in_sample,QQQ,0.5341073870658875,0,0
2019-05-17,2019-05-20,train_in_sample,IWM,0.49251216650009155,0,1
2019-05-20,2019-05-21,train_in_sample,SPY,0.5388948321342468,1,1
2019-05-20,2019-05-21,train_in_sample,QQQ,0.5406230688095093,1,1
2019-05-20,2019-05-21,train_in_sample,IWM,0.491344690322876,1,0
2019-05-21,2019-05-22,train_in_sample,SPY,0.5947127938270569,0,0
2019-05-21,2019-05-22,train_in_sample,QQQ,0.48262447118759155,0,1
2019-05-21,2019-05-22,train_in_sample,IWM,0.5231303572654724,0,0
2019-05-22,2019-05-23,train_in_sample,SPY,0.5906724333763123,0,0
2019-05-22,2019-05-23,train_in_sample,QQQ,0.5886755585670471,0,0
2019-05-22,2019-05-23,train_in_sample,IWM,0.5277109742164612,0,0
2019-05-23,2019-05-24,train_in_sample,SPY,0.5914837718009949,1,1
2019-05-23,2019-05-24,train_in_sample,QQQ,0.6070535182952881,0,0
2019-05-23,2019-05-24,train_in_sample,IWM,0.5375774502754211,1,1
2019-05-24,2019-05-28,train_in_sample,SPY,0.5887736082077026,0,0
2019-05-24,2019-05-28,train_in_sample,QQQ,0.6000469923019409,0,0
2019-05-24,2019-05-28,train_in_sample,IWM,0.490132212638855,0,1
2019-05-28,2019-05-29,train_in_sample,SPY,0.5727266669273376,0,0
2019-05-28,2019-05-29,train_in_sample,QQQ,0.617703914642334,0,0
2019-05-28,2019-05-29,train_in_sample,IWM,0.5517140626907349,0,0
2019-05-29,2019-05-30,train_in_sample,SPY,0.5833744406700134,1,1
2019-05-29,2019-05-30,train_in_sample,QQQ,0.5812596678733826,1,1
2019-05-29,2019-05-30,train_in_sample,IWM,0.4752854108810425,0,1
2019-05-30,2019-05-31,train_in_sample,SPY,0.6328544020652771,0,0
2019-05-30,2019-05-31,train_in_sample,QQQ,0.5856600403785706,0,0
2019-05-30,2019-05-31,train_in_sample,IWM,0.5856119394302368,0,0
2019-05-31,2019-06-03,train_in_sample,SPY,0.539003312587738,0,0
2019-05-31,2019-06-03,train_in_sample,QQQ,0.5463119745254517,0,0
2019-05-31,2019-06-03,train_in_sample,IWM,0.45238131284713745,1,0
2019-06-03,2019-06-04,train_in_sample,SPY,0.5865879654884338,1,1
2019-06-03,2019-06-04,train_in_sample,QQQ,0.5603330135345459,1,1
2019-06-03,2019-06-04,train_in_sample,IWM,0.5317090749740601,1,1
2019-06-04,2019-06-05,train_in_sample,SPY,0.48979058861732483,1,0
2019-06-04,2019-06-05,train_in_sample,QQQ,0.49749717116355896,1,0
2019-06-04,2019-06-05,train_in_sample,IWM,0.5351951718330383,0,0
2019-06-05,2019-06-06,train_in_sample,SPY,0.5653324127197266,1,1
2019-06-05,2019-06-06,train_in_sample,QQQ,0.5641259551048279,1,1
2019-06-05,2019-06-06,train_in_sample,IWM,0.5197573304176331,0,0
2019-06-06,2019-06-07,train_in_sample,SPY,0.6062585711479187,1,1
2019-06-06,2019-06-07,train_in_sample,QQQ,0.5453037619590759,1,1
2019-06-06,2019-06-07,train_in_sample,IWM,0.5554966926574707,1,1
2019-06-07,2019-06-10,train_in_sample,SPY,0.5603488087654114,1,1
2019-06-07,2019-06-10,train_in_sample,QQQ,0.6083739399909973,1,1
2019-06-07,2019-06-10,train_in_sample,IWM,0.553808867931366,1,1
2019-06-10,2019-06-11,train_in_sample,SPY,0.5248315930366516,0,0
2019-06-10,2019-06-11,train_in_sample,QQQ,0.5857943296432495,1,1
2019-06-10,2019-06-11,train_in_sample,IWM,0.49311134219169617,0,1
2019-06-11,2019-06-12,train_in_sample,SPY,0.5810847282409668,0,0
2019-06-11,2019-06-12,train_in_sample,QQQ,0.5529431104660034,0,0
2019-06-11,2019-06-12,train_in_sample,IWM,0.5336635112762451,1,1
2019-06-12,2019-06-13,train_in_sample,SPY,0.5260025858879089,1,1
2019-06-12,2019-06-13,train_in_sample,QQQ,0.4525139629840851,1,0
2019-06-12,2019-06-13,train_in_sample,IWM,0.49089500308036804,1,0
2019-06-13,2019-06-14,train_in_sample,SPY,0.6499908566474915,0,0
2019-06-13,2019-06-14,train_in_sample,QQQ,0.6506005525588989,0,0
2019-06-13,2019-06-14,train_in_sample,IWM,0.46108511090278625,0,1
2019-06-14,2019-06-17,train_in_sample,SPY,0.5571890473365784,1,1
2019-06-14,2019-06-17,train_in_sample,QQQ,0.5975383520126343,1,1
2019-06-14,2019-06-17,train_in_sample,IWM,0.4804169833660126,1,0
2019-06-17,2019-06-18,train_in_sample,SPY,0.5606652498245239,1,1
2019-06-17,2019-06-18,train_in_sample,QQQ,0.6278071999549866,1,1
2019-06-17,2019-06-18,train_in_sample,IWM,0.46235692501068115,1,0
2019-06-18,2019-06-19,train_in_sample,SPY,0.5803873538970947,1,1
2019-06-18,2019-06-19,train_in_sample,QQQ,0.6176333427429199,1,1
2019-06-18,2019-06-19,train_in_sample,IWM,0.5380672216415405,1,1
2019-06-19,2019-06-20,train_in_sample,SPY,0.6094973087310791,1,1
2019-06-19,2019-06-20,train_in_sample,QQQ,0.5813115239143372,1,1
2019-06-19,2019-06-20,train_in_sample,IWM,0.5087963342666626,1,1
2019-06-20,2019-06-21,train_in_sample,SPY,0.6369068026542664,0,0
2019-06-20,2019-06-21,train_in_sample,QQQ,0.5879279971122742,0,0
2019-06-20,2019-06-21,train_in_sample,IWM,0.5011502504348755,0,0
2019-06-21,2019-06-24,train_in_sample,SPY,0.6620968580245972,0,0
2019-06-21,2019-06-24,train_in_sample,QQQ,0.5961800217628479,1,1
2019-06-21,2019-06-24,train_in_sample,IWM,0.5356839895248413,0,0
2019-06-24,2019-06-25,train_in_sample,SPY,0.543976902961731,0,0
2019-06-24,2019-06-25,train_in_sample,QQQ,0.48599234223365784,0,1
2019-06-24,2019-06-25,train_in_sample,IWM,0.49432575702667236,0,1
2019-06-25,2019-06-26,train_in_sample,SPY,0.5849229693412781,0,0
2019-06-25,2019-06-26,train_in_sample,QQQ,0.5889623165130615,1,1
2019-06-25,2019-06-26,train_in_sample,IWM,0.4405401945114136,0,1
2019-06-26,2019-06-27,train_in_sample,SPY,0.5706424117088318,1,1
2019-06-26,2019-06-27,train_in_sample,QQQ,0.5524069666862488,1,1
2019-06-26,2019-06-27,train_in_sample,IWM,0.5185758471488953,1,1
2019-06-27,2019-06-28,train_in_sample,SPY,0.6195088624954224,1,1
2019-06-27,2019-06-28,train_in_sample,QQQ,0.6151188015937805,1,1
2019-06-27,2019-06-28,train_in_sample,IWM,0.5080535411834717,1,1
2019-06-28,2019-07-01,train_in_sample,SPY,0.5993415117263794,1,1
2019-06-28,2019-07-01,train_in_sample,QQQ,0.6313556432723999,1,1
2019-06-28,2019-07-01,train_in_sample,IWM,0.46478185057640076,1,0
2019-07-01,2019-07-02,train_in_sample,SPY,0.6372319459915161,1,1
2019-07-01,2019-07-02,train_in_sample,QQQ,0.5775460600852966,1,1
2019-07-01,2019-07-02,train_in_sample,IWM,0.5290828347206116,0,0
2019-07-02,2019-07-03,train_in_sample,SPY,0.6896791458129883,1,1
2019-07-02,2019-07-03,train_in_sample,QQQ,0.6046457886695862,1,1
2019-07-02,2019-07-03,train_in_sample,IWM,0.6119557023048401,1,1
2019-07-03,2019-07-05,train_in_sample,SPY,0.5890190005302429,0,0
2019-07-03,2019-07-05,train_in_sample,QQQ,0.6206097602844238,0,0
2019-07-03,2019-07-05,train_in_sample,IWM,0.45997896790504456,1,0
2019-07-05,2019-07-08,train_in_sample,SPY,0.5757699608802795,0,0
2019-07-05,2019-07-08,train_in_sample,QQQ,0.579394519329071,0,0
2019-07-05,2019-07-08,train_in_sample,IWM,0.4734345078468323,0,1
2019-07-08,2019-07-09,train_in_sample,SPY,0.5819248557090759,1,1
2019-07-08,2019-07-09,train_in_sample,QQQ,0.59583580493927,1,1
2019-07-08,2019-07-09,train_in_sample,IWM,0.530367910861969,1,1
2019-07-09,2019-07-10,train_in_sample,SPY,0.6043133735656738,1,1
2019-07-09,2019-07-10,train_in_sample,QQQ,0.6106959581375122,1,1
2019-07-09,2019-07-10,train_in_sample,IWM,0.5226775407791138,1,1
2019-07-10,2019-07-11,train_in_sample,SPY,0.5525315403938293,1,1
2019-07-10,2019-07-11,train_in_sample,QQQ,0.5578461289405823,0,0
2019-07-10,2019-07-11,train_in_sample,IWM,0.5619506239891052,0,0
2019-07-11,2019-07-12,train_in_sample,SPY,0.5547503232955933,1,1
2019-07-11,2019-07-12,train_in_sample,QQQ,0.535102903842926,1,1
2019-07-11,2019-07-12,train_in_sample,IWM,0.4845787584781647,1,0
2019-07-12,2019-07-15,train_in_sample,SPY,0.5742588639259338,1,1
2019-07-12,2019-07-15,train_in_sample,QQQ,0.5792588591575623,1,1
2019-07-12,2019-07-15,train_in_sample,IWM,0.47812798619270325,0,1
2019-07-15,2019-07-16,train_in_sample,SPY,0.6057767868041992,0,0
2019-07-15,2019-07-16,train_in_sample,QQQ,0.6361750364303589,0,0
2019-07-15,2019-07-16,train_in_sample,IWM,0.5176646709442139,0,0
2019-07-16,2019-07-17,train_in_sample,SPY,0.5722239017486572,0,0
2019-07-16,2019-07-17,train_in_sample,QQQ,0.5979877710342407,0,0
2019-07-16,2019-07-17,train_in_sample,IWM,0.51546710729599,0,0
2019-07-17,2019-07-18,train_in_sample,SPY,0.6138741970062256,1,1
2019-07-17,2019-07-18,train_in_sample,QQQ,0.663885772228241,1,1
2019-07-17,2019-07-18,train_in_sample,IWM,0.5321520566940308,1,1
2019-07-18,2019-07-19,train_in_sample,SPY,0.5408104062080383,0,0
2019-07-18,2019-07-19,train_in_sample,QQQ,0.6051889061927795,0,0
2019-07-18,2019-07-19,train_in_sample,IWM,0.5214388370513916,0,0
2019-07-19,2019-07-22,train_in_sample,SPY,0.596737802028656,1,1
2019-07-19,2019-07-22,train_in_sample,QQQ,0.6205378174781799,1,1
2019-07-19,2019-07-22,train_in_sample,IWM,0.5486543774604797,0,0
2019-07-22,2019-07-23,train_in_sample,SPY,0.5719709992408752,1,1
2019-07-22,2019-07-23,train_in_sample,QQQ,0.6031329035758972,1,1
2019-07-22,2019-07-23,train_in_sample,IWM,0.5700167417526245,1,1
2019-07-23,2019-07-24,train_in_sample,SPY,0.4914097487926483,1,0
2019-07-23,2019-07-24,train_in_sample,QQQ,0.5093309283256531,1,1
2019-07-23,2019-07-24,train_in_sample,IWM,0.4105861186981201,1,0
2019-07-24,2019-07-25,train_in_sample,SPY,0.6183251142501831,0,0
2019-07-24,2019-07-25,train_in_sample,QQQ,0.6698222756385803,0,0
2019-07-24,2019-07-25,train_in_sample,IWM,0.5241779088973999,0,0
2019-07-25,2019-07-26,train_in_sample,SPY,0.48671483993530273,1,0
2019-07-25,2019-07-26,train_in_sample,QQQ,0.48389872908592224,1,0
2019-07-25,2019-07-26,train_in_sample,IWM,0.4656330645084381,1,0
2019-07-26,2019-07-29,train_in_sample,SPY,0.49255964159965515,0,1
2019-07-26,2019-07-29,train_in_sample,QQQ,0.5448638796806335,0,0
2019-07-26,2019-07-29,train_in_sample,IWM,0.4993310570716858,0,1
2019-07-29,2019-07-30,train_in_sample,SPY,0.5741637945175171,0,0
2019-07-29,2019-07-30,train_in_sample,QQQ,0.5617477893829346,0,0
2019-07-29,2019-07-30,train_in_sample,IWM,0.5305095911026001,1,1
2019-07-30,2019-07-31,train_in_sample,SPY,0.5941944122314453,0,0
2019-07-30,2019-07-31,train_in_sample,QQQ,0.536704957485199,0,0
2019-07-30,2019-07-31,train_in_sample,IWM,0.5082120299339294,0,0
2019-07-31,2019-08-01,train_in_sample,SPY,0.5475418567657471,0,0
2019-07-31,2019-08-01,train_in_sample,QQQ,0.5309665203094482,0,0
2019-07-31,2019-08-01,train_in_sample,IWM,0.4938242435455322,0,1
2019-08-01,2019-08-02,train_in_sample,SPY,0.5549055933952332,0,0
2019-08-01,2019-08-02,train_in_sample,QQQ,0.5414307713508606,0,0
2019-08-01,2019-08-02,train_in_sample,IWM,0.592810332775116,0,0
2019-08-02,2019-08-05,train_in_sample,SPY,0.47341296076774597,0,1
2019-08-02,2019-08-05,train_in_sample,QQQ,0.4408712387084961,0,1
2019-08-02,2019-08-05,train_in_sample,IWM,0.4894101321697235,0,1
2019-08-05,2019-08-06,train_in_sample,SPY,0.5400770902633667,1,1
2019-08-05,2019-08-06,train_in_sample,QQQ,0.5112099647521973,1,1
2019-08-05,2019-08-06,train_in_sample,IWM,0.597777247428894,1,1
2019-08-06,2019-08-07,train_in_sample,SPY,0.5619686245918274,1,1
2019-08-06,2019-08-07,train_in_sample,QQQ,0.5130672454833984,1,1
2019-08-06,2019-08-07,train_in_sample,IWM,0.5123393535614014,1,1
2019-08-07,2019-08-08,train_in_sample,SPY,0.6002079844474792,1,1
2019-08-07,2019-08-08,train_in_sample,QQQ,0.614997148513794,1,1
2019-08-07,2019-08-08,train_in_sample,IWM,0.5567298531532288,1,1
2019-08-08,2019-08-09,train_in_sample,SPY,0.5018818974494934,0,0
2019-08-08,2019-08-09,train_in_sample,QQQ,0.5280194282531738,0,0
2019-08-08,2019-08-09,train_in_sample,IWM,0.5365979671478271,0,0
2019-08-09,2019-08-12,train_in_sample,SPY,0.5457109212875366,0,0
2019-08-09,2019-08-12,train_in_sample,QQQ,0.5639952421188354,0,0
2019-08-09,2019-08-12,train_in_sample,IWM,0.4990164339542389,0,1
2019-08-12,2019-08-13,train_in_sample,SPY,0.5638247132301331,1,1
2019-08-12,2019-08-13,train_in_sample,QQQ,0.5365973711013794,1,1
2019-08-12,2019-08-13,train_in_sample,IWM,0.5243732929229736,1,1
2019-08-13,2019-08-14,train_in_sample,SPY,0.6074530482292175,0,0
2019-08-13,2019-08-14,train_in_sample,QQQ,0.5844109654426575,0,0
2019-08-13,2019-08-14,train_in_sample,IWM,0.546599805355072,0,0
2019-08-14,2019-08-15,train_in_sample,SPY,0.4653729498386383,1,0
2019-08-14,2019-08-15,train_in_sample,QQQ,0.4220855236053467,0,1
2019-08-14,2019-08-15,train_in_sample,IWM,0.5776718258857727,0,0
2019-08-15,2019-08-16,train_in_sample,SPY,0.6097842454910278,1,1
2019-08-15,2019-08-16,train_in_sample,QQQ,0.5927255153656006,1,1
2019-08-15,2019-08-16,train_in_sample,IWM,0.49319398403167725,1,0
2019-08-16,2019-08-19,train_in_sample,SPY,0.5743979215621948,1,1
2019-08-16,2019-08-19,train_in_sample,QQQ,0.587783694267273,1,1
2019-08-16,2019-08-19,train_in_sample,IWM,0.5173784494400024,1,1
2019-08-19,2019-08-20,train_in_sample,SPY,0.6601671576499939,0,0
2019-08-19,2019-08-20,train_in_sample,QQQ,0.6485558152198792,0,0
2019-08-19,2019-08-20,train_in_sample,IWM,0.4980478584766388,0,1
2019-08-20,2019-08-21,train_in_sample,SPY,0.591817319393158,1,1
2019-08-20,2019-08-21,train_in_sample,QQQ,0.5594774484634399,1,1
2019-08-20,2019-08-21,train_in_sample,IWM,0.5449895858764648,1,1
2019-08-21,2019-08-22,train_in_sample,SPY,0.5920596718788147,0,0
2019-08-21,2019-08-22,train_in_sample,QQQ,0.6570557951927185,0,0
2019-08-21,2019-08-22,train_in_sample,IWM,0.49801141023635864,0,1
2019-08-22,2019-08-23,train_in_sample,SPY,0.5853944420814514,0,0
2019-08-22,2019-08-23,train_in_sample,QQQ,0.6210969686508179,0,0
2019-08-22,2019-08-23,train_in_sample,IWM,0.5048991441726685,0,0
2019-08-23,2019-08-26,train_in_sample,SPY,0.5488950610160828,1,1
2019-08-23,2019-08-26,train_in_sample,QQQ,0.564090371131897,1,1
2019-08-23,2019-08-26,train_in_sample,IWM,0.5543822050094604,1,1
2019-08-26,2019-08-27,train_in_sample,SPY,0.6388875246047974,0,0
2019-08-26,2019-08-27,train_in_sample,QQQ,0.6718581318855286,0,0
2019-08-26,2019-08-27,train_in_sample,IWM,0.5636754035949707,0,0
2019-08-27,2019-08-28,train_in_sample,SPY,0.5743204355239868,1,1
2019-08-27,2019-08-28,train_in_sample,QQQ,0.5675138235092163,1,1
2019-08-27,2019-08-28,train_in_sample,IWM,0.5178066492080688,1,1
2019-08-28,2019-08-29,train_in_sample,SPY,0.5940911173820496,1,1
2019-08-28,2019-08-29,train_in_sample,QQQ,0.5867197513580322,1,1
2019-08-28,2019-08-29,train_in_sample,IWM,0.5360183715820312,1,1
2019-08-29,2019-08-30,train_in_sample,SPY,0.5985802412033081,0,0
2019-08-29,2019-08-30,train_in_sample,QQQ,0.5707610249519348,0,0
2019-08-29,2019-08-30,train_in_sample,IWM,0.5525609850883484,0,0
2019-08-30,2019-09-03,train_in_sample,SPY,0.5546033382415771,0,0
2019-08-30,2019-09-03,train_in_sample,QQQ,0.5925397276878357,0,0
2019-08-30,2019-09-03,train_in_sample,IWM,0.45121973752975464,0,1
2019-09-03,2019-09-04,train_in_sample,SPY,0.5503689050674438,1,1
2019-09-03,2019-09-04,train_in_sample,QQQ,0.5566884875297546,1,1
2019-09-03,2019-09-04,train_in_sample,IWM,0.5101892948150635,1,1
2019-09-04,2019-09-05,train_in_sample,SPY,0.5861110091209412,1,1
2019-09-04,2019-09-05,train_in_sample,QQQ,0.5778510570526123,1,1
2019-09-04,2019-09-05,train_in_sample,IWM,0.5788635611534119,1,1
2019-09-05,2019-09-06,train_in_sample,SPY,0.5776469707489014,1,1
2019-09-05,2019-09-06,train_in_sample,QQQ,0.5732861757278442,0,0
2019-09-05,2019-09-06,train_in_sample,IWM,0.5324783325195312,0,0
2019-09-06,2019-09-09,train_in_sample,SPY,0.585181474685669,1,1
2019-09-06,2019-09-09,train_in_sample,QQQ,0.5679381489753723,0,0
2019-09-06,2019-09-09,train_in_sample,IWM,0.44116416573524475,1,0
2019-09-09,2019-09-10,train_in_sample,SPY,0.610628604888916,0,0
2019-09-09,2019-09-10,train_in_sample,QQQ,0.6143176555633545,0,0
2019-09-09,2019-09-10,train_in_sample,IWM,0.5286361575126648,1,1
2019-09-10,2019-09-11,train_in_sample,SPY,0.6069497466087341,1,1
2019-09-10,2019-09-11,train_in_sample,QQQ,0.6155736446380615,1,1
2019-09-10,2019-09-11,train_in_sample,IWM,0.5024088621139526,1,1
2019-09-11,2019-09-12,train_in_sample,SPY,0.608911395072937,1,1
2019-09-11,2019-09-12,train_in_sample,QQQ,0.6084908843040466,1,1
2019-09-11,2019-09-12,train_in_sample,IWM,0.48468679189682007,1,0
2019-09-12,2019-09-13,train_in_sample,SPY,0.5822131633758545,0,0
2019-09-12,2019-09-13,train_in_sample,QQQ,0.5348049998283386,0,0
2019-09-12,2019-09-13,train_in_sample,IWM,0.4419207274913788,1,0
2019-09-13,2019-09-16,train_in_sample,SPY,0.5930575132369995,0,0
2019-09-13,2019-09-16,train_in_sample,QQQ,0.633319616317749,0,0
2019-09-13,2019-09-16,train_in_sample,IWM,0.46984896063804626,1,0
2019-09-16,2019-09-17,train_in_sample,SPY,0.5931921601295471,1,1
2019-09-16,2019-09-17,train_in_sample,QQQ,0.6518281102180481,1,1
2019-09-16,2019-09-17,train_in_sample,IWM,0.4873485565185547,0,1
2019-09-17,2019-09-18,train_in_sample,SPY,0.5149128437042236,1,1
2019-09-17,2019-09-18,train_in_sample,QQQ,0.5747861862182617,0,0
2019-09-17,2019-09-18,train_in_sample,IWM,0.48042771220207214,0,1
2019-09-18,2019-09-19,train_in_sample,SPY,0.5697490572929382,0,0
2019-09-18,2019-09-19,train_in_sample,QQQ,0.598127543926239,1,1
2019-09-18,2019-09-19,train_in_sample,IWM,0.45616117119789124,0,1
2019-09-19,2019-09-20,train_in_sample,SPY,0.5475391149520874,0,0
2019-09-19,2019-09-20,train_in_sample,QQQ,0.5638346672058105,0,0
2019-09-19,2019-09-20,train_in_sample,IWM,0.4753679931163788,0,1
2019-09-20,2019-09-23,train_in_sample,SPY,0.5169156193733215,1,1
2019-09-20,2019-09-23,train_in_sample,QQQ,0.5595235228538513,1,1
2019-09-20,2019-09-23,train_in_sample,IWM,0.48413124680519104,0,1
2019-09-23,2019-09-24,train_in_sample,SPY,0.5731033682823181,0,0
2019-09-23,2019-09-24,train_in_sample,QQQ,0.6093897223472595,0,0
2019-09-23,2019-09-24,train_in_sample,IWM,0.4815662205219269,0,1
2019-09-24,2019-09-25,train_in_sample,SPY,0.5558280944824219,1,1
2019-09-24,2019-09-25,train_in_sample,QQQ,0.5463581085205078,1,1
2019-09-24,2019-09-25,train_in_sample,IWM,0.46487510204315186,1,0
2019-09-25,2019-09-26,train_in_sample,SPY,0.5642574429512024,0,0
2019-09-25,2019-09-26,train_in_sample,QQQ,0.6059752702713013,0,0
2019-09-25,2019-09-26,train_in_sample,IWM,0.4861062467098236,0,1
2019-09-26,2019-09-27,train_in_sample,SPY,0.5442498326301575,0,0
2019-09-26,2019-09-27,train_in_sample,QQQ,0.550696611404419,0,0
2019-09-26,2019-09-27,train_in_sample,IWM,0.44389304518699646,0,1
2019-09-27,2019-09-30,train_in_sample,SPY,0.5537060499191284,1,1
2019-09-27,2019-09-30,train_in_sample,QQQ,0.565654993057251,1,1
2019-09-27,2019-09-30,train_in_sample,IWM,0.4618670642375946,1,0
2019-09-30,2019-10-01,train_in_sample,SPY,0.5837765336036682,0,0
2019-09-30,2019-10-01,train_in_sample,QQQ,0.6115488409996033,0,0
2019-09-30,2019-10-01,train_in_sample,IWM,0.5388129353523254,0,0
2019-10-01,2019-10-02,train_in_sample,SPY,0.5532397627830505,0,0
2019-10-01,2019-10-02,train_in_sample,QQQ,0.5287127494812012,0,0
2019-10-01,2019-10-02,train_in_sample,IWM,0.5463670492172241,0,0
2019-10-02,2019-10-03,train_in_sample,SPY,0.5424962043762207,1,1
2019-10-02,2019-10-03,train_in_sample,QQQ,0.5451081395149231,1,1
2019-10-02,2019-10-03,train_in_sample,IWM,0.48729828000068665,1,0
2019-10-03,2019-10-04,train_in_sample,SPY,0.6272706389427185,1,1
2019-10-03,2019-10-04,train_in_sample,QQQ,0.6350603699684143,1,1
2019-10-03,2019-10-04,train_in_sample,IWM,0.5371720194816589,1,1
2019-10-04,2019-10-07,train_in_sample,SPY,0.6113534569740295,0,0
2019-10-04,2019-10-07,train_in_sample,QQQ,0.6142479181289673,0,0
2019-10-04,2019-10-07,train_in_sample,IWM,0.5109675526618958,0,0
2019-10-07,2019-10-08,train_in_sample,SPY,0.5436533093452454,0,0
2019-10-07,2019-10-08,train_in_sample,QQQ,0.5448994636535645,0,0
2019-10-07,2019-10-08,train_in_sample,IWM,0.5264443755149841,0,0
2019-10-08,2019-10-09,train_in_sample,SPY,0.5618262887001038,1,1
2019-10-08,2019-10-09,train_in_sample,QQQ,0.5137911438941956,1,1
2019-10-08,2019-10-09,train_in_sample,IWM,0.5389145612716675,1,1
2019-10-09,2019-10-10,train_in_sample,SPY,0.6013234853744507,1,1
2019-10-09,2019-10-10,train_in_sample,QQQ,0.6408861875534058,1,1
2019-10-09,2019-10-10,train_in_sample,IWM,0.5354915261268616,1,1
2019-10-10,2019-10-11,train_in_sample,SPY,0.6131615042686462,1,1
2019-10-10,2019-10-11,train_in_sample,QQQ,0.5813252329826355,1,1
2019-10-10,2019-10-11,train_in_sample,IWM,0.4826757311820984,1,0
2019-10-11,2019-10-14,train_in_sample,SPY,0.6354121565818787,0,0
2019-10-11,2019-10-14,train_in_sample,QQQ,0.6447438597679138,0,0
2019-10-11,2019-10-14,train_in_sample,IWM,0.533719539642334,0,0
2019-10-14,2019-10-15,train_in_sample,SPY,0.5725787878036499,1,1
2019-10-14,2019-10-15,train_in_sample,QQQ,0.5902323722839355,1,1
2019-10-14,2019-10-15,train_in_sample,IWM,0.4961082935333252,1,0
2019-10-15,2019-10-16,train_in_sample,SPY,0.5707147121429443,0,0
2019-10-15,2019-10-16,train_in_sample,QQQ,0.5441652536392212,0,0
2019-10-15,2019-10-16,train_in_sample,IWM,0.5506994128227234,1,1
2019-10-16,2019-10-17,train_in_sample,SPY,0.5683039426803589,1,1
2019-10-16,2019-10-17,train_in_sample,QQQ,0.6089769601821899,1,1
2019-10-16,2019-10-17,train_in_sample,IWM,0.5039641261100769,1,1
2019-10-17,2019-10-18,train_in_sample,SPY,0.5802274942398071,0,0
2019-10-17,2019-10-18,train_in_sample,QQQ,0.6158002018928528,0,0
2019-10-17,2019-10-18,train_in_sample,IWM,0.5209280252456665,0,0
2019-10-18,2019-10-21,train_in_sample,SPY,0.6004001498222351,1,1
2019-10-18,2019-10-21,train_in_sample,QQQ,0.5635737180709839,1,1
2019-10-18,2019-10-21,train_in_sample,IWM,0.5376397371292114,1,1
2019-10-21,2019-10-22,train_in_sample,SPY,0.608391523361206,0,0
2019-10-21,2019-10-22,train_in_sample,QQQ,0.6208897829055786,0,0
2019-10-21,2019-10-22,train_in_sample,IWM,0.5283927917480469,1,1
2019-10-22,2019-10-23,train_in_sample,SPY,0.5904495120048523,1,1
2019-10-22,2019-10-23,train_in_sample,QQQ,0.6217913627624512,1,1
2019-10-22,2019-10-23,train_in_sample,IWM,0.5029605627059937,1,1
2019-10-23,2019-10-24,train_in_sample,SPY,0.640240490436554,1,1
2019-10-23,2019-10-24,train_in_sample,QQQ,0.6276952028274536,1,1
2019-10-23,2019-10-24,train_in_sample,IWM,0.5494138598442078,0,0
2019-10-24,2019-10-25,train_in_sample,SPY,0.5679164528846741,1,1
2019-10-24,2019-10-25,train_in_sample,QQQ,0.5736242532730103,1,1
2019-10-24,2019-10-25,train_in_sample,IWM,0.4933834373950958,1,0
2019-10-25,2019-10-28,train_in_sample,SPY,0.5462627410888672,1,1
2019-10-25,2019-10-28,train_in_sample,QQQ,0.5879964828491211,1,1
2019-10-25,2019-10-28,train_in_sample,IWM,0.5608740448951721,1,1
2019-10-28,2019-10-29,train_in_sample,SPY,0.5932266712188721,0,0
2019-10-28,2019-10-29,train_in_sample,QQQ,0.6159447431564331,0,0
2019-10-28,2019-10-29,train_in_sample,IWM,0.5523788332939148,1,1
2019-10-29,2019-10-30,train_in_sample,SPY,0.5622299313545227,1,1
2019-10-29,2019-10-30,train_in_sample,QQQ,0.5955109596252441,1,1
2019-10-29,2019-10-30,train_in_sample,IWM,0.4362747371196747,0,1
2019-10-30,2019-10-31,train_in_sample,SPY,0.5481202602386475,0,0
2019-10-30,2019-10-31,train_in_sample,QQQ,0.5887305736541748,1,1
2019-10-30,2019-10-31,train_in_sample,IWM,0.5123589038848877,0,0
2019-10-31,2019-11-01,train_in_sample,SPY,0.5863326787948608,1,1
2019-10-31,2019-11-01,train_in_sample,QQQ,0.5472245216369629,1,1
2019-10-31,2019-11-01,train_in_sample,IWM,0.5648817420005798,1,1
2019-11-01,2019-11-04,train_in_sample,SPY,0.6159031987190247,1,1
2019-11-01,2019-11-04,train_in_sample,QQQ,0.6475653648376465,1,1
2019-11-01,2019-11-04,train_in_sample,IWM,0.5667251944541931,1,1
2019-11-04,2019-11-05,train_in_sample,SPY,0.5508190989494324,0,0
2019-11-04,2019-11-05,train_in_sample,QQQ,0.5960036516189575,1,1
2019-11-04,2019-11-05,train_in_sample,IWM,0.47849005460739136,1,0
2019-11-05,2019-11-06,train_in_sample,SPY,0.5952907800674438,1,1
2019-11-05,2019-11-06,train_in_sample,QQQ,0.567800760269165,0,0
2019-11-05,2019-11-06,train_in_sample,IWM,0.49014246463775635,0,1
2019-11-06,2019-11-07,train_in_sample,SPY,0.5911187529563904,1,1
2019-11-06,2019-11-07,train_in_sample,QQQ,0.6224574446678162,1,1
2019-11-06,2019-11-07,train_in_sample,IWM,0.4959469735622406,1,0
2019-11-07,2019-11-08,train_in_sample,SPY,0.5913599133491516,1,1
2019-11-07,2019-11-08,train_in_sample,QQQ,0.5797355771064758,1,1
2019-11-07,2019-11-08,train_in_sample,IWM,0.5100106000900269,1,1
2019-11-08,2019-11-11,train_in_sample,SPY,0.582629919052124,0,0
2019-11-08,2019-11-11,train_in_sample,QQQ,0.6109181046485901,0,0
2019-11-08,2019-11-11,train_in_sample,IWM,0.47157540917396545,0,1
2019-11-11,2019-11-12,train_in_sample,SPY,0.5567607283592224,1,1
2019-11-11,2019-11-12,train_in_sample,QQQ,0.6254650950431824,1,1
2019-11-11,2019-11-12,train_in_sample,IWM,0.5046184659004211,1,1
2019-11-12,2019-11-13,train_in_sample,SPY,0.5755738615989685,1,1
2019-11-12,2019-11-13,train_in_sample,QQQ,0.6086856722831726,1,1
2019-11-12,2019-11-13,train_in_sample,IWM,0.45238667726516724,0,1
2019-11-13,2019-11-14,train_in_sample,SPY,0.4980897307395935,1,0
2019-11-13,2019-11-14,train_in_sample,QQQ,0.5167137384414673,0,0
2019-11-13,2019-11-14,train_in_sample,IWM,0.49983471632003784,0,1
2019-11-14,2019-11-15,train_in_sample,SPY,0.6104927062988281,1,1
2019-11-14,2019-11-15,train_in_sample,QQQ,0.6581223607063293,1,1
2019-11-14,2019-11-15,train_in_sample,IWM,0.5585591197013855,1,1
2019-11-15,2019-11-18,train_in_sample,SPY,0.5641190409660339,1,1
2019-11-15,2019-11-18,train_in_sample,QQQ,0.6334507465362549,1,1
2019-11-15,2019-11-18,train_in_sample,IWM,0.49944236874580383,0,1
2019-11-18,2019-11-19,train_in_sample,SPY,0.583716630935669,0,0
2019-11-18,2019-11-19,train_in_sample,QQQ,0.6186172962188721,1,1
2019-11-18,2019-11-19,train_in_sample,IWM,0.5550602674484253,1,1
2019-11-19,2019-11-20,train_in_sample,SPY,0.5648474097251892,0,0
2019-11-19,2019-11-20,train_in_sample,QQQ,0.5684233903884888,0,0
2019-11-19,2019-11-20,train_in_sample,IWM,0.49030187726020813,0,1
2019-11-20,2019-11-21,train_in_sample,SPY,0.5937641263008118,0,0
2019-11-20,2019-11-21,train_in_sample,QQQ,0.5982174277305603,0,0
2019-11-20,2019-11-21,train_in_sample,IWM,0.5294466018676758,0,0
2019-11-21,2019-11-22,train_in_sample,SPY,0.5618811249732971,1,1
2019-11-21,2019-11-22,train_in_sample,QQQ,0.5707319378852844,1,1
2019-11-21,2019-11-22,train_in_sample,IWM,0.49556925892829895,1,0
2019-11-22,2019-11-25,train_in_sample,SPY,0.5672693848609924,1,1
2019-11-22,2019-11-25,train_in_sample,QQQ,0.6322100758552551,1,1
2019-11-22,2019-11-25,train_in_sample,IWM,0.5070160627365112,1,1
2019-11-25,2019-11-26,train_in_sample,SPY,0.6242729425430298,1,1
2019-11-25,2019-11-26,train_in_sample,QQQ,0.6624547839164734,1,1
2019-11-25,2019-11-26,train_in_sample,IWM,0.5301846265792847,1,1
2019-11-26,2019-11-27,train_in_sample,SPY,0.5336976051330566,1,1
2019-11-26,2019-11-27,train_in_sample,QQQ,0.568752110004425,1,1
2019-11-26,2019-11-27,train_in_sample,IWM,0.5627349019050598,1,1
2019-11-27,2019-11-29,train_in_sample,SPY,0.5359690189361572,0,0
2019-11-27,2019-11-29,train_in_sample,QQQ,0.5352181792259216,0,0
2019-11-27,2019-11-29,train_in_sample,IWM,0.534851610660553,0,0
2019-11-29,2019-12-02,train_in_sample,SPY,0.5428987741470337,0,0
2019-11-29,2019-12-02,train_in_sample,QQQ,0.5616726279258728,0,0
2019-11-29,2019-12-02,train_in_sample,IWM,0.4959104061126709,0,1
2019-12-02,2019-12-03,train_in_sample,SPY,0.5802450776100159,0,0
2019-12-02,2019-12-03,train_in_sample,QQQ,0.5737063884735107,0,0
2019-12-02,2019-12-03,train_in_sample,IWM,0.48952922224998474,0,1
2019-12-03,2019-12-04,train_in_sample,SPY,0.5806079506874084,1,1
2019-12-03,2019-12-04,train_in_sample,QQQ,0.5764134526252747,1,1
2019-12-03,2019-12-04,train_in_sample,IWM,0.5129640698432922,1,1
2019-12-04,2019-12-05,train_in_sample,SPY,0.6196441054344177,1,1
2019-12-04,2019-12-05,train_in_sample,QQQ,0.6078661680221558,1,1
2019-12-04,2019-12-05,train_in_sample,IWM,0.5350443720817566,1,1
2019-12-05,2019-12-06,train_in_sample,SPY,0.5838695764541626,1,1
2019-12-05,2019-12-06,train_in_sample,QQQ,0.5579394102096558,1,1
2019-12-05,2019-12-06,train_in_sample,IWM,0.5070681571960449,1,1
2019-12-06,2019-12-09,train_in_sample,SPY,0.5909790396690369,0,0
2019-12-06,2019-12-09,train_in_sample,QQQ,0.5824372172355652,0,0
2019-12-06,2019-12-09,train_in_sample,IWM,0.5033274292945862,0,0
2019-12-09,2019-12-10,train_in_sample,SPY,0.5253862142562866,0,0
2019-12-09,2019-12-10,train_in_sample,QQQ,0.5361368060112,0,0
2019-12-09,2019-12-10,train_in_sample,IWM,0.4659360349178314,1,0
2019-12-10,2019-12-11,train_in_sample,SPY,0.5776795148849487,1,1
2019-12-10,2019-12-11,train_in_sample,QQQ,0.5220487117767334,1,1
2019-12-10,2019-12-11,train_in_sample,IWM,0.5188910961151123,0,0
2019-12-11,2019-12-12,train_in_sample,SPY,0.6094924211502075,1,1
2019-12-11,2019-12-12,train_in_sample,QQQ,0.6143897175788879,1,1
2019-12-11,2019-12-12,train_in_sample,IWM,0.4759688377380371,1,0
2019-12-12,2019-12-13,train_in_sample,SPY,0.5678614377975464,1,1
2019-12-12,2019-12-13,train_in_sample,QQQ,0.5555950403213501,1,1
2019-12-12,2019-12-13,train_in_sample,IWM,0.5072189569473267,0,0
2019-12-13,2019-12-16,train_in_sample,SPY,0.6278783679008484,1,1
2019-12-13,2019-12-16,train_in_sample,QQQ,0.6058739423751831,1,1
2019-12-13,2019-12-16,train_in_sample,IWM,0.5050471425056458,1,1
2019-12-16,2019-12-17,train_in_sample,SPY,0.6058390736579895,1,1
2019-12-16,2019-12-17,train_in_sample,QQQ,0.5992200970649719,1,1
2019-12-16,2019-12-17,train_in_sample,IWM,0.5468772649765015,1,1
2019-12-17,2019-12-18,train_in_sample,SPY,0.5780573487281799,1,1
2019-12-17,2019-12-18,train_in_sample,QQQ,0.5892316102981567,1,1
2019-12-17,2019-12-18,train_in_sample,IWM,0.48548007011413574,1,0
2019-12-18,2019-12-19,train_in_sample,SPY,0.585115373134613,1,1
2019-12-18,2019-12-19,train_in_sample,QQQ,0.5841956734657288,1,1
2019-12-18,2019-12-19,train_in_sample,IWM,0.4891933798789978,1,0
2019-12-19,2019-12-20,train_in_sample,SPY,0.579176664352417,1,1
2019-12-19,2019-12-20,train_in_sample,QQQ,0.5951728820800781,1,1
2019-12-19,2019-12-20,train_in_sample,IWM,0.5220288038253784,1,1
2019-12-20,2019-12-23,train_in_sample,SPY,0.6340226531028748,1,1
2019-12-20,2019-12-23,train_in_sample,QQQ,0.6065526008605957,1,1
2019-12-20,2019-12-23,train_in_sample,IWM,0.5592518448829651,1,1
2019-12-23,2019-12-24,train_in_sample,SPY,0.5968974232673645,0,0
2019-12-23,2019-12-24,train_in_sample,QQQ,0.6284330487251282,1,1
2019-12-23,2019-12-24,train_in_sample,IWM,0.4858822822570801,1,0
2019-12-24,2019-12-26,train_in_sample,SPY,0.609443187713623,1,1
2019-12-24,2019-12-26,train_in_sample,QQQ,0.5916183590888977,1,1
2019-12-24,2019-12-26,train_in_sample,IWM,0.5197599530220032,0,0
2019-12-26,2019-12-27,train_in_sample,SPY,0.6377204656600952,0,0
2019-12-26,2019-12-27,train_in_sample,QQQ,0.6061940789222717,0,0
2019-12-26,2019-12-27,train_in_sample,IWM,0.5197351574897766,0,0
2019-12-27,2019-12-30,train_in_sample,SPY,0.5197576880455017,0,0
2019-12-27,2019-12-30,train_in_sample,QQQ,0.5373522639274597,0,0
2019-12-27,2019-12-30,train_in_sample,IWM,0.49253466725349426,0,1
2019-12-30,2019-12-31,train_in_sample,SPY,0.5689725279808044,1,1
2019-12-30,2019-12-31,train_in_sample,QQQ,0.578023374080658,1,1
2019-12-30,2019-12-31,train_in_sample,IWM,0.4952464997768402,1,0
2019-12-31,2020-01-02,train_in_sample,SPY,0.5898163914680481,1,1
2019-12-31,2020-01-02,train_in_sample,QQQ,0.6436271071434021,1,1
2019-12-31,2020-01-02,train_in_sample,IWM,0.4415653645992279,1,0
2020-01-02,2020-01-03,train_in_sample,SPY,0.5684638023376465,0,0
2020-01-02,2020-01-03,train_in_sample,QQQ,0.5364246964454651,0,0
2020-01-02,2020-01-03,train_in_sample,IWM,0.5099738836288452,0,0
2020-01-03,2020-01-06,train_in_sample,SPY,0.6047970652580261,1,1
2020-01-03,2020-01-06,train_in_sample,QQQ,0.620233952999115,1,1
2020-01-03,2020-01-06,train_in_sample,IWM,0.496799111366272,1,0
2020-01-06,2020-01-07,train_in_sample,SPY,0.5907097458839417,0,0
2020-01-06,2020-01-07,train_in_sample,QQQ,0.6121188998222351,0,0
2020-01-06,2020-01-07,train_in_sample,IWM,0.5635737180709839,0,0
2020-01-07,2020-01-08,train_in_sample,SPY,0.5610072016716003,1,1
2020-01-07,2020-01-08,train_in_sample,QQQ,0.5963093638420105,1,1
2020-01-07,2020-01-08,train_in_sample,IWM,0.49795985221862793,1,0
2020-01-08,2020-01-09,train_in_sample,SPY,0.6149514317512512,1,1
2020-01-08,2020-01-09,train_in_sample,QQQ,0.6591410636901855,1,1
2020-01-08,2020-01-09,train_in_sample,IWM,0.5448535084724426,1,1
2020-01-09,2020-01-10,train_in_sample,SPY,0.5614457726478577,0,0
2020-01-09,2020-01-10,train_in_sample,QQQ,0.5776683688163757,0,0
2020-01-09,2020-01-10,train_in_sample,IWM,0.49267905950546265,0,1
2020-01-10,2020-01-13,train_in_sample,SPY,0.5755171179771423,1,1
2020-01-10,2020-01-13,train_in_sample,QQQ,0.5756743550300598,1,1
2020-01-10,2020-01-13,train_in_sample,IWM,0.5549441576004028,1,1
2020-01-13,2020-01-14,train_in_sample,SPY,0.5542408227920532,0,0
2020-01-13,2020-01-14,train_in_sample,QQQ,0.5929701924324036,0,0
2020-01-13,2020-01-14,train_in_sample,IWM,0.4897451102733612,1,0
2020-01-14,2020-01-15,train_in_sample,SPY,0.5586373805999756,1,1
2020-01-14,2020-01-15,train_in_sample,QQQ,0.5547484159469604,1,1
2020-01-14,2020-01-15,train_in_sample,IWM,0.422244668006897,1,0
2020-01-15,2020-01-16,train_in_sample,SPY,0.6231292486190796,1,1
2020-01-15,2020-01-16,train_in_sample,QQQ,0.655630886554718,1,1
2020-01-15,2020-01-16,train_in_sample,IWM,0.4618209898471832,1,0
2020-01-16,2020-01-17,train_in_sample,SPY,0.6095662117004395,1,1
2020-01-16,2020-01-17,train_in_sample,QQQ,0.6422971487045288,1,1
2020-01-16,2020-01-17,train_in_sample,IWM,0.48738956451416016,0,1
2020-01-17,2020-01-21,train_in_sample,SPY,0.6158109903335571,0,0
2020-01-17,2020-01-21,train_in_sample,QQQ,0.5936269760131836,0,0
2020-01-17,2020-01-21,train_in_sample,IWM,0.5682821273803711,0,0
2020-01-21,2020-01-22,train_in_sample,SPY,0.5905808210372925,1,1
2020-01-21,2020-01-22,train_in_sample,QQQ,0.6334044337272644,1,1
2020-01-21,2020-01-22,train_in_sample,IWM,0.5015658736228943,0,0
2020-01-22,2020-01-23,train_in_sample,SPY,0.5741023421287537,1,1
2020-01-22,2020-01-23,train_in_sample,QQQ,0.5656076669692993,1,1
2020-01-22,2020-01-23,train_in_sample,IWM,0.49035435914993286,0,1
2020-01-23,2020-01-24,train_in_sample,SPY,0.5939396619796753,0,0
2020-01-23,2020-01-24,train_in_sample,QQQ,0.583334743976593,0,0
2020-01-23,2020-01-24,train_in_sample,IWM,0.5199034214019775,0,0
2020-01-24,2020-01-27,train_in_sample,SPY,0.5764346718788147,0,0
2020-01-24,2020-01-27,train_in_sample,QQQ,0.6128308773040771,0,0
2020-01-24,2020-01-27,train_in_sample,IWM,0.5045400857925415,0,0
2020-01-27,2020-01-28,train_in_sample,SPY,0.5876802802085876,1,1
2020-01-27,2020-01-28,train_in_sample,QQQ,0.5747936964035034,1,1
2020-01-27,2020-01-28,train_in_sample,IWM,0.5169781446456909,1,1
2020-01-28,2020-01-29,train_in_sample,SPY,0.544635534286499,0,0
2020-01-28,2020-01-29,train_in_sample,QQQ,0.5707013607025146,1,1
2020-01-28,2020-01-29,train_in_sample,IWM,0.5284132361412048,0,0
2020-01-29,2020-01-30,train_in_sample,SPY,0.6223840713500977,1,1
2020-01-29,2020-01-30,train_in_sample,QQQ,0.6177940964698792,1,1
2020-01-29,2020-01-30,train_in_sample,IWM,0.4467706084251404,0,1
2020-01-30,2020-01-31,train_in_sample,SPY,0.5737084150314331,0,0
2020-01-30,2020-01-31,train_in_sample,QQQ,0.5854934453964233,0,0
2020-01-30,2020-01-31,train_in_sample,IWM,0.5842605829238892,0,0
2020-01-31,2020-02-03,train_in_sample,SPY,0.5571972727775574,1,1
2020-01-31,2020-02-03,train_in_sample,QQQ,0.5017443299293518,1,1
2020-01-31,2020-02-03,train_in_sample,IWM,0.5824206471443176,1,1
2020-02-03,2020-02-04,train_in_sample,SPY,0.575314462184906,1,1
2020-02-03,2020-02-04,train_in_sample,QQQ,0.6121132373809814,1,1
2020-02-03,2020-02-04,train_in_sample,IWM,0.4919719696044922,1,0
2020-02-04,2020-02-05,train_in_sample,SPY,0.5714558362960815,1,1
2020-02-04,2020-02-05,train_in_sample,QQQ,0.5822809934616089,1,1
2020-02-04,2020-02-05,train_in_sample,IWM,0.5503941774368286,1,1
2020-02-05,2020-02-06,train_in_sample,SPY,0.5863757133483887,1,1
2020-02-05,2020-02-06,train_in_sample,QQQ,0.5990402698516846,1,1
2020-02-05,2020-02-06,train_in_sample,IWM,0.5422592163085938,0,0
2020-02-06,2020-02-07,train_in_sample,SPY,0.5448421835899353,0,0
2020-02-06,2020-02-07,train_in_sample,QQQ,0.5340758562088013,0,0
2020-02-06,2020-02-07,train_in_sample,IWM,0.5333378911018372,0,0
2020-02-07,2020-02-10,train_in_sample,SPY,0.5391955971717834,1,1
2020-02-07,2020-02-10,train_in_sample,QQQ,0.5870965123176575,1,1
2020-02-07,2020-02-10,train_in_sample,IWM,0.5125827789306641,1,1
2020-02-10,2020-02-11,train_in_sample,SPY,0.5235143899917603,1,1
2020-02-10,2020-02-11,train_in_sample,QQQ,0.5777875185012817,1,1
2020-02-10,2020-02-11,train_in_sample,IWM,0.5329288244247437,1,1
2020-02-11,2020-02-12,train_in_sample,SPY,0.5313008427619934,1,1
2020-02-11,2020-02-12,train_in_sample,QQQ,0.520765483379364,1,1
2020-02-11,2020-02-12,train_in_sample,IWM,0.4644736647605896,1,0
2020-02-12,2020-02-13,train_in_sample,SPY,0.5922954082489014,0,0
2020-02-12,2020-02-13,train_in_sample,QQQ,0.6042911410331726,0,0
2020-02-12,2020-02-13,train_in_sample,IWM,0.5556968450546265,1,1
2020-02-13,2020-02-14,train_in_sample,SPY,0.5520729422569275,1,1
2020-02-13,2020-02-14,train_in_sample,QQQ,0.5387111306190491,1,1
2020-02-13,2020-02-14,train_in_sample,IWM,0.4800690710544586,0,1
2020-02-14,2020-02-18,train_in_sample,SPY,0.5532165169715881,0,0
2020-02-14,2020-02-18,train_in_sample,QQQ,0.5814723372459412,1,1
2020-02-14,2020-02-18,train_in_sample,IWM,0.49498969316482544,0,1
2020-02-18,2020-02-19,train_in_sample,SPY,0.5745300650596619,1,1
2020-02-18,2020-02-19,train_in_sample,QQQ,0.6062021255493164,1,1
2020-02-18,2020-02-19,train_in_sample,IWM,0.5296126008033752,1,1
2020-02-19,2020-02-20,train_in_sample,SPY,0.5441471934318542,0,0
2020-02-19,2020-02-20,train_in_sample,QQQ,0.5740702152252197,0,0
2020-02-19,2020-02-20,train_in_sample,IWM,0.49122458696365356,1,0
2020-02-20,2020-02-21,train_in_sample,SPY,0.5816194415092468,0,0
2020-02-20,2020-02-21,train_in_sample,QQQ,0.6146284937858582,0,0
2020-02-20,2020-02-21,train_in_sample,IWM,0.5089637041091919,0,0
2020-02-21,2020-02-24,train_in_sample,SPY,0.6456753015518188,0,0
2020-02-21,2020-02-24,train_in_sample,QQQ,0.5796595811843872,0,0
2020-02-21,2020-02-24,train_in_sample,IWM,0.535891592502594,0,0
2020-02-24,2020-02-25,train_in_sample,SPY,0.5258725881576538,0,0
2020-02-24,2020-02-25,train_in_sample,QQQ,0.5466241836547852,0,0
2020-02-24,2020-02-25,train_in_sample,IWM,0.5151901841163635,0,0
2020-02-25,2020-02-26,train_in_sample,SPY,0.5670382976531982,0,0
2020-02-25,2020-02-26,train_in_sample,QQQ,0.5083433985710144,1,1
2020-02-25,2020-02-26,train_in_sample,IWM,0.5720111131668091,0,0
2020-02-26,2020-02-27,train_in_sample,SPY,0.5521584153175354,0,0
2020-02-26,2020-02-27,train_in_sample,QQQ,0.5048664212226868,0,0
2020-02-26,2020-02-27,train_in_sample,IWM,0.5352382659912109,0,0
2020-02-27,2020-02-28,train_in_sample,SPY,0.504530668258667,0,0
2020-02-27,2020-02-28,train_in_sample,QQQ,0.5091527700424194,1,1
2020-02-27,2020-02-28,train_in_sample,IWM,0.5871564149856567,0,0
2020-02-28,2020-03-02,train_in_sample,SPY,0.5254541635513306,1,1
2020-02-28,2020-03-02,train_in_sample,QQQ,0.5231202840805054,1,1
2020-02-28,2020-03-02,train_in_sample,IWM,0.6408770680427551,1,1
2020-03-02,2020-03-03,train_in_sample,SPY,0.5790648460388184,0,0
2020-03-02,2020-03-03,train_in_sample,QQQ,0.5496915578842163,0,0
2020-03-02,2020-03-03,train_in_sample,IWM,0.6578529477119446,0,0
2020-03-03,2020-03-04,train_in_sample,SPY,0.5268855690956116,1,1
2020-03-03,2020-03-04,train_in_sample,QQQ,0.5098631381988525,1,1
2020-03-03,2020-03-04,train_in_sample,IWM,0.5345304012298584,1,1
2020-03-04,2020-03-05,train_in_sample,SPY,0.5939000844955444,0,0
2020-03-04,2020-03-05,train_in_sample,QQQ,0.5286979079246521,0,0
2020-03-04,2020-03-05,train_in_sample,IWM,0.575211763381958,0,0
2020-03-05,2020-03-06,train_in_sample,SPY,0.46377530694007874,0,1
2020-03-05,2020-03-06,train_in_sample,QQQ,0.5177051424980164,0,0
2020-03-05,2020-03-06,train_in_sample,IWM,0.476256787776947,0,1
2020-03-06,2020-03-09,train_in_sample,SPY,0.5501441359519958,0,0
2020-03-06,2020-03-09,train_in_sample,QQQ,0.5390077233314514,0,0
2020-03-06,2020-03-09,train_in_sample,IWM,0.5888185501098633,0,0
2020-03-09,2020-03-10,train_in_sample,SPY,0.4241906702518463,1,0
2020-03-09,2020-03-10,train_in_sample,QQQ,0.5157039761543274,1,1
2020-03-09,2020-03-10,train_in_sample,IWM,0.6036329865455627,1,1
2020-03-10,2020-03-11,train_in_sample,SPY,0.5730424523353577,0,0
2020-03-10,2020-03-11,train_in_sample,QQQ,0.46206796169281006,0,1
2020-03-10,2020-03-11,train_in_sample,IWM,0.6167612671852112,0,0
2020-03-11,2020-03-12,train_in_sample,SPY,0.484276682138443,0,1
2020-03-11,2020-03-12,train_in_sample,QQQ,0.5031124949455261,0,0
2020-03-11,2020-03-12,train_in_sample,IWM,0.5937957763671875,0,0
2020-03-12,2020-03-13,train_in_sample,SPY,0.41974419355392456,1,0
2020-03-12,2020-03-13,train_in_sample,QQQ,0.4936862885951996,1,0
2020-03-12,2020-03-13,train_in_sample,IWM,0.6431012749671936,1,1
2020-03-13,2020-03-16,train_in_sample,SPY,0.5782310366630554,0,0
2020-03-13,2020-03-16,train_in_sample,QQQ,0.47656968235969543,0,1
2020-03-13,2020-03-16,train_in_sample,IWM,0.6405230164527893,0,0
2020-03-16,2020-03-17,train_in_sample,SPY,0.44023585319519043,1,0
2020-03-16,2020-03-17,train_in_sample,QQQ,0.5101538896560669,1,1
2020-03-16,2020-03-17,train_in_sample,IWM,0.6444082856178284,1,1
2020-03-17,2020-03-18,train_in_sample,SPY,0.5124606490135193,0,0
2020-03-17,2020-03-18,train_in_sample,QQQ,0.46183305978775024,0,1
2020-03-17,2020-03-18,train_in_sample,IWM,0.6571033596992493,0,0
2020-03-18,2020-03-19,train_in_sample,SPY,0.3784487247467041,1,0
2020-03-18,2020-03-19,train_in_sample,QQQ,0.47726932168006897,1,0
2020-03-18,2020-03-19,train_in_sample,IWM,0.7041293382644653,1,1
2020-03-19,2020-03-20,train_in_sample,SPY,0.5539721250534058,0,0
2020-03-19,2020-03-20,train_in_sample,QQQ,0.4810796082019806,0,1
2020-03-19,2020-03-20,train_in_sample,IWM,0.6143433451652527,0,0
2020-03-20,2020-03-23,train_in_sample,SPY,0.4820045232772827,0,1
2020-03-20,2020-03-23,train_in_sample,QQQ,0.4844205379486084,1,0
2020-03-20,2020-03-23,train_in_sample,IWM,0.6095803380012512,0,0
2020-03-23,2020-03-24,train_in_sample,SPY,0.48440074920654297,1,0
2020-03-23,2020-03-24,train_in_sample,QQQ,0.5132883787155151,1,1
2020-03-23,2020-03-24,train_in_sample,IWM,0.6783742904663086,1,1
2020-03-24,2020-03-25,train_in_sample,SPY,0.6139426827430725,1,1
2020-03-24,2020-03-25,train_in_sample,QQQ,0.485442578792572,0,1
2020-03-24,2020-03-25,train_in_sample,IWM,0.5773741006851196,1,1
2020-03-25,2020-03-26,train_in_sample,SPY,0.5914989709854126,1,1
2020-03-25,2020-03-26,train_in_sample,QQQ,0.5014569759368896,1,1
2020-03-25,2020-03-26,train_in_sample,IWM,0.589857280254364,1,1
2020-03-26,2020-03-27,train_in_sample,SPY,0.5880134701728821,0,0
2020-03-26,2020-03-27,train_in_sample,QQQ,0.5483512878417969,0,0
2020-03-26,2020-03-27,train_in_sample,IWM,0.6082903146743774,0,0
2020-03-27,2020-03-30,train_in_sample,SPY,0.5101085305213928,1,1
2020-03-27,2020-03-30,train_in_sample,QQQ,0.4855600893497467,1,0
2020-03-27,2020-03-30,train_in_sample,IWM,0.5814993381500244,1,1
2020-03-30,2020-03-31,train_in_sample,SPY,0.5776141881942749,0,0
2020-03-30,2020-03-31,train_in_sample,QQQ,0.554629921913147,0,0
2020-03-30,2020-03-31,train_in_sample,IWM,0.6168763637542725,0,0
2020-03-31,2020-04-01,train_in_sample,SPY,0.580579400062561,0,0
2020-03-31,2020-04-01,train_in_sample,QQQ,0.5671422481536865,0,0
2020-03-31,2020-04-01,train_in_sample,IWM,0.5214646458625793,0,0
2020-04-01,2020-04-02,train_in_sample,SPY,0.47143691778182983,1,0
2020-04-01,2020-04-02,train_in_sample,QQQ,0.5035622119903564,1,1
2020-04-01,2020-04-02,train_in_sample,IWM,0.5921704173088074,1,1
2020-04-02,2020-04-03,train_in_sample,SPY,0.5897818207740784,0,0
2020-04-02,2020-04-03,train_in_sample,QQQ,0.5012617707252502,0,0
2020-04-02,2020-04-03,train_in_sample,IWM,0.6349480152130127,0,0
2020-04-03,2020-04-06,train_in_sample,SPY,0.5211355090141296,1,1
2020-04-03,2020-04-06,train_in_sample,QQQ,0.4865611493587494,1,0
2020-04-03,2020-04-06,train_in_sample,IWM,0.5887276530265808,1,1
2020-04-06,2020-04-07,train_in_sample,SPY,0.6072354316711426,1,1
2020-04-06,2020-04-07,train_in_sample,QQQ,0.5035861730575562,0,0
2020-04-06,2020-04-07,train_in_sample,IWM,0.6137221455574036,1,1
2020-04-07,2020-04-08,train_in_sample,SPY,0.5701725482940674,1,1
2020-04-07,2020-04-08,train_in_sample,QQQ,0.5093373656272888,1,1
2020-04-07,2020-04-08,train_in_sample,IWM,0.5372594594955444,1,1
2020-04-08,2020-04-09,train_in_sample,SPY,0.5962374806404114,1,1
2020-04-08,2020-04-09,train_in_sample,QQQ,0.5494961142539978,1,1
2020-04-08,2020-04-09,train_in_sample,IWM,0.582634687423706,1,1
2020-04-09,2020-04-13,train_in_sample,SPY,0.6335926055908203,0,0
2020-04-09,2020-04-13,train_in_sample,QQQ,0.572317898273468,1,1
2020-04-09,2020-04-13,train_in_sample,IWM,0.5558663606643677,0,0
2020-04-13,2020-04-14,train_in_sample,SPY,0.46524834632873535,1,0
2020-04-13,2020-04-14,train_in_sample,QQQ,0.5174089670181274,1,1
2020-04-13,2020-04-14,train_in_sample,IWM,0.5685170888900757,1,1
2020-04-14,2020-04-15,train_in_sample,SPY,0.5872514247894287,0,0
2020-04-14,2020-04-15,train_in_sample,QQQ,0.556398332118988,0,0
2020-04-14,2020-04-15,train_in_sample,IWM,0.5887469053268433,0,0
2020-04-15,2020-04-16,train_in_sample,SPY,0.4518665671348572,1,0
2020-04-15,2020-04-16,train_in_sample,QQQ,0.4872148036956787,1,0
2020-04-15,2020-04-16,train_in_sample,IWM,0.5670683979988098,0,0
2020-04-16,2020-04-17,train_in_sample,SPY,0.4847399890422821,1,0
2020-04-16,2020-04-17,train_in_sample,QQQ,0.5112168788909912,1,1
2020-04-16,2020-04-17,train_in_sample,IWM,0.5774859189987183,1,1
2020-04-17,2020-04-20,train_in_sample,SPY,0.6231412887573242,0,0
2020-04-17,2020-04-20,train_in_sample,QQQ,0.5607227087020874,0,0
2020-04-17,2020-04-20,train_in_sample,IWM,0.5493276715278625,0,0
2020-04-20,2020-04-21,train_in_sample,SPY,0.5282742977142334,0,0
2020-04-20,2020-04-21,train_in_sample,QQQ,0.5363085269927979,0,0
2020-04-20,2020-04-21,train_in_sample,IWM,0.5577436685562134,0,0
2020-04-21,2020-04-22,train_in_sample,SPY,0.5270524024963379,1,1
2020-04-21,2020-04-22,train_in_sample,QQQ,0.5447839498519897,1,1
2020-04-21,2020-04-22,train_in_sample,IWM,0.5709894895553589,1,1
2020-04-22,2020-04-23,train_in_sample,SPY,0.5685892701148987,0,0
2020-04-22,2020-04-23,train_in_sample,QQQ,0.5398784875869751,0,0
2020-04-22,2020-04-23,train_in_sample,IWM,0.5708593726158142,1,1
2020-04-23,2020-04-24,train_in_sample,SPY,0.5959930419921875,1,1
2020-04-23,2020-04-24,train_in_sample,QQQ,0.5926746129989624,1,1
2020-04-23,2020-04-24,train_in_sample,IWM,0.5580162405967712,1,1
2020-04-24,2020-04-27,train_in_sample,SPY,0.5398547053337097,1,1
2020-04-24,2020-04-27,train_in_sample,QQQ,0.5818540453910828,1,1
2020-04-24,2020-04-27,train_in_sample,IWM,0.5578258037567139,1,1
2020-04-27,2020-04-28,train_in_sample,SPY,0.6144800186157227,0,0
2020-04-27,2020-04-28,train_in_sample,QQQ,0.5981086492538452,0,0
2020-04-27,2020-04-28,train_in_sample,IWM,0.5406584143638611,1,1
2020-04-28,2020-04-29,train_in_sample,SPY,0.6271589398384094,1,1
2020-04-28,2020-04-29,train_in_sample,QQQ,0.628640353679657,1,1
2020-04-28,2020-04-29,train_in_sample,IWM,0.5001412630081177,1,1
2020-04-29,2020-04-30,train_in_sample,SPY,0.6085116267204285,0,0
2020-04-29,2020-04-30,train_in_sample,QQQ,0.5788237452507019,0,0
2020-04-29,2020-04-30,train_in_sample,IWM,0.5468843579292297,0,0
2020-04-30,2020-05-01,train_in_sample,SPY,0.4624968469142914,0,1
2020-04-30,2020-05-01,train_in_sample,QQQ,0.4969092905521393,0,1
2020-04-30,2020-05-01,train_in_sample,IWM,0.5451310873031616,0,0
2020-05-01,2020-05-04,train_in_sample,SPY,0.5363191366195679,1,1
2020-05-01,2020-05-04,train_in_sample,QQQ,0.5356554985046387,1,1
2020-05-01,2020-05-04,train_in_sample,IWM,0.5917016863822937,1,1
2020-05-04,2020-05-05,train_in_sample,SPY,0.5480723977088928,1,1
2020-05-04,2020-05-05,train_in_sample,QQQ,0.5731887221336365,1,1
2020-05-04,2020-05-05,train_in_sample,IWM,0.5702242851257324,1,1
2020-05-05,2020-05-06,train_in_sample,SPY,0.5795329809188843,0,0
2020-05-05,2020-05-06,train_in_sample,QQQ,0.5814827084541321,1,1
2020-05-05,2020-05-06,train_in_sample,IWM,0.5134958624839783,0,0
2020-05-06,2020-05-07,train_in_sample,SPY,0.4932299256324768,1,0
2020-05-06,2020-05-07,train_in_sample,QQQ,0.4974801540374756,1,0
2020-05-06,2020-05-07,train_in_sample,IWM,0.5458694100379944,1,1
2020-05-07,2020-05-08,train_in_sample,SPY,0.6120315790176392,1,1
2020-05-07,2020-05-08,train_in_sample,QQQ,0.6060214638710022,1,1
2020-05-07,2020-05-08,train_in_sample,IWM,0.5810519456863403,1,1
2020-05-08,2020-05-11,train_in_sample,SPY,0.6098251938819885,1,1
2020-05-08,2020-05-11,train_in_sample,QQQ,0.6442410945892334,1,1
2020-05-08,2020-05-11,train_in_sample,IWM,0.5518769025802612,0,0
2020-05-11,2020-05-12,train_in_sample,SPY,0.5450499653816223,0,0
2020-05-11,2020-05-12,train_in_sample,QQQ,0.5952597260475159,0,0
2020-05-11,2020-05-12,train_in_sample,IWM,0.5805197358131409,0,0
2020-05-12,2020-05-13,train_in_sample,SPY,0.4748246967792511,0,1
2020-05-12,2020-05-13,train_in_sample,QQQ,0.4713798463344574,0,1
2020-05-12,2020-05-13,train_in_sample,IWM,0.5228937864303589,0,0
2020-05-13,2020-05-14,train_in_sample,SPY,0.5142683386802673,1,1
2020-05-13,2020-05-14,train_in_sample,QQQ,0.5217090249061584,1,1
2020-05-13,2020-05-14,train_in_sample,IWM,0.5770712494850159,1,1
2020-05-14,2020-05-15,train_in_sample,SPY,0.5633742213249207,1,1
2020-05-14,2020-05-15,train_in_sample,QQQ,0.5503946542739868,1,1
2020-05-14,2020-05-15,train_in_sample,IWM,0.6160498857498169,1,1
2020-05-15,2020-05-18,train_in_sample,SPY,0.5719978213310242,1,1
2020-05-15,2020-05-18,train_in_sample,QQQ,0.6110678911209106,1,1
2020-05-15,2020-05-18,train_in_sample,IWM,0.5688972473144531,1,1
2020-05-18,2020-05-19,train_in_sample,SPY,0.6316043138504028,0,0
2020-05-18,2020-05-19,train_in_sample,QQQ,0.617365837097168,0,0
2020-05-18,2020-05-19,train_in_sample,IWM,0.5591103434562683,0,0
2020-05-19,2020-05-20,train_in_sample,SPY,0.5372298955917358,1,1
2020-05-19,2020-05-20,train_in_sample,QQQ,0.5640540719032288,1,1
2020-05-19,2020-05-20,train_in_sample,IWM,0.5366638898849487,1,1
2020-05-20,2020-05-21,train_in_sample,SPY,0.5722909569740295,0,0
2020-05-20,2020-05-21,train_in_sample,QQQ,0.5868103504180908,0,0
2020-05-20,2020-05-21,train_in_sample,IWM,0.5391057133674622,1,1
2020-05-21,2020-05-22,train_in_sample,SPY,0.6158036589622498,1,1
2020-05-21,2020-05-22,train_in_sample,QQQ,0.6257616877555847,1,1
2020-05-21,2020-05-22,train_in_sample,IWM,0.531387209892273,1,1
2020-05-22,2020-05-26,train_in_sample,SPY,0.579121470451355,1,1
2020-05-22,2020-05-26,train_in_sample,QQQ,0.5841339826583862,0,0
2020-05-22,2020-05-26,train_in_sample,IWM,0.5580840110778809,1,1
2020-05-26,2020-05-27,train_in_sample,SPY,0.6007313132286072,1,1
2020-05-26,2020-05-27,train_in_sample,QQQ,0.5782766342163086,1,1
2020-05-26,2020-05-27,train_in_sample,IWM,0.5452167391777039,1,1
2020-05-27,2020-05-28,train_in_sample,SPY,0.5822190642356873,0,0
2020-05-27,2020-05-28,train_in_sample,QQQ,0.6048002243041992,0,0
2020-05-27,2020-05-28,train_in_sample,IWM,0.5264524221420288,0,0
2020-05-28,2020-05-29,train_in_sample,SPY,0.488068550825119,1,0
2020-05-28,2020-05-29,train_in_sample,QQQ,0.4711257517337799,1,0
2020-05-28,2020-05-29,train_in_sample,IWM,0.5651221871376038,0,0
2020-05-29,2020-06-01,train_in_sample,SPY,0.5400976538658142,1,1
2020-05-29,2020-06-01,train_in_sample,QQQ,0.553769588470459,1,1
2020-05-29,2020-06-01,train_in_sample,IWM,0.5851343870162964,1,1
2020-06-01,2020-06-02,train_in_sample,SPY,0.5884897112846375,1,1
2020-06-01,2020-06-02,train_in_sample,QQQ,0.6301108598709106,1,1
2020-06-01,2020-06-02,train_in_sample,IWM,0.5005422234535217,1,1
2020-06-02,2020-06-03,train_in_sample,SPY,0.5797173976898193,1,1
2020-06-02,2020-06-03,train_in_sample,QQQ,0.5799943804740906,1,1
2020-06-02,2020-06-03,train_in_sample,IWM,0.5570247173309326,1,1
2020-06-03,2020-06-04,train_in_sample,SPY,0.5725381374359131,0,0
2020-06-03,2020-06-04,train_in_sample,QQQ,0.5308563113212585,0,0
2020-06-03,2020-06-04,train_in_sample,IWM,0.5281505584716797,0,0
2020-06-04,2020-06-05,train_in_sample,SPY,0.5807594656944275,1,1
2020-06-04,2020-06-05,train_in_sample,QQQ,0.5811827182769775,1,1
2020-06-04,2020-06-05,train_in_sample,IWM,0.5587937831878662,1,1
2020-06-05,2020-06-08,train_in_sample,SPY,0.59699547290802,1,1
2020-06-05,2020-06-08,train_in_sample,QQQ,0.5892305970191956,1,1
2020-06-05,2020-06-08,train_in_sample,IWM,0.5221007466316223,1,1
2020-06-08,2020-06-09,train_in_sample,SPY,0.5434847474098206,0,0
2020-06-08,2020-06-09,train_in_sample,QQQ,0.5782967209815979,1,1
2020-06-08,2020-06-09,train_in_sample,IWM,0.5092170238494873,0,0
2020-06-09,2020-06-10,train_in_sample,SPY,0.4907662570476532,0,1
2020-06-09,2020-06-10,train_in_sample,QQQ,0.45948097109794617,1,0
2020-06-09,2020-06-10,train_in_sample,IWM,0.539863646030426,0,0
2020-06-10,2020-06-11,train_in_sample,SPY,0.4907253384590149,0,1
2020-06-10,2020-06-11,train_in_sample,QQQ,0.4570837616920471,0,1
2020-06-10,2020-06-11,train_in_sample,IWM,0.5763298869132996,0,0
2020-06-11,2020-06-12,train_in_sample,SPY,0.42816460132598877,1,0
2020-06-11,2020-06-12,train_in_sample,QQQ,0.47014757990837097,1,0
2020-06-11,2020-06-12,train_in_sample,IWM,0.5892214775085449,1,1
2020-06-12,2020-06-15,train_in_sample,SPY,0.6356069445610046,1,1
2020-06-12,2020-06-15,train_in_sample,QQQ,0.5873669385910034,1,1
2020-06-12,2020-06-15,train_in_sample,IWM,0.543559730052948,1,1
2020-06-15,2020-06-16,train_in_sample,SPY,0.5526807904243469,1,1
2020-06-15,2020-06-16,train_in_sample,QQQ,0.5457457900047302,1,1
2020-06-15,2020-06-16,train_in_sample,IWM,0.5945817828178406,1,1
2020-06-16,2020-06-17,train_in_sample,SPY,0.5579487085342407,0,0
2020-06-16,2020-06-17,train_in_sample,QQQ,0.5586158037185669,1,1
2020-06-16,2020-06-17,train_in_sample,IWM,0.5144616365432739,0,0
2020-06-17,2020-06-18,train_in_sample,SPY,0.5103293657302856,1,1
2020-06-17,2020-06-18,train_in_sample,QQQ,0.5508294701576233,1,1
2020-06-17,2020-06-18,train_in_sample,IWM,0.4923769235610962,1,0
2020-06-18,2020-06-19,train_in_sample,SPY,0.5440230369567871,0,0
2020-06-18,2020-06-19,train_in_sample,QQQ,0.533301055431366,0,0
2020-06-18,2020-06-19,train_in_sample,IWM,0.5366326570510864,0,0
2020-06-19,2020-06-22,train_in_sample,SPY,0.5529440641403198,1,1
2020-06-19,2020-06-22,train_in_sample,QQQ,0.5194382071495056,1,1
2020-06-19,2020-06-22,train_in_sample,IWM,0.5587101578712463,1,1
2020-06-22,2020-06-23,train_in_sample,SPY,0.6056218147277832,1,1
2020-06-22,2020-06-23,train_in_sample,QQQ,0.6024813652038574,1,1
2020-06-22,2020-06-23,train_in_sample,IWM,0.6125442385673523,1,1
2020-06-23,2020-06-24,train_in_sample,SPY,0.539480447769165,0,0
2020-06-23,2020-06-24,train_in_sample,QQQ,0.6201417446136475,0,0
2020-06-23,2020-06-24,train_in_sample,IWM,0.49644729495048523,0,1
2020-06-24,2020-06-25,train_in_sample,SPY,0.4992101788520813,1,0
2020-06-24,2020-06-25,train_in_sample,QQQ,0.5066102147102356,1,1
2020-06-24,2020-06-25,train_in_sample,IWM,0.6017073392868042,1,1
2020-06-25,2020-06-26,train_in_sample,SPY,0.5756192803382874,0,0
2020-06-25,2020-06-26,train_in_sample,QQQ,0.5574644804000854,0,0
2020-06-25,2020-06-26,train_in_sample,IWM,0.5515931248664856,0,0
2020-06-26,2020-06-29,train_in_sample,SPY,0.5278087258338928,1,1
2020-06-26,2020-06-29,train_in_sample,QQQ,0.5498681664466858,1,1
2020-06-26,2020-06-29,train_in_sample,IWM,0.5618203282356262,1,1
2020-06-29,2020-06-30,train_in_sample,SPY,0.6074188351631165,1,1
2020-06-29,2020-06-30,train_in_sample,QQQ,0.6145694255828857,1,1
2020-06-29,2020-06-30,train_in_sample,IWM,0.5679746270179749,1,1
2020-06-30,2020-07-01,train_in_sample,SPY,0.5898765325546265,1,1
2020-06-30,2020-07-01,train_in_sample,QQQ,0.6161769032478333,1,1
2020-06-30,2020-07-01,train_in_sample,IWM,0.536082923412323,0,0
2020-07-01,2020-07-02,train_in_sample,SPY,0.5075126886367798,1,1
2020-07-01,2020-07-02,train_in_sample,QQQ,0.5580000877380371,1,1
2020-07-01,2020-07-02,train_in_sample,IWM,0.5297149419784546,1,1
2020-07-02,2020-07-06,train_in_sample,SPY,0.5807497501373291,1,1
2020-07-02,2020-07-06,train_in_sample,QQQ,0.5882817506790161,1,1
2020-07-02,2020-07-06,train_in_sample,IWM,0.527269721031189,1,1
2020-07-06,2020-07-07,train_in_sample,SPY,0.5153876543045044,0,0
2020-07-06,2020-07-07,train_in_sample,QQQ,0.5665375590324402,0,0
2020-07-06,2020-07-07,train_in_sample,IWM,0.5317354202270508,0,0
2020-07-07,2020-07-08,train_in_sample,SPY,0.5190431475639343,1,1
2020-07-07,2020-07-08,train_in_sample,QQQ,0.4704582393169403,1,0
2020-07-07,2020-07-08,train_in_sample,IWM,0.5425158143043518,1,1
2020-07-08,2020-07-09,train_in_sample,SPY,0.5314480066299438,0,0
2020-07-08,2020-07-09,train_in_sample,QQQ,0.5650988221168518,1,1
2020-07-08,2020-07-09,train_in_sample,IWM,0.5478702783584595,0,0
2020-07-09,2020-07-10,train_in_sample,SPY,0.4813227355480194,1,0
2020-07-09,2020-07-10,train_in_sample,QQQ,0.4807892441749573,1,0
2020-07-09,2020-07-10,train_in_sample,IWM,0.5605623126029968,1,1
2020-07-10,2020-07-13,train_in_sample,SPY,0.5657720565795898,0,0
2020-07-10,2020-07-13,train_in_sample,QQQ,0.5809301137924194,0,0
2020-07-10,2020-07-13,train_in_sample,IWM,0.5733757615089417,0,0
2020-07-13,2020-07-14,train_in_sample,SPY,0.5217971205711365,1,1
2020-07-13,2020-07-14,train_in_sample,QQQ,0.513218879699707,1,1
2020-07-13,2020-07-14,train_in_sample,IWM,0.536213755607605,1,1
2020-07-14,2020-07-15,train_in_sample,SPY,0.5142576694488525,1,1
2020-07-14,2020-07-15,train_in_sample,QQQ,0.5485395789146423,1,1
2020-07-14,2020-07-15,train_in_sample,IWM,0.5849836468696594,1,1
2020-07-15,2020-07-16,train_in_sample,SPY,0.6355342864990234,0,0
2020-07-15,2020-07-16,train_in_sample,QQQ,0.6233290433883667,0,0
2020-07-15,2020-07-16,train_in_sample,IWM,0.5308085083961487,0,0
2020-07-16,2020-07-17,train_in_sample,SPY,0.5500593781471252,1,1
2020-07-16,2020-07-17,train_in_sample,QQQ,0.5754172801971436,1,1
2020-07-16,2020-07-17,train_in_sample,IWM,0.5354737043380737,1,1
2020-07-17,2020-07-20,train_in_sample,SPY,0.5638853907585144,1,1
2020-07-17,2020-07-20,train_in_sample,QQQ,0.5622472763061523,1,1
2020-07-17,2020-07-20,train_in_sample,IWM,0.5528268814086914,0,0
2020-07-20,2020-07-21,train_in_sample,SPY,0.5032568573951721,1,1
2020-07-20,2020-07-21,train_in_sample,QQQ,0.5107355117797852,0,0
2020-07-20,2020-07-21,train_in_sample,IWM,0.5481107234954834,1,1
2020-07-21,2020-07-22,train_in_sample,SPY,0.5628215670585632,1,1
2020-07-21,2020-07-22,train_in_sample,QQQ,0.6017828583717346,1,1
2020-07-21,2020-07-22,train_in_sample,IWM,0.5250278115272522,1,1
2020-07-22,2020-07-23,train_in_sample,SPY,0.545859694480896,0,0
2020-07-22,2020-07-23,train_in_sample,QQQ,0.5564846396446228,0,0
2020-07-22,2020-07-23,train_in_sample,IWM,0.5554592609405518,1,1
2020-07-23,2020-07-24,train_in_sample,SPY,0.584437906742096,0,0
2020-07-23,2020-07-24,train_in_sample,QQQ,0.5932363867759705,0,0
2020-07-23,2020-07-24,train_in_sample,IWM,0.5300500392913818,0,0
2020-07-24,2020-07-27,train_in_sample,SPY,0.5518905520439148,1,1
2020-07-24,2020-07-27,train_in_sample,QQQ,0.5219517350196838,1,1
2020-07-24,2020-07-27,train_in_sample,IWM,0.5589920878410339,1,1
2020-07-27,2020-07-28,train_in_sample,SPY,0.5566314458847046,0,0
2020-07-27,2020-07-28,train_in_sample,QQQ,0.5464800000190735,0,0
2020-07-27,2020-07-28,train_in_sample,IWM,0.6129603385925293,0,0
2020-07-28,2020-07-29,train_in_sample,SPY,0.5943493247032166,1,1
2020-07-28,2020-07-29,train_in_sample,QQQ,0.4951314330101013,1,0
2020-07-28,2020-07-29,train_in_sample,IWM,0.5386473536491394,1,1
2020-07-29,2020-07-30,train_in_sample,SPY,0.5925391912460327,0,0
2020-07-29,2020-07-30,train_in_sample,QQQ,0.5898838043212891,1,1
2020-07-29,2020-07-30,train_in_sample,IWM,0.5192533135414124,0,0
2020-07-30,2020-07-31,train_in_sample,SPY,0.5213404297828674,1,1
2020-07-30,2020-07-31,train_in_sample,QQQ,0.5298323631286621,1,1
2020-07-30,2020-07-31,train_in_sample,IWM,0.5683193206787109,0,0
2020-07-31,2020-08-03,train_in_sample,SPY,0.5951812267303467,1,1
2020-07-31,2020-08-03,train_in_sample,QQQ,0.5855427980422974,1,1
2020-07-31,2020-08-03,train_in_sample,IWM,0.5631816983222961,1,1
2020-08-03,2020-08-04,train_in_sample,SPY,0.5603930950164795,1,1
2020-08-03,2020-08-04,train_in_sample,QQQ,0.5709730982780457,1,1
2020-08-03,2020-08-04,train_in_sample,IWM,0.5054766535758972,1,1
2020-08-04,2020-08-05,train_in_sample,SPY,0.5801892280578613,1,1
2020-08-04,2020-08-05,train_in_sample,QQQ,0.6114749312400818,1,1
2020-08-04,2020-08-05,train_in_sample,IWM,0.4646177291870117,1,0
2020-08-05,2020-08-06,train_in_sample,SPY,0.5569714903831482,1,1
2020-08-05,2020-08-06,train_in_sample,QQQ,0.5660187005996704,1,1
2020-08-05,2020-08-06,train_in_sample,IWM,0.5133789777755737,1,1
2020-08-06,2020-08-07,train_in_sample,SPY,0.5326469540596008,1,1
2020-08-06,2020-08-07,train_in_sample,QQQ,0.5642430186271667,0,0
2020-08-06,2020-08-07,train_in_sample,IWM,0.5172412991523743,1,1
2020-08-07,2020-08-10,train_in_sample,SPY,0.588529646396637,1,1
2020-08-07,2020-08-10,train_in_sample,QQQ,0.5858022570610046,0,0
2020-08-07,2020-08-10,train_in_sample,IWM,0.5709214210510254,1,1
2020-08-10,2020-08-11,train_in_sample,SPY,0.6058942079544067,0,0
2020-08-10,2020-08-11,train_in_sample,QQQ,0.6173935532569885,0,0
2020-08-10,2020-08-11,train_in_sample,IWM,0.5225456953048706,0,0
2020-08-11,2020-08-12,train_in_sample,SPY,0.5675660967826843,1,1
2020-08-11,2020-08-12,train_in_sample,QQQ,0.6313732266426086,1,1
2020-08-11,2020-08-12,train_in_sample,IWM,0.4842333197593689,1,0
2020-08-12,2020-08-13,train_in_sample,SPY,0.5312139391899109,0,0
2020-08-12,2020-08-13,train_in_sample,QQQ,0.5602459907531738,1,1
2020-08-12,2020-08-13,train_in_sample,IWM,0.5406744480133057,0,0
2020-08-13,2020-08-14,train_in_sample,SPY,0.517642080783844,1,1
2020-08-13,2020-08-14,train_in_sample,QQQ,0.5378127694129944,0,0
2020-08-13,2020-08-14,train_in_sample,IWM,0.49239856004714966,0,1
2020-08-14,2020-08-17,train_in_sample,SPY,0.6195248365402222,1,1
2020-08-14,2020-08-17,train_in_sample,QQQ,0.5845007300376892,1,1
2020-08-14,2020-08-17,train_in_sample,IWM,0.485346257686615,1,0
2020-08-17,2020-08-18,train_in_sample,SPY,0.5840347409248352,1,1
2020-08-17,2020-08-18,train_in_sample,QQQ,0.6315261721611023,1,1
2020-08-17,2020-08-18,train_in_sample,IWM,0.5403996109962463,0,0
2020-08-18,2020-08-19,train_in_sample,SPY,0.4964233338832855,0,1
2020-08-18,2020-08-19,train_in_sample,QQQ,0.5391802787780762,0,0
2020-08-18,2020-08-19,train_in_sample,IWM,0.5002374053001404,0,0
2020-08-19,2020-08-20,train_in_sample,SPY,0.546128511428833,1,1
2020-08-19,2020-08-20,train_in_sample,QQQ,0.5633556842803955,1,1
2020-08-19,2020-08-20,train_in_sample,IWM,0.4915247857570648,0,1
2020-08-20,2020-08-21,train_in_sample,SPY,0.5387901067733765,1,1
2020-08-20,2020-08-21,train_in_sample,QQQ,0.600849449634552,1,1
2020-08-20,2020-08-21,train_in_sample,IWM,0.5402724146842957,0,0
2020-08-21,2020-08-24,train_in_sample,SPY,0.5515368580818176,1,1
2020-08-21,2020-08-24,train_in_sample,QQQ,0.5579448342323303,1,1
2020-08-21,2020-08-24,train_in_sample,IWM,0.5070278644561768,1,1
2020-08-24,2020-08-25,train_in_sample,SPY,0.5856310129165649,1,1
2020-08-24,2020-08-25,train_in_sample,QQQ,0.6021665334701538,1,1
2020-08-24,2020-08-25,train_in_sample,IWM,0.5378055572509766,1,1
2020-08-25,2020-08-26,train_in_sample,SPY,0.5520561933517456,1,1
2020-08-25,2020-08-26,train_in_sample,QQQ,0.5648176074028015,1,1
2020-08-25,2020-08-26,train_in_sample,IWM,0.46301424503326416,0,1
2020-08-26,2020-08-27,train_in_sample,SPY,0.5041208863258362,1,1
2020-08-26,2020-08-27,train_in_sample,QQQ,0.5674428939819336,0,0
2020-08-26,2020-08-27,train_in_sample,IWM,0.5190707445144653,1,1
2020-08-27,2020-08-28,train_in_sample,SPY,0.5622348189353943,1,1
2020-08-27,2020-08-28,train_in_sample,QQQ,0.5635252594947815,1,1
2020-08-27,2020-08-28,train_in_sample,IWM,0.48975804448127747,1,0
2020-08-28,2020-08-31,train_in_sample,SPY,0.5799157023429871,0,0
2020-08-28,2020-08-31,train_in_sample,QQQ,0.589783787727356,1,1
2020-08-28,2020-08-31,train_in_sample,IWM,0.5075134634971619,0,0
2020-08-31,2020-09-01,train_in_sample,SPY,0.5303687453269958,1,1
2020-08-31,2020-09-01,train_in_sample,QQQ,0.5470687747001648,1,1
2020-08-31,2020-09-01,train_in_sample,IWM,0.5376767516136169,1,1
2020-09-01,2020-09-02,train_in_sample,SPY,0.5056356191635132,1,1
2020-09-01,2020-09-02,train_in_sample,QQQ,0.5704154372215271,1,1
2020-09-01,2020-09-02,train_in_sample,IWM,0.5240568518638611,1,1
2020-09-02,2020-09-03,train_in_sample,SPY,0.5575671792030334,0,0
2020-09-02,2020-09-03,train_in_sample,QQQ,0.5959950685501099,0,0
2020-09-02,2020-09-03,train_in_sample,IWM,0.4823249876499176,0,1
2020-09-03,2020-09-04,train_in_sample,SPY,0.545417308807373,0,0
2020-09-03,2020-09-04,train_in_sample,QQQ,0.5318568348884583,0,0
2020-09-03,2020-09-04,train_in_sample,IWM,0.5022414326667786,0,0
2020-09-04,2020-09-08,train_in_sample,SPY,0.5529005527496338,0,0
2020-09-04,2020-09-08,train_in_sample,QQQ,0.524147093296051,0,0
2020-09-04,2020-09-08,train_in_sample,IWM,0.6119058728218079,0,0
2020-09-08,2020-09-09,train_in_sample,SPY,0.5601135492324829,1,1
2020-09-08,2020-09-09,train_in_sample,QQQ,0.5698935389518738,1,1
2020-09-08,2020-09-09,train_in_sample,IWM,0.5395554900169373,1,1
2020-09-09,2020-09-10,train_in_sample,SPY,0.582962691783905,0,0
2020-09-09,2020-09-10,train_in_sample,QQQ,0.6277012228965759,0,0
2020-09-09,2020-09-10,train_in_sample,IWM,0.5438442230224609,0,0
2020-09-10,2020-09-11,train_in_sample,SPY,0.5687443017959595,0,0
2020-09-10,2020-09-11,train_in_sample,QQQ,0.5103824734687805,0,0
2020-09-10,2020-09-11,train_in_sample,IWM,0.5386723279953003,0,0
2020-09-11,2020-09-14,train_in_sample,SPY,0.5657008290290833,1,1
2020-09-11,2020-09-14,train_in_sample,QQQ,0.5379011631011963,1,1
2020-09-11,2020-09-14,train_in_sample,IWM,0.4958069324493408,1,0
2020-09-14,2020-09-15,train_in_sample,SPY,0.611526608467102,1,1
2020-09-14,2020-09-15,train_in_sample,QQQ,0.5947003364562988,1,1
2020-09-14,2020-09-15,train_in_sample,IWM,0.5544267296791077,1,1
2020-09-15,2020-09-16,train_in_sample,SPY,0.5461692214012146,0,0
2020-09-15,2020-09-16,train_in_sample,QQQ,0.5421221852302551,0,0
2020-09-15,2020-09-16,train_in_sample,IWM,0.5574359893798828,1,1
2020-09-16,2020-09-17,train_in_sample,SPY,0.5689603686332703,0,0
2020-09-16,2020-09-17,train_in_sample,QQQ,0.6192248463630676,0,0
2020-09-16,2020-09-17,train_in_sample,IWM,0.49518662691116333,0,1
2020-09-17,2020-09-18,train_in_sample,SPY,0.5864664912223816,0,0
2020-09-17,2020-09-18,train_in_sample,QQQ,0.6366912126541138,0,0
2020-09-17,2020-09-18,train_in_sample,IWM,0.5233120322227478,0,0
2020-09-18,2020-09-21,train_in_sample,SPY,0.5631141066551208,0,0
2020-09-18,2020-09-21,train_in_sample,QQQ,0.5539670586585999,1,1
2020-09-18,2020-09-21,train_in_sample,IWM,0.4918014407157898,0,1
2020-09-21,2020-09-22,train_in_sample,SPY,0.45828625559806824,1,0
2020-09-21,2020-09-22,train_in_sample,QQQ,0.49263301491737366,1,0
2020-09-21,2020-09-22,train_in_sample,IWM,0.5907154083251953,1,1
2020-09-22,2020-09-23,train_in_sample,SPY,0.544996976852417,0,0
2020-09-22,2020-09-23,train_in_sample,QQQ,0.595856785774231,0,0
2020-09-22,2020-09-23,train_in_sample,IWM,0.4958001971244812,0,1
2020-09-23,2020-09-24,train_in_sample,SPY,0.49663516879081726,1,0
2020-09-23,2020-09-24,train_in_sample,QQQ,0.5039135217666626,1,1
2020-09-23,2020-09-24,train_in_sample,IWM,0.5198774933815002,0,0
2020-09-24,2020-09-25,train_in_sample,SPY,0.5102359056472778,1,1
2020-09-24,2020-09-25,train_in_sample,QQQ,0.49613553285598755,1,0
2020-09-24,2020-09-25,train_in_sample,IWM,0.5613057613372803,1,1
2020-09-25,2020-09-28,train_in_sample,SPY,0.5443530082702637,1,1
2020-09-25,2020-09-28,train_in_sample,QQQ,0.5808201432228088,1,1
2020-09-25,2020-09-28,train_in_sample,IWM,0.5645474195480347,1,1
2020-09-28,2020-09-29,train_in_sample,SPY,0.5708176493644714,0,0
2020-09-28,2020-09-29,train_in_sample,QQQ,0.5874988436698914,0,0
2020-09-28,2020-09-29,train_in_sample,IWM,0.5145262479782104,0,0
2020-09-29,2020-09-30,train_in_sample,SPY,0.5607686042785645,1,1
2020-09-29,2020-09-30,train_in_sample,QQQ,0.5578585863113403,1,1
2020-09-29,2020-09-30,train_in_sample,IWM,0.5196025371551514,1,1
2020-09-30,2020-10-01,train_in_sample,SPY,0.577225387096405,1,1
2020-09-30,2020-10-01,train_in_sample,QQQ,0.5720758438110352,1,1
2020-09-30,2020-10-01,train_in_sample,IWM,0.5271819233894348,1,1
2020-10-01,2020-10-02,train_in_sample,SPY,0.5689024925231934,0,0
2020-10-01,2020-10-02,train_in_sample,QQQ,0.5909358859062195,0,0
2020-10-01,2020-10-02,train_in_sample,IWM,0.5242137908935547,1,1
2020-10-02,2020-10-05,train_in_sample,SPY,0.6052903532981873,1,1
2020-10-02,2020-10-05,train_in_sample,QQQ,0.612072765827179,1,1
2020-10-02,2020-10-05,train_in_sample,IWM,0.5210530161857605,1,1
2020-10-05,2020-10-06,train_in_sample,SPY,0.5969275236129761,0,0
2020-10-05,2020-10-06,train_in_sample,QQQ,0.6064676642417908,0,0
2020-10-05,2020-10-06,train_in_sample,IWM,0.5062451362609863,0,0
2020-10-06,2020-10-07,train_in_sample,SPY,0.5531242489814758,1,1
2020-10-06,2020-10-07,train_in_sample,QQQ,0.5432052612304688,1,1
2020-10-06,2020-10-07,train_in_sample,IWM,0.5191087126731873,1,1
2020-10-07,2020-10-08,train_in_sample,SPY,0.5947906374931335,1,1
2020-10-07,2020-10-08,train_in_sample,QQQ,0.5898997187614441,1,1
2020-10-07,2020-10-08,train_in_sample,IWM,0.5594732165336609,1,1
2020-10-08,2020-10-09,train_in_sample,SPY,0.584522008895874,1,1
2020-10-08,2020-10-09,train_in_sample,QQQ,0.5771207213401794,1,1
2020-10-08,2020-10-09,train_in_sample,IWM,0.5010951161384583,1,1
2020-10-09,2020-10-12,train_in_sample,SPY,0.5615445375442505,1,1
2020-10-09,2020-10-12,train_in_sample,QQQ,0.5740980505943298,1,1
2020-10-09,2020-10-12,train_in_sample,IWM,0.5507444739341736,1,1
2020-10-12,2020-10-13,train_in_sample,SPY,0.5538190603256226,0,0
2020-10-12,2020-10-13,train_in_sample,QQQ,0.5491942167282104,0,0
2020-10-12,2020-10-13,train_in_sample,IWM,0.5900005102157593,0,0
2020-10-13,2020-10-14,train_in_sample,SPY,0.5333516597747803,0,0
2020-10-13,2020-10-14,train_in_sample,QQQ,0.6001830101013184,0,0
2020-10-13,2020-10-14,train_in_sample,IWM,0.42681264877319336,0,1
2020-10-14,2020-10-15,train_in_sample,SPY,0.543276846408844,0,0
2020-10-14,2020-10-15,train_in_sample,QQQ,0.554237961769104,0,0
2020-10-14,2020-10-15,train_in_sample,IWM,0.47964778542518616,1,0
2020-10-15,2020-10-16,train_in_sample,SPY,0.5634332299232483,0,0
2020-10-15,2020-10-16,train_in_sample,QQQ,0.6051084399223328,0,0
2020-10-15,2020-10-16,train_in_sample,IWM,0.5451400279998779,0,0
2020-10-16,2020-10-19,train_in_sample,SPY,0.5627005696296692,0,0
2020-10-16,2020-10-19,train_in_sample,QQQ,0.6216288805007935,0,0
2020-10-16,2020-10-19,train_in_sample,IWM,0.4706736207008362,0,1
2020-10-19,2020-10-20,train_in_sample,SPY,0.5410481691360474,1,1
2020-10-19,2020-10-20,train_in_sample,QQQ,0.5257032513618469,1,1
2020-10-19,2020-10-20,train_in_sample,IWM,0.5115200877189636,1,1
2020-10-20,2020-10-21,train_in_sample,SPY,0.6080151200294495,0,0
2020-10-20,2020-10-21,train_in_sample,QQQ,0.6219655275344849,0,0
2020-10-20,2020-10-21,train_in_sample,IWM,0.5197454690933228,0,0
2020-10-21,2020-10-22,train_in_sample,SPY,0.5345091223716736,1,1
2020-10-21,2020-10-22,train_in_sample,QQQ,0.5625975131988525,0,0
2020-10-21,2020-10-22,train_in_sample,IWM,0.5032047629356384,1,1
2020-10-22,2020-10-23,train_in_sample,SPY,0.5985634326934814,1,1
2020-10-22,2020-10-23,train_in_sample,QQQ,0.5934751629829407,1,1
2020-10-22,2020-10-23,train_in_sample,IWM,0.5110293030738831,1,1
2020-10-23,2020-10-26,train_in_sample,SPY,0.5850648880004883,0,0
2020-10-23,2020-10-26,train_in_sample,QQQ,0.6096857786178589,0,0
2020-10-23,2020-10-26,train_in_sample,IWM,0.5107824802398682,0,0
2020-10-26,2020-10-27,train_in_sample,SPY,0.5185049176216125,0,0
2020-10-26,2020-10-27,train_in_sample,QQQ,0.582438051700592,1,1
2020-10-26,2020-10-27,train_in_sample,IWM,0.5395362377166748,0,0
2020-10-27,2020-10-28,train_in_sample,SPY,0.5065624713897705,0,0
2020-10-27,2020-10-28,train_in_sample,QQQ,0.5210675001144409,0,0
2020-10-27,2020-10-28,train_in_sample,IWM,0.5049217939376831,0,0
2020-10-28,2020-10-29,train_in_sample,SPY,0.5385370254516602,1,1
2020-10-28,2020-10-29,train_in_sample,QQQ,0.5243138670921326,1,1
2020-10-28,2020-10-29,train_in_sample,IWM,0.5424776673316956,1,1
2020-10-29,2020-10-30,train_in_sample,SPY,0.5707495212554932,0,0
2020-10-29,2020-10-30,train_in_sample,QQQ,0.6269655227661133,0,0
2020-10-29,2020-10-30,train_in_sample,IWM,0.5350363254547119,0,0
2020-10-30,2020-11-02,train_in_sample,SPY,0.5783922076225281,1,1
2020-10-30,2020-11-02,train_in_sample,QQQ,0.5376887917518616,1,1
2020-10-30,2020-11-02,train_in_sample,IWM,0.5233697891235352,1,1
2020-11-02,2020-11-03,train_in_sample,SPY,0.6080474257469177,1,1
2020-11-02,2020-11-03,train_in_sample,QQQ,0.6081064939498901,1,1
2020-11-02,2020-11-03,train_in_sample,IWM,0.5212210416793823,1,1
2020-11-03,2020-11-04,train_in_sample,SPY,0.597785234451294,1,1
2020-11-03,2020-11-04,train_in_sample,QQQ,0.580258846282959,1,1
2020-11-03,2020-11-04,train_in_sample,IWM,0.5377128720283508,1,1
2020-11-04,2020-11-05,train_in_sample,SPY,0.4991418719291687,1,0
2020-11-04,2020-11-05,train_in_sample,QQQ,0.5032062530517578,1,1
2020-11-04,2020-11-05,train_in_sample,IWM,0.6008415222167969,1,1
2020-11-05,2020-11-06,train_in_sample,SPY,0.5813655853271484,0,0
2020-11-05,2020-11-06,train_in_sample,QQQ,0.6258980631828308,1,1
2020-11-05,2020-11-06,train_in_sample,IWM,0.48466986417770386,0,1
2020-11-06,2020-11-09,train_in_sample,SPY,0.5146564245223999,1,1
2020-11-06,2020-11-09,train_in_sample,QQQ,0.50815749168396,0,0
2020-11-06,2020-11-09,train_in_sample,IWM,0.5661787390708923,1,1
2020-11-09,2020-11-10,train_in_sample,SPY,0.6055753231048584,0,0
2020-11-09,2020-11-10,train_in_sample,QQQ,0.5339354276657104,0,0
2020-11-09,2020-11-10,train_in_sample,IWM,0.5238133668899536,1,1
2020-11-10,2020-11-11,train_in_sample,SPY,0.5820556282997131,1,1
2020-11-10,2020-11-11,train_in_sample,QQQ,0.5803865194320679,1,1
2020-11-10,2020-11-11,train_in_sample,IWM,0.5053771734237671,1,1
2020-11-11,2020-11-12,train_in_sample,SPY,0.5299679040908813,0,0
2020-11-11,2020-11-12,train_in_sample,QQQ,0.5401359796524048,0,0
2020-11-11,2020-11-12,train_in_sample,IWM,0.5396022796630859,0,0
2020-11-12,2020-11-13,train_in_sample,SPY,0.48708289861679077,1,0
2020-11-12,2020-11-13,train_in_sample,QQQ,0.5216960310935974,1,1
2020-11-12,2020-11-13,train_in_sample,IWM,0.4643208384513855,1,0
2020-11-13,2020-11-16,train_in_sample,SPY,0.575101375579834,1,1
2020-11-13,2020-11-16,train_in_sample,QQQ,0.5709208846092224,1,1
2020-11-13,2020-11-16,train_in_sample,IWM,0.5286010503768921,1,1
2020-11-16,2020-11-17,train_in_sample,SPY,0.5796923041343689,0,0
2020-11-16,2020-11-17,train_in_sample,QQQ,0.5898187756538391,0,0
2020-11-16,2020-11-17,train_in_sample,IWM,0.558914065361023,1,1
2020-11-17,2020-11-18,train_in_sample,SPY,0.560085117816925,0,0
2020-11-17,2020-11-18,train_in_sample,QQQ,0.5769065022468567,0,0
2020-11-17,2020-11-18,train_in_sample,IWM,0.5169755816459656,0,0
2020-11-18,2020-11-19,train_in_sample,SPY,0.5002909302711487,1,1
2020-11-18,2020-11-19,train_in_sample,QQQ,0.530415415763855,1,1
2020-11-18,2020-11-19,train_in_sample,IWM,0.4828750789165497,1,0
2020-11-19,2020-11-20,train_in_sample,SPY,0.5868768095970154,0,0
2020-11-19,2020-11-20,train_in_sample,QQQ,0.5870264768600464,0,0
2020-11-19,2020-11-20,train_in_sample,IWM,0.5599384307861328,1,1
2020-11-20,2020-11-23,train_in_sample,SPY,0.5668566823005676,1,1
2020-11-20,2020-11-23,train_in_sample,QQQ,0.5785907506942749,1,1
2020-11-20,2020-11-23,train_in_sample,IWM,0.5078677535057068,1,1
2020-11-23,2020-11-24,train_in_sample,SPY,0.5278624892234802,1,1
2020-11-23,2020-11-24,train_in_sample,QQQ,0.587321400642395,1,1
2020-11-23,2020-11-24,train_in_sample,IWM,0.5420231223106384,1,1
2020-11-24,2020-11-25,train_in_sample,SPY,0.5699069499969482,0,0
2020-11-24,2020-11-25,train_in_sample,QQQ,0.5915287137031555,1,1
2020-11-24,2020-11-25,train_in_sample,IWM,0.532723605632782,0,0
2020-11-25,2020-11-27,train_in_sample,SPY,0.5309714674949646,1,1
2020-11-25,2020-11-27,train_in_sample,QQQ,0.5732391476631165,1,1
2020-11-25,2020-11-27,train_in_sample,IWM,0.5560664534568787,1,1
2020-11-27,2020-11-30,train_in_sample,SPY,0.5655014514923096,0,0
2020-11-27,2020-11-30,train_in_sample,QQQ,0.5476135611534119,1,1
2020-11-27,2020-11-30,train_in_sample,IWM,0.5221771001815796,0,0
2020-11-30,2020-12-01,train_in_sample,SPY,0.5272728204727173,1,1
2020-11-30,2020-12-01,train_in_sample,QQQ,0.5247453451156616,1,1
2020-11-30,2020-12-01,train_in_sample,IWM,0.5525811910629272,1,1
2020-12-01,2020-12-02,train_in_sample,SPY,0.5627478957176208,1,1
2020-12-01,2020-12-02,train_in_sample,QQQ,0.5435320138931274,1,1
2020-12-01,2020-12-02,train_in_sample,IWM,0.5287438035011292,1,1
2020-12-02,2020-12-03,train_in_sample,SPY,0.5849688053131104,0,0
2020-12-02,2020-12-03,train_in_sample,QQQ,0.6260693669319153,1,1
2020-12-02,2020-12-03,train_in_sample,IWM,0.5156733393669128,1,1
2020-12-03,2020-12-04,train_in_sample,SPY,0.5692097544670105,1,1
2020-12-03,2020-12-04,train_in_sample,QQQ,0.5933567881584167,1,1
2020-12-03,2020-12-04,train_in_sample,IWM,0.5201146006584167,1,1
2020-12-04,2020-12-07,train_in_sample,SPY,0.6259375810623169,0,0
2020-12-04,2020-12-07,train_in_sample,QQQ,0.6107779741287231,1,1
2020-12-04,2020-12-07,train_in_sample,IWM,0.5439994931221008,1,1
2020-12-07,2020-12-08,train_in_sample,SPY,0.5482543110847473,1,1
2020-12-07,2020-12-08,train_in_sample,QQQ,0.594695508480072,1,1
2020-12-07,2020-12-08,train_in_sample,IWM,0.5394110679626465,1,1
2020-12-08,2020-12-09,train_in_sample,SPY,0.5556941032409668,0,0
2020-12-08,2020-12-09,train_in_sample,QQQ,0.6113678216934204,0,0
2020-12-08,2020-12-09,train_in_sample,IWM,0.4862426221370697,0,1
2020-12-09,2020-12-10,train_in_sample,SPY,0.5467395186424255,1,1
2020-12-09,2020-12-10,train_in_sample,QQQ,0.5740964412689209,1,1
2020-12-09,2020-12-10,train_in_sample,IWM,0.509281575679779,1,1
2020-12-10,2020-12-11,train_in_sample,SPY,0.5918362736701965,0,0
2020-12-10,2020-12-11,train_in_sample,QQQ,0.5953537225723267,0,0
2020-12-10,2020-12-11,train_in_sample,IWM,0.5452255010604858,0,0
2020-12-11,2020-12-14,train_in_sample,SPY,0.5385649800300598,0,0
2020-12-11,2020-12-14,train_in_sample,QQQ,0.5883127450942993,1,1
2020-12-11,2020-12-14,train_in_sample,IWM,0.48973017930984497,1,0
2020-12-14,2020-12-15,train_in_sample,SPY,0.5423059463500977,1,1
2020-12-14,2020-12-15,train_in_sample,QQQ,0.5802474617958069,1,1
2020-12-14,2020-12-15,train_in_sample,IWM,0.5454277992248535,1,1
2020-12-15,2020-12-16,train_in_sample,SPY,0.6157516837120056,1,1
2020-12-15,2020-12-16,train_in_sample,QQQ,0.5940432548522949,1,1
2020-12-15,2020-12-16,train_in_sample,IWM,0.506841778755188,0,0
2020-12-16,2020-12-17,train_in_sample,SPY,0.5737893581390381,1,1
2020-12-16,2020-12-17,train_in_sample,QQQ,0.5722604990005493,1,1
2020-12-16,2020-12-17,train_in_sample,IWM,0.5555921196937561,1,1
2020-12-17,2020-12-18,train_in_sample,SPY,0.5742561221122742,0,0
2020-12-17,2020-12-18,train_in_sample,QQQ,0.5920903086662292,0,0
2020-12-17,2020-12-18,train_in_sample,IWM,0.5045920014381409,0,0
2020-12-18,2020-12-21,train_in_sample,SPY,0.5540194511413574,0,0
2020-12-18,2020-12-21,train_in_sample,QQQ,0.5655189156532288,0,0
2020-12-18,2020-12-21,train_in_sample,IWM,0.5140587091445923,0,0
2020-12-21,2020-12-22,train_in_sample,SPY,0.5475889444351196,0,0
2020-12-21,2020-12-22,train_in_sample,QQQ,0.5639889240264893,1,1
2020-12-21,2020-12-22,train_in_sample,IWM,0.6157121062278748,1,1
2020-12-22,2020-12-23,train_in_sample,SPY,0.5485841035842896,1,1
2020-12-22,2020-12-23,train_in_sample,QQQ,0.6003292202949524,0,0
2020-12-22,2020-12-23,train_in_sample,IWM,0.5291612148284912,1,1
2020-12-23,2020-12-24,train_in_sample,SPY,0.5829821825027466,1,1
2020-12-23,2020-12-24,train_in_sample,QQQ,0.5718648433685303,1,1
2020-12-23,2020-12-24,train_in_sample,IWM,0.5156769752502441,0,0
2020-12-24,2020-12-28,train_in_sample,SPY,0.5615440011024475,1,1
2020-12-24,2020-12-28,train_in_sample,QQQ,0.604150652885437,1,1
2020-12-24,2020-12-28,train_in_sample,IWM,0.47736483812332153,0,1
2020-12-28,2020-12-29,train_in_sample,SPY,0.5378212928771973,0,0
2020-12-28,2020-12-29,train_in_sample,QQQ,0.5674816370010376,1,1
2020-12-28,2020-12-29,train_in_sample,IWM,0.516083300113678,0,0
2020-12-29,2020-12-30,train_in_sample,SPY,0.4822526276111603,1,0
2020-12-29,2020-12-30,train_in_sample,QQQ,0.5084068775177002,1,1
2020-12-29,2020-12-30,train_in_sample,IWM,0.4765922427177429,1,0
2020-12-30,2020-12-31,train_in_sample,SPY,0.5843876600265503,1,1
2020-12-30,2020-12-31,train_in_sample,QQQ,0.6152418851852417,1,1
2020-12-30,2020-12-31,train_in_sample,IWM,0.5580437183380127,0,0
2020-12-31,2021-01-04,train_in_sample,SPY,0.5734201669692993,0,0
2020-12-31,2021-01-04,train_in_sample,QQQ,0.5964727401733398,0,0
2020-12-31,2021-01-04,train_in_sample,IWM,0.4954443573951721,0,1
2021-01-04,2021-01-05,train_in_sample,SPY,0.5756605863571167,1,1
2021-01-04,2021-01-05,train_in_sample,QQQ,0.5780224204063416,1,1
2021-01-04,2021-01-05,train_in_sample,IWM,0.5413893461227417,1,1
2021-01-05,2021-01-06,train_in_sample,SPY,0.5606161952018738,1,1
2021-01-05,2021-01-06,train_in_sample,QQQ,0.6207000017166138,0,0
2021-01-05,2021-01-06,train_in_sample,IWM,0.5020021200180054,1,1
2021-01-06,2021-01-07,train_in_sample,SPY,0.6386929154396057,1,1
2021-01-06,2021-01-07,train_in_sample,QQQ,0.6140572428703308,1,1
2021-01-06,2021-01-07,train_in_sample,IWM,0.554153561592102,1,1
2021-01-07,2021-01-08,train_in_sample,SPY,0.5412840247154236,1,1
2021-01-07,2021-01-08,train_in_sample,QQQ,0.616362452507019,1,1
2021-01-07,2021-01-08,train_in_sample,IWM,0.537830650806427,0,0
2021-01-08,2021-01-11,train_in_sample,SPY,0.5238881707191467,0,0
2021-01-08,2021-01-11,train_in_sample,QQQ,0.5713082551956177,0,0
2021-01-08,2021-01-11,train_in_sample,IWM,0.5712460875511169,0,0
2021-01-11,2021-01-12,train_in_sample,SPY,0.5924606919288635,0,0
2021-01-11,2021-01-12,train_in_sample,QQQ,0.6148968935012817,0,0
2021-01-11,2021-01-12,train_in_sample,IWM,0.5361650586128235,1,1
2021-01-12,2021-01-13,train_in_sample,SPY,0.5519552826881409,1,1
2021-01-12,2021-01-13,train_in_sample,QQQ,0.6160275936126709,1,1
2021-01-12,2021-01-13,train_in_sample,IWM,0.5273982882499695,0,0
2021-01-13,2021-01-14,train_in_sample,SPY,0.4884626865386963,0,1
2021-01-13,2021-01-14,train_in_sample,QQQ,0.5401979088783264,0,0
2021-01-13,2021-01-14,train_in_sample,IWM,0.4948079586029053,1,0
2021-01-14,2021-01-15,train_in_sample,SPY,0.5963523387908936,0,0
2021-01-14,2021-01-15,train_in_sample,QQQ,0.6255743503570557,0,0
2021-01-14,2021-01-15,train_in_sample,IWM,0.5017561316490173,0,0
2021-01-15,2021-01-19,train_in_sample,SPY,0.5498983263969421,1,1
2021-01-15,2021-01-19,train_in_sample,QQQ,0.5554571747779846,1,1
2021-01-15,2021-01-19,train_in_sample,IWM,0.5042774081230164,1,1
2021-01-19,2021-01-20,train_in_sample,SPY,0.5719471573829651,1,1
2021-01-19,2021-01-20,train_in_sample,QQQ,0.6214011311531067,1,1
2021-01-19,2021-01-20,train_in_sample,IWM,0.5014370083808899,1,1
2021-01-20,2021-01-21,train_in_sample,SPY,0.5289204120635986,1,1
2021-01-20,2021-01-21,train_in_sample,QQQ,0.5823550820350647,1,1
2021-01-20,2021-01-21,train_in_sample,IWM,0.5483286380767822,0,0
2021-01-21,2021-01-22,train_in_sample,SPY,0.5219641923904419,0,0
2021-01-21,2021-01-22,train_in_sample,QQQ,0.5486570000648499,0,0
2021-01-21,2021-01-22,train_in_sample,IWM,0.5437285304069519,1,1
2021-01-22,2021-01-25,train_in_sample,SPY,0.5408751368522644,1,1
2021-01-22,2021-01-25,train_in_sample,QQQ,0.5636811852455139,1,1
2021-01-22,2021-01-25,train_in_sample,IWM,0.5229518413543701,0,0
2021-01-25,2021-01-26,train_in_sample,SPY,0.5702374577522278,0,0
2021-01-25,2021-01-26,train_in_sample,QQQ,0.5578400492668152,1,1
2021-01-25,2021-01-26,train_in_sample,IWM,0.5619451403617859,0,0
2021-01-26,2021-01-27,train_in_sample,SPY,0.5188378691673279,0,0
2021-01-26,2021-01-27,train_in_sample,QQQ,0.5697740316390991,0,0
2021-01-26,2021-01-27,train_in_sample,IWM,0.5534383654594421,0,0
2021-01-27,2021-01-28,train_in_sample,SPY,0.451661080121994,1,0
2021-01-27,2021-01-28,train_in_sample,QQQ,0.4943218529224396,1,0
2021-01-27,2021-01-28,train_in_sample,IWM,0.5375437140464783,0,0
2021-01-28,2021-01-29,train_in_sample,SPY,0.5550785064697266,0,0
2021-01-28,2021-01-29,train_in_sample,QQQ,0.5382248163223267,0,0
2021-01-28,2021-01-29,train_in_sample,IWM,0.5244343280792236,0,0
2021-01-29,2021-02-01,train_in_sample,SPY,0.5627459287643433,1,1
2021-01-29,2021-02-01,train_in_sample,QQQ,0.5620738863945007,1,1
2021-01-29,2021-02-01,train_in_sample,IWM,0.5607255101203918,1,1
2021-02-01,2021-02-02,train_in_sample,SPY,0.6134620904922485,1,1
2021-02-01,2021-02-02,train_in_sample,QQQ,0.6161824464797974,1,1
2021-02-01,2021-02-02,train_in_sample,IWM,0.5431379675865173,1,1
2021-02-02,2021-02-03,train_in_sample,SPY,0.5694181323051453,1,1
2021-02-02,2021-02-03,train_in_sample,QQQ,0.5645331740379333,0,0
2021-02-02,2021-02-03,train_in_sample,IWM,0.5488145351409912,1,1
2021-02-03,2021-02-04,train_in_sample,SPY,0.5735380053520203,1,1
2021-02-03,2021-02-04,train_in_sample,QQQ,0.6035987138748169,1,1
2021-02-03,2021-02-04,train_in_sample,IWM,0.52390456199646,1,1
2021-02-04,2021-02-05,train_in_sample,SPY,0.5952024459838867,1,1
2021-02-04,2021-02-05,train_in_sample,QQQ,0.5889987349510193,1,1
2021-02-04,2021-02-05,train_in_sample,IWM,0.4910338521003723,1,0
2021-02-05,2021-02-08,train_in_sample,SPY,0.5972543358802795,1,1
2021-02-05,2021-02-08,train_in_sample,QQQ,0.6120262742042542,1,1
2021-02-05,2021-02-08,train_in_sample,IWM,0.4984794855117798,1,0
2021-02-08,2021-02-09,train_in_sample,SPY,0.5656343698501587,0,0
2021-02-08,2021-02-09,train_in_sample,QQQ,0.586913526058197,0,0
2021-02-08,2021-02-09,train_in_sample,IWM,0.5246893167495728,1,1
2021-02-09,2021-02-10,train_in_sample,SPY,0.5163323283195496,0,0
2021-02-09,2021-02-10,train_in_sample,QQQ,0.5834252238273621,0,0
2021-02-09,2021-02-10,train_in_sample,IWM,0.4867674708366394,0,1
2021-02-10,2021-02-11,train_in_sample,SPY,0.5518287420272827,1,1
2021-02-10,2021-02-11,train_in_sample,QQQ,0.5304824709892273,1,1
2021-02-10,2021-02-11,train_in_sample,IWM,0.5157368779182434,0,0
2021-02-11,2021-02-12,train_in_sample,SPY,0.4859742820262909,1,0
2021-02-11,2021-02-12,train_in_sample,QQQ,0.5443214178085327,1,1
2021-02-11,2021-02-12,train_in_sample,IWM,0.49624237418174744,1,0
2021-02-12,2021-02-16,train_in_sample,SPY,0.5517604351043701,0,0
2021-02-12,2021-02-16,train_in_sample,QQQ,0.6038604378700256,0,0
2021-02-12,2021-02-16,train_in_sample,IWM,0.549008846282959,0,0
2021-02-16,2021-02-17,train_in_sample,SPY,0.529960572719574,1,1
2021-02-16,2021-02-17,train_in_sample,QQQ,0.5529872179031372,0,0
2021-02-16,2021-02-17,train_in_sample,IWM,0.49953633546829224,0,1
2021-02-17,2021-02-18,train_in_sample,SPY,0.5461845397949219,0,0
2021-02-17,2021-02-18,train_in_sample,QQQ,0.5343237519264221,0,0
2021-02-17,2021-02-18,train_in_sample,IWM,0.5091491341590881,0,0
2021-02-18,2021-02-19,train_in_sample,SPY,0.5102535486221313,0,0
2021-02-18,2021-02-19,train_in_sample,QQQ,0.535533607006073,0,0
2021-02-18,2021-02-19,train_in_sample,IWM,0.5097593069076538,1,1
2021-02-19,2021-02-22,train_in_sample,SPY,0.5644057393074036,0,0
2021-02-19,2021-02-22,train_in_sample,QQQ,0.6282559037208557,0,0
2021-02-19,2021-02-22,train_in_sample,IWM,0.4514303207397461,0,1
2021-02-22,2021-02-23,train_in_sample,SPY,0.537731409072876,1,1
2021-02-22,2021-02-23,train_in_sample,QQQ,0.5503925085067749,0,0
2021-02-22,2021-02-23,train_in_sample,IWM,0.4891166090965271,0,1
2021-02-23,2021-02-24,train_in_sample,SPY,0.5390927791595459,1,1
2021-02-23,2021-02-24,train_in_sample,QQQ,0.5506062507629395,1,1
2021-02-23,2021-02-24,train_in_sample,IWM,0.578586995601654,1,1
2021-02-24,2021-02-25,train_in_sample,SPY,0.5398524403572083,0,0
2021-02-24,2021-02-25,train_in_sample,QQQ,0.6256067156791687,0,0
2021-02-24,2021-02-25,train_in_sample,IWM,0.5860195755958557,0,0
2021-02-25,2021-02-26,train_in_sample,SPY,0.5211488604545593,0,0
2021-02-25,2021-02-26,train_in_sample,QQQ,0.5118796825408936,1,1
2021-02-25,2021-02-26,train_in_sample,IWM,0.5373060703277588,0,0
2021-02-26,2021-03-01,train_in_sample,SPY,0.5508339405059814,1,1
2021-02-26,2021-03-01,train_in_sample,QQQ,0.5822444558143616,1,1
2021-02-26,2021-03-01,train_in_sample,IWM,0.5170350670814514,1,1
2021-03-01,2021-03-02,train_in_sample,SPY,0.6016013026237488,0,0
2021-03-01,2021-03-02,train_in_sample,QQQ,0.5633930563926697,0,0
2021-03-01,2021-03-02,train_in_sample,IWM,0.5555329918861389,0,0
2021-03-02,2021-03-03,train_in_sample,SPY,0.5564452409744263,0,0
2021-03-02,2021-03-03,train_in_sample,QQQ,0.5515430569648743,0,0
2021-03-02,2021-03-03,train_in_sample,IWM,0.4773002862930298,0,1
2021-03-03,2021-03-04,train_in_sample,SPY,0.5940537452697754,0,0
2021-03-03,2021-03-04,train_in_sample,QQQ,0.5658376216888428,0,0
2021-03-03,2021-03-04,train_in_sample,IWM,0.5368560552597046,0,0
2021-03-04,2021-03-05,train_in_sample,SPY,0.5043088793754578,1,1
2021-03-04,2021-03-05,train_in_sample,QQQ,0.4941231310367584,1,0
2021-03-04,2021-03-05,train_in_sample,IWM,0.5765091180801392,1,1
2021-03-05,2021-03-08,train_in_sample,SPY,0.62117600440979,0,0
2021-03-05,2021-03-08,train_in_sample,QQQ,0.5531765818595886,0,0
2021-03-05,2021-03-08,train_in_sample,IWM,0.5819610953330994,1,1
2021-03-08,2021-03-09,train_in_sample,SPY,0.6161802411079407,1,1
2021-03-08,2021-03-09,train_in_sample,QQQ,0.569526195526123,1,1
2021-03-08,2021-03-09,train_in_sample,IWM,0.5389263033866882,1,1
2021-03-09,2021-03-10,train_in_sample,SPY,0.5247067809104919,1,1
2021-03-09,2021-03-10,train_in_sample,QQQ,0.5084578990936279,0,0
2021-03-09,2021-03-10,train_in_sample,IWM,0.5782603621482849,1,1
2021-03-10,2021-03-11,train_in_sample,SPY,0.6272668242454529,1,1
2021-03-10,2021-03-11,train_in_sample,QQQ,0.5874939560890198,1,1
2021-03-10,2021-03-11,train_in_sample,IWM,0.5310455560684204,1,1
2021-03-11,2021-03-12,train_in_sample,SPY,0.5656862854957581,1,1
2021-03-11,2021-03-12,train_in_sample,QQQ,0.5928441286087036,0,0
2021-03-11,2021-03-12,train_in_sample,IWM,0.5521183609962463,1,1
2021-03-12,2021-03-15,train_in_sample,SPY,0.5810352563858032,1,1
2021-03-12,2021-03-15,train_in_sample,QQQ,0.5964574217796326,1,1
2021-03-12,2021-03-15,train_in_sample,IWM,0.5373104810714722,1,1
2021-03-15,2021-03-16,train_in_sample,SPY,0.5905656218528748,0,0
2021-03-15,2021-03-16,train_in_sample,QQQ,0.579453706741333,1,1
2021-03-15,2021-03-16,train_in_sample,IWM,0.551706075668335,0,0
2021-03-16,2021-03-17,train_in_sample,SPY,0.5262264013290405,1,1
2021-03-16,2021-03-17,train_in_sample,QQQ,0.5381717085838318,1,1
2021-03-16,2021-03-17,train_in_sample,IWM,0.5069652795791626,1,1
2021-03-17,2021-03-18,train_in_sample,SPY,0.5654129385948181,0,0
2021-03-17,2021-03-18,train_in_sample,QQQ,0.6069924831390381,0,0
2021-03-17,2021-03-18,train_in_sample,IWM,0.5889180898666382,0,0
2021-03-18,2021-03-19,train_in_sample,SPY,0.5265200734138489,0,0
2021-03-18,2021-03-19,train_in_sample,QQQ,0.504433274269104,1,1
2021-03-18,2021-03-19,train_in_sample,IWM,0.4996183514595032,1,0
2021-03-19,2021-03-22,train_in_sample,SPY,0.587762176990509,1,1
2021-03-19,2021-03-22,train_in_sample,QQQ,0.588212788105011,1,1
2021-03-19,2021-03-22,train_in_sample,IWM,0.5099980235099792,0,0
2021-03-22,2021-03-23,train_in_sample,SPY,0.5566976070404053,0,0
2021-03-22,2021-03-23,train_in_sample,QQQ,0.5711870193481445,0,0
2021-03-22,2021-03-23,train_in_sample,IWM,0.5699080228805542,0,0
2021-03-23,2021-03-24,train_in_sample,SPY,0.5100783109664917,0,0
2021-03-23,2021-03-24,train_in_sample,QQQ,0.4850230813026428,0,1
2021-03-23,2021-03-24,train_in_sample,IWM,0.5224857926368713,0,0
2021-03-24,2021-03-25,train_in_sample,SPY,0.5488149523735046,1,1
2021-03-24,2021-03-25,train_in_sample,QQQ,0.5184932947158813,0,0
2021-03-24,2021-03-25,train_in_sample,IWM,0.5617440938949585,1,1
2021-03-25,2021-03-26,train_in_sample,SPY,0.5982649326324463,1,1
2021-03-25,2021-03-26,train_in_sample,QQQ,0.6240529417991638,1,1
2021-03-25,2021-03-26,train_in_sample,IWM,0.5478737354278564,1,1
2021-03-26,2021-03-29,train_in_sample,SPY,0.5829388499259949,0,0
2021-03-26,2021-03-29,train_in_sample,QQQ,0.5878622531890869,0,0
2021-03-26,2021-03-29,train_in_sample,IWM,0.5790756344795227,0,0
2021-03-29,2021-03-30,train_in_sample,SPY,0.49210819602012634,0,1
2021-03-29,2021-03-30,train_in_sample,QQQ,0.5089689493179321,0,0
2021-03-29,2021-03-30,train_in_sample,IWM,0.5711040496826172,1,1
2021-03-30,2021-03-31,train_in_sample,SPY,0.620771050453186,1,1
2021-03-30,2021-03-31,train_in_sample,QQQ,0.6151270866394043,1,1
2021-03-30,2021-03-31,train_in_sample,IWM,0.5671193599700928,1,1
2021-03-31,2021-04-01,train_in_sample,SPY,0.5734114646911621,1,1
2021-03-31,2021-04-01,train_in_sample,QQQ,0.5958185195922852,1,1
2021-03-31,2021-04-01,train_in_sample,IWM,0.5349219441413879,1,1
2021-04-01,2021-04-05,train_in_sample,SPY,0.5886618494987488,1,1
2021-04-01,2021-04-05,train_in_sample,QQQ,0.6003818511962891,1,1
2021-04-01,2021-04-05,train_in_sample,IWM,0.49820035696029663,1,0
2021-04-05,2021-04-06,train_in_sample,SPY,0.5455672144889832,0,0
2021-04-05,2021-04-06,train_in_sample,QQQ,0.5642590522766113,0,0
2021-04-05,2021-04-06,train_in_sample,IWM,0.5867920517921448,0,0
2021-04-06,2021-04-07,train_in_sample,SPY,0.5692422389984131,1,1
2021-04-06,2021-04-07,train_in_sample,QQQ,0.57371586561203,1,1
2021-04-06,2021-04-07,train_in_sample,IWM,0.4660434126853943,0,1
2021-04-07,2021-04-08,train_in_sample,SPY,0.5403919219970703,1,1
2021-04-07,2021-04-08,train_in_sample,QQQ,0.5330396294593811,1,1
2021-04-07,2021-04-08,train_in_sample,IWM,0.5219123363494873,1,1
2021-04-08,2021-04-09,train_in_sample,SPY,0.585785448551178,1,1
2021-04-08,2021-04-09,train_in_sample,QQQ,0.6241045594215393,1,1
2021-04-08,2021-04-09,train_in_sample,IWM,0.521849513053894,1,1
2021-04-09,2021-04-12,train_in_sample,SPY,0.5808698534965515,1,1
2021-04-09,2021-04-12,train_in_sample,QQQ,0.547070324420929,0,0
2021-04-09,2021-04-12,train_in_sample,IWM,0.5174756050109863,0,0
2021-04-12,2021-04-13,train_in_sample,SPY,0.582652747631073,1,1
2021-04-12,2021-04-13,train_in_sample,QQQ,0.5792912840843201,1,1
2021-04-12,2021-04-13,train_in_sample,IWM,0.5317944288253784,0,0
2021-04-13,2021-04-14,train_in_sample,SPY,0.5707425475120544,0,0
2021-04-13,2021-04-14,train_in_sample,QQQ,0.5871871709823608,0,0
2021-04-13,2021-04-14,train_in_sample,IWM,0.5444313287734985,1,1
2021-04-14,2021-04-15,train_in_sample,SPY,0.6099269986152649,1,1
2021-04-14,2021-04-15,train_in_sample,QQQ,0.621834933757782,1,1
2021-04-14,2021-04-15,train_in_sample,IWM,0.495179146528244,1,0
2021-04-15,2021-04-16,train_in_sample,SPY,0.5539877414703369,1,1
2021-04-15,2021-04-16,train_in_sample,QQQ,0.5593559741973877,1,1
2021-04-15,2021-04-16,train_in_sample,IWM,0.5281897783279419,1,1
2021-04-16,2021-04-19,train_in_sample,SPY,0.5707147121429443,0,0
2021-04-16,2021-04-19,train_in_sample,QQQ,0.597686767578125,0,0
2021-04-16,2021-04-19,train_in_sample,IWM,0.5213367938995361,0,0
2021-04-19,2021-04-20,train_in_sample,SPY,0.5436113476753235,0,0
2021-04-19,2021-04-20,train_in_sample,QQQ,0.5655643939971924,0,0
2021-04-19,2021-04-20,train_in_sample,IWM,0.4909430146217346,0,1
2021-04-20,2021-04-21,train_in_sample,SPY,0.48130837082862854,1,0
2021-04-20,2021-04-21,train_in_sample,QQQ,0.485449880361557,1,0
2021-04-20,2021-04-21,train_in_sample,IWM,0.4853140115737915,1,0
2021-04-21,2021-04-22,train_in_sample,SPY,0.6174401640892029,0,0
2021-04-21,2021-04-22,train_in_sample,QQQ,0.6354610323905945,0,0
2021-04-21,2021-04-22,train_in_sample,IWM,0.5025355815887451,0,0
2021-04-22,2021-04-23,train_in_sample,SPY,0.5833801627159119,1,1
2021-04-22,2021-04-23,train_in_sample,QQQ,0.5430670976638794,1,1
2021-04-22,2021-04-23,train_in_sample,IWM,0.48623669147491455,1,0
2021-04-23,2021-04-26,train_in_sample,SPY,0.6055445671081543,1,1
2021-04-23,2021-04-26,train_in_sample,QQQ,0.603980541229248,1,1
2021-04-23,2021-04-26,train_in_sample,IWM,0.5478039383888245,1,1
2021-04-26,2021-04-27,train_in_sample,SPY,0.5711266398429871,0,0
2021-04-26,2021-04-27,train_in_sample,QQQ,0.6121538281440735,0,0
2021-04-26,2021-04-27,train_in_sample,IWM,0.49430179595947266,1,0
2021-04-27,2021-04-28,train_in_sample,SPY,0.565650224685669,0,0
2021-04-27,2021-04-28,train_in_sample,QQQ,0.6011586785316467,0,0
2021-04-27,2021-04-28,train_in_sample,IWM,0.4747718870639801,1,0
2021-04-28,2021-04-29,train_in_sample,SPY,0.5784506797790527,1,1
2021-04-28,2021-04-29,train_in_sample,QQQ,0.600676417350769,1,1
2021-04-28,2021-04-29,train_in_sample,IWM,0.3965723514556885,0,1
2021-04-29,2021-04-30,train_in_sample,SPY,0.5850780606269836,0,0
2021-04-29,2021-04-30,train_in_sample,QQQ,0.6016501188278198,0,0
2021-04-29,2021-04-30,train_in_sample,IWM,0.4903141260147095,0,1
2021-04-30,2021-05-03,train_in_sample,SPY,0.5677177906036377,1,1
2021-04-30,2021-05-03,train_in_sample,QQQ,0.5618900060653687,0,0
2021-04-30,2021-05-03,train_in_sample,IWM,0.5012825727462769,1,1
2021-05-03,2021-05-04,train_in_sample,SPY,0.6101313829421997,0,0
2021-05-03,2021-05-04,train_in_sample,QQQ,0.6200107336044312,0,0
2021-05-03,2021-05-04,train_in_sample,IWM,0.48896947503089905,0,1
2021-05-04,2021-05-05,train_in_sample,SPY,0.5151408910751343,1,1
2021-05-04,2021-05-05,train_in_sample,QQQ,0.46744629740715027,0,1
2021-05-04,2021-05-05,train_in_sample,IWM,0.5084393620491028,0,0
2021-05-05,2021-05-06,train_in_sample,SPY,0.567095935344696,1,1
2021-05-05,2021-05-06,train_in_sample,QQQ,0.6059601902961731,1,1
2021-05-05,2021-05-06,train_in_sample,IWM,0.49829554557800293,1,0
2021-05-06,2021-05-07,train_in_sample,SPY,0.5406045913696289,1,1
2021-05-06,2021-05-07,train_in_sample,QQQ,0.5708538293838501,1,1
2021-05-06,2021-05-07,train_in_sample,IWM,0.5029551982879639,1,1
2021-05-07,2021-05-10,train_in_sample,SPY,0.5573347210884094,0,0
2021-05-07,2021-05-10,train_in_sample,QQQ,0.5917189717292786,0,0
2021-05-07,2021-05-10,train_in_sample,IWM,0.47928932309150696,0,1
2021-05-10,2021-05-11,train_in_sample,SPY,0.5792901515960693,0,0
2021-05-10,2021-05-11,train_in_sample,QQQ,0.5435383319854736,0,0
2021-05-10,2021-05-11,train_in_sample,IWM,0.517451286315918,0,0
2021-05-11,2021-05-12,train_in_sample,SPY,0.5089237093925476,0,0
2021-05-11,2021-05-12,train_in_sample,QQQ,0.5789204835891724,0,0
2021-05-11,2021-05-12,train_in_sample,IWM,0.5450463891029358,0,0
2021-05-12,2021-05-13,train_in_sample,SPY,0.5352436900138855,1,1
2021-05-12,2021-05-13,train_in_sample,QQQ,0.5174047946929932,1,1
2021-05-12,2021-05-13,train_in_sample,IWM,0.5395512580871582,1,1
2021-05-13,2021-05-14,train_in_sample,SPY,0.5721908807754517,1,1
2021-05-13,2021-05-14,train_in_sample,QQQ,0.603956937789917,1,1
2021-05-13,2021-05-14,train_in_sample,IWM,0.5387818813323975,1,1
2021-05-14,2021-05-17,train_in_sample,SPY,0.6045475602149963,0,0
2021-05-14,2021-05-17,train_in_sample,QQQ,0.5847509503364563,0,0
2021-05-14,2021-05-17,train_in_sample,IWM,0.5391439199447632,1,1
2021-05-17,2021-05-18,train_in_sample,SPY,0.5781200528144836,0,0
2021-05-17,2021-05-18,train_in_sample,QQQ,0.6163264513015747,0,0
2021-05-17,2021-05-18,train_in_sample,IWM,0.5266280174255371,0,0
2021-05-18,2021-05-19,train_in_sample,SPY,0.522061288356781,0,0
2021-05-18,2021-05-19,train_in_sample,QQQ,0.5808789134025574,1,1
2021-05-18,2021-05-19,train_in_sample,IWM,0.5178133845329285,0,0
2021-05-19,2021-05-20,train_in_sample,SPY,0.5067833065986633,1,1
2021-05-19,2021-05-20,train_in_sample,QQQ,0.5542262196540833,1,1
2021-05-19,2021-05-20,train_in_sample,IWM,0.5245867371559143,1,1
2021-05-20,2021-05-21,train_in_sample,SPY,0.5568519234657288,0,0
2021-05-20,2021-05-21,train_in_sample,QQQ,0.5893695950508118,0,0
2021-05-20,2021-05-21,train_in_sample,IWM,0.5529661178588867,1,1
2021-05-21,2021-05-24,train_in_sample,SPY,0.6034520268440247,1,1
2021-05-21,2021-05-24,train_in_sample,QQQ,0.5609120726585388,1,1
2021-05-21,2021-05-24,train_in_sample,IWM,0.4943823218345642,1,0
2021-05-24,2021-05-25,train_in_sample,SPY,0.5648624300956726,0,0
2021-05-24,2021-05-25,train_in_sample,QQQ,0.5954719185829163,1,1
2021-05-24,2021-05-25,train_in_sample,IWM,0.5274079442024231,0,0
2021-05-25,2021-05-26,train_in_sample,SPY,0.5294802188873291,1,1
2021-05-25,2021-05-26,train_in_sample,QQQ,0.53898686170578,1,1
2021-05-25,2021-05-26,train_in_sample,IWM,0.5327132940292358,1,1
2021-05-26,2021-05-27,train_in_sample,SPY,0.5812447667121887,1,1
2021-05-26,2021-05-27,train_in_sample,QQQ,0.6283318996429443,0,0
2021-05-26,2021-05-27,train_in_sample,IWM,0.4779248535633087,1,0
2021-05-27,2021-05-28,train_in_sample,SPY,0.5935142636299133,1,1
2021-05-27,2021-05-28,train_in_sample,QQQ,0.6086757779121399,1,1
2021-05-27,2021-05-28,train_in_sample,IWM,0.499036967754364,1,0
2021-05-28,2021-06-01,train_in_sample,SPY,0.5790441632270813,0,0
2021-05-28,2021-06-01,train_in_sample,QQQ,0.5614458322525024,0,0
2021-05-28,2021-06-01,train_in_sample,IWM,0.49038591980934143,1,0
2021-06-01,2021-06-02,train_in_sample,SPY,0.6299310326576233,1,1
2021-06-01,2021-06-02,train_in_sample,QQQ,0.5806792378425598,1,1
2021-06-01,2021-06-02,train_in_sample,IWM,0.5151011943817139,1,1
2021-06-02,2021-06-03,train_in_sample,SPY,0.5321304798126221,0,0
2021-06-02,2021-06-03,train_in_sample,QQQ,0.551450252532959,0,0
2021-06-02,2021-06-03,train_in_sample,IWM,0.5153087973594666,0,0
2021-06-03,2021-06-04,train_in_sample,SPY,0.5418978333473206,1,1
2021-06-03,2021-06-04,train_in_sample,QQQ,0.5419437885284424,1,1
2021-06-03,2021-06-04,train_in_sample,IWM,0.5094066858291626,1,1
2021-06-04,2021-06-07,train_in_sample,SPY,0.5084381103515625,0,0
2021-06-04,2021-06-07,train_in_sample,QQQ,0.5872624516487122,1,1
2021-06-04,2021-06-07,train_in_sample,IWM,0.5064944624900818,1,1
2021-06-07,2021-06-08,train_in_sample,SPY,0.5565141439437866,1,1
2021-06-07,2021-06-08,train_in_sample,QQQ,0.6016119718551636,1,1
2021-06-07,2021-06-08,train_in_sample,IWM,0.4924223721027374,1,0
2021-06-08,2021-06-09,train_in_sample,SPY,0.5862532258033752,0,0
2021-06-08,2021-06-09,train_in_sample,QQQ,0.5790286660194397,1,1
2021-06-08,2021-06-09,train_in_sample,IWM,0.49349188804626465,0,1
2021-06-09,2021-06-10,train_in_sample,SPY,0.5146210789680481,1,1
2021-06-09,2021-06-10,train_in_sample,QQQ,0.4771495461463928,1,0
2021-06-09,2021-06-10,train_in_sample,IWM,0.4842207729816437,0,1
2021-06-10,2021-06-11,train_in_sample,SPY,0.5088775157928467,1,1
2021-06-10,2021-06-11,train_in_sample,QQQ,0.5635927319526672,1,1
2021-06-10,2021-06-11,train_in_sample,IWM,0.5140771865844727,1,1
2021-06-11,2021-06-14,train_in_sample,SPY,0.5809767246246338,1,1
2021-06-11,2021-06-14,train_in_sample,QQQ,0.6201474666595459,1,1
2021-06-11,2021-06-14,train_in_sample,IWM,0.4838047921657562,0,1
2021-06-14,2021-06-15,train_in_sample,SPY,0.5443960428237915,0,0
2021-06-14,2021-06-15,train_in_sample,QQQ,0.5668782591819763,0,0
2021-06-14,2021-06-15,train_in_sample,IWM,0.4866286516189575,0,1
2021-06-15,2021-06-16,train_in_sample,SPY,0.600265383720398,0,0
2021-06-15,2021-06-16,train_in_sample,QQQ,0.596747636795044,0,0
2021-06-15,2021-06-16,train_in_sample,IWM,0.5033067464828491,0,0
2021-06-16,2021-06-17,train_in_sample,SPY,0.5349109768867493,0,0
2021-06-16,2021-06-17,train_in_sample,QQQ,0.5379542708396912,1,1
2021-06-16,2021-06-17,train_in_sample,IWM,0.5063624382019043,0,0
2021-06-17,2021-06-18,train_in_sample,SPY,0.5447272062301636,0,0
2021-06-17,2021-06-18,train_in_sample,QQQ,0.5208179354667664,0,0
2021-06-17,2021-06-18,train_in_sample,IWM,0.57240891456604,0,0
2021-06-18,2021-06-21,train_in_sample,SPY,0.47656598687171936,1,0
2021-06-18,2021-06-21,train_in_sample,QQQ,0.5298752188682556,1,1
2021-06-18,2021-06-21,train_in_sample,IWM,0.4535079300403595,1,0
2021-06-21,2021-06-22,train_in_sample,SPY,0.5844213366508484,1,1
2021-06-21,2021-06-22,train_in_sample,QQQ,0.5840123891830444,1,1
2021-06-21,2021-06-22,train_in_sample,IWM,0.5263612866401672,1,1
2021-06-22,2021-06-23,train_in_sample,SPY,0.5414036512374878,0,0
2021-06-22,2021-06-23,train_in_sample,QQQ,0.590460479259491,1,1
2021-06-22,2021-06-23,train_in_sample,IWM,0.5084346532821655,1,1
2021-06-23,2021-06-24,train_in_sample,SPY,0.5564115643501282,1,1
2021-06-23,2021-06-24,train_in_sample,QQQ,0.5820460915565491,1,1
2021-06-23,2021-06-24,train_in_sample,IWM,0.5268317461013794,1,1
2021-06-24,2021-06-25,train_in_sample,SPY,0.6201140880584717,1,1
2021-06-24,2021-06-25,train_in_sample,QQQ,0.6378763318061829,0,0
2021-06-24,2021-06-25,train_in_sample,IWM,0.5176613330841064,1,1
2021-06-25,2021-06-28,train_in_sample,SPY,0.5795578360557556,1,1
2021-06-25,2021-06-28,train_in_sample,QQQ,0.5596610903739929,1,1
2021-06-25,2021-06-28,train_in_sample,IWM,0.5098786950111389,0,0
2021-06-28,2021-06-29,train_in_sample,SPY,0.505270779132843,1,1
2021-06-28,2021-06-29,train_in_sample,QQQ,0.5096007585525513,1,1
2021-06-28,2021-06-29,train_in_sample,IWM,0.5346859097480774,0,0
2021-06-29,2021-06-30,train_in_sample,SPY,0.477356880903244,1,0
2021-06-29,2021-06-30,train_in_sample,QQQ,0.5248221158981323,0,0
2021-06-29,2021-06-30,train_in_sample,IWM,0.5480414628982544,1,1
2021-06-30,2021-07-01,train_in_sample,SPY,0.5650725960731506,1,1
2021-06-30,2021-07-01,train_in_sample,QQQ,0.5813536047935486,1,1
2021-06-30,2021-07-01,train_in_sample,IWM,0.4725564122200012,1,0
2021-07-01,2021-07-02,train_in_sample,SPY,0.5787907838821411,1,1
2021-07-01,2021-07-02,train_in_sample,QQQ,0.553435206413269,1,1
2021-07-01,2021-07-02,train_in_sample,IWM,0.47908589243888855,0,1
2021-07-02,2021-07-06,train_in_sample,SPY,0.5271203517913818,0,0
2021-07-02,2021-07-06,train_in_sample,QQQ,0.5578599572181702,1,1
2021-07-02,2021-07-06,train_in_sample,IWM,0.5127075910568237,0,0
2021-07-06,2021-07-07,train_in_sample,SPY,0.5205857753753662,1,1
2021-07-06,2021-07-07,train_in_sample,QQQ,0.46152278780937195,1,0
2021-07-06,2021-07-07,train_in_sample,IWM,0.5251944661140442,0,0
2021-07-07,2021-07-08,train_in_sample,SPY,0.5877018570899963,0,0
2021-07-07,2021-07-08,train_in_sample,QQQ,0.6111524701118469,0,0
2021-07-07,2021-07-08,train_in_sample,IWM,0.4921450912952423,0,1
2021-07-08,2021-07-09,train_in_sample,SPY,0.5556778907775879,1,1
2021-07-08,2021-07-09,train_in_sample,QQQ,0.5796883702278137,1,1
2021-07-08,2021-07-09,train_in_sample,IWM,0.554972767829895,1,1
2021-07-09,2021-07-12,train_in_sample,SPY,0.5843780636787415,1,1
2021-07-09,2021-07-12,train_in_sample,QQQ,0.567994236946106,1,1
2021-07-09,2021-07-12,train_in_sample,IWM,0.4953777492046356,1,0
2021-07-12,2021-07-13,train_in_sample,SPY,0.5766955018043518,0,0
2021-07-12,2021-07-13,train_in_sample,QQQ,0.5958406329154968,0,0
2021-07-12,2021-07-13,train_in_sample,IWM,0.5452718734741211,0,0
2021-07-13,2021-07-14,train_in_sample,SPY,0.5598915219306946,1,1
2021-07-13,2021-07-14,train_in_sample,QQQ,0.5388455986976624,1,1
2021-07-13,2021-07-14,train_in_sample,IWM,0.48747384548187256,0,1
2021-07-14,2021-07-15,train_in_sample,SPY,0.569100558757782,0,0
2021-07-14,2021-07-15,train_in_sample,QQQ,0.5646527409553528,0,0
2021-07-14,2021-07-15,train_in_sample,IWM,0.5247050523757935,0,0
2021-07-15,2021-07-16,train_in_sample,SPY,0.5661559104919434,0,0
2021-07-15,2021-07-16,train_in_sample,QQQ,0.6320909857749939,0,0
2021-07-15,2021-07-16,train_in_sample,IWM,0.4492703080177307,0,1
2021-07-16,2021-07-19,train_in_sample,SPY,0.5581256747245789,0,0
2021-07-16,2021-07-19,train_in_sample,QQQ,0.49624037742614746,0,1
2021-07-16,2021-07-19,train_in_sample,IWM,0.539482057094574,0,0
2021-07-19,2021-07-20,train_in_sample,SPY,0.507988452911377,1,1
2021-07-19,2021-07-20,train_in_sample,QQQ,0.4975101351737976,1,0
2021-07-19,2021-07-20,train_in_sample,IWM,0.5071432590484619,1,1
2021-07-20,2021-07-21,train_in_sample,SPY,0.5999282002449036,1,1
2021-07-20,2021-07-21,train_in_sample,QQQ,0.6287523508071899,1,1
2021-07-20,2021-07-21,train_in_sample,IWM,0.5057687163352966,1,1
2021-07-21,2021-07-22,train_in_sample,SPY,0.5988699793815613,1,1
2021-07-21,2021-07-22,train_in_sample,QQQ,0.6220834851264954,1,1
2021-07-21,2021-07-22,train_in_sample,IWM,0.5458244681358337,0,0
2021-07-22,2021-07-23,train_in_sample,SPY,0.4830683767795563,1,0
2021-07-22,2021-07-23,train_in_sample,QQQ,0.5621902942657471,1,1
2021-07-22,2021-07-23,train_in_sample,IWM,0.5093438625335693,1,1
2021-07-23,2021-07-26,train_in_sample,SPY,0.5845953822135925,1,1
2021-07-23,2021-07-26,train_in_sample,QQQ,0.5815809369087219,1,1
2021-07-23,2021-07-26,train_in_sample,IWM,0.5262651443481445,1,1
2021-07-26,2021-07-27,train_in_sample,SPY,0.5314323902130127,0,0
2021-07-26,2021-07-27,train_in_sample,QQQ,0.5739805698394775,0,0
2021-07-26,2021-07-27,train_in_sample,IWM,0.5355596542358398,0,0
2021-07-27,2021-07-28,train_in_sample,SPY,0.5099961161613464,0,0
2021-07-27,2021-07-28,train_in_sample,QQQ,0.5443341732025146,1,1
2021-07-27,2021-07-28,train_in_sample,IWM,0.48085081577301025,1,0
2021-07-28,2021-07-29,train_in_sample,SPY,0.5736340284347534,1,1
2021-07-28,2021-07-29,train_in_sample,QQQ,0.6050518155097961,1,1
2021-07-28,2021-07-29,train_in_sample,IWM,0.48975419998168945,1,0
2021-07-29,2021-07-30,train_in_sample,SPY,0.5603799223899841,0,0
2021-07-29,2021-07-30,train_in_sample,QQQ,0.5646018385887146,0,0
2021-07-29,2021-07-30,train_in_sample,IWM,0.4854464530944824,0,1
2021-07-30,2021-08-02,train_in_sample,SPY,0.5474812984466553,0,0
2021-07-30,2021-08-02,train_in_sample,QQQ,0.5417816042900085,1,1
2021-07-30,2021-08-02,train_in_sample,IWM,0.5246475338935852,0,0
2021-08-02,2021-08-03,train_in_sample,SPY,0.5682991743087769,1,1
2021-08-02,2021-08-03,train_in_sample,QQQ,0.5893952250480652,1,1
2021-08-02,2021-08-03,train_in_sample,IWM,0.5068549513816833,1,1
2021-08-03,2021-08-04,train_in_sample,SPY,0.5368843674659729,0,0
2021-08-03,2021-08-04,train_in_sample,QQQ,0.5551077723503113,1,1
2021-08-03,2021-08-04,train_in_sample,IWM,0.5286965370178223,0,0
2021-08-04,2021-08-05,train_in_sample,SPY,0.5452773571014404,1,1
2021-08-04,2021-08-05,train_in_sample,QQQ,0.5578434467315674,1,1
2021-08-04,2021-08-05,train_in_sample,IWM,0.5204333066940308,1,1
2021-08-05,2021-08-06,train_in_sample,SPY,0.544870138168335,1,1
2021-08-05,2021-08-06,train_in_sample,QQQ,0.6099936366081238,0,0
2021-08-05,2021-08-06,train_in_sample,IWM,0.4984290599822998,1,0
2021-08-06,2021-08-09,train_in_sample,SPY,0.592416524887085,0,0
2021-08-06,2021-08-09,train_in_sample,QQQ,0.5592588782310486,1,1
2021-08-06,2021-08-09,train_in_sample,IWM,0.504505455493927,0,0
2021-08-09,2021-08-10,train_in_sample,SPY,0.5217246413230896,1,1
2021-08-09,2021-08-10,train_in_sample,QQQ,0.5515505075454712,0,0
2021-08-09,2021-08-10,train_in_sample,IWM,0.48948317766189575,1,0
2021-08-10,2021-08-11,train_in_sample,SPY,0.5431392192840576,1,1
2021-08-10,2021-08-11,train_in_sample,QQQ,0.5447983145713806,0,0
2021-08-10,2021-08-11,train_in_sample,IWM,0.4769938886165619,1,0
2021-08-11,2021-08-12,train_in_sample,SPY,0.5927367806434631,1,1
2021-08-11,2021-08-12,train_in_sample,QQQ,0.6273555159568787,1,1
2021-08-11,2021-08-12,train_in_sample,IWM,0.49673792719841003,0,1
2021-08-12,2021-08-13,train_in_sample,SPY,0.5212198495864868,1,1
2021-08-12,2021-08-13,train_in_sample,QQQ,0.6083799600601196,1,1
2021-08-12,2021-08-13,train_in_sample,IWM,0.47242867946624756,0,1
2021-08-13,2021-08-16,train_in_sample,SPY,0.5226649045944214,1,1
2021-08-13,2021-08-16,train_in_sample,QQQ,0.5251332521438599,1,1
2021-08-13,2021-08-16,train_in_sample,IWM,0.5313536524772644,0,0
2021-08-16,2021-08-17,train_in_sample,SPY,0.5097339749336243,0,0
2021-08-16,2021-08-17,train_in_sample,QQQ,0.5643889904022217,0,0
2021-08-16,2021-08-17,train_in_sample,IWM,0.5293979048728943,0,0
2021-08-17,2021-08-18,train_in_sample,SPY,0.5477665066719055,0,0
2021-08-17,2021-08-18,train_in_sample,QQQ,0.5667450428009033,0,0
2021-08-17,2021-08-18,train_in_sample,IWM,0.5541473031044006,0,0
2021-08-18,2021-08-19,train_in_sample,SPY,0.5479382276535034,1,1
2021-08-18,2021-08-19,train_in_sample,QQQ,0.578644335269928,1,1
2021-08-18,2021-08-19,train_in_sample,IWM,0.5260571837425232,0,0
2021-08-19,2021-08-20,train_in_sample,SPY,0.5193015933036804,1,1
2021-08-19,2021-08-20,train_in_sample,QQQ,0.5550532341003418,1,1
2021-08-19,2021-08-20,train_in_sample,IWM,0.5485510230064392,1,1
2021-08-20,2021-08-23,train_in_sample,SPY,0.5855390429496765,1,1
2021-08-20,2021-08-23,train_in_sample,QQQ,0.6252870559692383,1,1
2021-08-20,2021-08-23,train_in_sample,IWM,0.5066278576850891,1,1
2021-08-23,2021-08-24,train_in_sample,SPY,0.5739539265632629,1,1
2021-08-23,2021-08-24,train_in_sample,QQQ,0.5760932564735413,1,1
2021-08-23,2021-08-24,train_in_sample,IWM,0.5513665080070496,1,1
2021-08-24,2021-08-25,train_in_sample,SPY,0.5474252700805664,1,1
2021-08-24,2021-08-25,train_in_sample,QQQ,0.6050767302513123,1,1
2021-08-24,2021-08-25,train_in_sample,IWM,0.5009388327598572,1,1
2021-08-25,2021-08-26,train_in_sample,SPY,0.5756994485855103,0,0
2021-08-25,2021-08-26,train_in_sample,QQQ,0.5890017747879028,0,0
2021-08-25,2021-08-26,train_in_sample,IWM,0.526983916759491,0,0
2021-08-26,2021-08-27,train_in_sample,SPY,0.5094913840293884,1,1
2021-08-26,2021-08-27,train_in_sample,QQQ,0.5273815989494324,1,1
2021-08-26,2021-08-27,train_in_sample,IWM,0.4971391558647156,1,0
2021-08-27,2021-08-30,train_in_sample,SPY,0.6346426606178284,1,1
2021-08-27,2021-08-30,train_in_sample,QQQ,0.6311899423599243,1,1
2021-08-27,2021-08-30,train_in_sample,IWM,0.5173330903053284,0,0
2021-08-30,2021-08-31,train_in_sample,SPY,0.5350433588027954,0,0
2021-08-30,2021-08-31,train_in_sample,QQQ,0.5481340289115906,0,0
2021-08-30,2021-08-31,train_in_sample,IWM,0.5484867095947266,1,1
2021-08-31,2021-09-01,train_in_sample,SPY,0.5554219484329224,1,1
2021-08-31,2021-09-01,train_in_sample,QQQ,0.5556381940841675,1,1
2021-08-31,2021-09-01,train_in_sample,IWM,0.5031743049621582,1,1
2021-09-01,2021-09-02,train_in_sample,SPY,0.5647680163383484,1,1
2021-09-01,2021-09-02,train_in_sample,QQQ,0.5838660001754761,0,0
2021-09-01,2021-09-02,train_in_sample,IWM,0.4907286763191223,1,0
2021-09-02,2021-09-03,train_in_sample,SPY,0.5416048169136047,0,0
2021-09-02,2021-09-03,train_in_sample,QQQ,0.6145158410072327,1,1
2021-09-02,2021-09-03,train_in_sample,IWM,0.47752851247787476,0,1
2021-09-03,2021-09-07,train_in_sample,SPY,0.5763833522796631,0,0
2021-09-03,2021-09-07,train_in_sample,QQQ,0.5847963690757751,1,1
2021-09-03,2021-09-07,train_in_sample,IWM,0.5052353143692017,0,0
2021-09-07,2021-09-08,train_in_sample,SPY,0.5725112557411194,0,0
2021-09-07,2021-09-08,train_in_sample,QQQ,0.59657883644104,0,0
2021-09-07,2021-09-08,train_in_sample,IWM,0.5257130861282349,0,0
2021-09-08,2021-09-09,train_in_sample,SPY,0.5790073871612549,0,0
2021-09-08,2021-09-09,train_in_sample,QQQ,0.5970127582550049,0,0
2021-09-08,2021-09-09,train_in_sample,IWM,0.5058748722076416,0,0
2021-09-09,2021-09-10,train_in_sample,SPY,0.5939204096794128,0,0
2021-09-09,2021-09-10,train_in_sample,QQQ,0.5975023508071899,0,0
2021-09-09,2021-09-10,train_in_sample,IWM,0.5208524465560913,0,0
2021-09-10,2021-09-13,train_in_sample,SPY,0.6159534454345703,1,1
2021-09-10,2021-09-13,train_in_sample,QQQ,0.5925004482269287,0,0
2021-09-10,2021-09-13,train_in_sample,IWM,0.498643159866333,1,0
2021-09-13,2021-09-14,train_in_sample,SPY,0.6344097852706909,0,0
2021-09-13,2021-09-14,train_in_sample,QQQ,0.6111485362052917,0,0
2021-09-13,2021-09-14,train_in_sample,IWM,0.5467234253883362,0,0
2021-09-14,2021-09-15,train_in_sample,SPY,0.5449888706207275,1,1
2021-09-14,2021-09-15,train_in_sample,QQQ,0.5037427544593811,1,1
2021-09-14,2021-09-15,train_in_sample,IWM,0.5345866084098816,1,1
2021-09-15,2021-09-16,train_in_sample,SPY,0.6285663843154907,0,0
2021-09-15,2021-09-16,train_in_sample,QQQ,0.6421389579772949,1,1
2021-09-15,2021-09-16,train_in_sample,IWM,0.5574826598167419,1,1
2021-09-16,2021-09-17,train_in_sample,SPY,0.5779628157615662,0,0
2021-09-16,2021-09-17,train_in_sample,QQQ,0.5923813581466675,0,0
2021-09-16,2021-09-17,train_in_sample,IWM,0.5616647601127625,1,1
2021-09-17,2021-09-20,train_in_sample,SPY,0.6200156211853027,0,0
2021-09-17,2021-09-20,train_in_sample,QQQ,0.6035605669021606,0,0
2021-09-17,2021-09-20,train_in_sample,IWM,0.5557484030723572,0,0
2021-09-20,2021-09-21,train_in_sample,SPY,0.600389838218689,0,0
2021-09-20,2021-09-21,train_in_sample,QQQ,0.5990566611289978,1,1
2021-09-20,2021-09-21,train_in_sample,IWM,0.5671932697296143,1,1
2021-09-21,2021-09-22,train_in_sample,SPY,0.6226187348365784,1,1
2021-09-21,2021-09-22,train_in_sample,QQQ,0.6149351000785828,1,1
2021-09-21,2021-09-22,train_in_sample,IWM,0.5693369507789612,1,1
2021-09-22,2021-09-23,train_in_sample,SPY,0.638620138168335,1,1
2021-09-22,2021-09-23,train_in_sample,QQQ,0.6305950284004211,1,1
2021-09-22,2021-09-23,train_in_sample,IWM,0.5568906664848328,1,1
2021-09-23,2021-09-24,train_in_sample,SPY,0.6327311396598816,1,1
2021-09-23,2021-09-24,train_in_sample,QQQ,0.6215277314186096,1,1
2021-09-23,2021-09-24,train_in_sample,IWM,0.5053421258926392,0,0
2021-09-24,2021-09-27,train_in_sample,SPY,0.6110057830810547,0,0
2021-09-24,2021-09-27,train_in_sample,QQQ,0.6260038614273071,0,0
2021-09-24,2021-09-27,train_in_sample,IWM,0.5448405146598816,1,1
2021-09-27,2021-09-28,train_in_sample,SPY,0.6036550402641296,0,0
2021-09-27,2021-09-28,train_in_sample,QQQ,0.612659752368927,0,0
2021-09-27,2021-09-28,train_in_sample,IWM,0.5432015061378479,0,0
2021-09-28,2021-09-29,train_in_sample,SPY,0.5800794363021851,1,1
2021-09-28,2021-09-29,train_in_sample,QQQ,0.5849120020866394,0,0
2021-09-28,2021-09-29,train_in_sample,IWM,0.5195122361183167,0,0
2021-09-29,2021-09-30,train_in_sample,SPY,0.6019328832626343,0,0
2021-09-29,2021-09-30,train_in_sample,QQQ,0.5831306576728821,0,0
2021-09-29,2021-09-30,train_in_sample,IWM,0.5529918074607849,0,0
2021-09-30,2021-10-01,train_in_sample,SPY,0.5741795301437378,1,1
2021-09-30,2021-10-01,train_in_sample,QQQ,0.5539865493774414,1,1
2021-09-30,2021-10-01,train_in_sample,IWM,0.5109357237815857,1,1
2021-10-01,2021-10-04,train_in_sample,SPY,0.6183522939682007,0,0
2021-10-01,2021-10-04,train_in_sample,QQQ,0.6050428152084351,0,0
2021-10-01,2021-10-04,train_in_sample,IWM,0.584922194480896,0,0
2021-10-04,2021-10-05,train_in_sample,SPY,0.6140257716178894,1,1
2021-10-04,2021-10-05,train_in_sample,QQQ,0.5854932069778442,1,1
2021-10-04,2021-10-05,train_in_sample,IWM,0.5633522868156433,1,1
2021-10-05,2021-10-06,train_in_sample,SPY,0.5842458009719849,1,1
2021-10-05,2021-10-06,train_in_sample,QQQ,0.5950656533241272,1,1
2021-10-05,2021-10-06,train_in_sample,IWM,0.5427098274230957,0,0
2021-10-06,2021-10-07,train_in_sample,SPY,0.5563818216323853,1,1
2021-10-06,2021-10-07,train_in_sample,QQQ,0.5363293290138245,1,1
2021-10-06,2021-10-07,train_in_sample,IWM,0.5265472531318665,1,1
2021-10-07,2021-10-08,train_in_sample,SPY,0.5919362306594849,0,0
2021-10-07,2021-10-08,train_in_sample,QQQ,0.6236503720283508,0,0
2021-10-07,2021-10-08,train_in_sample,IWM,0.4889136254787445,0,1
2021-10-08,2021-10-11,train_in_sample,SPY,0.5686066746711731,0,0
2021-10-08,2021-10-11,train_in_sample,QQQ,0.5657666325569153,0,0
2021-10-08,2021-10-11,train_in_sample,IWM,0.4960532784461975,0,1
2021-10-11,2021-10-12,train_in_sample,SPY,0.5690276026725769,0,0
2021-10-11,2021-10-12,train_in_sample,QQQ,0.5737981200218201,0,0
2021-10-11,2021-10-12,train_in_sample,IWM,0.5188670754432678,1,1
2021-10-12,2021-10-13,train_in_sample,SPY,0.55301433801651,1,1
2021-10-12,2021-10-13,train_in_sample,QQQ,0.6022793054580688,1,1
2021-10-12,2021-10-13,train_in_sample,IWM,0.48055970668792725,1,0
2021-10-13,2021-10-14,train_in_sample,SPY,0.5737976431846619,1,1
2021-10-13,2021-10-14,train_in_sample,QQQ,0.5562853813171387,1,1
2021-10-13,2021-10-14,train_in_sample,IWM,0.5640576481819153,1,1
2021-10-14,2021-10-15,train_in_sample,SPY,0.5875831246376038,1,1
2021-10-14,2021-10-15,train_in_sample,QQQ,0.5887700319290161,1,1
2021-10-14,2021-10-15,train_in_sample,IWM,0.5547025203704834,0,0
2021-10-15,2021-10-18,train_in_sample,SPY,0.5548867583274841,1,1
2021-10-15,2021-10-18,train_in_sample,QQQ,0.5919513702392578,1,1
2021-10-15,2021-10-18,train_in_sample,IWM,0.5361054539680481,0,0
2021-10-18,2021-10-19,train_in_sample,SPY,0.5566487908363342,1,1
2021-10-18,2021-10-19,train_in_sample,QQQ,0.5957755446434021,1,1
2021-10-18,2021-10-19,train_in_sample,IWM,0.532477617263794,1,1
2021-10-19,2021-10-20,train_in_sample,SPY,0.5718503594398499,1,1
2021-10-19,2021-10-20,train_in_sample,QQQ,0.5727588534355164,0,0
2021-10-19,2021-10-20,train_in_sample,IWM,0.5417285561561584,1,1
2021-10-20,2021-10-21,train_in_sample,SPY,0.5783090591430664,1,1
2021-10-20,2021-10-21,train_in_sample,QQQ,0.6053950190544128,1,1
2021-10-20,2021-10-21,train_in_sample,IWM,0.514733076095581,1,1
2021-10-21,2021-10-22,train_in_sample,SPY,0.5693104863166809,0,0
2021-10-21,2021-10-22,train_in_sample,QQQ,0.5705274939537048,0,0
2021-10-21,2021-10-22,train_in_sample,IWM,0.5166115760803223,0,0
2021-10-22,2021-10-25,train_in_sample,SPY,0.6132128238677979,1,1
2021-10-22,2021-10-25,train_in_sample,QQQ,0.5961223244667053,1,1
2021-10-22,2021-10-25,train_in_sample,IWM,0.545527458190918,1,1
2021-10-25,2021-10-26,train_in_sample,SPY,0.5793882608413696,1,1
2021-10-25,2021-10-26,train_in_sample,QQQ,0.6156848669052124,1,1
2021-10-25,2021-10-26,train_in_sample,IWM,0.491417795419693,0,1
2021-10-26,2021-10-27,train_in_sample,SPY,0.5533968806266785,0,0
2021-10-26,2021-10-27,train_in_sample,QQQ,0.5728351473808289,1,1
2021-10-26,2021-10-27,train_in_sample,IWM,0.49482885003089905,0,1
2021-10-27,2021-10-28,train_in_sample,SPY,0.560274600982666,1,1
2021-10-27,2021-10-28,train_in_sample,QQQ,0.5511494278907776,1,1
2021-10-27,2021-10-28,train_in_sample,IWM,0.5182496309280396,1,1
2021-10-28,2021-10-29,train_in_sample,SPY,0.595227062702179,1,1
2021-10-28,2021-10-29,train_in_sample,QQQ,0.6148810982704163,1,1
2021-10-28,2021-10-29,train_in_sample,IWM,0.5119025707244873,0,0
2021-10-29,2021-11-01,train_in_sample,SPY,0.5844178199768066,1,1
2021-10-29,2021-11-01,train_in_sample,QQQ,0.594998836517334,1,1
2021-10-29,2021-11-01,train_in_sample,IWM,0.5129116177558899,1,1
2021-11-01,2021-11-02,train_in_sample,SPY,0.6247507333755493,1,1
2021-11-01,2021-11-02,train_in_sample,QQQ,0.6664031147956848,1,1
2021-11-01,2021-11-02,train_in_sample,IWM,0.48815831542015076,1,0
2021-11-02,2021-11-03,train_in_sample,SPY,0.5733707547187805,1,1
2021-11-02,2021-11-03,train_in_sample,QQQ,0.5849018692970276,1,1
2021-11-02,2021-11-03,train_in_sample,IWM,0.5367780327796936,1,1
2021-11-03,2021-11-04,train_in_sample,SPY,0.6011724472045898,1,1
2021-11-03,2021-11-04,train_in_sample,QQQ,0.6302565932273865,1,1
2021-11-03,2021-11-04,train_in_sample,IWM,0.5518244504928589,0,0
2021-11-04,2021-11-05,train_in_sample,SPY,0.5531100034713745,1,1
2021-11-04,2021-11-05,train_in_sample,QQQ,0.5641909241676331,1,1
2021-11-04,2021-11-05,train_in_sample,IWM,0.5367843508720398,1,1
2021-11-05,2021-11-08,train_in_sample,SPY,0.5812175273895264,1,1
2021-11-05,2021-11-08,train_in_sample,QQQ,0.6158503890037537,0,0
2021-11-05,2021-11-08,train_in_sample,IWM,0.5245546698570251,1,1
2021-11-08,2021-11-09,train_in_sample,SPY,0.5883247256278992,0,0
2021-11-08,2021-11-09,train_in_sample,QQQ,0.5819477438926697,0,0
2021-11-08,2021-11-09,train_in_sample,IWM,0.5037077069282532,0,0
2021-11-09,2021-11-10,train_in_sample,SPY,0.551723837852478,0,0
2021-11-09,2021-11-10,train_in_sample,QQQ,0.5631182193756104,0,0
2021-11-09,2021-11-10,train_in_sample,IWM,0.49024027585983276,0,1
2021-11-10,2021-11-11,train_in_sample,SPY,0.5584930181503296,1,1
2021-11-10,2021-11-11,train_in_sample,QQQ,0.5954676866531372,1,1
2021-11-10,2021-11-11,train_in_sample,IWM,0.5189695954322815,1,1
2021-11-11,2021-11-12,train_in_sample,SPY,0.590910017490387,1,1
2021-11-11,2021-11-12,train_in_sample,QQQ,0.6077641248703003,1,1
2021-11-11,2021-11-12,train_in_sample,IWM,0.5323504209518433,1,1
2021-11-12,2021-11-15,train_in_sample,SPY,0.5938411355018616,1,1
2021-11-12,2021-11-15,train_in_sample,QQQ,0.5969141125679016,0,0
2021-11-12,2021-11-15,train_in_sample,IWM,0.5583943724632263,0,0
2021-11-15,2021-11-16,train_in_sample,SPY,0.5717983841896057,1,1
2021-11-15,2021-11-16,train_in_sample,QQQ,0.5998018980026245,1,1
2021-11-15,2021-11-16,train_in_sample,IWM,0.5116673111915588,1,1
2021-11-16,2021-11-17,train_in_sample,SPY,0.539284884929657,0,0
2021-11-16,2021-11-17,train_in_sample,QQQ,0.596726655960083,1,1
2021-11-16,2021-11-17,train_in_sample,IWM,0.5222141742706299,0,0
2021-11-17,2021-11-18,train_in_sample,SPY,0.5442290306091309,1,1
2021-11-17,2021-11-18,train_in_sample,QQQ,0.563622236251831,1,1
2021-11-17,2021-11-18,train_in_sample,IWM,0.5327031016349792,0,0
2021-11-18,2021-11-19,train_in_sample,SPY,0.536270260810852,0,0
2021-11-18,2021-11-19,train_in_sample,QQQ,0.5753598809242249,1,1
2021-11-18,2021-11-19,train_in_sample,IWM,0.544437050819397,0,0
2021-11-19,2021-11-22,train_in_sample,SPY,0.5419870018959045,0,0
2021-11-19,2021-11-22,train_in_sample,QQQ,0.5797672867774963,0,0
2021-11-19,2021-11-22,train_in_sample,IWM,0.5140687823295593,0,0
2021-11-22,2021-11-23,train_in_sample,SPY,0.5977945923805237,1,1
2021-11-22,2021-11-23,train_in_sample,QQQ,0.5885347127914429,0,0
2021-11-22,2021-11-23,train_in_sample,IWM,0.5153135061264038,0,0
2021-11-23,2021-11-24,train_in_sample,SPY,0.6064845323562622,1,1
2021-11-23,2021-11-24,train_in_sample,QQQ,0.5992059707641602,1,1
2021-11-23,2021-11-24,train_in_sample,IWM,0.5708433985710144,1,1
2021-11-24,2021-11-26,train_in_sample,SPY,0.5795446038246155,0,0
2021-11-24,2021-11-26,train_in_sample,QQQ,0.6101791262626648,0,0
2021-11-24,2021-11-26,train_in_sample,IWM,0.5120124816894531,0,0
2021-11-26,2021-11-29,train_in_sample,SPY,0.5379220247268677,1,1
2021-11-26,2021-11-29,train_in_sample,QQQ,0.5643568634986877,1,1
2021-11-26,2021-11-29,train_in_sample,IWM,0.5511970520019531,0,0
2021-11-29,2021-11-30,train_in_sample,SPY,0.5535580515861511,0,0
2021-11-29,2021-11-30,train_in_sample,QQQ,0.55120849609375,0,0
2021-11-29,2021-11-30,train_in_sample,IWM,0.5461843013763428,0,0
2021-11-30,2021-12-01,train_in_sample,SPY,0.5377650260925293,0,0
2021-11-30,2021-12-01,train_in_sample,QQQ,0.5235910415649414,0,0
2021-11-30,2021-12-01,train_in_sample,IWM,0.5078157186508179,0,0
2021-12-01,2021-12-02,train_in_sample,SPY,0.5539001226425171,1,1
2021-12-01,2021-12-02,train_in_sample,QQQ,0.515484094619751,1,1
2021-12-01,2021-12-02,train_in_sample,IWM,0.5712233185768127,1,1
2021-12-02,2021-12-03,train_in_sample,SPY,0.6399194598197937,0,0
2021-12-02,2021-12-03,train_in_sample,QQQ,0.6188051700592041,0,0
2021-12-02,2021-12-03,train_in_sample,IWM,0.5502786636352539,0,0
2021-12-03,2021-12-06,train_in_sample,SPY,0.5518571734428406,1,1
2021-12-03,2021-12-06,train_in_sample,QQQ,0.537506639957428,1,1
2021-12-03,2021-12-06,train_in_sample,IWM,0.5625412464141846,1,1
2021-12-06,2021-12-07,train_in_sample,SPY,0.6329840421676636,1,1
2021-12-06,2021-12-07,train_in_sample,QQQ,0.6226516962051392,1,1
2021-12-06,2021-12-07,train_in_sample,IWM,0.5535556674003601,1,1
2021-12-07,2021-12-08,train_in_sample,SPY,0.575285792350769,1,1
2021-12-07,2021-12-08,train_in_sample,QQQ,0.5564299821853638,1,1
2021-12-07,2021-12-08,train_in_sample,IWM,0.5617595911026001,1,1
2021-12-08,2021-12-09,train_in_sample,SPY,0.5754806399345398,0,0
2021-12-08,2021-12-09,train_in_sample,QQQ,0.6010092496871948,0,0
2021-12-08,2021-12-09,train_in_sample,IWM,0.5091239809989929,0,0
2021-12-09,2021-12-10,train_in_sample,SPY,0.5647536516189575,1,1
2021-12-09,2021-12-10,train_in_sample,QQQ,0.5408411026000977,1,1
2021-12-09,2021-12-10,train_in_sample,IWM,0.5582718253135681,0,0
2021-12-10,2021-12-13,train_in_sample,SPY,0.5941767692565918,0,0
2021-12-10,2021-12-13,train_in_sample,QQQ,0.6040617823600769,0,0
2021-12-10,2021-12-13,train_in_sample,IWM,0.5555528998374939,0,0
2021-12-13,2021-12-14,train_in_sample,SPY,0.5714062452316284,0,0
2021-12-13,2021-12-14,train_in_sample,QQQ,0.5429073572158813,0,0
2021-12-13,2021-12-14,train_in_sample,IWM,0.5405578017234802,0,0
2021-12-14,2021-12-15,train_in_sample,SPY,0.5682789087295532,1,1
2021-12-14,2021-12-15,train_in_sample,QQQ,0.5328538417816162,1,1
2021-12-14,2021-12-15,train_in_sample,IWM,0.5525306463241577,1,1
2021-12-15,2021-12-16,train_in_sample,SPY,0.6099660396575928,0,0
2021-12-15,2021-12-16,train_in_sample,QQQ,0.6121748685836792,0,0
2021-12-15,2021-12-16,train_in_sample,IWM,0.5718525052070618,0,0
2021-12-16,2021-12-17,train_in_sample,SPY,0.5878607034683228,0,0
2021-12-16,2021-12-17,train_in_sample,QQQ,0.5777965188026428,0,0
2021-12-16,2021-12-17,train_in_sample,IWM,0.536359429359436,1,1
2021-12-17,2021-12-20,train_in_sample,SPY,0.6011475324630737,0,0
2021-12-17,2021-12-20,train_in_sample,QQQ,0.6439974904060364,0,0
2021-12-17,2021-12-20,train_in_sample,IWM,0.5516746640205383,0,0
2021-12-20,2021-12-21,train_in_sample,SPY,0.5636956691741943,1,1
2021-12-20,2021-12-21,train_in_sample,QQQ,0.596803605556488,1,1
2021-12-20,2021-12-21,train_in_sample,IWM,0.5700225234031677,1,1
2021-12-21,2021-12-22,train_in_sample,SPY,0.6098928451538086,1,1
2021-12-21,2021-12-22,train_in_sample,QQQ,0.5957660675048828,1,1
2021-12-21,2021-12-22,train_in_sample,IWM,0.5462265014648438,1,1
2021-12-22,2021-12-23,train_in_sample,SPY,0.6186560988426208,1,1
2021-12-22,2021-12-23,train_in_sample,QQQ,0.6017664670944214,1,1
2021-12-22,2021-12-23,train_in_sample,IWM,0.5567020177841187,1,1
2021-12-23,2021-12-27,train_in_sample,SPY,0.5770570039749146,1,1
2021-12-23,2021-12-27,train_in_sample,QQQ,0.5921434760093689,1,1
2021-12-23,2021-12-27,train_in_sample,IWM,0.5392085313796997,1,1
2021-12-27,2021-12-28,train_in_sample,SPY,0.5948028564453125,0,0
2021-12-27,2021-12-28,train_in_sample,QQQ,0.6329779624938965,0,0
2021-12-27,2021-12-28,train_in_sample,IWM,0.5604435205459595,0,0
2021-12-28,2021-12-29,train_in_sample,SPY,0.5599667429924011,1,1
2021-12-28,2021-12-29,train_in_sample,QQQ,0.5881853103637695,0,0
2021-12-28,2021-12-29,train_in_sample,IWM,0.5066723227500916,1,1
2021-12-29,2021-12-30,train_in_sample,SPY,0.5916321873664856,0,0
2021-12-29,2021-12-30,train_in_sample,QQQ,0.599970281124115,0,0
2021-12-29,2021-12-30,train_in_sample,IWM,0.5445495247840881,0,0
2021-12-30,2021-12-31,train_in_sample,SPY,0.5895203351974487,0,0
2021-12-30,2021-12-31,train_in_sample,QQQ,0.5684348344802856,0,0
2021-12-30,2021-12-31,train_in_sample,IWM,0.5468447208404541,0,0
2021-12-31,2022-01-03,train_in_sample,SPY,0.5904005169868469,1,1
2021-12-31,2022-01-03,train_in_sample,QQQ,0.6105978488922119,1,1
2021-12-31,2022-01-03,train_in_sample,IWM,0.5205952525138855,1,1
2022-01-03,2022-01-04,train_in_sample,SPY,0.6203345656394958,0,0
2022-01-03,2022-01-04,train_in_sample,QQQ,0.6455492377281189,0,0
2022-01-03,2022-01-04,train_in_sample,IWM,0.5578412413597107,0,0
2022-01-04,2022-01-05,train_in_sample,SPY,0.5726225972175598,0,0
2022-01-04,2022-01-05,train_in_sample,QQQ,0.5763882398605347,0,0
2022-01-04,2022-01-05,train_in_sample,IWM,0.5419149398803711,0,0
2022-01-05,2022-01-06,train_in_sample,SPY,0.5488631725311279,0,0
2022-01-05,2022-01-06,train_in_sample,QQQ,0.528796911239624,0,0
2022-01-05,2022-01-06,train_in_sample,IWM,0.5460024476051331,1,1
2022-01-06,2022-01-07,train_in_sample,SPY,0.5720793604850769,0,0
2022-01-06,2022-01-07,train_in_sample,QQQ,0.6164438724517822,0,0
2022-01-06,2022-01-07,train_in_sample,IWM,0.5134071707725525,0,0
2022-01-07,2022-01-10,train_in_sample,SPY,0.5982742309570312,0,0
2022-01-07,2022-01-10,train_in_sample,QQQ,0.5836392045021057,1,1
2022-01-07,2022-01-10,train_in_sample,IWM,0.5397611856460571,0,0
2022-01-10,2022-01-11,train_in_sample,SPY,0.5651537179946899,1,1
2022-01-10,2022-01-11,train_in_sample,QQQ,0.5793221592903137,1,1
2022-01-10,2022-01-11,train_in_sample,IWM,0.5759590268135071,1,1
2022-01-11,2022-01-12,train_in_sample,SPY,0.60722815990448,1,1
2022-01-11,2022-01-12,train_in_sample,QQQ,0.6100310683250427,1,1
2022-01-11,2022-01-12,train_in_sample,IWM,0.5522482395172119,0,0
2022-01-12,2022-01-13,train_in_sample,SPY,0.5814604759216309,0,0
2022-01-12,2022-01-13,train_in_sample,QQQ,0.6062746047973633,0,0
2022-01-12,2022-01-13,train_in_sample,IWM,0.5340315103530884,0,0
2022-01-13,2022-01-14,train_in_sample,SPY,0.5597650408744812,1,1
2022-01-13,2022-01-14,train_in_sample,QQQ,0.5615265965461731,1,1
2022-01-13,2022-01-14,train_in_sample,IWM,0.5399237871170044,1,1
2022-01-14,2022-01-18,train_in_sample,SPY,0.5591942071914673,0,0
2022-01-14,2022-01-18,train_in_sample,QQQ,0.5871111154556274,0,0
2022-01-14,2022-01-18,train_in_sample,IWM,0.5427632927894592,0,0
2022-01-18,2022-01-19,train_in_sample,SPY,0.5431748032569885,0,0
2022-01-18,2022-01-19,train_in_sample,QQQ,0.5621066689491272,0,0
2022-01-18,2022-01-19,train_in_sample,IWM,0.532174289226532,0,0
2022-01-19,2022-01-20,train_in_sample,SPY,0.5775771737098694,0,0
2022-01-19,2022-01-20,train_in_sample,QQQ,0.5668433308601379,0,0
2022-01-19,2022-01-20,train_in_sample,IWM,0.5166939496994019,0,0
2022-01-20,2022-01-21,train_in_sample,SPY,0.5639171600341797,0,0
2022-01-20,2022-01-21,train_in_sample,QQQ,0.5435381531715393,0,0
2022-01-20,2022-01-21,train_in_sample,IWM,0.5514954328536987,0,0
2022-01-21,2022-01-24,train_in_sample,SPY,0.5529938340187073,1,1
2022-01-21,2022-01-24,train_in_sample,QQQ,0.5580984950065613,1,1
2022-01-21,2022-01-24,train_in_sample,IWM,0.5717028975486755,1,1
2022-01-24,2022-01-25,train_in_sample,SPY,0.5792192816734314,0,0
2022-01-24,2022-01-25,train_in_sample,QQQ,0.5841972231864929,0,0
2022-01-24,2022-01-25,train_in_sample,IWM,0.6340731978416443,0,0
2022-01-25,2022-01-26,train_in_sample,SPY,0.5820263624191284,0,0
2022-01-25,2022-01-26,train_in_sample,QQQ,0.598634660243988,0,0
2022-01-25,2022-01-26,train_in_sample,IWM,0.5598494410514832,0,0
2022-01-26,2022-01-27,train_in_sample,SPY,0.5630649328231812,0,0
2022-01-26,2022-01-27,train_in_sample,QQQ,0.539679765701294,0,0
2022-01-26,2022-01-27,train_in_sample,IWM,0.5518730282783508,0,0
2022-01-27,2022-01-28,train_in_sample,SPY,0.5445044040679932,1,1
2022-01-27,2022-01-28,train_in_sample,QQQ,0.5089226961135864,1,1
2022-01-27,2022-01-28,train_in_sample,IWM,0.5619101524353027,1,1
2022-01-28,2022-01-31,train_in_sample,SPY,0.5829401016235352,1,1
2022-01-28,2022-01-31,train_in_sample,QQQ,0.5891259908676147,1,1
2022-01-28,2022-01-31,train_in_sample,IWM,0.6218145489692688,1,1
2022-01-31,2022-02-01,train_in_sample,SPY,0.6070958375930786,1,1
2022-01-31,2022-02-01,train_in_sample,QQQ,0.6046156287193298,1,1
2022-01-31,2022-02-01,train_in_sample,IWM,0.6093253493309021,1,1
2022-02-01,2022-02-02,train_in_sample,SPY,0.5979741811752319,1,1
2022-02-01,2022-02-02,train_in_sample,QQQ,0.5917094349861145,1,1
2022-02-01,2022-02-02,train_in_sample,IWM,0.532992422580719,0,0
2022-02-02,2022-02-03,train_in_sample,SPY,0.5619792342185974,0,0
2022-02-02,2022-02-03,train_in_sample,QQQ,0.539283812046051,0,0
2022-02-02,2022-02-03,train_in_sample,IWM,0.5642134547233582,0,0
2022-02-03,2022-02-04,train_in_sample,SPY,0.5538586378097534,1,1
2022-02-03,2022-02-04,train_in_sample,QQQ,0.5505563616752625,1,1
2022-02-03,2022-02-04,train_in_sample,IWM,0.5441417098045349,1,1
2022-02-04,2022-02-07,train_in_sample,SPY,0.5807115435600281,0,0
2022-02-04,2022-02-07,train_in_sample,QQQ,0.5464320182800293,0,0
2022-02-04,2022-02-07,train_in_sample,IWM,0.5579385757446289,1,1
2022-02-07,2022-02-08,train_in_sample,SPY,0.6080295443534851,1,1
2022-02-07,2022-02-08,train_in_sample,QQQ,0.6000341176986694,1,1
2022-02-07,2022-02-08,train_in_sample,IWM,0.5249125957489014,1,1
2022-02-08,2022-02-09,train_in_sample,SPY,0.5986601710319519,1,1
2022-02-08,2022-02-09,train_in_sample,QQQ,0.616621196269989,1,1
2022-02-08,2022-02-09,train_in_sample,IWM,0.5201135873794556,1,1
2022-02-09,2022-02-10,train_in_sample,SPY,0.6103096604347229,0,0
2022-02-09,2022-02-10,train_in_sample,QQQ,0.6207950711250305,0,0
2022-02-09,2022-02-10,train_in_sample,IWM,0.548603355884552,0,0
2022-02-10,2022-02-11,train_in_sample,SPY,0.5554394721984863,0,0
2022-02-10,2022-02-11,train_in_sample,QQQ,0.5716914534568787,0,0
2022-02-10,2022-02-11,train_in_sample,IWM,0.5447679162025452,0,0
2022-02-11,2022-02-14,train_in_sample,SPY,0.6063735485076904,0,0
2022-02-11,2022-02-14,train_in_sample,QQQ,0.5515052080154419,1,1
2022-02-11,2022-02-14,train_in_sample,IWM,0.5276051759719849,0,0
2022-02-14,2022-02-15,train_in_sample,SPY,0.574999213218689,1,1
2022-02-14,2022-02-15,train_in_sample,QQQ,0.5678403377532959,1,1
2022-02-14,2022-02-15,train_in_sample,IWM,0.5616405606269836,1,1
2022-02-15,2022-02-16,train_in_sample,SPY,0.5830761194229126,1,1
2022-02-15,2022-02-16,train_in_sample,QQQ,0.5930896401405334,0,0
2022-02-15,2022-02-16,train_in_sample,IWM,0.5151388645172119,1,1
2022-02-16,2022-02-17,train_in_sample,SPY,0.5600494742393494,0,0
2022-02-16,2022-02-17,train_in_sample,QQQ,0.5993180871009827,0,0
2022-02-16,2022-02-17,train_in_sample,IWM,0.5461416244506836,0,0
2022-02-17,2022-02-18,train_in_sample,SPY,0.5425530672073364,0,0
2022-02-17,2022-02-18,train_in_sample,QQQ,0.528251051902771,0,0
2022-02-17,2022-02-18,train_in_sample,IWM,0.5084016919136047,0,0
2022-02-18,2022-02-22,train_in_sample,SPY,0.5702565908432007,0,0
2022-02-18,2022-02-22,train_in_sample,QQQ,0.5651587247848511,0,0
2022-02-18,2022-02-22,train_in_sample,IWM,0.5174123644828796,0,0
2022-02-22,2022-02-23,train_in_sample,SPY,0.5455132722854614,0,0
2022-02-22,2022-02-23,train_in_sample,QQQ,0.5615928769111633,0,0
2022-02-22,2022-02-23,train_in_sample,IWM,0.5479220747947693,0,0
2022-02-23,2022-02-24,train_in_sample,SPY,0.5440589785575867,1,1
2022-02-23,2022-02-24,train_in_sample,QQQ,0.5013388395309448,1,1
2022-02-23,2022-02-24,train_in_sample,IWM,0.499573290348053,1,0
2022-02-24,2022-02-25,train_in_sample,SPY,0.5404919981956482,1,1
2022-02-24,2022-02-25,train_in_sample,QQQ,0.5673516988754272,1,1
2022-02-24,2022-02-25,train_in_sample,IWM,0.6594889163970947,1,1
2022-02-25,2022-02-28,train_in_sample,SPY,0.6107649207115173,0,0
2022-02-25,2022-02-28,train_in_sample,QQQ,0.5842083692550659,1,1
2022-02-25,2022-02-28,train_in_sample,IWM,0.579498827457428,1,1
2022-02-28,2022-03-01,train_in_sample,SPY,0.5688644051551819,0,0
2022-02-28,2022-03-01,train_in_sample,QQQ,0.5677085518836975,0,0
2022-02-28,2022-03-01,train_in_sample,IWM,0.5657933354377747,0,0
2022-03-01,2022-03-02,train_in_sample,SPY,0.5778982043266296,1,1
2022-03-01,2022-03-02,train_in_sample,QQQ,0.5480479598045349,1,1
2022-03-01,2022-03-02,train_in_sample,IWM,0.5697408318519592,1,1
2022-03-02,2022-03-03,train_in_sample,SPY,0.6066882014274597,0,0
2022-03-02,2022-03-03,train_in_sample,QQQ,0.6030142903327942,0,0
2022-03-02,2022-03-03,train_in_sample,IWM,0.5424128174781799,0,0
2022-03-03,2022-03-04,train_in_sample,SPY,0.5749489665031433,0,0
2022-03-03,2022-03-04,train_in_sample,QQQ,0.5458881855010986,0,0
2022-03-03,2022-03-04,train_in_sample,IWM,0.5139973759651184,0,0
2022-03-04,2022-03-07,train_in_sample,SPY,0.5360811948776245,0,0
2022-03-04,2022-03-07,train_in_sample,QQQ,0.5325711369514465,0,0
2022-03-04,2022-03-07,train_in_sample,IWM,0.5416471362113953,0,0
2022-03-07,2022-03-08,train_in_sample,SPY,0.5594455599784851,0,0
2022-03-07,2022-03-08,train_in_sample,QQQ,0.5452560782432556,0,0
2022-03-07,2022-03-08,train_in_sample,IWM,0.5560048818588257,1,1
2022-03-08,2022-03-09,train_in_sample,SPY,0.5913451910018921,1,1
2022-03-08,2022-03-09,train_in_sample,QQQ,0.5778623223304749,1,1
2022-03-08,2022-03-09,train_in_sample,IWM,0.5512352585792542,1,1
2022-03-09,2022-03-10,train_in_sample,SPY,0.5793510675430298,0,0
2022-03-09,2022-03-10,train_in_sample,QQQ,0.5605573058128357,0,0
2022-03-09,2022-03-10,train_in_sample,IWM,0.5850037336349487,0,0
2022-03-10,2022-03-11,train_in_sample,SPY,0.5511415600776672,0,0
2022-03-10,2022-03-11,train_in_sample,QQQ,0.5687636137008667,0,0
2022-03-10,2022-03-11,train_in_sample,IWM,0.530775785446167,0,0
2022-03-11,2022-03-14,train_in_sample,SPY,0.5546789169311523,0,0
2022-03-11,2022-03-14,train_in_sample,QQQ,0.5261977910995483,0,0
2022-03-11,2022-03-14,train_in_sample,IWM,0.5305190682411194,0,0
2022-03-14,2022-03-15,train_in_sample,SPY,0.5415063500404358,1,1
2022-03-14,2022-03-15,train_in_sample,QQQ,0.546568751335144,1,1
2022-03-14,2022-03-15,train_in_sample,IWM,0.5511963963508606,1,1
2022-03-15,2022-03-16,train_in_sample,SPY,0.5670186281204224,1,1
2022-03-15,2022-03-16,train_in_sample,QQQ,0.5732019543647766,1,1
2022-03-15,2022-03-16,train_in_sample,IWM,0.5831001400947571,1,1
2022-03-16,2022-03-17,train_in_sample,SPY,0.5733739137649536,1,1
2022-03-16,2022-03-17,train_in_sample,QQQ,0.5728779435157776,1,1
2022-03-16,2022-03-17,train_in_sample,IWM,0.5878922939300537,1,1
2022-03-17,2022-03-18,train_in_sample,SPY,0.6007601618766785,1,1
2022-03-17,2022-03-18,train_in_sample,QQQ,0.6232729554176331,1,1
2022-03-17,2022-03-18,train_in_sample,IWM,0.5684215426445007,1,1
2022-03-18,2022-03-21,train_in_sample,SPY,0.5821624398231506,0,0
2022-03-18,2022-03-21,train_in_sample,QQQ,0.5988972187042236,0,0
2022-03-18,2022-03-21,train_in_sample,IWM,0.5809108018875122,0,0
2022-03-21,2022-03-22,train_in_sample,SPY,0.5588179230690002,1,1
2022-03-21,2022-03-22,train_in_sample,QQQ,0.5525148510932922,1,1
2022-03-21,2022-03-22,train_in_sample,IWM,0.5461211204528809,1,1
2022-03-22,2022-03-23,train_in_sample,SPY,0.5595910549163818,0,0
2022-03-22,2022-03-23,train_in_sample,QQQ,0.6049137711524963,0,0
2022-03-22,2022-03-23,train_in_sample,IWM,0.5514510869979858,0,0
2022-03-23,2022-03-24,train_in_sample,SPY,0.5679918527603149,1,1
2022-03-23,2022-03-24,train_in_sample,QQQ,0.5900044441223145,1,1
2022-03-23,2022-03-24,train_in_sample,IWM,0.5261191725730896,1,1
2022-03-24,2022-03-25,train_in_sample,SPY,0.576401948928833,1,1
2022-03-24,2022-03-25,train_in_sample,QQQ,0.5835408568382263,0,0
2022-03-24,2022-03-25,train_in_sample,IWM,0.5788596272468567,1,1
2022-03-25,2022-03-28,train_in_sample,SPY,0.5929447412490845,1,1
2022-03-25,2022-03-28,train_in_sample,QQQ,0.5960192680358887,1,1
2022-03-25,2022-03-28,train_in_sample,IWM,0.5355844497680664,1,1
2022-03-28,2022-03-29,train_in_sample,SPY,0.5410687923431396,1,1
2022-03-28,2022-03-29,train_in_sample,QQQ,0.5782314538955688,1,1
2022-03-28,2022-03-29,train_in_sample,IWM,0.5864419937133789,1,1
2022-03-29,2022-03-30,train_in_sample,SPY,0.6189647912979126,0,0
2022-03-29,2022-03-30,train_in_sample,QQQ,0.629230260848999,0,0
2022-03-29,2022-03-30,train_in_sample,IWM,0.549851655960083,0,0
2022-03-30,2022-03-31,train_in_sample,SPY,0.540560781955719,0,0
2022-03-30,2022-03-31,train_in_sample,QQQ,0.5470876097679138,0,0
2022-03-30,2022-03-31,train_in_sample,IWM,0.5407671928405762,0,0
2022-03-31,2022-04-01,train_in_sample,SPY,0.5727216601371765,1,1
2022-03-31,2022-04-01,train_in_sample,QQQ,0.5854663252830505,0,0
2022-03-31,2022-04-01,train_in_sample,IWM,0.4936797320842743,1,0
2022-04-01,2022-04-04,train_in_sample,SPY,0.6108701229095459,1,1
2022-04-01,2022-04-04,train_in_sample,QQQ,0.6213916540145874,1,1
2022-04-01,2022-04-04,train_in_sample,IWM,0.4937083125114441,1,0
2022-04-04,2022-04-05,train_in_sample,SPY,0.5883155465126038,0,0
2022-04-04,2022-04-05,train_in_sample,QQQ,0.6108751893043518,0,0
2022-04-04,2022-04-05,train_in_sample,IWM,0.583692193031311,0,0
2022-04-05,2022-04-06,train_in_sample,SPY,0.5614439845085144,0,0
2022-04-05,2022-04-06,train_in_sample,QQQ,0.5412161350250244,0,0
2022-04-05,2022-04-06,train_in_sample,IWM,0.5271316170692444,0,0
2022-04-06,2022-04-07,train_in_sample,SPY,0.5758150815963745,1,1
2022-04-06,2022-04-07,train_in_sample,QQQ,0.5645889043807983,1,1
2022-04-06,2022-04-07,train_in_sample,IWM,0.5704213976860046,0,0
2022-04-07,2022-04-08,train_in_sample,SPY,0.5539361834526062,0,0
2022-04-07,2022-04-08,train_in_sample,QQQ,0.5792766809463501,0,0
2022-04-07,2022-04-08,train_in_sample,IWM,0.5558701157569885,0,0
2022-04-08,2022-04-11,train_in_sample,SPY,0.5983797311782837,0,0
2022-04-08,2022-04-11,train_in_sample,QQQ,0.593613862991333,0,0
2022-04-08,2022-04-11,train_in_sample,IWM,0.5280165672302246,0,0
2022-04-11,2022-04-12,train_in_sample,SPY,0.6089075803756714,0,0
2022-04-11,2022-04-12,train_in_sample,QQQ,0.6155040264129639,0,0
2022-04-11,2022-04-12,train_in_sample,IWM,0.5515952110290527,1,1
2022-04-12,2022-04-13,train_in_sample,SPY,0.584054708480835,1,1
2022-04-12,2022-04-13,train_in_sample,QQQ,0.5532255172729492,1,1
2022-04-12,2022-04-13,train_in_sample,IWM,0.5424651503562927,1,1
2022-04-13,2022-04-14,train_in_sample,SPY,0.576571524143219,0,0
2022-04-13,2022-04-14,train_in_sample,QQQ,0.6264382004737854,0,0
2022-04-13,2022-04-14,train_in_sample,IWM,0.5571858286857605,0,0
2022-04-14,2022-04-18,train_in_sample,SPY,0.5797508955001831,1,1
2022-04-14,2022-04-18,train_in_sample,QQQ,0.5620754957199097,1,1
2022-04-14,2022-04-18,train_in_sample,IWM,0.5473321080207825,0,0
2022-04-18,2022-04-19,train_in_sample,SPY,0.5574136972427368,1,1
2022-04-18,2022-04-19,train_in_sample,QQQ,0.5483534932136536,1,1
2022-04-18,2022-04-19,train_in_sample,IWM,0.5645076036453247,1,1
2022-04-19,2022-04-20,train_in_sample,SPY,0.5982012152671814,0,0
2022-04-19,2022-04-20,train_in_sample,QQQ,0.6235209107398987,0,0
2022-04-19,2022-04-20,train_in_sample,IWM,0.5838689208030701,1,1
2022-04-20,2022-04-21,train_in_sample,SPY,0.631806492805481,0,0
2022-04-20,2022-04-21,train_in_sample,QQQ,0.614743709564209,0,0
2022-04-20,2022-04-21,train_in_sample,IWM,0.5452127456665039,0,0
2022-04-21,2022-04-22,train_in_sample,SPY,0.5617973804473877,0,0
2022-04-21,2022-04-22,train_in_sample,QQQ,0.5503489375114441,0,0
2022-04-21,2022-04-22,train_in_sample,IWM,0.5747396349906921,0,0
2022-04-22,2022-04-25,train_in_sample,SPY,0.5664593577384949,1,1
2022-04-22,2022-04-25,train_in_sample,QQQ,0.5392550826072693,1,1
2022-04-22,2022-04-25,train_in_sample,IWM,0.5431748032569885,1,1
2022-04-25,2022-04-26,train_in_sample,SPY,0.5824126601219177,0,0
2022-04-25,2022-04-26,train_in_sample,QQQ,0.6063171625137329,0,0
2022-04-25,2022-04-26,train_in_sample,IWM,0.601982593536377,0,0
2022-04-26,2022-04-27,train_in_sample,SPY,0.5304861068725586,1,1
2022-04-26,2022-04-27,train_in_sample,QQQ,0.5271507501602173,0,0
2022-04-26,2022-04-27,train_in_sample,IWM,0.5152608156204224,0,0
2022-04-27,2022-04-28,train_in_sample,SPY,0.5811170935630798,1,1
2022-04-27,2022-04-28,train_in_sample,QQQ,0.5768279433250427,1,1
2022-04-27,2022-04-28,train_in_sample,IWM,0.5825664401054382,1,1
2022-04-28,2022-04-29,train_in_sample,SPY,0.572685182094574,0,0
2022-04-28,2022-04-29,train_in_sample,QQQ,0.5959429144859314,0,0
2022-04-28,2022-04-29,train_in_sample,IWM,0.5921320915222168,0,0
2022-04-29,2022-05-02,train_in_sample,SPY,0.5411418676376343,1,1
2022-04-29,2022-05-02,train_in_sample,QQQ,0.5670418739318848,1,1
2022-04-29,2022-05-02,train_in_sample,IWM,0.5200204253196716,1,1
2022-05-02,2022-05-03,train_in_sample,SPY,0.5874245166778564,1,1
2022-05-02,2022-05-03,train_in_sample,QQQ,0.6137533783912659,1,1
2022-05-02,2022-05-03,train_in_sample,IWM,0.5949631333351135,1,1
2022-05-03,2022-05-04,train_in_sample,SPY,0.5865726470947266,1,1
2022-05-03,2022-05-04,train_in_sample,QQQ,0.59925377368927,1,1
2022-05-03,2022-05-04,train_in_sample,IWM,0.5266602039337158,1,1
2022-05-04,2022-05-05,train_in_sample,SPY,0.5942596793174744,0,0
2022-05-04,2022-05-05,train_in_sample,QQQ,0.595382034778595,0,0
2022-05-04,2022-05-05,train_in_sample,IWM,0.6197438836097717,0,0
2022-05-05,2022-05-06,train_in_sample,SPY,0.5643651485443115,0,0
2022-05-05,2022-05-06,train_in_sample,QQQ,0.5406199097633362,0,0
2022-05-05,2022-05-06,train_in_sample,IWM,0.5804928541183472,0,0
2022-05-06,2022-05-09,train_in_sample,SPY,0.5727330446243286,0,0
2022-05-06,2022-05-09,train_in_sample,QQQ,0.5567402839660645,0,0
2022-05-06,2022-05-09,train_in_sample,IWM,0.5500015616416931,0,0
2022-05-09,2022-05-10,train_in_sample,SPY,0.5251739621162415,1,1
2022-05-09,2022-05-10,train_in_sample,QQQ,0.5402719378471375,1,1
2022-05-09,2022-05-10,train_in_sample,IWM,0.5867024064064026,1,1
2022-05-10,2022-05-11,train_in_sample,SPY,0.5531516671180725,0,0
2022-05-10,2022-05-11,train_in_sample,QQQ,0.5185971260070801,0,0
2022-05-10,2022-05-11,train_in_sample,IWM,0.5663399696350098,0,0
2022-05-11,2022-05-12,train_in_sample,SPY,0.5337319374084473,0,0
2022-05-11,2022-05-12,train_in_sample,QQQ,0.5560798645019531,0,0
2022-05-11,2022-05-12,train_in_sample,IWM,0.5693367123603821,1,1
2022-05-12,2022-05-13,train_in_sample,SPY,0.5553617477416992,1,1
2022-05-12,2022-05-13,train_in_sample,QQQ,0.6087385416030884,1,1
2022-05-12,2022-05-13,train_in_sample,IWM,0.5771970748901367,1,1
2022-05-13,2022-05-16,train_in_sample,SPY,0.5885705947875977,0,0
2022-05-13,2022-05-16,train_in_sample,QQQ,0.5957924127578735,0,0
2022-05-13,2022-05-16,train_in_sample,IWM,0.5866536498069763,0,0
2022-05-16,2022-05-17,train_in_sample,SPY,0.5762141346931458,1,1
2022-05-16,2022-05-17,train_in_sample,QQQ,0.5899842977523804,1,1
2022-05-16,2022-05-17,train_in_sample,IWM,0.5494359135627747,1,1
2022-05-17,2022-05-18,train_in_sample,SPY,0.5815587639808655,0,0
2022-05-17,2022-05-18,train_in_sample,QQQ,0.6153329610824585,0,0
2022-05-17,2022-05-18,train_in_sample,IWM,0.558245837688446,0,0
2022-05-18,2022-05-19,train_in_sample,SPY,0.534491777420044,0,0
2022-05-18,2022-05-19,train_in_sample,QQQ,0.5617420077323914,0,0
2022-05-18,2022-05-19,train_in_sample,IWM,0.5407555103302002,1,1
2022-05-19,2022-05-20,train_in_sample,SPY,0.5835753679275513,1,1
2022-05-19,2022-05-20,train_in_sample,QQQ,0.6146571040153503,0,0
2022-05-19,2022-05-20,train_in_sample,IWM,0.5546562075614929,0,0
2022-05-20,2022-05-23,train_in_sample,SPY,0.5733940601348877,1,1
2022-05-20,2022-05-23,train_in_sample,QQQ,0.5734941959381104,1,1
2022-05-20,2022-05-23,train_in_sample,IWM,0.5822367668151855,1,1
2022-05-23,2022-05-24,train_in_sample,SPY,0.5811799168586731,0,0
2022-05-23,2022-05-24,train_in_sample,QQQ,0.5964952111244202,0,0
2022-05-23,2022-05-24,train_in_sample,IWM,0.5757243037223816,0,0
2022-05-24,2022-05-25,train_in_sample,SPY,0.5389657616615295,1,1
2022-05-24,2022-05-25,train_in_sample,QQQ,0.5648747682571411,1,1
2022-05-24,2022-05-25,train_in_sample,IWM,0.5668110251426697,1,1
2022-05-25,2022-05-26,train_in_sample,SPY,0.6002421379089355,1,1
2022-05-25,2022-05-26,train_in_sample,QQQ,0.6334220170974731,1,1
2022-05-25,2022-05-26,train_in_sample,IWM,0.5835752487182617,1,1
2022-05-26,2022-05-27,train_in_sample,SPY,0.5743415951728821,1,1
2022-05-26,2022-05-27,train_in_sample,QQQ,0.6104447841644287,1,1
2022-05-26,2022-05-27,train_in_sample,IWM,0.5908582806587219,1,1
2022-05-27,2022-05-31,train_in_sample,SPY,0.603575587272644,0,0
2022-05-27,2022-05-31,train_in_sample,QQQ,0.6088669896125793,0,0
2022-05-27,2022-05-31,train_in_sample,IWM,0.5898703336715698,0,0
2022-05-31,2022-06-01,train_in_sample,SPY,0.5494766235351562,0,0
2022-05-31,2022-06-01,train_in_sample,QQQ,0.5568540692329407,0,0
2022-05-31,2022-06-01,train_in_sample,IWM,0.5523839592933655,0,0
2022-06-01,2022-06-02,train_in_sample,SPY,0.572502613067627,1,1
2022-06-01,2022-06-02,train_in_sample,QQQ,0.5513952374458313,1,1
2022-06-01,2022-06-02,train_in_sample,IWM,0.5665033459663391,1,1
2022-06-02,2022-06-03,train_in_sample,SPY,0.5689391493797302,0,0
2022-06-02,2022-06-03,train_in_sample,QQQ,0.6018209457397461,0,0
2022-06-02,2022-06-03,train_in_sample,IWM,0.5882987380027771,0,0
2022-06-03,2022-06-06,train_in_sample,SPY,0.559721827507019,1,1
2022-06-03,2022-06-06,train_in_sample,QQQ,0.5876433253288269,1,1
2022-06-03,2022-06-06,train_in_sample,IWM,0.5292901992797852,1,1
2022-06-06,2022-06-07,train_in_sample,SPY,0.5942620038986206,1,1
2022-06-06,2022-06-07,train_in_sample,QQQ,0.6070845127105713,1,1
2022-06-06,2022-06-07,train_in_sample,IWM,0.5462478995323181,1,1
2022-06-07,2022-06-08,train_in_sample,SPY,0.5591664910316467,0,0
2022-06-07,2022-06-08,train_in_sample,QQQ,0.6132890582084656,0,0
2022-06-07,2022-06-08,train_in_sample,IWM,0.5590898990631104,0,0
2022-06-08,2022-06-09,train_in_sample,SPY,0.5257135033607483,0,0
2022-06-08,2022-06-09,train_in_sample,QQQ,0.5544434785842896,0,0
2022-06-08,2022-06-09,train_in_sample,IWM,0.5275484919548035,0,0
2022-06-09,2022-06-10,train_in_sample,SPY,0.5410536527633667,0,0
2022-06-09,2022-06-10,train_in_sample,QQQ,0.5556544065475464,0,0
2022-06-09,2022-06-10,train_in_sample,IWM,0.5342497825622559,0,0
2022-06-10,2022-06-13,train_in_sample,SPY,0.5120688080787659,0,0
2022-06-10,2022-06-13,train_in_sample,QQQ,0.5399757027626038,0,0
2022-06-10,2022-06-13,train_in_sample,IWM,0.5217626690864563,0,0
2022-06-13,2022-06-14,train_in_sample,SPY,0.499376118183136,0,1
2022-06-13,2022-06-14,train_in_sample,QQQ,0.5357077121734619,1,1
2022-06-13,2022-06-14,train_in_sample,IWM,0.5559545159339905,0,0
2022-06-14,2022-06-15,train_in_sample,SPY,0.5663328170776367,1,1
2022-06-14,2022-06-15,train_in_sample,QQQ,0.5653749108314514,1,1
2022-06-14,2022-06-15,train_in_sample,IWM,0.5505768656730652,1,1
2022-06-15,2022-06-16,train_in_sample,SPY,0.5457680225372314,0,0
2022-06-15,2022-06-16,train_in_sample,QQQ,0.5713642239570618,0,0
2022-06-15,2022-06-16,train_in_sample,IWM,0.5626125931739807,0,0
2022-06-16,2022-06-17,train_in_sample,SPY,0.513261079788208,1,1
2022-06-16,2022-06-17,train_in_sample,QQQ,0.532588541507721,1,1
2022-06-16,2022-06-17,train_in_sample,IWM,0.556617259979248,1,1
2022-06-17,2022-06-21,train_in_sample,SPY,0.5573717951774597,1,1
2022-06-17,2022-06-21,train_in_sample,QQQ,0.5826188921928406,1,1
2022-06-17,2022-06-21,train_in_sample,IWM,0.5653623342514038,1,1
2022-06-21,2022-06-22,train_in_sample,SPY,0.5875962972640991,0,0
2022-06-21,2022-06-22,train_in_sample,QQQ,0.5867660045623779,0,0
2022-06-21,2022-06-22,train_in_sample,IWM,0.5581920742988586,0,0
2022-06-22,2022-06-23,train_in_sample,SPY,0.5428544878959656,1,1
2022-06-22,2022-06-23,train_in_sample,QQQ,0.5900130271911621,1,1
2022-06-22,2022-06-23,train_in_sample,IWM,0.540723979473114,1,1
2022-06-23,2022-06-24,train_in_sample,SPY,0.5521270632743835,1,1
2022-06-23,2022-06-24,train_in_sample,QQQ,0.5777140259742737,1,1
2022-06-23,2022-06-24,train_in_sample,IWM,0.5608885884284973,1,1
2022-06-24,2022-06-27,train_in_sample,SPY,0.6046877503395081,0,0
2022-06-24,2022-06-27,train_in_sample,QQQ,0.6102467179298401,0,0
2022-06-24,2022-06-27,train_in_sample,IWM,0.585964024066925,1,1
2022-06-27,2022-06-28,train_in_sample,SPY,0.5927141308784485,0,0
2022-06-27,2022-06-28,train_in_sample,QQQ,0.6020272374153137,0,0
2022-06-27,2022-06-28,train_in_sample,IWM,0.5313982367515564,0,0
2022-06-28,2022-06-29,train_in_sample,SPY,0.542127788066864,0,0
2022-06-28,2022-06-29,train_in_sample,QQQ,0.5453558564186096,1,1
2022-06-28,2022-06-29,train_in_sample,IWM,0.5342082977294922,0,0
2022-06-29,2022-06-30,train_in_sample,SPY,0.5231356620788574,0,0
2022-06-29,2022-06-30,train_in_sample,QQQ,0.5560594797134399,0,0
2022-06-29,2022-06-30,train_in_sample,IWM,0.5168730616569519,0,0
2022-06-30,2022-07-01,train_in_sample,SPY,0.5732856392860413,1,1
2022-06-30,2022-07-01,train_in_sample,QQQ,0.5823453664779663,1,1
2022-06-30,2022-07-01,train_in_sample,IWM,0.5482764840126038,1,1
2022-07-01,2022-07-05,train_in_sample,SPY,0.5723063349723816,1,1
2022-07-01,2022-07-05,train_in_sample,QQQ,0.5971869230270386,1,1
2022-07-01,2022-07-05,train_in_sample,IWM,0.565179705619812,1,1
2022-07-05,2022-07-06,train_in_sample,SPY,0.5356029272079468,1,1
2022-07-05,2022-07-06,train_in_sample,QQQ,0.601564347743988,1,1
2022-07-05,2022-07-06,train_in_sample,IWM,0.5936019420623779,0,0
2022-07-06,2022-07-07,train_in_sample,SPY,0.567922830581665,1,1
2022-07-06,2022-07-07,train_in_sample,QQQ,0.5743696093559265,1,1
2022-07-06,2022-07-07,train_in_sample,IWM,0.568956732749939,1,1
2022-07-07,2022-07-08,train_in_sample,SPY,0.578700065612793,0,0
2022-07-07,2022-07-08,train_in_sample,QQQ,0.5891405344009399,1,1
2022-07-07,2022-07-08,train_in_sample,IWM,0.5442583560943604,0,0
2022-07-08,2022-07-11,train_in_sample,SPY,0.5537585616111755,0,0
2022-07-08,2022-07-11,train_in_sample,QQQ,0.5967128872871399,0,0
2022-07-08,2022-07-11,train_in_sample,IWM,0.535538911819458,0,0
2022-07-11,2022-07-12,train_in_sample,SPY,0.5370871424674988,0,0
2022-07-11,2022-07-12,train_in_sample,QQQ,0.556046724319458,0,0
2022-07-11,2022-07-12,train_in_sample,IWM,0.5359774231910706,0,0
2022-07-12,2022-07-13,train_in_sample,SPY,0.5542849898338318,0,0
2022-07-12,2022-07-13,train_in_sample,QQQ,0.5783208608627319,0,0
2022-07-12,2022-07-13,train_in_sample,IWM,0.532640278339386,0,0
2022-07-13,2022-07-14,train_in_sample,SPY,0.5388538837432861,0,0
2022-07-13,2022-07-14,train_in_sample,QQQ,0.5847792625427246,1,1
2022-07-13,2022-07-14,train_in_sample,IWM,0.5333153009414673,0,0
2022-07-14,2022-07-15,train_in_sample,SPY,0.5298912525177002,1,1
2022-07-14,2022-07-15,train_in_sample,QQQ,0.5448824167251587,1,1
2022-07-14,2022-07-15,train_in_sample,IWM,0.5558642148971558,1,1
2022-07-15,2022-07-18,train_in_sample,SPY,0.577931821346283,0,0
2022-07-15,2022-07-18,train_in_sample,QQQ,0.603757917881012,0,0
2022-07-15,2022-07-18,train_in_sample,IWM,0.5390577912330627,0,0
2022-07-18,2022-07-19,train_in_sample,SPY,0.5813831686973572,1,1
2022-07-18,2022-07-19,train_in_sample,QQQ,0.5917056798934937,1,1
2022-07-18,2022-07-19,train_in_sample,IWM,0.5269719958305359,1,1
2022-07-19,2022-07-20,train_in_sample,SPY,0.6057257652282715,1,1
2022-07-19,2022-07-20,train_in_sample,QQQ,0.617149293422699,1,1
2022-07-19,2022-07-20,train_in_sample,IWM,0.5516327023506165,1,1
2022-07-20,2022-07-21,train_in_sample,SPY,0.5513102412223816,1,1
2022-07-20,2022-07-21,train_in_sample,QQQ,0.6068066954612732,1,1
2022-07-20,2022-07-21,train_in_sample,IWM,0.5611037611961365,1,1
2022-07-21,2022-07-22,train_in_sample,SPY,0.543868899345398,0,0
2022-07-21,2022-07-22,train_in_sample,QQQ,0.5848110318183899,0,0
2022-07-21,2022-07-22,train_in_sample,IWM,0.551470160484314,0,0
2022-07-22,2022-07-25,train_in_sample,SPY,0.5307804942131042,1,1
2022-07-22,2022-07-25,train_in_sample,QQQ,0.5533611178398132,0,0
2022-07-22,2022-07-25,train_in_sample,IWM,0.5317123532295227,1,1
2022-07-25,2022-07-26,train_in_sample,SPY,0.5917050242424011,0,0
2022-07-25,2022-07-26,train_in_sample,QQQ,0.6065221428871155,0,0
2022-07-25,2022-07-26,train_in_sample,IWM,0.5391923785209656,0,0
2022-07-26,2022-07-27,train_in_sample,SPY,0.5275905728340149,1,1
2022-07-26,2022-07-27,train_in_sample,QQQ,0.5896193385124207,1,1
2022-07-26,2022-07-27,train_in_sample,IWM,0.5176649689674377,1,1
2022-07-27,2022-07-28,train_in_sample,SPY,0.5612748861312866,1,1
2022-07-27,2022-07-28,train_in_sample,QQQ,0.5860827565193176,1,1
2022-07-27,2022-07-28,train_in_sample,IWM,0.600712776184082,1,1
2022-07-28,2022-07-29,train_in_sample,SPY,0.5718794465065002,1,1
2022-07-28,2022-07-29,train_in_sample,QQQ,0.6010074019432068,1,1
2022-07-28,2022-07-29,train_in_sample,IWM,0.566568911075592,1,1
2022-07-29,2022-08-01,train_in_sample,SPY,0.5759469866752625,0,0
2022-07-29,2022-08-01,train_in_sample,QQQ,0.595284104347229,0,0
2022-07-29,2022-08-01,train_in_sample,IWM,0.5591647028923035,0,0
2022-08-01,2022-08-02,train_in_sample,SPY,0.5445116758346558,0,0
2022-08-01,2022-08-02,train_in_sample,QQQ,0.5911749601364136,0,0
2022-08-01,2022-08-02,train_in_sample,IWM,0.5345874428749084,0,0
2022-08-02,2022-08-03,train_in_sample,SPY,0.5393008589744568,1,1
2022-08-02,2022-08-03,train_in_sample,QQQ,0.5823996067047119,1,1
2022-08-02,2022-08-03,train_in_sample,IWM,0.5331058502197266,1,1
2022-08-03,2022-08-04,train_in_sample,SPY,0.5511115789413452,0,0
2022-08-03,2022-08-04,train_in_sample,QQQ,0.5937461853027344,1,1
2022-08-03,2022-08-04,train_in_sample,IWM,0.5571139454841614,0,0
2022-08-04,2022-08-05,train_in_sample,SPY,0.546095609664917,0,0
2022-08-04,2022-08-05,train_in_sample,QQQ,0.5637946128845215,0,0
2022-08-04,2022-08-05,train_in_sample,IWM,0.5121381282806396,1,1
2022-08-05,2022-08-08,train_in_sample,SPY,0.5523517727851868,0,0
2022-08-05,2022-08-08,train_in_sample,QQQ,0.5972866415977478,0,0
2022-08-05,2022-08-08,train_in_sample,IWM,0.5224117040634155,1,1
2022-08-08,2022-08-09,train_in_sample,SPY,0.5864156484603882,0,0
2022-08-08,2022-08-09,train_in_sample,QQQ,0.6215000748634338,0,0
2022-08-08,2022-08-09,train_in_sample,IWM,0.5522922277450562,0,0
2022-08-09,2022-08-10,train_in_sample,SPY,0.5359061360359192,1,1
2022-08-09,2022-08-10,train_in_sample,QQQ,0.5629780292510986,1,1
2022-08-09,2022-08-10,train_in_sample,IWM,0.5039528608322144,1,1
2022-08-10,2022-08-11,train_in_sample,SPY,0.5816572904586792,0,0
2022-08-10,2022-08-11,train_in_sample,QQQ,0.5932780504226685,0,0
2022-08-10,2022-08-11,train_in_sample,IWM,0.5156322717666626,1,1
2022-08-11,2022-08-12,train_in_sample,SPY,0.5642964243888855,1,1
2022-08-11,2022-08-12,train_in_sample,QQQ,0.5775535106658936,1,1
2022-08-11,2022-08-12,train_in_sample,IWM,0.5012730360031128,1,1
2022-08-12,2022-08-15,train_in_sample,SPY,0.5683192610740662,1,1
2022-08-12,2022-08-15,train_in_sample,QQQ,0.6146266460418701,1,1
2022-08-12,2022-08-15,train_in_sample,IWM,0.5435783863067627,1,1
2022-08-15,2022-08-16,train_in_sample,SPY,0.5584070682525635,1,1
2022-08-15,2022-08-16,train_in_sample,QQQ,0.5881399512290955,0,0
2022-08-15,2022-08-16,train_in_sample,IWM,0.5302137136459351,0,0
2022-08-16,2022-08-17,train_in_sample,SPY,0.5583636164665222,0,0
2022-08-16,2022-08-17,train_in_sample,QQQ,0.5810214877128601,0,0
2022-08-16,2022-08-17,train_in_sample,IWM,0.5695898532867432,0,0
2022-08-17,2022-08-18,train_in_sample,SPY,0.5370829105377197,1,1
2022-08-17,2022-08-18,train_in_sample,QQQ,0.5564309358596802,1,1
2022-08-17,2022-08-18,train_in_sample,IWM,0.5066527128219604,1,1
2022-08-18,2022-08-19,train_in_sample,SPY,0.5524483919143677,0,0
2022-08-18,2022-08-19,train_in_sample,QQQ,0.5863977670669556,0,0
2022-08-18,2022-08-19,train_in_sample,IWM,0.5309839844703674,0,0
2022-08-19,2022-08-22,train_in_sample,SPY,0.5219155550003052,0,0
2022-08-19,2022-08-22,train_in_sample,QQQ,0.5271061658859253,0,0
2022-08-19,2022-08-22,train_in_sample,IWM,0.5261534452438354,0,0
2022-08-22,2022-08-23,train_in_sample,SPY,0.5573663115501404,0,0
2022-08-22,2022-08-23,train_in_sample,QQQ,0.5534606575965881,0,0
2022-08-22,2022-08-23,train_in_sample,IWM,0.5134754180908203,1,1
2022-08-23,2022-08-24,train_in_sample,SPY,0.5553486943244934,1,1
2022-08-23,2022-08-24,train_in_sample,QQQ,0.6094955801963806,1,1
2022-08-23,2022-08-24,train_in_sample,IWM,0.4802008867263794,1,0
2022-08-24,2022-08-25,train_in_sample,SPY,0.5626559853553772,1,1
2022-08-24,2022-08-25,train_in_sample,QQQ,0.6099429130554199,1,1
2022-08-24,2022-08-25,train_in_sample,IWM,0.520297110080719,1,1
2022-08-25,2022-08-26,train_in_sample,SPY,0.580693781375885,0,0
2022-08-25,2022-08-26,train_in_sample,QQQ,0.6049413681030273,0,0
2022-08-25,2022-08-26,train_in_sample,IWM,0.5301290154457092,0,0
2022-08-26,2022-08-29,train_in_sample,SPY,0.5372176766395569,0,0
2022-08-26,2022-08-29,train_in_sample,QQQ,0.5338680744171143,0,0
2022-08-26,2022-08-29,train_in_sample,IWM,0.547499418258667,0,0
2022-08-29,2022-08-30,train_in_sample,SPY,0.5654313564300537,0,0
2022-08-29,2022-08-30,train_in_sample,QQQ,0.5767134428024292,0,0
2022-08-29,2022-08-30,train_in_sample,IWM,0.535083532333374,0,0
2022-08-30,2022-08-31,train_in_sample,SPY,0.5458554029464722,0,0
2022-08-30,2022-08-31,train_in_sample,QQQ,0.5570542216300964,0,0
2022-08-30,2022-08-31,train_in_sample,IWM,0.524341881275177,0,0
2022-08-31,2022-09-01,train_in_sample,SPY,0.5529513955116272,1,1
2022-08-31,2022-09-01,train_in_sample,QQQ,0.5754045844078064,1,1
2022-08-31,2022-09-01,train_in_sample,IWM,0.5081322193145752,0,0
2022-09-01,2022-09-02,train_in_sample,SPY,0.5419291853904724,0,0
2022-09-01,2022-09-02,train_in_sample,QQQ,0.5660961270332336,0,0
2022-09-01,2022-09-02,train_in_sample,IWM,0.544243335723877,0,0
2022-09-02,2022-09-06,train_in_sample,SPY,0.5548905730247498,0,0
2022-09-02,2022-09-06,train_in_sample,QQQ,0.5631852149963379,0,0
2022-09-02,2022-09-06,train_in_sample,IWM,0.5128239989280701,0,0
2022-09-06,2022-09-07,train_in_sample,SPY,0.5574216246604919,1,1
2022-09-06,2022-09-07,train_in_sample,QQQ,0.5716719031333923,1,1
2022-09-06,2022-09-07,train_in_sample,IWM,0.5296606421470642,1,1
2022-09-07,2022-09-08,train_in_sample,SPY,0.6019496917724609,1,1
2022-09-07,2022-09-08,train_in_sample,QQQ,0.6264236569404602,1,1
2022-09-07,2022-09-08,train_in_sample,IWM,0.5484964847564697,1,1
2022-09-08,2022-09-09,train_in_sample,SPY,0.5879844427108765,1,1
2022-09-08,2022-09-09,train_in_sample,QQQ,0.6039091348648071,1,1
2022-09-08,2022-09-09,train_in_sample,IWM,0.5387667417526245,1,1
2022-09-09,2022-09-12,train_in_sample,SPY,0.585167407989502,1,1
2022-09-09,2022-09-12,train_in_sample,QQQ,0.6150352954864502,1,1
2022-09-09,2022-09-12,train_in_sample,IWM,0.5466285943984985,1,1
2022-09-12,2022-09-13,train_in_sample,SPY,0.6069625616073608,0,0
2022-09-12,2022-09-13,train_in_sample,QQQ,0.6097387075424194,0,0
2022-09-12,2022-09-13,train_in_sample,IWM,0.5412529706954956,0,0
2022-09-13,2022-09-14,train_in_sample,SPY,0.5135548114776611,1,1
2022-09-13,2022-09-14,train_in_sample,QQQ,0.5409025549888611,1,1
2022-09-13,2022-09-14,train_in_sample,IWM,0.5177539587020874,1,1
2022-09-14,2022-09-15,train_in_sample,SPY,0.5552053451538086,0,0
2022-09-14,2022-09-15,train_in_sample,QQQ,0.5903478264808655,0,0
2022-09-14,2022-09-15,train_in_sample,IWM,0.5362535715103149,0,0
2022-09-15,2022-09-16,train_in_sample,SPY,0.556742787361145,0,0
2022-09-15,2022-09-16,train_in_sample,QQQ,0.5634243488311768,0,0
2022-09-15,2022-09-16,train_in_sample,IWM,0.5170998573303223,0,0
2022-09-16,2022-09-19,train_in_sample,SPY,0.5315510630607605,1,1
2022-09-16,2022-09-19,train_in_sample,QQQ,0.5489606261253357,1,1
2022-09-16,2022-09-19,train_in_sample,IWM,0.5461621284484863,1,1
2022-09-19,2022-09-20,train_in_sample,SPY,0.5887933969497681,0,0
2022-09-19,2022-09-20,train_in_sample,QQQ,0.6251506805419922,0,0
2022-09-19,2022-09-20,train_in_sample,IWM,0.572753369808197,0,0
2022-09-20,2022-09-21,train_in_sample,SPY,0.520588219165802,0,0
2022-09-20,2022-09-21,train_in_sample,QQQ,0.5426221489906311,0,0
2022-09-20,2022-09-21,train_in_sample,IWM,0.5240611433982849,0,0
2022-09-21,2022-09-22,train_in_sample,SPY,0.5248249173164368,0,0
2022-09-21,2022-09-22,train_in_sample,QQQ,0.5456482768058777,0,0
2022-09-21,2022-09-22,train_in_sample,IWM,0.5316136479377747,0,0
2022-09-22,2022-09-23,train_in_sample,SPY,0.5312900543212891,0,0
2022-09-22,2022-09-23,train_in_sample,QQQ,0.5363209247589111,0,0
2022-09-22,2022-09-23,train_in_sample,IWM,0.5432146191596985,0,0
2022-09-23,2022-09-26,train_in_sample,SPY,0.5038654804229736,0,0
2022-09-23,2022-09-26,train_in_sample,QQQ,0.5193601846694946,0,0
2022-09-23,2022-09-26,train_in_sample,IWM,0.5428750514984131,0,0
2022-09-26,2022-09-27,train_in_sample,SPY,0.5454229712486267,0,0
2022-09-26,2022-09-27,train_in_sample,QQQ,0.5519480109214783,1,1
2022-09-26,2022-09-27,train_in_sample,IWM,0.5500122308731079,1,1
2022-09-27,2022-09-28,train_in_sample,SPY,0.5874181389808655,1,1
2022-09-27,2022-09-28,train_in_sample,QQQ,0.5828984379768372,1,1
2022-09-27,2022-09-28,train_in_sample,IWM,0.5262241363525391,1,1
2022-09-28,2022-09-29,train_in_sample,SPY,0.5953876376152039,0,0
2022-09-28,2022-09-29,train_in_sample,QQQ,0.6148905158042908,0,0
2022-09-28,2022-09-29,train_in_sample,IWM,0.5815998315811157,0,0
2022-09-29,2022-09-30,train_in_sample,SPY,0.5529188513755798,0,0
2022-09-29,2022-09-30,train_in_sample,QQQ,0.5515793561935425,0,0
2022-09-29,2022-09-30,train_in_sample,IWM,0.5346848964691162,0,0
2022-09-30,2022-10-03,train_in_sample,SPY,0.5757066607475281,1,1
2022-09-30,2022-10-03,train_in_sample,QQQ,0.5827882289886475,1,1
2022-09-30,2022-10-03,train_in_sample,IWM,0.5167224407196045,1,1
2022-10-03,2022-10-04,train_in_sample,SPY,0.6089286804199219,1,1
2022-10-03,2022-10-04,train_in_sample,QQQ,0.6000491380691528,1,1
2022-10-03,2022-10-04,train_in_sample,IWM,0.5793706774711609,1,1
2022-10-04,2022-10-05,train_in_sample,SPY,0.6182452440261841,0,0
2022-10-04,2022-10-05,train_in_sample,QQQ,0.590390145778656,0,0
2022-10-04,2022-10-05,train_in_sample,IWM,0.565565288066864,0,0
2022-10-05,2022-10-06,train_in_sample,SPY,0.5399166941642761,0,0
2022-10-05,2022-10-06,train_in_sample,QQQ,0.5662631392478943,0,0
2022-10-05,2022-10-06,train_in_sample,IWM,0.5480321645736694,0,0
2022-10-06,2022-10-07,train_in_sample,SPY,0.5348978042602539,0,0
2022-10-06,2022-10-07,train_in_sample,QQQ,0.5522408485412598,0,0
2022-10-06,2022-10-07,train_in_sample,IWM,0.5226351022720337,0,0
2022-10-07,2022-10-10,train_in_sample,SPY,0.5564261078834534,0,0
2022-10-07,2022-10-10,train_in_sample,QQQ,0.5512899160385132,0,0
2022-10-07,2022-10-10,train_in_sample,IWM,0.5363461971282959,0,0
2022-10-10,2022-10-11,train_in_sample,SPY,0.5692668557167053,0,0
2022-10-10,2022-10-11,train_in_sample,QQQ,0.5748206973075867,0,0
2022-10-10,2022-10-11,train_in_sample,IWM,0.536700963973999,1,1
2022-10-11,2022-10-12,train_in_sample,SPY,0.5621175169944763,0,0
2022-10-11,2022-10-12,train_in_sample,QQQ,0.5878263711929321,0,0
2022-10-11,2022-10-12,train_in_sample,IWM,0.512926459312439,0,0
2022-10-12,2022-10-13,train_in_sample,SPY,0.574393093585968,1,1
2022-10-12,2022-10-13,train_in_sample,QQQ,0.5876500606536865,1,1
2022-10-12,2022-10-13,train_in_sample,IWM,0.5262446999549866,1,1
2022-10-13,2022-10-14,train_in_sample,SPY,0.5598796606063843,0,0
2022-10-13,2022-10-14,train_in_sample,QQQ,0.5936904549598694,0,0
2022-10-13,2022-10-14,train_in_sample,IWM,0.6229084134101868,0,0
2022-10-14,2022-10-17,train_in_sample,SPY,0.5407211780548096,1,1
2022-10-14,2022-10-17,train_in_sample,QQQ,0.5200967192649841,1,1
2022-10-14,2022-10-17,train_in_sample,IWM,0.5327077507972717,1,1
2022-10-17,2022-10-18,train_in_sample,SPY,0.6010243892669678,1,1
2022-10-17,2022-10-18,train_in_sample,QQQ,0.5827277898788452,1,1
2022-10-17,2022-10-18,train_in_sample,IWM,0.5521259307861328,1,1
2022-10-18,2022-10-19,train_in_sample,SPY,0.6101222634315491,0,0
2022-10-18,2022-10-19,train_in_sample,QQQ,0.5804058313369751,0,0
2022-10-18,2022-10-19,train_in_sample,IWM,0.5266404151916504,0,0
2022-10-19,2022-10-20,train_in_sample,SPY,0.5283414721488953,0,0
2022-10-19,2022-10-20,train_in_sample,QQQ,0.5352792739868164,0,0
2022-10-19,2022-10-20,train_in_sample,IWM,0.5468729734420776,0,0
2022-10-20,2022-10-21,train_in_sample,SPY,0.5483224987983704,1,1
2022-10-20,2022-10-21,train_in_sample,QQQ,0.5531210899353027,1,1
2022-10-20,2022-10-21,train_in_sample,IWM,0.5490246415138245,1,1
2022-10-21,2022-10-24,train_in_sample,SPY,0.5716120600700378,1,1
2022-10-21,2022-10-24,train_in_sample,QQQ,0.5875015258789062,1,1
2022-10-21,2022-10-24,train_in_sample,IWM,0.5673167705535889,1,1
2022-10-24,2022-10-25,train_in_sample,SPY,0.5652274489402771,1,1
2022-10-24,2022-10-25,train_in_sample,QQQ,0.582220733165741,1,1
2022-10-24,2022-10-25,train_in_sample,IWM,0.5625594258308411,1,1
2022-10-25,2022-10-26,train_in_sample,SPY,0.5938247442245483,0,0
2022-10-25,2022-10-26,train_in_sample,QQQ,0.628536581993103,0,0
2022-10-25,2022-10-26,train_in_sample,IWM,0.5382557511329651,1,1
2022-10-26,2022-10-27,train_in_sample,SPY,0.5888978242874146,0,0
2022-10-26,2022-10-27,train_in_sample,QQQ,0.6158021092414856,0,0
2022-10-26,2022-10-27,train_in_sample,IWM,0.5225244164466858,1,1
2022-10-27,2022-10-28,train_in_sample,SPY,0.5690290331840515,1,1
2022-10-27,2022-10-28,train_in_sample,QQQ,0.5869550108909607,1,1
2022-10-27,2022-10-28,train_in_sample,IWM,0.510762095451355,1,1
2022-10-28,2022-10-31,train_in_sample,SPY,0.5555804371833801,0,0
2022-10-28,2022-10-31,train_in_sample,QQQ,0.5881044864654541,0,0
2022-10-28,2022-10-31,train_in_sample,IWM,0.564639151096344,1,1
2022-10-31,2022-11-01,train_in_sample,SPY,0.5788354873657227,0,0
2022-10-31,2022-11-01,train_in_sample,QQQ,0.597350537776947,0,0
2022-10-31,2022-11-01,train_in_sample,IWM,0.5082098841667175,1,1
2022-11-01,2022-11-02,train_in_sample,SPY,0.581939160823822,0,0
2022-11-01,2022-11-02,train_in_sample,QQQ,0.5885210633277893,0,0
2022-11-01,2022-11-02,train_in_sample,IWM,0.4886072278022766,0,1
2022-11-02,2022-11-03,train_in_sample,SPY,0.529434323310852,0,0
2022-11-02,2022-11-03,train_in_sample,QQQ,0.5140408277511597,0,0
2022-11-02,2022-11-03,train_in_sample,IWM,0.5372870564460754,0,0
2022-11-03,2022-11-04,train_in_sample,SPY,0.5755574107170105,1,1
2022-11-03,2022-11-04,train_in_sample,QQQ,0.5894493460655212,1,1
2022-11-03,2022-11-04,train_in_sample,IWM,0.5168776512145996,1,1
2022-11-04,2022-11-07,train_in_sample,SPY,0.5723288655281067,1,1
2022-11-04,2022-11-07,train_in_sample,QQQ,0.5726177096366882,1,1
2022-11-04,2022-11-07,train_in_sample,IWM,0.5417094230651855,1,1
2022-11-07,2022-11-08,train_in_sample,SPY,0.5658871531486511,1,1
2022-11-07,2022-11-08,train_in_sample,QQQ,0.5905117988586426,1,1
2022-11-07,2022-11-08,train_in_sample,IWM,0.5343623757362366,1,1
2022-11-08,2022-11-09,train_in_sample,SPY,0.5527613162994385,0,0
2022-11-08,2022-11-09,train_in_sample,QQQ,0.5835334658622742,0,0
2022-11-08,2022-11-09,train_in_sample,IWM,0.5318034291267395,0,0
2022-11-09,2022-11-10,train_in_sample,SPY,0.514826774597168,1,1
2022-11-09,2022-11-10,train_in_sample,QQQ,0.5195590853691101,1,1
2022-11-09,2022-11-10,train_in_sample,IWM,0.5284343957901001,1,1
2022-11-10,2022-11-11,train_in_sample,SPY,0.6007538437843323,1,1
2022-11-10,2022-11-11,train_in_sample,QQQ,0.5343277454376221,1,1
2022-11-10,2022-11-11,train_in_sample,IWM,0.583345353603363,1,1
2022-11-11,2022-11-14,train_in_sample,SPY,0.5499600768089294,0,0
2022-11-11,2022-11-14,train_in_sample,QQQ,0.5804741382598877,0,0
2022-11-11,2022-11-14,train_in_sample,IWM,0.5500308275222778,0,0
2022-11-14,2022-11-15,train_in_sample,SPY,0.5533018708229065,1,1
2022-11-14,2022-11-15,train_in_sample,QQQ,0.5660508275032043,1,1
2022-11-14,2022-11-15,train_in_sample,IWM,0.5148845911026001,1,1
2022-11-15,2022-11-16,train_in_sample,SPY,0.5487973690032959,0,0
2022-11-15,2022-11-16,train_in_sample,QQQ,0.5793890357017517,0,0
2022-11-15,2022-11-16,train_in_sample,IWM,0.5302934646606445,0,0
2022-11-16,2022-11-17,train_in_sample,SPY,0.5395165681838989,0,0
2022-11-16,2022-11-17,train_in_sample,QQQ,0.5739855170249939,0,0
2022-11-16,2022-11-17,train_in_sample,IWM,0.4998471736907959,0,1
2022-11-17,2022-11-18,train_in_sample,SPY,0.5423386096954346,1,1
2022-11-17,2022-11-18,train_in_sample,QQQ,0.590938150882721,1,1
2022-11-17,2022-11-18,train_in_sample,IWM,0.5225098729133606,1,1
2022-11-18,2022-11-21,train_in_sample,SPY,0.5807400941848755,0,0
2022-11-18,2022-11-21,train_in_sample,QQQ,0.5961010456085205,0,0
2022-11-18,2022-11-21,train_in_sample,IWM,0.5053699612617493,0,0
2022-11-21,2022-11-22,train_in_sample,SPY,0.5778350830078125,1,1
2022-11-21,2022-11-22,train_in_sample,QQQ,0.5837929844856262,1,1
2022-11-21,2022-11-22,train_in_sample,IWM,0.5073362588882446,1,1
2022-11-22,2022-11-23,train_in_sample,SPY,0.5558220744132996,1,1
2022-11-22,2022-11-23,train_in_sample,QQQ,0.578342080116272,1,1
2022-11-22,2022-11-23,train_in_sample,IWM,0.5243707299232483,1,1
2022-11-23,2022-11-25,train_in_sample,SPY,0.5643942952156067,0,0
2022-11-23,2022-11-25,train_in_sample,QQQ,0.5968875885009766,0,0
2022-11-23,2022-11-25,train_in_sample,IWM,0.5178931951522827,1,1
2022-11-25,2022-11-28,train_in_sample,SPY,0.5856802463531494,0,0
2022-11-25,2022-11-28,train_in_sample,QQQ,0.6231184601783752,0,0
2022-11-25,2022-11-28,train_in_sample,IWM,0.48892515897750854,0,1
2022-11-28,2022-11-29,train_in_sample,SPY,0.5340681672096252,0,0
2022-11-28,2022-11-29,train_in_sample,QQQ,0.5807604193687439,0,0
2022-11-28,2022-11-29,train_in_sample,IWM,0.5089253187179565,1,1
2022-11-29,2022-11-30,train_in_sample,SPY,0.5860112309455872,1,1
2022-11-29,2022-11-30,train_in_sample,QQQ,0.60844886302948,1,1
2022-11-29,2022-11-30,train_in_sample,IWM,0.48769229650497437,1,0
2022-11-30,2022-12-01,train_in_sample,SPY,0.5729667544364929,0,0
2022-11-30,2022-12-01,train_in_sample,QQQ,0.6007631421089172,1,1
2022-11-30,2022-12-01,train_in_sample,IWM,0.6101850271224976,0,0
2022-12-01,2022-12-02,train_in_sample,SPY,0.5906767249107361,0,0
2022-12-01,2022-12-02,train_in_sample,QQQ,0.6019634008407593,0,0
2022-12-01,2022-12-02,train_in_sample,IWM,0.5218791961669922,1,1
2022-12-02,2022-12-05,train_in_sample,SPY,0.5842633843421936,0,0
2022-12-02,2022-12-05,train_in_sample,QQQ,0.6134855151176453,0,0
2022-12-02,2022-12-05,train_in_sample,IWM,0.5391855835914612,0,0
2022-12-05,2022-12-06,train_in_sample,SPY,0.5393988490104675,0,0
2022-12-05,2022-12-06,train_in_sample,QQQ,0.5572333335876465,0,0
2022-12-05,2022-12-06,train_in_sample,IWM,0.5202624201774597,0,0
2022-12-06,2022-12-07,train_in_sample,SPY,0.5648986101150513,0,0
2022-12-06,2022-12-07,train_in_sample,QQQ,0.551140308380127,0,0
2022-12-06,2022-12-07,train_in_sample,IWM,0.5383546352386475,0,0
2022-12-07,2022-12-08,train_in_sample,SPY,0.5426579713821411,1,1
2022-12-07,2022-12-08,train_in_sample,QQQ,0.5609411001205444,1,1
2022-12-07,2022-12-08,train_in_sample,IWM,0.521001398563385,1,1
2022-12-08,2022-12-09,train_in_sample,SPY,0.5576559901237488,0,0
2022-12-08,2022-12-09,train_in_sample,QQQ,0.5895153880119324,0,0
2022-12-08,2022-12-09,train_in_sample,IWM,0.5474727749824524,0,0
2022-12-09,2022-12-12,train_in_sample,SPY,0.5344366431236267,1,1
2022-12-09,2022-12-12,train_in_sample,QQQ,0.5338672995567322,1,1
2022-12-09,2022-12-12,train_in_sample,IWM,0.5217165946960449,1,1
2022-12-12,2022-12-13,train_in_sample,SPY,0.5745598673820496,1,1
2022-12-12,2022-12-13,train_in_sample,QQQ,0.5884628891944885,1,1
2022-12-12,2022-12-13,train_in_sample,IWM,0.5598356127738953,1,1
2022-12-13,2022-12-14,train_in_sample,SPY,0.5928439497947693,0,0
2022-12-13,2022-12-14,train_in_sample,QQQ,0.5436456799507141,0,0
2022-12-13,2022-12-14,train_in_sample,IWM,0.5572718977928162,0,0
2022-12-14,2022-12-15,train_in_sample,SPY,0.5641869306564331,0,0
2022-12-14,2022-12-15,train_in_sample,QQQ,0.5529347658157349,0,0
2022-12-14,2022-12-15,train_in_sample,IWM,0.5288010239601135,0,0
2022-12-15,2022-12-16,train_in_sample,SPY,0.5312748551368713,0,0
2022-12-15,2022-12-16,train_in_sample,QQQ,0.5144971013069153,0,0
2022-12-15,2022-12-16,train_in_sample,IWM,0.5280890464782715,0,0
2022-12-16,2022-12-19,train_in_sample,SPY,0.5636512637138367,0,0
2022-12-16,2022-12-19,train_in_sample,QQQ,0.5408077836036682,0,0
2022-12-16,2022-12-19,train_in_sample,IWM,0.5365185141563416,0,0
2022-12-19,2022-12-20,train_in_sample,SPY,0.5692030787467957,1,1
2022-12-19,2022-12-20,train_in_sample,QQQ,0.5488200783729553,0,0
2022-12-19,2022-12-20,train_in_sample,IWM,0.5359852910041809,1,1
2022-12-20,2022-12-21,train_in_sample,SPY,0.5769934058189392,1,1
2022-12-20,2022-12-21,train_in_sample,QQQ,0.5810824036598206,1,1
2022-12-20,2022-12-21,train_in_sample,IWM,0.5311118364334106,1,1
2022-12-21,2022-12-22,train_in_sample,SPY,0.5873101353645325,0,0
2022-12-21,2022-12-22,train_in_sample,QQQ,0.6128793358802795,0,0
2022-12-21,2022-12-22,train_in_sample,IWM,0.5217124819755554,0,0
2022-12-22,2022-12-23,train_in_sample,SPY,0.5710166692733765,1,1
2022-12-22,2022-12-23,train_in_sample,QQQ,0.5656793117523193,1,1
2022-12-22,2022-12-23,train_in_sample,IWM,0.5290690660476685,1,1
2022-12-23,2022-12-27,train_in_sample,SPY,0.5846197009086609,0,0
2022-12-23,2022-12-27,train_in_sample,QQQ,0.6162921786308289,0,0
2022-12-23,2022-12-27,train_in_sample,IWM,0.5019819736480713,0,0
2022-12-27,2022-12-28,train_in_sample,SPY,0.5926771759986877,0,0
2022-12-27,2022-12-28,train_in_sample,QQQ,0.5888299942016602,0,0
2022-12-27,2022-12-28,train_in_sample,IWM,0.5165069699287415,0,0
2022-12-28,2022-12-29,train_in_sample,SPY,0.5366783142089844,1,1
2022-12-28,2022-12-29,train_in_sample,QQQ,0.5623458027839661,1,1
2022-12-28,2022-12-29,train_in_sample,IWM,0.5291696786880493,1,1
2022-12-29,2022-12-30,train_in_sample,SPY,0.5921138525009155,0,0
2022-12-29,2022-12-30,train_in_sample,QQQ,0.6122696399688721,0,0
2022-12-29,2022-12-30,train_in_sample,IWM,0.5444075465202332,0,0
2022-12-30,2023-01-03,test_prequential,SPY,0.5663576126098633,0,0
2022-12-30,2023-01-03,test_prequential,QQQ,0.5797707438468933,0,0
2022-12-30,2023-01-03,test_prequential,IWM,0.5483892560005188,0,0
2023-01-03,2023-01-04,test_prequential,SPY,0.5566864609718323,1,1
2023-01-03,2023-01-04,test_prequential,QQQ,0.561302661895752,1,1
2023-01-03,2023-01-04,test_prequential,IWM,0.5517502427101135,1,1
2023-01-04,2023-01-05,test_prequential,SPY,0.6117361187934875,0,0
2023-01-04,2023-01-05,test_prequential,QQQ,0.6054954528808594,0,0
2023-01-04,2023-01-05,test_prequential,IWM,0.5371412038803101,0,0
2023-01-05,2023-01-06,test_prequential,SPY,0.5614096522331238,1,1
2023-01-05,2023-01-06,test_prequential,QQQ,0.550499677658081,1,1
2023-01-05,2023-01-06,test_prequential,IWM,0.5132278203964233,1,1
2023-01-06,2023-01-09,test_prequential,SPY,0.5994634032249451,0,0
2023-01-06,2023-01-09,test_prequential,QQQ,0.609807014465332,1,1
2023-01-06,2023-01-09,test_prequential,IWM,0.5791100859642029,1,1
2023-01-09,2023-01-10,test_prequential,SPY,0.5625706315040588,1,1
2023-01-09,2023-01-10,test_prequential,QQQ,0.587389349937439,1,1
2023-01-09,2023-01-10,test_prequential,IWM,0.5375635623931885,1,1
2023-01-10,2023-01-11,test_prequential,SPY,0.5891677141189575,1,1
2023-01-10,2023-01-11,test_prequential,QQQ,0.6158953309059143,1,1
2023-01-10,2023-01-11,test_prequential,IWM,0.5251227021217346,1,1
2023-01-11,2023-01-12,test_prequential,SPY,0.586794912815094,1,1
2023-01-11,2023-01-12,test_prequential,QQQ,0.6013261079788208,1,1
2023-01-11,2023-01-12,test_prequential,IWM,0.5569383502006531,1,1
2023-01-12,2023-01-13,test_prequential,SPY,0.5880255699157715,1,1
2023-01-12,2023-01-13,test_prequential,QQQ,0.6070775389671326,1,1
2023-01-12,2023-01-13,test_prequential,IWM,0.523434579372406,1,1
2023-01-13,2023-01-17,test_prequential,SPY,0.5789591073989868,0,0
2023-01-13,2023-01-17,test_prequential,QQQ,0.6233590245246887,1,1
2023-01-13,2023-01-17,test_prequential,IWM,0.5476113557815552,0,0
2023-01-17,2023-01-18,test_prequential,SPY,0.5643752813339233,0,0
2023-01-17,2023-01-18,test_prequential,QQQ,0.5901060104370117,0,0
2023-01-17,2023-01-18,test_prequential,IWM,0.5313324332237244,0,0
2023-01-18,2023-01-19,test_prequential,SPY,0.5495454668998718,0,0
2023-01-18,2023-01-19,test_prequential,QQQ,0.5316936373710632,0,0
2023-01-18,2023-01-19,test_prequential,IWM,0.531646728515625,0,0
2023-01-19,2023-01-20,test_prequential,SPY,0.5742782354354858,1,1
2023-01-19,2023-01-20,test_prequential,QQQ,0.5644604563713074,1,1
2023-01-19,2023-01-20,test_prequential,IWM,0.5232744812965393,1,1
2023-01-20,2023-01-23,test_prequential,SPY,0.5833719968795776,1,1
2023-01-20,2023-01-23,test_prequential,QQQ,0.6042325496673584,1,1
2023-01-20,2023-01-23,test_prequential,IWM,0.5561613440513611,1,1
2023-01-23,2023-01-24,test_prequential,SPY,0.5748736262321472,0,0
2023-01-23,2023-01-24,test_prequential,QQQ,0.597589373588562,0,0
2023-01-23,2023-01-24,test_prequential,IWM,0.5750685930252075,0,0
2023-01-24,2023-01-25,test_prequential,SPY,0.5740102529525757,1,1
2023-01-24,2023-01-25,test_prequential,QQQ,0.588110625743866,0,0
2023-01-24,2023-01-25,test_prequential,IWM,0.5338272452354431,1,1
2023-01-25,2023-01-26,test_prequential,SPY,0.5787135362625122,1,1
2023-01-25,2023-01-26,test_prequential,QQQ,0.6229192614555359,1,1
2023-01-25,2023-01-26,test_prequential,IWM,0.5513069033622742,1,1
2023-01-26,2023-01-27,test_prequential,SPY,0.5762455463409424,1,1
2023-01-26,2023-01-27,test_prequential,QQQ,0.5807791352272034,1,1
2023-01-26,2023-01-27,test_prequential,IWM,0.5473990440368652,1,1
2023-01-27,2023-01-30,test_prequential,SPY,0.5537384152412415,0,0
2023-01-27,2023-01-30,test_prequential,QQQ,0.5835897922515869,0,0
2023-01-27,2023-01-30,test_prequential,IWM,0.5480206608772278,0,0
2023-01-30,2023-01-31,test_prequential,SPY,0.571489155292511,1,1
2023-01-30,2023-01-31,test_prequential,QQQ,0.5648970603942871,1,1
2023-01-30,2023-01-31,test_prequential,IWM,0.5126035809516907,1,1
2023-01-31,2023-02-01,test_prequential,SPY,0.5957476496696472,1,1
2023-01-31,2023-02-01,test_prequential,QQQ,0.6233080625534058,1,1
2023-01-31,2023-02-01,test_prequential,IWM,0.5193310976028442,1,1
2023-02-01,2023-02-02,test_prequential,SPY,0.5688368678092957,1,1
2023-02-01,2023-02-02,test_prequential,QQQ,0.600567102432251,1,1
2023-02-01,2023-02-02,test_prequential,IWM,0.5761297941207886,1,1
2023-02-02,2023-02-03,test_prequential,SPY,0.563209056854248,0,0
2023-02-02,2023-02-03,test_prequential,QQQ,0.5725564360618591,0,0
2023-02-02,2023-02-03,test_prequential,IWM,0.5642552375793457,0,0
2023-02-03,2023-02-06,test_prequential,SPY,0.5550858378410339,0,0
2023-02-03,2023-02-06,test_prequential,QQQ,0.5693988800048828,0,0
2023-02-03,2023-02-06,test_prequential,IWM,0.5147273540496826,0,0
2023-02-06,2023-02-07,test_prequential,SPY,0.5473127365112305,1,1
2023-02-06,2023-02-07,test_prequential,QQQ,0.5502603650093079,1,1
2023-02-06,2023-02-07,test_prequential,IWM,0.49789804220199585,1,0
2023-02-07,2023-02-08,test_prequential,SPY,0.5732297301292419,0,0
2023-02-07,2023-02-08,test_prequential,QQQ,0.5943214893341064,0,0
2023-02-07,2023-02-08,test_prequential,IWM,0.5774878263473511,0,0
2023-02-08,2023-02-09,test_prequential,SPY,0.5728542804718018,0,0
2023-02-08,2023-02-09,test_prequential,QQQ,0.566497802734375,0,0
2023-02-08,2023-02-09,test_prequential,IWM,0.5197566151618958,0,0
2023-02-09,2023-02-10,test_prequential,SPY,0.5604442954063416,1,1
2023-02-09,2023-02-10,test_prequential,QQQ,0.5472459197044373,0,0
2023-02-09,2023-02-10,test_prequential,IWM,0.5269768834114075,1,1
2023-02-10,2023-02-13,test_prequential,SPY,0.5968977212905884,1,1
2023-02-10,2023-02-13,test_prequential,QQQ,0.6036052107810974,1,1
2023-02-10,2023-02-13,test_prequential,IWM,0.5168308019638062,1,1
2023-02-13,2023-02-14,test_prequential,SPY,0.5912390351295471,0,0
2023-02-13,2023-02-14,test_prequential,QQQ,0.5925520062446594,1,1
2023-02-13,2023-02-14,test_prequential,IWM,0.5626731514930725,0,0
2023-02-14,2023-02-15,test_prequential,SPY,0.551155149936676,1,1
2023-02-14,2023-02-15,test_prequential,QQQ,0.5826281309127808,1,1
2023-02-14,2023-02-15,test_prequential,IWM,0.5493361353874207,1,1
2023-02-15,2023-02-16,test_prequential,SPY,0.5809914469718933,0,0
2023-02-15,2023-02-16,test_prequential,QQQ,0.5973419547080994,0,0
2023-02-15,2023-02-16,test_prequential,IWM,0.5466499924659729,0,0
2023-02-16,2023-02-17,test_prequential,SPY,0.5708458423614502,0,0
2023-02-16,2023-02-17,test_prequential,QQQ,0.5539518594741821,0,0
2023-02-16,2023-02-17,test_prequential,IWM,0.5304405093193054,1,1
2023-02-17,2023-02-21,test_prequential,SPY,0.6098947525024414,0,0
2023-02-17,2023-02-21,test_prequential,QQQ,0.6113859415054321,0,0
2023-02-17,2023-02-21,test_prequential,IWM,0.537973940372467,0,0
2023-02-21,2023-02-22,test_prequential,SPY,0.5300933122634888,0,0
2023-02-21,2023-02-22,test_prequential,QQQ,0.5506642460823059,1,1
2023-02-21,2023-02-22,test_prequential,IWM,0.5313146114349365,1,1
2023-02-22,2023-02-23,test_prequential,SPY,0.5791776776313782,1,1
2023-02-22,2023-02-23,test_prequential,QQQ,0.5895615220069885,1,1
2023-02-22,2023-02-23,test_prequential,IWM,0.5232412815093994,1,1
2023-02-23,2023-02-24,test_prequential,SPY,0.6069983839988708,0,0
2023-02-23,2023-02-24,test_prequential,QQQ,0.5852805376052856,0,0
2023-02-23,2023-02-24,test_prequential,IWM,0.5401732921600342,0,0
2023-02-24,2023-02-27,test_prequential,SPY,0.5531421303749084,1,1
2023-02-24,2023-02-27,test_prequential,QQQ,0.564821183681488,1,1
2023-02-24,2023-02-27,test_prequential,IWM,0.5244569778442383,1,1
2023-02-27,2023-02-28,test_prequential,SPY,0.5783858895301819,0,0
2023-02-27,2023-02-28,test_prequential,QQQ,0.5842651724815369,0,0
2023-02-27,2023-02-28,test_prequential,IWM,0.5082368850708008,1,1
2023-02-28,2023-03-01,test_prequential,SPY,0.5812228322029114,0,0
2023-02-28,2023-03-01,test_prequential,QQQ,0.5855700969696045,0,0
2023-02-28,2023-03-01,test_prequential,IWM,0.5183408260345459,1,1
2023-03-01,2023-03-02,test_prequential,SPY,0.5662426352500916,1,1
2023-03-01,2023-03-02,test_prequential,QQQ,0.5570681691169739,1,1
2023-03-01,2023-03-02,test_prequential,IWM,0.5123582482337952,1,1
2023-03-02,2023-03-03,test_prequential,SPY,0.5631369352340698,1,1
2023-03-02,2023-03-03,test_prequential,QQQ,0.6005191206932068,1,1
2023-03-02,2023-03-03,test_prequential,IWM,0.5562711954116821,1,1
2023-03-03,2023-03-06,test_prequential,SPY,0.5875887274742126,1,1
2023-03-03,2023-03-06,test_prequential,QQQ,0.5806865096092224,1,1
2023-03-03,2023-03-06,test_prequential,IWM,0.5557061433792114,0,0
2023-03-06,2023-03-07,test_prequential,SPY,0.5600330829620361,0,0
2023-03-06,2023-03-07,test_prequential,QQQ,0.5464648604393005,0,0
2023-03-06,2023-03-07,test_prequential,IWM,0.5396514534950256,0,0
2023-03-07,2023-03-08,test_prequential,SPY,0.5611152648925781,1,1
2023-03-07,2023-03-08,test_prequential,QQQ,0.5599853992462158,1,1
2023-03-07,2023-03-08,test_prequential,IWM,0.5348456501960754,1,1
2023-03-08,2023-03-09,test_prequential,SPY,0.5723795890808105,0,0
2023-03-08,2023-03-09,test_prequential,QQQ,0.5901035666465759,0,0
2023-03-08,2023-03-09,test_prequential,IWM,0.5373938679695129,0,0
2023-03-09,2023-03-10,test_prequential,SPY,0.5104697942733765,0,0
2023-03-09,2023-03-10,test_prequential,QQQ,0.49119463562965393,0,1
2023-03-09,2023-03-10,test_prequential,IWM,0.543546736240387,0,0
2023-03-10,2023-03-13,test_prequential,SPY,0.5154930949211121,0,0
2023-03-10,2023-03-13,test_prequential,QQQ,0.5146048665046692,1,1
2023-03-10,2023-03-13,test_prequential,IWM,0.5429377555847168,0,0
2023-03-13,2023-03-14,test_prequential,SPY,0.5445758104324341,1,1
2023-03-13,2023-03-14,test_prequential,QQQ,0.5362446308135986,1,1
2023-03-13,2023-03-14,test_prequential,IWM,0.5876665115356445,1,1
2023-03-14,2023-03-15,test_prequential,SPY,0.599708616733551,0,0
2023-03-14,2023-03-15,test_prequential,QQQ,0.5861730575561523,1,1
2023-03-14,2023-03-15,test_prequential,IWM,0.5459359884262085,0,0
2023-03-15,2023-03-16,test_prequential,SPY,0.5319889187812805,1,1
2023-03-15,2023-03-16,test_prequential,QQQ,0.548103392124176,1,1
2023-03-15,2023-03-16,test_prequential,IWM,0.5667341947555542,1,1
2023-03-16,2023-03-17,test_prequential,SPY,0.5704357624053955,0,0
2023-03-16,2023-03-17,test_prequential,QQQ,0.5654852986335754,0,0
2023-03-16,2023-03-17,test_prequential,IWM,0.594744861125946,0,0
2023-03-17,2023-03-20,test_prequential,SPY,0.5510531067848206,1,1
2023-03-17,2023-03-20,test_prequential,QQQ,0.5348055958747864,1,1
2023-03-17,2023-03-20,test_prequential,IWM,0.5510210394859314,1,1
2023-03-20,2023-03-21,test_prequential,SPY,0.6037987470626831,1,1
2023-03-20,2023-03-21,test_prequential,QQQ,0.5955052971839905,1,1
2023-03-20,2023-03-21,test_prequential,IWM,0.5545077323913574,1,1
2023-03-21,2023-03-22,test_prequential,SPY,0.5880823135375977,0,0
2023-03-21,2023-03-22,test_prequential,QQQ,0.5786429047584534,0,0
2023-03-21,2023-03-22,test_prequential,IWM,0.5362986922264099,0,0
2023-03-22,2023-03-23,test_prequential,SPY,0.5339093804359436,1,1
2023-03-22,2023-03-23,test_prequential,QQQ,0.5404664874076843,1,1
2023-03-22,2023-03-23,test_prequential,IWM,0.5569216012954712,0,0
2023-03-23,2023-03-24,test_prequential,SPY,0.5504482388496399,1,1
2023-03-23,2023-03-24,test_prequential,QQQ,0.5449631810188293,1,1
2023-03-23,2023-03-24,test_prequential,IWM,0.5777100920677185,1,1
2023-03-24,2023-03-27,test_prequential,SPY,0.5936638712882996,1,1
2023-03-24,2023-03-27,test_prequential,QQQ,0.5771207213401794,0,0
2023-03-24,2023-03-27,test_prequential,IWM,0.5538251399993896,1,1
2023-03-27,2023-03-28,test_prequential,SPY,0.6149754524230957,0,0
2023-03-27,2023-03-28,test_prequential,QQQ,0.6254944205284119,0,0
2023-03-27,2023-03-28,test_prequential,IWM,0.5361638069152832,0,0
2023-03-28,2023-03-29,test_prequential,SPY,0.5733267664909363,1,1
2023-03-28,2023-03-29,test_prequential,QQQ,0.5742319822311401,1,1
2023-03-28,2023-03-29,test_prequential,IWM,0.5196176171302795,1,1
2023-03-29,2023-03-30,test_prequential,SPY,0.5829275846481323,1,1
2023-03-29,2023-03-30,test_prequential,QQQ,0.5940313935279846,1,1
2023-03-29,2023-03-30,test_prequential,IWM,0.5336157083511353,0,0
2023-03-30,2023-03-31,test_prequential,SPY,0.5624687075614929,1,1
2023-03-30,2023-03-31,test_prequential,QQQ,0.5814975500106812,1,1
2023-03-30,2023-03-31,test_prequential,IWM,0.5349573493003845,1,1
2023-03-31,2023-04-03,test_prequential,SPY,0.5911803245544434,1,1
2023-03-31,2023-04-03,test_prequential,QQQ,0.6260409951210022,0,0
2023-03-31,2023-04-03,test_prequential,IWM,0.5520771145820618,1,1
2023-04-03,2023-04-04,test_prequential,SPY,0.5898780226707458,0,0
2023-04-03,2023-04-04,test_prequential,QQQ,0.5951691269874573,0,0
2023-04-03,2023-04-04,test_prequential,IWM,0.5284624695777893,0,0
2023-04-04,2023-04-05,test_prequential,SPY,0.5325166583061218,0,0
2023-04-04,2023-04-05,test_prequential,QQQ,0.5395234227180481,0,0
2023-04-04,2023-04-05,test_prequential,IWM,0.5205243229866028,0,0
2023-04-05,2023-04-06,test_prequential,SPY,0.5830415487289429,1,1
2023-04-05,2023-04-06,test_prequential,QQQ,0.5844463109970093,1,1
2023-04-05,2023-04-06,test_prequential,IWM,0.5224147439002991,1,1
2023-04-06,2023-04-10,test_prequential,SPY,0.5761594176292419,1,1
2023-04-06,2023-04-10,test_prequential,QQQ,0.608341634273529,0,0
2023-04-06,2023-04-10,test_prequential,IWM,0.535976767539978,1,1
2023-04-10,2023-04-11,test_prequential,SPY,0.5993478894233704,1,1
2023-04-10,2023-04-11,test_prequential,QQQ,0.6376127600669861,0,0
2023-04-10,2023-04-11,test_prequential,IWM,0.5369893908500671,1,1
2023-04-11,2023-04-12,test_prequential,SPY,0.6053886413574219,0,0
2023-04-11,2023-04-12,test_prequential,QQQ,0.6433387398719788,0,0
2023-04-11,2023-04-12,test_prequential,IWM,0.4944614768028259,0,1
2023-04-12,2023-04-13,test_prequential,SPY,0.5738494992256165,1,1
2023-04-12,2023-04-13,test_prequential,QQQ,0.5851081013679504,1,1
2023-04-12,2023-04-13,test_prequential,IWM,0.5257450342178345,1,1
2023-04-13,2023-04-14,test_prequential,SPY,0.5684817433357239,0,0
2023-04-13,2023-04-14,test_prequential,QQQ,0.5894585251808167,0,0
2023-04-13,2023-04-14,test_prequential,IWM,0.5593129396438599,0,0
2023-04-14,2023-04-17,test_prequential,SPY,0.5594967603683472,1,1
2023-04-14,2023-04-17,test_prequential,QQQ,0.5662783980369568,1,1
2023-04-14,2023-04-17,test_prequential,IWM,0.5179447531700134,1,1
2023-04-17,2023-04-18,test_prequential,SPY,0.603728711605072,1,1
2023-04-17,2023-04-18,test_prequential,QQQ,0.619441032409668,1,1
2023-04-17,2023-04-18,test_prequential,IWM,0.5220921635627747,0,0
2023-04-18,2023-04-19,test_prequential,SPY,0.5647184252738953,0,0
2023-04-18,2023-04-19,test_prequential,QQQ,0.5714658498764038,0,0
2023-04-18,2023-04-19,test_prequential,IWM,0.5102680325508118,1,1
2023-04-19,2023-04-20,test_prequential,SPY,0.5639022588729858,0,0
2023-04-19,2023-04-20,test_prequential,QQQ,0.5836450457572937,0,0
2023-04-19,2023-04-20,test_prequential,IWM,0.5270279049873352,0,0
2023-04-20,2023-04-21,test_prequential,SPY,0.5748313665390015,1,1
2023-04-20,2023-04-21,test_prequential,QQQ,0.6067357063293457,1,1
2023-04-20,2023-04-21,test_prequential,IWM,0.5160722732543945,1,1
2023-04-21,2023-04-24,test_prequential,SPY,0.5668589472770691,1,1
2023-04-21,2023-04-24,test_prequential,QQQ,0.5832439661026001,0,0
2023-04-21,2023-04-24,test_prequential,IWM,0.5270253419876099,0,0
2023-04-24,2023-04-25,test_prequential,SPY,0.6051232218742371,0,0
2023-04-24,2023-04-25,test_prequential,QQQ,0.6205891370773315,0,0
2023-04-24,2023-04-25,test_prequential,IWM,0.5372036695480347,0,0
2023-04-25,2023-04-26,test_prequential,SPY,0.5342457294464111,0,0
2023-04-25,2023-04-26,test_prequential,QQQ,0.5472573041915894,1,1
2023-04-25,2023-04-26,test_prequential,IWM,0.5321688055992126,0,0
2023-04-26,2023-04-27,test_prequential,SPY,0.546707034111023,1,1
2023-04-26,2023-04-27,test_prequential,QQQ,0.5604003667831421,1,1
2023-04-26,2023-04-27,test_prequential,IWM,0.5321907997131348,1,1
2023-04-27,2023-04-28,test_prequential,SPY,0.598558247089386,1,1
2023-04-27,2023-04-28,test_prequential,QQQ,0.6148252487182617,1,1
2023-04-27,2023-04-28,test_prequential,IWM,0.5733405947685242,1,1
2023-04-28,2023-05-01,test_prequential,SPY,0.5885918140411377,0,0
2023-04-28,2023-05-01,test_prequential,QQQ,0.5953933596611023,0,0
2023-04-28,2023-05-01,test_prequential,IWM,0.5450181365013123,1,1
2023-05-01,2023-05-02,test_prequential,SPY,0.5820801854133606,0,0
2023-05-01,2023-05-02,test_prequential,QQQ,0.594667911529541,0,0
2023-05-01,2023-05-02,test_prequential,IWM,0.5261389017105103,0,0
2023-05-02,2023-05-03,test_prequential,SPY,0.515875518321991,0,0
2023-05-02,2023-05-03,test_prequential,QQQ,0.5395030379295349,0,0
2023-05-02,2023-05-03,test_prequential,IWM,0.5168579816818237,1,1
2023-05-03,2023-05-04,test_prequential,SPY,0.5711431503295898,0,0
2023-05-03,2023-05-04,test_prequential,QQQ,0.5872900485992432,0,0
2023-05-03,2023-05-04,test_prequential,IWM,0.5434239506721497,0,0
2023-05-04,2023-05-05,test_prequential,SPY,0.5358027815818787,1,1
2023-05-04,2023-05-05,test_prequential,QQQ,0.5688192248344421,1,1
2023-05-04,2023-05-05,test_prequential,IWM,0.5420299172401428,1,1
2023-05-05,2023-05-08,test_prequential,SPY,0.5900140404701233,1,1
2023-05-05,2023-05-08,test_prequential,QQQ,0.615725040435791,1,1
2023-05-05,2023-05-08,test_prequential,IWM,0.5549295544624329,0,0
2023-05-08,2023-05-09,test_prequential,SPY,0.5529333353042603,0,0
2023-05-08,2023-05-09,test_prequential,QQQ,0.568326473236084,0,0
2023-05-08,2023-05-09,test_prequential,IWM,0.5132272839546204,0,0
2023-05-09,2023-05-10,test_prequential,SPY,0.5385628342628479,1,1
2023-05-09,2023-05-10,test_prequential,QQQ,0.5672635436058044,1,1
2023-05-09,2023-05-10,test_prequential,IWM,0.4975444972515106,1,0
2023-05-10,2023-05-11,test_prequential,SPY,0.5653103590011597,0,0
2023-05-10,2023-05-11,test_prequential,QQQ,0.5840024948120117,1,1
2023-05-10,2023-05-11,test_prequential,IWM,0.5424051880836487,0,0
2023-05-11,2023-05-12,test_prequential,SPY,0.5560058355331421,0,0
2023-05-11,2023-05-12,test_prequential,QQQ,0.5845996737480164,0,0
2023-05-11,2023-05-12,test_prequential,IWM,0.5375397801399231,0,0
2023-05-12,2023-05-15,test_prequential,SPY,0.5576241612434387,1,1
2023-05-12,2023-05-15,test_prequential,QQQ,0.597778856754303,1,1
2023-05-12,2023-05-15,test_prequential,IWM,0.5274157524108887,1,1
2023-05-15,2023-05-16,test_prequential,SPY,0.59027498960495,0,0
2023-05-15,2023-05-16,test_prequential,QQQ,0.62708580493927,1,1
2023-05-15,2023-05-16,test_prequential,IWM,0.5189043879508972,0,0
2023-05-16,2023-05-17,test_prequential,SPY,0.5091409087181091,1,1
2023-05-16,2023-05-17,test_prequential,QQQ,0.5517829060554504,1,1
2023-05-16,2023-05-17,test_prequential,IWM,0.522617757320404,1,1
2023-05-17,2023-05-18,test_prequential,SPY,0.6151949763298035,1,1
2023-05-17,2023-05-18,test_prequential,QQQ,0.6346892714500427,1,1
2023-05-17,2023-05-18,test_prequential,IWM,0.5638042092323303,1,1
2023-05-18,2023-05-19,test_prequential,SPY,0.5745720863342285,0,0
2023-05-18,2023-05-19,test_prequential,QQQ,0.5934504866600037,0,0
2023-05-18,2023-05-19,test_prequential,IWM,0.5686892867088318,0,0
2023-05-19,2023-05-22,test_prequential,SPY,0.5712143778800964,1,1
2023-05-19,2023-05-22,test_prequential,QQQ,0.5639411211013794,1,1
2023-05-19,2023-05-22,test_prequential,IWM,0.5184673070907593,1,1
2023-05-22,2023-05-23,test_prequential,SPY,0.6094096899032593,0,0
2023-05-22,2023-05-23,test_prequential,QQQ,0.6396846175193787,0,0
2023-05-22,2023-05-23,test_prequential,IWM,0.5279921889305115,0,0
2023-05-23,2023-05-24,test_prequential,SPY,0.576747477054596,0,0
2023-05-23,2023-05-24,test_prequential,QQQ,0.5921090841293335,0,0
2023-05-23,2023-05-24,test_prequential,IWM,0.5144220590591431,0,0
2023-05-24,2023-05-25,test_prequential,SPY,0.5534618496894836,1,1
2023-05-24,2023-05-25,test_prequential,QQQ,0.5720844864845276,1,1
2023-05-24,2023-05-25,test_prequential,IWM,0.5127018690109253,0,0
2023-05-25,2023-05-26,test_prequential,SPY,0.5369781255722046,1,1
2023-05-25,2023-05-26,test_prequential,QQQ,0.5350872874259949,1,1
2023-05-25,2023-05-26,test_prequential,IWM,0.549603283405304,1,1
2023-05-26,2023-05-30,test_prequential,SPY,0.5817953944206238,1,1
2023-05-26,2023-05-30,test_prequential,QQQ,0.6242383718490601,1,1
2023-05-26,2023-05-30,test_prequential,IWM,0.5707104206085205,0,0
2023-05-30,2023-05-31,test_prequential,SPY,0.5687234401702881,0,0
2023-05-30,2023-05-31,test_prequential,QQQ,0.5773317813873291,0,0
2023-05-30,2023-05-31,test_prequential,IWM,0.5370133519172668,0,0
2023-05-31,2023-06-01,test_prequential,SPY,0.5576332211494446,1,1
2023-05-31,2023-06-01,test_prequential,QQQ,0.5800639986991882,1,1
2023-05-31,2023-06-01,test_prequential,IWM,0.5407642722129822,1,1
2023-06-01,2023-06-02,test_prequential,SPY,0.5996307134628296,1,1
2023-06-01,2023-06-02,test_prequential,QQQ,0.6204522848129272,1,1
2023-06-01,2023-06-02,test_prequential,IWM,0.5491687059402466,1,1
2023-06-02,2023-06-05,test_prequential,SPY,0.6414954662322998,0,0
2023-06-02,2023-06-05,test_prequential,QQQ,0.6427053213119507,1,1
2023-06-02,2023-06-05,test_prequential,IWM,0.5325779318809509,0,0
2023-06-05,2023-06-06,test_prequential,SPY,0.5605818033218384,1,1
2023-06-05,2023-06-06,test_prequential,QQQ,0.5880035758018494,0,0
2023-06-05,2023-06-06,test_prequential,IWM,0.5270360112190247,1,1
2023-06-06,2023-06-07,test_prequential,SPY,0.616448163986206,0,0
2023-06-06,2023-06-07,test_prequential,QQQ,0.6632428765296936,0,0
2023-06-06,2023-06-07,test_prequential,IWM,0.509088397026062,1,1
2023-06-07,2023-06-08,test_prequential,SPY,0.613796055316925,1,1
2023-06-07,2023-06-08,test_prequential,QQQ,0.6194750666618347,1,1
2023-06-07,2023-06-08,test_prequential,IWM,0.5213029980659485,0,0
2023-06-08,2023-06-09,test_prequential,SPY,0.5615202784538269,1,1
2023-06-08,2023-06-09,test_prequential,QQQ,0.5873986482620239,1,1
2023-06-08,2023-06-09,test_prequential,IWM,0.549209713935852,0,0
2023-06-09,2023-06-12,test_prequential,SPY,0.5652674436569214,1,1
2023-06-09,2023-06-12,test_prequential,QQQ,0.5633111000061035,1,1
2023-06-09,2023-06-12,test_prequential,IWM,0.5261963605880737,1,1
2023-06-12,2023-06-13,test_prequential,SPY,0.5839371085166931,1,1
2023-06-12,2023-06-13,test_prequential,QQQ,0.6107441186904907,1,1
2023-06-12,2023-06-13,test_prequential,IWM,0.5533114075660706,1,1
2023-06-13,2023-06-14,test_prequential,SPY,0.6118786334991455,1,1
2023-06-13,2023-06-14,test_prequential,QQQ,0.6175859570503235,1,1
2023-06-13,2023-06-14,test_prequential,IWM,0.5331175923347473,0,0
2023-06-14,2023-06-15,test_prequential,SPY,0.5431589484214783,1,1
2023-06-14,2023-06-15,test_prequential,QQQ,0.5542923212051392,1,1
2023-06-14,2023-06-15,test_prequential,IWM,0.5492032170295715,1,1
2023-06-15,2023-06-16,test_prequential,SPY,0.5787675976753235,0,0
2023-06-15,2023-06-16,test_prequential,QQQ,0.6047301292419434,0,0
2023-06-15,2023-06-16,test_prequential,IWM,0.5586208701133728,0,0
2023-06-16,2023-06-20,test_prequential,SPY,0.5787848830223083,0,0
2023-06-16,2023-06-20,test_prequential,QQQ,0.5745943188667297,0,0
2023-06-16,2023-06-20,test_prequential,IWM,0.5394550561904907,0,0
2023-06-20,2023-06-21,test_prequential,SPY,0.5538416504859924,0,0
2023-06-20,2023-06-21,test_prequential,QQQ,0.5720418691635132,0,0
2023-06-20,2023-06-21,test_prequential,IWM,0.5425918698310852,0,0
2023-06-21,2023-06-22,test_prequential,SPY,0.5731484889984131,1,1
2023-06-21,2023-06-22,test_prequential,QQQ,0.5999444723129272,1,1
2023-06-21,2023-06-22,test_prequential,IWM,0.5093179941177368,0,0
2023-06-22,2023-06-23,test_prequential,SPY,0.5488473176956177,0,0
2023-06-22,2023-06-23,test_prequential,QQQ,0.5625494718551636,0,0
2023-06-22,2023-06-23,test_prequential,IWM,0.5532652139663696,0,0
2023-06-23,2023-06-26,test_prequential,SPY,0.5497629642486572,0,0
2023-06-23,2023-06-26,test_prequential,QQQ,0.5642667412757874,0,0
2023-06-23,2023-06-26,test_prequential,IWM,0.5251456499099731,1,1
2023-06-26,2023-06-27,test_prequential,SPY,0.6115923523902893,1,1
2023-06-26,2023-06-27,test_prequential,QQQ,0.6315100193023682,1,1
2023-06-26,2023-06-27,test_prequential,IWM,0.5355571508407593,1,1
2023-06-27,2023-06-28,test_prequential,SPY,0.5805090665817261,1,1
2023-06-27,2023-06-28,test_prequential,QQQ,0.6148368716239929,1,1
2023-06-27,2023-06-28,test_prequential,IWM,0.5616651773452759,1,1
2023-06-28,2023-06-29,test_prequential,SPY,0.583747386932373,1,1
2023-06-28,2023-06-29,test_prequential,QQQ,0.6020442843437195,0,0
2023-06-28,2023-06-29,test_prequential,IWM,0.5404768586158752,1,1
2023-06-29,2023-06-30,test_prequential,SPY,0.6155317425727844,1,1
2023-06-29,2023-06-30,test_prequential,QQQ,0.6236573457717896,1,1
2023-06-29,2023-06-30,test_prequential,IWM,0.5322180390357971,1,1
2023-06-30,2023-07-03,test_prequential,SPY,0.572268009185791,1,1
2023-06-30,2023-07-03,test_prequential,QQQ,0.587683379650116,1,1
2023-06-30,2023-07-03,test_prequential,IWM,0.5480097532272339,1,1
2023-07-03,2023-07-05,test_prequential,SPY,0.592339813709259,0,0
2023-07-03,2023-07-05,test_prequential,QQQ,0.6397371888160706,0,0
2023-07-03,2023-07-05,test_prequential,IWM,0.517710268497467,0,0
2023-07-05,2023-07-06,test_prequential,SPY,0.5523966550827026,0,0
2023-07-05,2023-07-06,test_prequential,QQQ,0.5727999806404114,0,0
2023-07-05,2023-07-06,test_prequential,IWM,0.5153605937957764,0,0
2023-07-06,2023-07-07,test_prequential,SPY,0.5439937710762024,0,0
2023-07-06,2023-07-07,test_prequential,QQQ,0.5687270760536194,0,0
2023-07-06,2023-07-07,test_prequential,IWM,0.5276804566383362,1,1
2023-07-07,2023-07-10,test_prequential,SPY,0.6020321846008301,1,1
2023-07-07,2023-07-10,test_prequential,QQQ,0.6379080414772034,1,1
2023-07-07,2023-07-10,test_prequential,IWM,0.5034459233283997,1,1
2023-07-10,2023-07-11,test_prequential,SPY,0.6035647988319397,1,1
2023-07-10,2023-07-11,test_prequential,QQQ,0.6375625729560852,1,1
2023-07-10,2023-07-11,test_prequential,IWM,0.523334264755249,1,1
2023-07-11,2023-07-12,test_prequential,SPY,0.6002707481384277,1,1
2023-07-11,2023-07-12,test_prequential,QQQ,0.6285996437072754,1,1
2023-07-11,2023-07-12,test_prequential,IWM,0.5254647135734558,1,1
2023-07-12,2023-07-13,test_prequential,SPY,0.5794212222099304,1,1
2023-07-12,2023-07-13,test_prequential,QQQ,0.5925077199935913,1,1
2023-07-12,2023-07-13,test_prequential,IWM,0.5239711403846741,1,1
2023-07-13,2023-07-14,test_prequential,SPY,0.5725125074386597,0,0
2023-07-13,2023-07-14,test_prequential,QQQ,0.6190346479415894,0,0
2023-07-13,2023-07-14,test_prequential,IWM,0.5310918688774109,0,0
2023-07-14,2023-07-17,test_prequential,SPY,0.5383337140083313,1,1
2023-07-14,2023-07-17,test_prequential,QQQ,0.5452817678451538,1,1
2023-07-14,2023-07-17,test_prequential,IWM,0.5324413180351257,1,1
2023-07-17,2023-07-18,test_prequential,SPY,0.5752984285354614,1,1
2023-07-17,2023-07-18,test_prequential,QQQ,0.6329668164253235,1,1
2023-07-17,2023-07-18,test_prequential,IWM,0.5269014835357666,1,1
2023-07-18,2023-07-19,test_prequential,SPY,0.590437114238739,1,1
2023-07-18,2023-07-19,test_prequential,QQQ,0.6294450759887695,0,0
2023-07-18,2023-07-19,test_prequential,IWM,0.5528049468994141,1,1
2023-07-19,2023-07-20,test_prequential,SPY,0.5879802107810974,0,0
2023-07-19,2023-07-20,test_prequential,QQQ,0.6079405546188354,0,0
2023-07-19,2023-07-20,test_prequential,IWM,0.5231959819793701,0,0
2023-07-20,2023-07-21,test_prequential,SPY,0.5846706032752991,0,0
2023-07-20,2023-07-21,test_prequential,QQQ,0.5942716002464294,0,0
2023-07-20,2023-07-21,test_prequential,IWM,0.5135036706924438,0,0
2023-07-21,2023-07-24,test_prequential,SPY,0.5986390709877014,1,1
2023-07-21,2023-07-24,test_prequential,QQQ,0.6186189651489258,1,1
2023-07-21,2023-07-24,test_prequential,IWM,0.5173830986022949,1,1
2023-07-24,2023-07-25,test_prequential,SPY,0.5762857794761658,1,1
2023-07-24,2023-07-25,test_prequential,QQQ,0.6056743264198303,1,1
2023-07-24,2023-07-25,test_prequential,IWM,0.5333002805709839,0,0
2023-07-25,2023-07-26,test_prequential,SPY,0.5543348789215088,1,1
2023-07-25,2023-07-26,test_prequential,QQQ,0.5861729979515076,0,0
2023-07-25,2023-07-26,test_prequential,IWM,0.5373309850692749,1,1
2023-07-26,2023-07-27,test_prequential,SPY,0.5888092517852783,0,0
2023-07-26,2023-07-27,test_prequential,QQQ,0.6371236443519592,0,0
2023-07-26,2023-07-27,test_prequential,IWM,0.5321836471557617,0,0
2023-07-27,2023-07-28,test_prequential,SPY,0.5615120530128479,1,1
2023-07-27,2023-07-28,test_prequential,QQQ,0.5654557347297668,1,1
2023-07-27,2023-07-28,test_prequential,IWM,0.5348864197731018,1,1
2023-07-28,2023-07-31,test_prequential,SPY,0.6207812428474426,1,1
2023-07-28,2023-07-31,test_prequential,QQQ,0.6290977001190186,1,1
2023-07-28,2023-07-31,test_prequential,IWM,0.5583176612854004,1,1
2023-07-31,2023-08-01,test_prequential,SPY,0.6214023232460022,0,0
2023-07-31,2023-08-01,test_prequential,QQQ,0.6493974328041077,0,0
2023-07-31,2023-08-01,test_prequential,IWM,0.5296711325645447,0,0
2023-08-01,2023-08-02,test_prequential,SPY,0.5526149272918701,0,0
2023-08-01,2023-08-02,test_prequential,QQQ,0.5929897427558899,0,0
2023-08-01,2023-08-02,test_prequential,IWM,0.5236849188804626,0,0
2023-08-02,2023-08-03,test_prequential,SPY,0.5790784358978271,0,0
2023-08-02,2023-08-03,test_prequential,QQQ,0.57834392786026,0,0
2023-08-02,2023-08-03,test_prequential,IWM,0.528025209903717,0,0
2023-08-03,2023-08-04,test_prequential,SPY,0.573678195476532,0,0
2023-08-03,2023-08-04,test_prequential,QQQ,0.591266930103302,0,0
2023-08-03,2023-08-04,test_prequential,IWM,0.5112075209617615,0,0
2023-08-04,2023-08-07,test_prequential,SPY,0.570332407951355,1,1
2023-08-04,2023-08-07,test_prequential,QQQ,0.588294267654419,1,1
2023-08-04,2023-08-07,test_prequential,IWM,0.538689911365509,1,1
2023-08-07,2023-08-08,test_prequential,SPY,0.5928112864494324,0,0
2023-08-07,2023-08-08,test_prequential,QQQ,0.6351686120033264,0,0
2023-08-07,2023-08-08,test_prequential,IWM,0.5232554078102112,0,0
2023-08-08,2023-08-09,test_prequential,SPY,0.5780686736106873,0,0
2023-08-08,2023-08-09,test_prequential,QQQ,0.5822229981422424,0,0
2023-08-08,2023-08-09,test_prequential,IWM,0.5165483355522156,0,0
2023-08-09,2023-08-10,test_prequential,SPY,0.589884340763092,1,1
2023-08-09,2023-08-10,test_prequential,QQQ,0.5935435891151428,1,1
2023-08-09,2023-08-10,test_prequential,IWM,0.5273618698120117,0,0
2023-08-10,2023-08-11,test_prequential,SPY,0.5728736519813538,0,0
2023-08-10,2023-08-11,test_prequential,QQQ,0.5753982663154602,0,0
2023-08-10,2023-08-11,test_prequential,IWM,0.5389364957809448,1,1
2023-08-11,2023-08-14,test_prequential,SPY,0.5687071084976196,1,1
2023-08-11,2023-08-14,test_prequential,QQQ,0.5990928411483765,1,1
2023-08-11,2023-08-14,test_prequential,IWM,0.5260747671127319,0,0
2023-08-14,2023-08-15,test_prequential,SPY,0.5506786704063416,0,0
2023-08-14,2023-08-15,test_prequential,QQQ,0.6078075766563416,0,0
2023-08-14,2023-08-15,test_prequential,IWM,0.5447193384170532,0,0
2023-08-15,2023-08-16,test_prequential,SPY,0.5241355299949646,0,0
2023-08-15,2023-08-16,test_prequential,QQQ,0.5549919605255127,0,0
2023-08-15,2023-08-16,test_prequential,IWM,0.5188189148902893,0,0
2023-08-16,2023-08-17,test_prequential,SPY,0.5589655041694641,0,0
2023-08-16,2023-08-17,test_prequential,QQQ,0.570751428604126,0,0
2023-08-16,2023-08-17,test_prequential,IWM,0.5198625922203064,0,0
2023-08-17,2023-08-18,test_prequential,SPY,0.558467447757721,1,1
2023-08-17,2023-08-18,test_prequential,QQQ,0.5757318735122681,0,0
2023-08-17,2023-08-18,test_prequential,IWM,0.5264549255371094,1,1
2023-08-18,2023-08-21,test_prequential,SPY,0.5859846472740173,1,1
2023-08-18,2023-08-21,test_prequential,QQQ,0.6396569013595581,1,1
2023-08-18,2023-08-21,test_prequential,IWM,0.5073315501213074,0,0
2023-08-21,2023-08-22,test_prequential,SPY,0.5447378158569336,0,0
2023-08-21,2023-08-22,test_prequential,QQQ,0.5953709483146667,0,0
2023-08-21,2023-08-22,test_prequential,IWM,0.5626115202903748,0,0
2023-08-22,2023-08-23,test_prequential,SPY,0.5612847208976746,1,1
2023-08-22,2023-08-23,test_prequential,QQQ,0.5850006937980652,1,1
2023-08-22,2023-08-23,test_prequential,IWM,0.5137187838554382,1,1
2023-08-23,2023-08-24,test_prequential,SPY,0.5803282856941223,0,0
2023-08-23,2023-08-24,test_prequential,QQQ,0.6198794841766357,0,0
2023-08-23,2023-08-24,test_prequential,IWM,0.5429571866989136,0,0
2023-08-24,2023-08-25,test_prequential,SPY,0.5691105723381042,1,1
2023-08-24,2023-08-25,test_prequential,QQQ,0.5755810737609863,1,1
2023-08-24,2023-08-25,test_prequential,IWM,0.5219665169715881,1,1
2023-08-25,2023-08-28,test_prequential,SPY,0.580829381942749,1,1
2023-08-25,2023-08-28,test_prequential,QQQ,0.6237645745277405,1,1
2023-08-25,2023-08-28,test_prequential,IWM,0.5531491637229919,1,1
2023-08-28,2023-08-29,test_prequential,SPY,0.5923506617546082,1,1
2023-08-28,2023-08-29,test_prequential,QQQ,0.6330222487449646,1,1
2023-08-28,2023-08-29,test_prequential,IWM,0.5305061340332031,1,1
2023-08-29,2023-08-30,test_prequential,SPY,0.5843357443809509,1,1
2023-08-29,2023-08-30,test_prequential,QQQ,0.6250355243682861,1,1
2023-08-29,2023-08-30,test_prequential,IWM,0.5746168494224548,1,1
2023-08-30,2023-08-31,test_prequential,SPY,0.5827223062515259,0,0
2023-08-30,2023-08-31,test_prequential,QQQ,0.6108009219169617,1,1
2023-08-30,2023-08-31,test_prequential,IWM,0.5332144498825073,0,0
2023-08-31,2023-09-01,test_prequential,SPY,0.5694610476493835,1,1
2023-08-31,2023-09-01,test_prequential,QQQ,0.5804800391197205,0,0
2023-08-31,2023-09-01,test_prequential,IWM,0.525922417640686,1,1
2023-09-01,2023-09-05,test_prequential,SPY,0.6148273348808289,0,0
2023-09-01,2023-09-05,test_prequential,QQQ,0.6386201977729797,1,1
2023-09-01,2023-09-05,test_prequential,IWM,0.5223090648651123,0,0
2023-09-05,2023-09-06,test_prequential,SPY,0.5368754267692566,0,0
2023-09-05,2023-09-06,test_prequential,QQQ,0.5529108643531799,0,0
2023-09-05,2023-09-06,test_prequential,IWM,0.5357313752174377,0,0
2023-09-06,2023-09-07,test_prequential,SPY,0.57191002368927,0,0
2023-09-06,2023-09-07,test_prequential,QQQ,0.5885493755340576,0,0
2023-09-06,2023-09-07,test_prequential,IWM,0.5289571285247803,0,0
2023-09-07,2023-09-08,test_prequential,SPY,0.5499976277351379,1,1
2023-09-07,2023-09-08,test_prequential,QQQ,0.5689801573753357,1,1
2023-09-07,2023-09-08,test_prequential,IWM,0.5382357835769653,0,0
2023-09-08,2023-09-11,test_prequential,SPY,0.5721738934516907,1,1
2023-09-08,2023-09-11,test_prequential,QQQ,0.5990221500396729,1,1
2023-09-08,2023-09-11,test_prequential,IWM,0.5223668813705444,1,1
2023-09-11,2023-09-12,test_prequential,SPY,0.5721649527549744,0,0
2023-09-11,2023-09-12,test_prequential,QQQ,0.6060506701469421,0,0
2023-09-11,2023-09-12,test_prequential,IWM,0.543767511844635,0,0
2023-09-12,2023-09-13,test_prequential,SPY,0.5688921213150024,1,1
2023-09-12,2023-09-13,test_prequential,QQQ,0.5976845026016235,1,1
2023-09-12,2023-09-13,test_prequential,IWM,0.5142213702201843,0,0
2023-09-13,2023-09-14,test_prequential,SPY,0.5596533417701721,1,1
2023-09-13,2023-09-14,test_prequential,QQQ,0.5868573188781738,1,1
2023-09-13,2023-09-14,test_prequential,IWM,0.5323108434677124,1,1
2023-09-14,2023-09-15,test_prequential,SPY,0.5935261249542236,0,0
2023-09-14,2023-09-15,test_prequential,QQQ,0.6261009573936462,0,0
2023-09-14,2023-09-15,test_prequential,IWM,0.5083426833152771,0,0
2023-09-15,2023-09-18,test_prequential,SPY,0.5688661336898804,1,1
2023-09-15,2023-09-18,test_prequential,QQQ,0.587166965007782,1,1
2023-09-15,2023-09-18,test_prequential,IWM,0.5130192637443542,0,0
2023-09-18,2023-09-19,test_prequential,SPY,0.5637201070785522,0,0
2023-09-18,2023-09-19,test_prequential,QQQ,0.6035904884338379,0,0
2023-09-18,2023-09-19,test_prequential,IWM,0.5268046855926514,0,0
2023-09-19,2023-09-20,test_prequential,SPY,0.55899977684021,0,0
2023-09-19,2023-09-20,test_prequential,QQQ,0.5831502079963684,0,0
2023-09-19,2023-09-20,test_prequential,IWM,0.5177013278007507,0,0
2023-09-20,2023-09-21,test_prequential,SPY,0.5803317427635193,0,0
2023-09-20,2023-09-21,test_prequential,QQQ,0.5773110389709473,0,0
2023-09-20,2023-09-21,test_prequential,IWM,0.5080729722976685,0,0
2023-09-21,2023-09-22,test_prequential,SPY,0.5619782209396362,0,0
2023-09-21,2023-09-22,test_prequential,QQQ,0.5731900930404663,1,1
2023-09-21,2023-09-22,test_prequential,IWM,0.5270525813102722,0,0
2023-09-22,2023-09-25,test_prequential,SPY,0.5901841521263123,1,1
2023-09-22,2023-09-25,test_prequential,QQQ,0.6162685751914978,1,1
2023-09-22,2023-09-25,test_prequential,IWM,0.5237021446228027,1,1
2023-09-25,2023-09-26,test_prequential,SPY,0.5859964489936829,0,0
2023-09-25,2023-09-26,test_prequential,QQQ,0.6241245269775391,0,0
2023-09-25,2023-09-26,test_prequential,IWM,0.5596422553062439,0,0
2023-09-26,2023-09-27,test_prequential,SPY,0.5768471956253052,1,1
2023-09-26,2023-09-27,test_prequential,QQQ,0.59764164686203,1,1
2023-09-26,2023-09-27,test_prequential,IWM,0.5291224718093872,1,1
2023-09-27,2023-09-28,test_prequential,SPY,0.5967321991920471,1,1
2023-09-27,2023-09-28,test_prequential,QQQ,0.623699426651001,1,1
2023-09-27,2023-09-28,test_prequential,IWM,0.53838711977005,1,1
2023-09-28,2023-09-29,test_prequential,SPY,0.5780786275863647,0,0
2023-09-28,2023-09-29,test_prequential,QQQ,0.6236134171485901,1,1
2023-09-28,2023-09-29,test_prequential,IWM,0.5487145781517029,0,0
2023-09-29,2023-10-02,test_prequential,SPY,0.5885528326034546,0,0
2023-09-29,2023-10-02,test_prequential,QQQ,0.5822400450706482,1,1
2023-09-29,2023-10-02,test_prequential,IWM,0.5448379516601562,0,0
2023-10-02,2023-10-03,test_prequential,SPY,0.537406861782074,0,0
2023-10-02,2023-10-03,test_prequential,QQQ,0.5675874948501587,0,0
2023-10-02,2023-10-03,test_prequential,IWM,0.5585989356040955,0,0
2023-10-03,2023-10-04,test_prequential,SPY,0.5618439316749573,1,1
2023-10-03,2023-10-04,test_prequential,QQQ,0.579208254814148,1,1
2023-10-03,2023-10-04,test_prequential,IWM,0.5404189229011536,1,1
2023-10-04,2023-10-05,test_prequential,SPY,0.5828495025634766,0,0
2023-10-04,2023-10-05,test_prequential,QQQ,0.6169553995132446,0,0
2023-10-04,2023-10-05,test_prequential,IWM,0.5602986216545105,1,1
2023-10-05,2023-10-06,test_prequential,SPY,0.5804579854011536,1,1
2023-10-05,2023-10-06,test_prequential,QQQ,0.6048595309257507,1,1
2023-10-05,2023-10-06,test_prequential,IWM,0.5405516624450684,1,1
2023-10-06,2023-10-09,test_prequential,SPY,0.5779340267181396,1,1
2023-10-06,2023-10-09,test_prequential,QQQ,0.6113596558570862,1,1
2023-10-06,2023-10-09,test_prequential,IWM,0.5810214281082153,1,1
2023-10-09,2023-10-10,test_prequential,SPY,0.6080232858657837,1,1
2023-10-09,2023-10-10,test_prequential,QQQ,0.6291285753250122,1,1
2023-10-09,2023-10-10,test_prequential,IWM,0.5500208139419556,1,1
2023-10-10,2023-10-11,test_prequential,SPY,0.5902021527290344,1,1
2023-10-10,2023-10-11,test_prequential,QQQ,0.6361583471298218,1,1
2023-10-10,2023-10-11,test_prequential,IWM,0.5317476391792297,0,0
2023-10-11,2023-10-12,test_prequential,SPY,0.5559045076370239,0,0
2023-10-11,2023-10-12,test_prequential,QQQ,0.6025601029396057,0,0
2023-10-11,2023-10-12,test_prequential,IWM,0.5289758443832397,0,0
2023-10-12,2023-10-13,test_prequential,SPY,0.5332067608833313,0,0
2023-10-12,2023-10-13,test_prequential,QQQ,0.5398761630058289,0,0
2023-10-12,2023-10-13,test_prequential,IWM,0.5349739193916321,0,0
2023-10-13,2023-10-16,test_prequential,SPY,0.5806865096092224,1,1
2023-10-13,2023-10-16,test_prequential,QQQ,0.5757428407669067,1,1
2023-10-13,2023-10-16,test_prequential,IWM,0.5282906889915466,1,1
2023-10-16,2023-10-17,test_prequential,SPY,0.5922976136207581,0,0
2023-10-16,2023-10-17,test_prequential,QQQ,0.6245896816253662,0,0
2023-10-16,2023-10-17,test_prequential,IWM,0.5459324717521667,1,1
2023-10-17,2023-10-18,test_prequential,SPY,0.6001641154289246,0,0
2023-10-17,2023-10-18,test_prequential,QQQ,0.6389680504798889,0,0
2023-10-17,2023-10-18,test_prequential,IWM,0.5454370379447937,0,0
2023-10-18,2023-10-19,test_prequential,SPY,0.5316911935806274,0,0
2023-10-18,2023-10-19,test_prequential,QQQ,0.5705218315124512,0,0
2023-10-18,2023-10-19,test_prequential,IWM,0.5385400652885437,0,0
2023-10-19,2023-10-20,test_prequential,SPY,0.5363355875015259,0,0
2023-10-19,2023-10-20,test_prequential,QQQ,0.5394237041473389,0,0
2023-10-19,2023-10-20,test_prequential,IWM,0.5534650683403015,0,0
2023-10-20,2023-10-23,test_prequential,SPY,0.5793960094451904,0,0
2023-10-20,2023-10-23,test_prequential,QQQ,0.5863509774208069,1,1
2023-10-20,2023-10-23,test_prequential,IWM,0.5231766700744629,0,0
2023-10-23,2023-10-24,test_prequential,SPY,0.5390922427177429,1,1
2023-10-23,2023-10-24,test_prequential,QQQ,0.5688492059707642,1,1
2023-10-23,2023-10-24,test_prequential,IWM,0.5673136115074158,1,1
2023-10-24,2023-10-25,test_prequential,SPY,0.5785075426101685,0,0
2023-10-24,2023-10-25,test_prequential,QQQ,0.6149566769599915,0,0
2023-10-24,2023-10-25,test_prequential,IWM,0.541443407535553,0,0
2023-10-25,2023-10-26,test_prequential,SPY,0.5716516375541687,0,0
2023-10-25,2023-10-26,test_prequential,QQQ,0.5811918377876282,0,0
2023-10-25,2023-10-26,test_prequential,IWM,0.5363112688064575,1,1
2023-10-26,2023-10-27,test_prequential,SPY,0.6125626564025879,0,0
2023-10-26,2023-10-27,test_prequential,QQQ,0.6338825225830078,1,1
2023-10-26,2023-10-27,test_prequential,IWM,0.5079206824302673,0,0
2023-10-27,2023-10-30,test_prequential,SPY,0.5454633235931396,1,1
2023-10-27,2023-10-30,test_prequential,QQQ,0.5690434575080872,1,1
2023-10-27,2023-10-30,test_prequential,IWM,0.5370591878890991,1,1
2023-10-30,2023-10-31,test_prequential,SPY,0.5915549993515015,1,1
2023-10-30,2023-10-31,test_prequential,QQQ,0.6223745346069336,1,1
2023-10-30,2023-10-31,test_prequential,IWM,0.5474140644073486,1,1
2023-10-31,2023-11-01,test_prequential,SPY,0.569031298160553,1,1
2023-10-31,2023-11-01,test_prequential,QQQ,0.6000282764434814,1,1
2023-10-31,2023-11-01,test_prequential,IWM,0.5479599237442017,1,1
2023-11-01,2023-11-02,test_prequential,SPY,0.5855621099472046,1,1
2023-11-01,2023-11-02,test_prequential,QQQ,0.6114286184310913,1,1
2023-11-01,2023-11-02,test_prequential,IWM,0.5644770264625549,1,1
2023-11-02,2023-11-03,test_prequential,SPY,0.6190005540847778,1,1
2023-11-02,2023-11-03,test_prequential,QQQ,0.6117327809333801,1,1
2023-11-02,2023-11-03,test_prequential,IWM,0.5406111478805542,1,1
2023-11-03,2023-11-06,test_prequential,SPY,0.6249345541000366,1,1
2023-11-03,2023-11-06,test_prequential,QQQ,0.6390005946159363,1,1
2023-11-03,2023-11-06,test_prequential,IWM,0.5391879677772522,0,0
2023-11-06,2023-11-07,test_prequential,SPY,0.5585706830024719,1,1
2023-11-06,2023-11-07,test_prequential,QQQ,0.5788263082504272,1,1
2023-11-06,2023-11-07,test_prequential,IWM,0.5284436345100403,0,0
2023-11-07,2023-11-08,test_prequential,SPY,0.5390140414237976,1,1
2023-11-07,2023-11-08,test_prequential,QQQ,0.5653175711631775,1,1
2023-11-07,2023-11-08,test_prequential,IWM,0.547823965549469,0,0
2023-11-08,2023-11-09,test_prequential,SPY,0.5505330562591553,0,0
2023-11-08,2023-11-09,test_prequential,QQQ,0.5649890303611755,0,0
2023-11-08,2023-11-09,test_prequential,IWM,0.5341365337371826,0,0
2023-11-09,2023-11-10,test_prequential,SPY,0.5371627807617188,1,1
2023-11-09,2023-11-10,test_prequential,QQQ,0.5492972135543823,1,1
2023-11-09,2023-11-10,test_prequential,IWM,0.5294164419174194,1,1
2023-11-10,2023-11-13,test_prequential,SPY,0.57838374376297,0,0
2023-11-10,2023-11-13,test_prequential,QQQ,0.6107341051101685,0,0
2023-11-10,2023-11-13,test_prequential,IWM,0.565436601638794,1,1
2023-11-13,2023-11-14,test_prequential,SPY,0.5866394639015198,1,1
2023-11-13,2023-11-14,test_prequential,QQQ,0.609158992767334,1,1
2023-11-13,2023-11-14,test_prequential,IWM,0.5358027815818787,1,1
2023-11-14,2023-11-15,test_prequential,SPY,0.6167163252830505,1,1
2023-11-14,2023-11-15,test_prequential,QQQ,0.6258119940757751,1,1
2023-11-14,2023-11-15,test_prequential,IWM,0.5287920236587524,1,1
2023-11-15,2023-11-16,test_prequential,SPY,0.5665753483772278,1,1
2023-11-15,2023-11-16,test_prequential,QQQ,0.5964918732643127,1,1
2023-11-15,2023-11-16,test_prequential,IWM,0.5333454608917236,0,0
2023-11-16,2023-11-17,test_prequential,SPY,0.5301710963249207,1,1
2023-11-16,2023-11-17,test_prequential,QQQ,0.5585882663726807,1,1
2023-11-16,2023-11-17,test_prequential,IWM,0.5355560779571533,1,1
2023-11-17,2023-11-20,test_prequential,SPY,0.5937687158584595,1,1
2023-11-17,2023-11-20,test_prequential,QQQ,0.6326042413711548,1,1
2023-11-17,2023-11-20,test_prequential,IWM,0.5250915288925171,1,1
2023-11-20,2023-11-21,test_prequential,SPY,0.5705673098564148,0,0
2023-11-20,2023-11-21,test_prequential,QQQ,0.6079592108726501,0,0
2023-11-20,2023-11-21,test_prequential,IWM,0.5390297770500183,0,0
2023-11-21,2023-11-22,test_prequential,SPY,0.5444138050079346,1,1
2023-11-21,2023-11-22,test_prequential,QQQ,0.5673422813415527,1,1
2023-11-21,2023-11-22,test_prequential,IWM,0.5306925773620605,1,1
2023-11-22,2023-11-24,test_prequential,SPY,0.5898676514625549,1,1
2023-11-22,2023-11-24,test_prequential,QQQ,0.6254503726959229,0,0
2023-11-22,2023-11-24,test_prequential,IWM,0.5467413663864136,1,1
2023-11-24,2023-11-27,test_prequential,SPY,0.5883949398994446,0,0
2023-11-24,2023-11-27,test_prequential,QQQ,0.651472270488739,0,0
2023-11-24,2023-11-27,test_prequential,IWM,0.5090898275375366,0,0
2023-11-27,2023-11-28,test_prequential,SPY,0.5703573822975159,1,1
2023-11-27,2023-11-28,test_prequential,QQQ,0.605155885219574,1,1
2023-11-27,2023-11-28,test_prequential,IWM,0.5325025916099548,0,0
2023-11-28,2023-11-29,test_prequential,SPY,0.5647727251052856,0,0
2023-11-28,2023-11-29,test_prequential,QQQ,0.600542426109314,0,0
2023-11-28,2023-11-29,test_prequential,IWM,0.5273116827011108,1,1
2023-11-29,2023-11-30,test_prequential,SPY,0.6063327789306641,1,1
2023-11-29,2023-11-30,test_prequential,QQQ,0.6136571168899536,0,0
2023-11-29,2023-11-30,test_prequential,IWM,0.5325401425361633,1,1
2023-11-30,2023-12-01,test_prequential,SPY,0.5840059518814087,1,1
2023-11-30,2023-12-01,test_prequential,QQQ,0.6067421436309814,1,1
2023-11-30,2023-12-01,test_prequential,IWM,0.5473472476005554,1,1
2023-12-01,2023-12-04,test_prequential,SPY,0.6196311116218567,0,0
2023-12-01,2023-12-04,test_prequential,QQQ,0.6431003212928772,0,0
2023-12-01,2023-12-04,test_prequential,IWM,0.5517937541007996,1,1
2023-12-04,2023-12-05,test_prequential,SPY,0.5948033332824707,0,0
2023-12-04,2023-12-05,test_prequential,QQQ,0.6292259097099304,1,1
2023-12-04,2023-12-05,test_prequential,IWM,0.5386685132980347,0,0
2023-12-05,2023-12-06,test_prequential,SPY,0.546680212020874,0,0
2023-12-05,2023-12-06,test_prequential,QQQ,0.5703585147857666,0,0
2023-12-05,2023-12-06,test_prequential,IWM,0.5401880145072937,0,0
2023-12-06,2023-12-07,test_prequential,SPY,0.5778801441192627,1,1
2023-12-06,2023-12-07,test_prequential,QQQ,0.6142928600311279,1,1
2023-12-06,2023-12-07,test_prequential,IWM,0.5088387727737427,1,1
2023-12-07,2023-12-08,test_prequential,SPY,0.5811602473258972,1,1
2023-12-07,2023-12-08,test_prequential,QQQ,0.6056143045425415,1,1
2023-12-07,2023-12-08,test_prequential,IWM,0.5317944288253784,1,1
2023-12-08,2023-12-11,test_prequential,SPY,0.5839168429374695,1,1
2023-12-08,2023-12-11,test_prequential,QQQ,0.6090126037597656,1,1
2023-12-08,2023-12-11,test_prequential,IWM,0.5460848212242126,1,1
2023-12-11,2023-12-12,test_prequential,SPY,0.5834575295448303,1,1
2023-12-11,2023-12-12,test_prequential,QQQ,0.6180552244186401,1,1
2023-12-11,2023-12-12,test_prequential,IWM,0.5504878759384155,0,0
2023-12-12,2023-12-13,test_prequential,SPY,0.5604338049888611,1,1
2023-12-12,2023-12-13,test_prequential,QQQ,0.5911323428153992,1,1
2023-12-12,2023-12-13,test_prequential,IWM,0.5657917857170105,1,1
2023-12-13,2023-12-14,test_prequential,SPY,0.6334346532821655,1,1
2023-12-13,2023-12-14,test_prequential,QQQ,0.6437118053436279,0,0
2023-12-13,2023-12-14,test_prequential,IWM,0.5684886574745178,1,1
2023-12-14,2023-12-15,test_prequential,SPY,0.6257419586181641,0,0
2023-12-14,2023-12-15,test_prequential,QQQ,0.6453821063041687,1,1
2023-12-14,2023-12-15,test_prequential,IWM,0.5463870167732239,0,0
2023-12-15,2023-12-18,test_prequential,SPY,0.5695191025733948,1,1
2023-12-15,2023-12-18,test_prequential,QQQ,0.5436192750930786,1,1
2023-12-15,2023-12-18,test_prequential,IWM,0.5586260557174683,1,1
2023-12-18,2023-12-19,test_prequential,SPY,0.5578510165214539,1,1
2023-12-18,2023-12-19,test_prequential,QQQ,0.5999411940574646,1,1
2023-12-18,2023-12-19,test_prequential,IWM,0.541782796382904,1,1
2023-12-19,2023-12-20,test_prequential,SPY,0.5866612792015076,0,0
2023-12-19,2023-12-20,test_prequential,QQQ,0.5603158473968506,0,0
2023-12-19,2023-12-20,test_prequential,IWM,0.4618420898914337,0,1
2023-12-20,2023-12-21,test_prequential,SPY,0.5365812182426453,1,1
2023-12-20,2023-12-21,test_prequential,QQQ,0.48377352952957153,1,0
2023-12-20,2023-12-21,test_prequential,IWM,0.46817490458488464,1,0
2023-12-21,2023-12-22,test_prequential,SPY,0.5916516184806824,1,1
2023-12-21,2023-12-22,test_prequential,QQQ,0.5493189096450806,1,1
2023-12-21,2023-12-22,test_prequential,IWM,0.4677738547325134,1,0
2023-12-22,2023-12-26,test_prequential,SPY,0.5830584168434143,1,1
2023-12-22,2023-12-26,test_prequential,QQQ,0.551360011100769,1,1
2023-12-22,2023-12-26,test_prequential,IWM,0.4592632055282593,1,0
2023-12-26,2023-12-27,test_prequential,SPY,0.5831139087677002,1,1
2023-12-26,2023-12-27,test_prequential,QQQ,0.5635731220245361,1,1
2023-12-26,2023-12-27,test_prequential,IWM,0.45970940589904785,1,0
2023-12-27,2023-12-28,test_prequential,SPY,0.5746851563453674,1,1
2023-12-27,2023-12-28,test_prequential,QQQ,0.5427815318107605,0,0
2023-12-27,2023-12-28,test_prequential,IWM,0.45698675513267517,0,1
2023-12-28,2023-12-29,test_prequential,SPY,0.571328341960907,0,0
2023-12-28,2023-12-29,test_prequential,QQQ,0.5258457660675049,0,0
2023-12-28,2023-12-29,test_prequential,IWM,0.44968947768211365,0,1
