issue_date,label_date,split,ticker,prob_up,actual_up,correct
2018-02-28,2018-03-01,train_in_sample,SPY,0.5710530877113342,0,0
2018-02-28,2018-03-01,train_in_sample,QQQ,0.5461534857749939,0,0
2018-02-28,2018-03-01,train_in_sample,IWM,0.6075792908668518,0,0
2018-03-01,2018-03-02,train_in_sample,SPY,0.574176549911499,1,1
2018-03-01,2018-03-02,train_in_sample,QQQ,0.5757307410240173,1,1
2018-03-01,2018-03-02,train_in_sample,IWM,0.5823201537132263,1,1
2018-03-02,2018-03-05,train_in_sample,SPY,0.5218244194984436,1,1
2018-03-02,2018-03-05,train_in_sample,QQQ,0.5726157426834106,1,1
2018-03-02,2018-03-05,train_in_sample,IWM,0.5548767447471619,1,1
2018-03-05,2018-03-06,train_in_sample,SPY,0.5216366052627563,1,1
2018-03-05,2018-03-06,train_in_sample,QQQ,0.5456886887550354,1,1
2018-03-05,2018-03-06,train_in_sample,IWM,0.5774099826812744,1,1
2018-03-06,2018-03-07,train_in_sample,SPY,0.5534757971763611,0,0
2018-03-06,2018-03-07,train_in_sample,QQQ,0.5585559010505676,1,1
2018-03-06,2018-03-07,train_in_sample,IWM,0.561770498752594,1,1
2018-03-07,2018-03-08,train_in_sample,SPY,0.5319870114326477,1,1
2018-03-07,2018-03-08,train_in_sample,QQQ,0.5404450297355652,1,1
2018-03-07,2018-03-08,train_in_sample,IWM,0.5617766380310059,0,0
2018-03-08,2018-03-09,train_in_sample,SPY,0.5497024059295654,1,1
2018-03-08,2018-03-09,train_in_sample,QQQ,0.5562030673027039,1,1
2018-03-08,2018-03-09,train_in_sample,IWM,0.5990501046180725,1,1
2018-03-09,2018-03-12,train_in_sample,SPY,0.5313707590103149,0,0
2018-03-09,2018-03-12,train_in_sample,QQQ,0.5213972330093384,1,1
2018-03-09,2018-03-12,train_in_sample,IWM,0.5690916776657104,1,1
2018-03-12,2018-03-13,train_in_sample,SPY,0.5371203422546387,0,0
2018-03-12,2018-03-13,train_in_sample,QQQ,0.5524614453315735,0,0
2018-03-12,2018-03-13,train_in_sample,IWM,0.562452495098114,0,0
2018-03-13,2018-03-14,train_in_sample,SPY,0.5097290277481079,0,0
2018-03-13,2018-03-14,train_in_sample,QQQ,0.5755125880241394,0,0
2018-03-13,2018-03-14,train_in_sample,IWM,0.5614393353462219,0,0
2018-03-14,2018-03-15,train_in_sample,SPY,0.570009708404541,0,0
2018-03-14,2018-03-15,train_in_sample,QQQ,0.5213317275047302,0,0
2018-03-14,2018-03-15,train_in_sample,IWM,0.5398082137107849,0,0
2018-03-15,2018-03-16,train_in_sample,SPY,0.5241518020629883,1,1
2018-03-15,2018-03-16,train_in_sample,QQQ,0.555143415927887,0,0
2018-03-15,2018-03-16,train_in_sample,IWM,0.6195039749145508,1,1
2018-03-16,2018-03-19,train_in_sample,SPY,0.5700179934501648,0,0
2018-03-16,2018-03-19,train_in_sample,QQQ,0.556530773639679,0,0
2018-03-16,2018-03-19,train_in_sample,IWM,0.5643877387046814,0,0
2018-03-19,2018-03-20,train_in_sample,SPY,0.5400630235671997,1,1
2018-03-19,2018-03-20,train_in_sample,QQQ,0.5753457546234131,1,1
2018-03-19,2018-03-20,train_in_sample,IWM,0.5796870589256287,0,0
2018-03-20,2018-03-21,train_in_sample,SPY,0.5340043902397156,0,0
2018-03-20,2018-03-21,train_in_sample,QQQ,0.5482034683227539,0,0
2018-03-20,2018-03-21,train_in_sample,IWM,0.6160857081413269,1,1
2018-03-21,2018-03-22,train_in_sample,SPY,0.5329153537750244,0,0
2018-03-21,2018-03-22,train_in_sample,QQQ,0.5536304712295532,0,0
2018-03-21,2018-03-22,train_in_sample,IWM,0.5741686224937439,0,0
2018-03-22,2018-03-23,train_in_sample,SPY,0.5689650774002075,0,0
2018-03-22,2018-03-23,train_in_sample,QQQ,0.5611257553100586,0,0
2018-03-22,2018-03-23,train_in_sample,IWM,0.5738600492477417,0,0
2018-03-23,2018-03-26,train_in_sample,SPY,0.5628559589385986,1,1
2018-03-23,2018-03-26,train_in_sample,QQQ,0.5723718404769897,1,1
2018-03-23,2018-03-26,train_in_sample,IWM,0.5563390254974365,1,1
2018-03-26,2018-03-27,train_in_sample,SPY,0.4924296438694,0,1
2018-03-26,2018-03-27,train_in_sample,QQQ,0.5150668621063232,0,0
2018-03-26,2018-03-27,train_in_sample,IWM,0.5302615165710449,0,0
2018-03-27,2018-03-28,train_in_sample,SPY,0.523139238357544,0,0
2018-03-27,2018-03-28,train_in_sample,QQQ,0.5638753175735474,0,0
2018-03-27,2018-03-28,train_in_sample,IWM,0.5312720537185669,0,0
2018-03-28,2018-03-29,train_in_sample,SPY,0.5186105966567993,1,1
2018-03-28,2018-03-29,train_in_sample,QQQ,0.5695200562477112,1,1
2018-03-28,2018-03-29,train_in_sample,IWM,0.566016674041748,1,1
2018-03-29,2018-04-02,train_in_sample,SPY,0.47804099321365356,0,1
2018-03-29,2018-04-02,train_in_sample,QQQ,0.5457066893577576,0,0
2018-03-29,2018-04-02,train_in_sample,IWM,0.5415552258491516,0,0
2018-04-02,2018-04-03,train_in_sample,SPY,0.5775597095489502,1,1
2018-04-02,2018-04-03,train_in_sample,QQQ,0.5238091349601746,1,1
2018-04-02,2018-04-03,train_in_sample,IWM,0.5328782796859741,1,1
2018-04-03,2018-04-04,train_in_sample,SPY,0.5143824219703674,1,1
2018-04-03,2018-04-04,train_in_sample,QQQ,0.5523196458816528,1,1
2018-04-03,2018-04-04,train_in_sample,IWM,0.5681228041648865,1,1
2018-04-04,2018-04-05,train_in_sample,SPY,0.47176891565322876,1,0
2018-04-04,2018-04-05,train_in_sample,QQQ,0.5292407870292664,1,1
2018-04-04,2018-04-05,train_in_sample,IWM,0.5366811156272888,1,1
2018-04-05,2018-04-06,train_in_sample,SPY,0.530750572681427,0,0
2018-04-05,2018-04-06,train_in_sample,QQQ,0.5445903539657593,0,0
2018-04-05,2018-04-06,train_in_sample,IWM,0.570966899394989,0,0
2018-04-06,2018-04-09,train_in_sample,SPY,0.5717558860778809,1,1
2018-04-06,2018-04-09,train_in_sample,QQQ,0.560003936290741,1,1
2018-04-06,2018-04-09,train_in_sample,IWM,0.5698763728141785,1,1
2018-04-09,2018-04-10,train_in_sample,SPY,0.5258486270904541,1,1
2018-04-09,2018-04-10,train_in_sample,QQQ,0.5076940655708313,1,1
2018-04-09,2018-04-10,train_in_sample,IWM,0.5556360483169556,1,1
2018-04-10,2018-04-11,train_in_sample,SPY,0.5109389424324036,0,0
2018-04-10,2018-04-11,train_in_sample,QQQ,0.5360157489776611,0,0
2018-04-10,2018-04-11,train_in_sample,IWM,0.5334964394569397,1,1
2018-04-11,2018-04-12,train_in_sample,SPY,0.5488946437835693,1,1
2018-04-11,2018-04-12,train_in_sample,QQQ,0.5590354800224304,1,1
2018-04-11,2018-04-12,train_in_sample,IWM,0.5696222186088562,1,1
2018-04-12,2018-04-13,train_in_sample,SPY,0.5470844507217407,0,0
2018-04-12,2018-04-13,train_in_sample,QQQ,0.543255627155304,0,0
2018-04-12,2018-04-13,train_in_sample,IWM,0.5905045866966248,0,0
2018-04-13,2018-04-16,train_in_sample,SPY,0.5437595248222351,1,1
2018-04-13,2018-04-16,train_in_sample,QQQ,0.5275514125823975,1,1
2018-04-13,2018-04-16,train_in_sample,IWM,0.5638899803161621,1,1
2018-04-16,2018-04-17,train_in_sample,SPY,0.5527654886245728,1,1
2018-04-16,2018-04-17,train_in_sample,QQQ,0.5062248706817627,1,1
2018-04-16,2018-04-17,train_in_sample,IWM,0.5385442972183228,1,1
2018-04-17,2018-04-18,train_in_sample,SPY,0.4908086657524109,1,0
2018-04-17,2018-04-18,train_in_sample,QQQ,0.5335343480110168,1,1
2018-04-17,2018-04-18,train_in_sample,IWM,0.5462149977684021,1,1
2018-04-18,2018-04-19,train_in_sample,SPY,0.5126621723175049,0,0
2018-04-18,2018-04-19,train_in_sample,QQQ,0.5467745661735535,0,0
2018-04-18,2018-04-19,train_in_sample,IWM,0.5604259967803955,0,0
2018-04-19,2018-04-20,train_in_sample,SPY,0.5170186758041382,0,0
2018-04-19,2018-04-20,train_in_sample,QQQ,0.5478579998016357,0,0
2018-04-19,2018-04-20,train_in_sample,IWM,0.5608959794044495,0,0
2018-04-20,2018-04-23,train_in_sample,SPY,0.5495860576629639,0,0
2018-04-20,2018-04-23,train_in_sample,QQQ,0.5801048874855042,0,0
2018-04-20,2018-04-23,train_in_sample,IWM,0.5684057474136353,0,0
2018-04-23,2018-04-24,train_in_sample,SPY,0.5147450566291809,0,0
2018-04-23,2018-04-24,train_in_sample,QQQ,0.5466762185096741,0,0
2018-04-23,2018-04-24,train_in_sample,IWM,0.5725372433662415,0,0
2018-04-24,2018-04-25,train_in_sample,SPY,0.5250300168991089,1,1
2018-04-24,2018-04-25,train_in_sample,QQQ,0.5655295848846436,1,1
2018-04-24,2018-04-25,train_in_sample,IWM,0.5545515418052673,0,0
2018-04-25,2018-04-26,train_in_sample,SPY,0.5142324566841125,1,1
2018-04-25,2018-04-26,train_in_sample,QQQ,0.5819981098175049,1,1
2018-04-25,2018-04-26,train_in_sample,IWM,0.5753880739212036,1,1
2018-04-26,2018-04-27,train_in_sample,SPY,0.4941558539867401,1,0
2018-04-26,2018-04-27,train_in_sample,QQQ,0.5552268624305725,1,1
2018-04-26,2018-04-27,train_in_sample,IWM,0.557184100151062,0,0
2018-04-27,2018-04-30,train_in_sample,SPY,0.4923008680343628,0,1
2018-04-27,2018-04-30,train_in_sample,QQQ,0.5652042031288147,0,0
2018-04-27,2018-04-30,train_in_sample,IWM,0.5669702887535095,0,0
2018-04-30,2018-05-01,train_in_sample,SPY,0.5390468239784241,1,1
2018-04-30,2018-05-01,train_in_sample,QQQ,0.5530944466590881,1,1
2018-04-30,2018-05-01,train_in_sample,IWM,0.5963215231895447,1,1
2018-05-01,2018-05-02,train_in_sample,SPY,0.5281780362129211,0,0
2018-05-01,2018-05-02,train_in_sample,QQQ,0.5757507085800171,0,0
2018-05-01,2018-05-02,train_in_sample,IWM,0.6042932868003845,1,1
2018-05-02,2018-05-03,train_in_sample,SPY,0.5237051248550415,0,0
2018-05-02,2018-05-03,train_in_sample,QQQ,0.5947927832603455,0,0
2018-05-02,2018-05-03,train_in_sample,IWM,0.5884764194488525,0,0
2018-05-03,2018-05-04,train_in_sample,SPY,0.5254743099212646,1,1
2018-05-03,2018-05-04,train_in_sample,QQQ,0.5876098275184631,1,1
2018-05-03,2018-05-04,train_in_sample,IWM,0.5837000012397766,1,1
2018-05-04,2018-05-07,train_in_sample,SPY,0.501465916633606,1,1
2018-05-04,2018-05-07,train_in_sample,QQQ,0.5634236931800842,1,1
2018-05-04,2018-05-07,train_in_sample,IWM,0.5704224109649658,1,1
2018-05-07,2018-05-08,train_in_sample,SPY,0.5210726857185364,0,0
2018-05-07,2018-05-08,train_in_sample,QQQ,0.5438565611839294,0,0
2018-05-07,2018-05-08,train_in_sample,IWM,0.5807493925094604,1,1
2018-05-08,2018-05-09,train_in_sample,SPY,0.5146186351776123,1,1
2018-05-08,2018-05-09,train_in_sample,QQQ,0.5514320135116577,1,1
2018-05-08,2018-05-09,train_in_sample,IWM,0.5621647834777832,1,1
2018-05-09,2018-05-10,train_in_sample,SPY,0.49037879705429077,1,0
2018-05-09,2018-05-10,train_in_sample,QQQ,0.5615606307983398,1,1
2018-05-09,2018-05-10,train_in_sample,IWM,0.574489951133728,1,1
2018-05-10,2018-05-11,train_in_sample,SPY,0.5116055607795715,1,1
2018-05-10,2018-05-11,train_in_sample,QQQ,0.5671247839927673,0,0
2018-05-10,2018-05-11,train_in_sample,IWM,0.5714731812477112,1,1
2018-05-11,2018-05-14,train_in_sample,SPY,0.529967188835144,1,1
2018-05-11,2018-05-14,train_in_sample,QQQ,0.5616717338562012,1,1
2018-05-11,2018-05-14,train_in_sample,IWM,0.5820843577384949,0,0
2018-05-14,2018-05-15,train_in_sample,SPY,0.5252105593681335,0,0
2018-05-14,2018-05-15,train_in_sample,QQQ,0.5399941802024841,0,0
2018-05-14,2018-05-15,train_in_sample,IWM,0.5822767019271851,1,1
2018-05-15,2018-05-16,train_in_sample,SPY,0.5545620918273926,1,1
2018-05-15,2018-05-16,train_in_sample,QQQ,0.5743143558502197,1,1
2018-05-15,2018-05-16,train_in_sample,IWM,0.5682978630065918,1,1
2018-05-16,2018-05-17,train_in_sample,SPY,0.4998685419559479,0,1
2018-05-16,2018-05-17,train_in_sample,QQQ,0.5664082169532776,0,0
2018-05-16,2018-05-17,train_in_sample,IWM,0.599778950214386,1,1
2018-05-17,2018-05-18,train_in_sample,SPY,0.5429518818855286,0,0
2018-05-17,2018-05-18,train_in_sample,QQQ,0.551209032535553,0,0
2018-05-17,2018-05-18,train_in_sample,IWM,0.6029909253120422,1,1
2018-05-18,2018-05-21,train_in_sample,SPY,0.539819598197937,1,1
2018-05-18,2018-05-21,train_in_sample,QQQ,0.53761887550354,1,1
2018-05-18,2018-05-21,train_in_sample,IWM,0.5752366185188293,1,1
2018-05-21,2018-05-22,train_in_sample,SPY,0.5067619681358337,0,0
2018-05-21,2018-05-22,train_in_sample,QQQ,0.523055374622345,0,0
2018-05-21,2018-05-22,train_in_sample,IWM,0.5900113582611084,0,0
2018-05-22,2018-05-23,train_in_sample,SPY,0.5314459800720215,1,1
2018-05-22,2018-05-23,train_in_sample,QQQ,0.520334780216217,1,1
2018-05-22,2018-05-23,train_in_sample,IWM,0.5594383478164673,1,1
2018-05-23,2018-05-24,train_in_sample,SPY,0.49944332242012024,0,1
2018-05-23,2018-05-24,train_in_sample,QQQ,0.5760061144828796,0,0
2018-05-23,2018-05-24,train_in_sample,IWM,0.5645366907119751,1,1
2018-05-24,2018-05-25,train_in_sample,SPY,0.5280377864837646,0,0
2018-05-24,2018-05-25,train_in_sample,QQQ,0.5862352848052979,1,1
2018-05-24,2018-05-25,train_in_sample,IWM,0.5847381949424744,0,0
2018-05-25,2018-05-29,train_in_sample,SPY,0.5213209390640259,0,0
2018-05-25,2018-05-29,train_in_sample,QQQ,0.577269971370697,0,0
2018-05-25,2018-05-29,train_in_sample,IWM,0.5949783325195312,0,0
2018-05-29,2018-05-30,train_in_sample,SPY,0.5573453903198242,1,1
2018-05-29,2018-05-30,train_in_sample,QQQ,0.5531195402145386,1,1
2018-05-29,2018-05-30,train_in_sample,IWM,0.5786072015762329,1,1
2018-05-30,2018-05-31,train_in_sample,SPY,0.5276110768318176,0,0
2018-05-30,2018-05-31,train_in_sample,QQQ,0.5762157440185547,0,0
2018-05-30,2018-05-31,train_in_sample,IWM,0.5950652956962585,0,0
2018-05-31,2018-06-01,train_in_sample,SPY,0.5563796758651733,1,1
2018-05-31,2018-06-01,train_in_sample,QQQ,0.5407435297966003,1,1
2018-05-31,2018-06-01,train_in_sample,IWM,0.550769031047821,1,1
2018-06-01,2018-06-04,train_in_sample,SPY,0.5098595023155212,1,1
2018-06-01,2018-06-04,train_in_sample,QQQ,0.6005584001541138,1,1
2018-06-01,2018-06-04,train_in_sample,IWM,0.5702383518218994,1,1
2018-06-04,2018-06-05,train_in_sample,SPY,0.5205032229423523,1,1
2018-06-04,2018-06-05,train_in_sample,QQQ,0.5431686639785767,1,1
2018-06-04,2018-06-05,train_in_sample,IWM,0.5629494190216064,1,1
2018-06-05,2018-06-06,train_in_sample,SPY,0.5316025614738464,1,1
2018-06-05,2018-06-06,train_in_sample,QQQ,0.5881099700927734,1,1
2018-06-05,2018-06-06,train_in_sample,IWM,0.5905156135559082,1,1
2018-06-06,2018-06-07,train_in_sample,SPY,0.5009968280792236,0,0
2018-06-06,2018-06-07,train_in_sample,QQQ,0.5877134203910828,0,0
2018-06-06,2018-06-07,train_in_sample,IWM,0.5915451049804688,0,0
2018-06-07,2018-06-08,train_in_sample,SPY,0.5141108632087708,1,1
2018-06-07,2018-06-08,train_in_sample,QQQ,0.5982714295387268,1,1
2018-06-07,2018-06-08,train_in_sample,IWM,0.5813894271850586,1,1
2018-06-08,2018-06-11,train_in_sample,SPY,0.5271767973899841,1,1
2018-06-08,2018-06-11,train_in_sample,QQQ,0.5699445009231567,1,1
2018-06-08,2018-06-11,train_in_sample,IWM,0.5712094902992249,1,1
2018-06-11,2018-06-12,train_in_sample,SPY,0.554891049861908,1,1
2018-06-11,2018-06-12,train_in_sample,QQQ,0.536357045173645,1,1
2018-06-11,2018-06-12,train_in_sample,IWM,0.5883544087409973,1,1
2018-06-12,2018-06-13,train_in_sample,SPY,0.5507991313934326,0,0
2018-06-12,2018-06-13,train_in_sample,QQQ,0.5432846546173096,0,0
2018-06-12,2018-06-13,train_in_sample,IWM,0.591500997543335,0,0
2018-06-13,2018-06-14,train_in_sample,SPY,0.5195139050483704,1,1
2018-06-13,2018-06-14,train_in_sample,QQQ,0.5269639492034912,1,1
2018-06-13,2018-06-14,train_in_sample,IWM,0.5827546715736389,1,1
2018-06-14,2018-06-15,train_in_sample,SPY,0.5310989618301392,0,0
2018-06-14,2018-06-15,train_in_sample,QQQ,0.5527772307395935,0,0
2018-06-14,2018-06-15,train_in_sample,IWM,0.5685127377510071,0,0
2018-06-15,2018-06-18,train_in_sample,SPY,0.5591528415679932,0,0
2018-06-15,2018-06-18,train_in_sample,QQQ,0.5375694036483765,0,0
2018-06-15,2018-06-18,train_in_sample,IWM,0.5344411134719849,1,1
2018-06-18,2018-06-19,train_in_sample,SPY,0.5226945877075195,0,0
2018-06-18,2018-06-19,train_in_sample,QQQ,0.558862566947937,0,0
2018-06-18,2018-06-19,train_in_sample,IWM,0.6080056428909302,1,1
2018-06-19,2018-06-20,train_in_sample,SPY,0.5100095272064209,1,1
2018-06-19,2018-06-20,train_in_sample,QQQ,0.5276882648468018,1,1
2018-06-19,2018-06-20,train_in_sample,IWM,0.5595675706863403,1,1
2018-06-20,2018-06-21,train_in_sample,SPY,0.513597309589386,0,0
2018-06-20,2018-06-21,train_in_sample,QQQ,0.5817609429359436,0,0
2018-06-20,2018-06-21,train_in_sample,IWM,0.5694094896316528,0,0
2018-06-21,2018-06-22,train_in_sample,SPY,0.5309392809867859,1,1
2018-06-21,2018-06-22,train_in_sample,QQQ,0.5612638592720032,0,0
2018-06-21,2018-06-22,train_in_sample,IWM,0.6052910685539246,0,0
2018-06-22,2018-06-25,train_in_sample,SPY,0.5192291736602783,0,0
2018-06-22,2018-06-25,train_in_sample,QQQ,0.5930908918380737,0,0
2018-06-22,2018-06-25,train_in_sample,IWM,0.5869737863540649,0,0
2018-06-25,2018-06-26,train_in_sample,SPY,0.5584223866462708,1,1
2018-06-25,2018-06-26,train_in_sample,QQQ,0.5507550239562988,1,1
2018-06-25,2018-06-26,train_in_sample,IWM,0.5497598648071289,1,1
2018-06-26,2018-06-27,train_in_sample,SPY,0.5217297673225403,0,0
2018-06-26,2018-06-27,train_in_sample,QQQ,0.6013100147247314,0,0
2018-06-26,2018-06-27,train_in_sample,IWM,0.5895774364471436,0,0
2018-06-27,2018-06-28,train_in_sample,SPY,0.5324642062187195,1,1
2018-06-27,2018-06-28,train_in_sample,QQQ,0.5930368900299072,1,1
2018-06-27,2018-06-28,train_in_sample,IWM,0.5848949551582336,1,1
2018-06-28,2018-06-29,train_in_sample,SPY,0.5126445293426514,1,1
2018-06-28,2018-06-29,train_in_sample,QQQ,0.5969733595848083,1,1
2018-06-28,2018-06-29,train_in_sample,IWM,0.5879989266395569,0,0
2018-06-29,2018-07-02,train_in_sample,SPY,0.5267892479896545,1,1
2018-06-29,2018-07-02,train_in_sample,QQQ,0.5940132737159729,1,1
2018-06-29,2018-07-02,train_in_sample,IWM,0.5654175877571106,1,1
2018-07-02,2018-07-03,train_in_sample,SPY,0.5120409727096558,0,0
2018-07-02,2018-07-03,train_in_sample,QQQ,0.5649347901344299,0,0
2018-07-02,2018-07-03,train_in_sample,IWM,0.5741674900054932,1,1
2018-07-03,2018-07-05,train_in_sample,SPY,0.5063349604606628,1,1
2018-07-03,2018-07-05,train_in_sample,QQQ,0.5770618915557861,1,1
2018-07-03,2018-07-05,train_in_sample,IWM,0.5893990397453308,1,1
2018-07-05,2018-07-06,train_in_sample,SPY,0.495609313249588,1,0
2018-07-05,2018-07-06,train_in_sample,QQQ,0.5259566903114319,1,1
2018-07-05,2018-07-06,train_in_sample,IWM,0.53646320104599,1,1
2018-07-06,2018-07-09,train_in_sample,SPY,0.5004129409790039,1,1
2018-07-06,2018-07-09,train_in_sample,QQQ,0.5629491806030273,1,1
2018-07-06,2018-07-09,train_in_sample,IWM,0.5536826252937317,1,1
2018-07-09,2018-07-10,train_in_sample,SPY,0.4879639148712158,1,0
2018-07-09,2018-07-10,train_in_sample,QQQ,0.5601618885993958,1,1
2018-07-09,2018-07-10,train_in_sample,IWM,0.5500106811523438,0,0
2018-07-10,2018-07-11,train_in_sample,SPY,0.5234155058860779,0,0
2018-07-10,2018-07-11,train_in_sample,QQQ,0.5939764976501465,0,0
2018-07-10,2018-07-11,train_in_sample,IWM,0.6028786301612854,0,0
2018-07-11,2018-07-12,train_in_sample,SPY,0.5291914343833923,1,1
2018-07-11,2018-07-12,train_in_sample,QQQ,0.5862682461738586,1,1
2018-07-11,2018-07-12,train_in_sample,IWM,0.5816287994384766,1,1
2018-07-12,2018-07-13,train_in_sample,SPY,0.4797041118144989,1,0
2018-07-12,2018-07-13,train_in_sample,QQQ,0.5537005662918091,1,1
2018-07-12,2018-07-13,train_in_sample,IWM,0.5648834705352783,0,0
2018-07-13,2018-07-16,train_in_sample,SPY,0.5041642785072327,0,0
2018-07-13,2018-07-16,train_in_sample,QQQ,0.5824877023696899,0,0
2018-07-13,2018-07-16,train_in_sample,IWM,0.5812785029411316,0,0
2018-07-16,2018-07-17,train_in_sample,SPY,0.5147954225540161,1,1
2018-07-16,2018-07-17,train_in_sample,QQQ,0.5320560932159424,1,1
2018-07-16,2018-07-17,train_in_sample,IWM,0.5579279661178589,1,1
2018-07-17,2018-07-18,train_in_sample,SPY,0.5171599984169006,1,1
2018-07-17,2018-07-18,train_in_sample,QQQ,0.5484268069267273,0,0
2018-07-17,2018-07-18,train_in_sample,IWM,0.5695098638534546,1,1
2018-07-18,2018-07-19,train_in_sample,SPY,0.5241361260414124,0,0
2018-07-18,2018-07-19,train_in_sample,QQQ,0.5602702498435974,0,0
2018-07-18,2018-07-19,train_in_sample,IWM,0.5948089361190796,1,1
2018-07-19,2018-07-20,train_in_sample,SPY,0.5481277108192444,0,0
2018-07-19,2018-07-20,train_in_sample,QQQ,0.5587279796600342,0,0
2018-07-19,2018-07-20,train_in_sample,IWM,0.5552223324775696,0,0
2018-07-20,2018-07-23,train_in_sample,SPY,0.5313794016838074,1,1
2018-07-20,2018-07-23,train_in_sample,QQQ,0.5754014849662781,1,1
2018-07-20,2018-07-23,train_in_sample,IWM,0.5645080804824829,1,1
2018-07-23,2018-07-24,train_in_sample,SPY,0.49207377433776855,1,0
2018-07-23,2018-07-24,train_in_sample,QQQ,0.5277044177055359,1,1
2018-07-23,2018-07-24,train_in_sample,IWM,0.5720161199569702,0,0
2018-07-24,2018-07-25,train_in_sample,SPY,0.490070641040802,1,0
2018-07-24,2018-07-25,train_in_sample,QQQ,0.5791601538658142,1,1
2018-07-24,2018-07-25,train_in_sample,IWM,0.5610377192497253,1,1
2018-07-25,2018-07-26,train_in_sample,SPY,0.48839443922042847,0,1
2018-07-25,2018-07-26,train_in_sample,QQQ,0.5910353064537048,0,0
2018-07-25,2018-07-26,train_in_sample,IWM,0.5631900429725647,1,1
2018-07-26,2018-07-27,train_in_sample,SPY,0.5290284752845764,0,0
2018-07-26,2018-07-27,train_in_sample,QQQ,0.6165080070495605,0,0
2018-07-26,2018-07-27,train_in_sample,IWM,0.5780417919158936,0,0
2018-07-27,2018-07-30,train_in_sample,SPY,0.48006710410118103,0,1
2018-07-27,2018-07-30,train_in_sample,QQQ,0.579261839389801,0,0
2018-07-27,2018-07-30,train_in_sample,IWM,0.558709979057312,0,0
2018-07-30,2018-07-31,train_in_sample,SPY,0.5028682947158813,1,1
2018-07-30,2018-07-31,train_in_sample,QQQ,0.612471342086792,1,1
2018-07-30,2018-07-31,train_in_sample,IWM,0.5731766819953918,1,1
2018-07-31,2018-08-01,train_in_sample,SPY,0.5155783295631409,0,0
2018-07-31,2018-08-01,train_in_sample,QQQ,0.5998522043228149,1,1
2018-07-31,2018-08-01,train_in_sample,IWM,0.5719370245933533,0,0
2018-08-01,2018-08-02,train_in_sample,SPY,0.5132218599319458,1,1
2018-08-01,2018-08-02,train_in_sample,QQQ,0.5868119597434998,1,1
2018-08-01,2018-08-02,train_in_sample,IWM,0.5757531523704529,1,1
2018-08-02,2018-08-03,train_in_sample,SPY,0.48100605607032776,1,0
2018-08-02,2018-08-03,train_in_sample,QQQ,0.5975573658943176,1,1
2018-08-02,2018-08-03,train_in_sample,IWM,0.5838313698768616,0,0
2018-08-03,2018-08-06,train_in_sample,SPY,0.5001123547554016,1,1
2018-08-03,2018-08-06,train_in_sample,QQQ,0.6097058653831482,1,1
2018-08-03,2018-08-06,train_in_sample,IWM,0.5767777562141418,1,1
2018-08-06,2018-08-07,train_in_sample,SPY,0.5063488483428955,1,1
2018-08-06,2018-08-07,train_in_sample,QQQ,0.5735713839530945,1,1
2018-08-06,2018-08-07,train_in_sample,IWM,0.5794397592544556,1,1
2018-08-07,2018-08-08,train_in_sample,SPY,0.4834376275539398,0,1
2018-08-07,2018-08-08,train_in_sample,QQQ,0.5683270692825317,1,1
2018-08-07,2018-08-08,train_in_sample,IWM,0.5715433359146118,0,0
2018-08-08,2018-08-09,train_in_sample,SPY,0.48659947514533997,0,1
2018-08-08,2018-08-09,train_in_sample,QQQ,0.6027440428733826,0,0
2018-08-08,2018-08-09,train_in_sample,IWM,0.5709193348884583,1,1
2018-08-09,2018-08-10,train_in_sample,SPY,0.5253449082374573,0,0
2018-08-09,2018-08-10,train_in_sample,QQQ,0.6009781360626221,0,0
2018-08-09,2018-08-10,train_in_sample,IWM,0.604393720626831,0,0
2018-08-10,2018-08-13,train_in_sample,SPY,0.506033718585968,0,0
2018-08-10,2018-08-13,train_in_sample,QQQ,0.5931740999221802,0,0
2018-08-10,2018-08-13,train_in_sample,IWM,0.5761343836784363,0,0
2018-08-13,2018-08-14,train_in_sample,SPY,0.5396440029144287,1,1
2018-08-13,2018-08-14,train_in_sample,QQQ,0.5747934579849243,1,1
2018-08-13,2018-08-14,train_in_sample,IWM,0.5821888446807861,1,1
2018-08-14,2018-08-15,train_in_sample,SPY,0.49215081334114075,0,1
2018-08-14,2018-08-15,train_in_sample,QQQ,0.5753610730171204,0,0
2018-08-14,2018-08-15,train_in_sample,IWM,0.5657966732978821,0,0
2018-08-15,2018-08-16,train_in_sample,SPY,0.532557487487793,1,1
2018-08-15,2018-08-16,train_in_sample,QQQ,0.6267972588539124,1,1
2018-08-15,2018-08-16,train_in_sample,IWM,0.5789191722869873,1,1
2018-08-16,2018-08-17,train_in_sample,SPY,0.526067316532135,1,1
2018-08-16,2018-08-17,train_in_sample,QQQ,0.5918942093849182,1,1
2018-08-16,2018-08-17,train_in_sample,IWM,0.5826318264007568,1,1
2018-08-17,2018-08-20,train_in_sample,SPY,0.5052654147148132,1,1
2018-08-17,2018-08-20,train_in_sample,QQQ,0.5790205597877502,0,0
2018-08-17,2018-08-20,train_in_sample,IWM,0.5451353788375854,1,1
2018-08-20,2018-08-21,train_in_sample,SPY,0.5164238810539246,1,1
2018-08-20,2018-08-21,train_in_sample,QQQ,0.573514461517334,1,1
2018-08-20,2018-08-21,train_in_sample,IWM,0.5884442925453186,1,1
2018-08-21,2018-08-22,train_in_sample,SPY,0.5267338156700134,0,0
2018-08-21,2018-08-22,train_in_sample,QQQ,0.562279999256134,1,1
2018-08-21,2018-08-22,train_in_sample,IWM,0.5384431481361389,1,1
2018-08-22,2018-08-23,train_in_sample,SPY,0.48975762724876404,0,1
2018-08-22,2018-08-23,train_in_sample,QQQ,0.5196401476860046,0,0
2018-08-22,2018-08-23,train_in_sample,IWM,0.5661295652389526,0,0
2018-08-23,2018-08-24,train_in_sample,SPY,0.5107823014259338,1,1
2018-08-23,2018-08-24,train_in_sample,QQQ,0.5592654347419739,1,1
2018-08-23,2018-08-24,train_in_sample,IWM,0.5888296365737915,1,1
2018-08-24,2018-08-27,train_in_sample,SPY,0.5352609753608704,1,1
2018-08-24,2018-08-27,train_in_sample,QQQ,0.5841273665428162,1,1
2018-08-24,2018-08-27,train_in_sample,IWM,0.5873499512672424,1,1
2018-08-27,2018-08-28,train_in_sample,SPY,0.5385125279426575,1,1
2018-08-27,2018-08-28,train_in_sample,QQQ,0.5412960052490234,1,1
2018-08-27,2018-08-28,train_in_sample,IWM,0.5638673305511475,1,1
2018-08-28,2018-08-29,train_in_sample,SPY,0.5275915265083313,1,1
2018-08-28,2018-08-29,train_in_sample,QQQ,0.5638514757156372,1,1
2018-08-28,2018-08-29,train_in_sample,IWM,0.5936520099639893,1,1
2018-08-29,2018-08-30,train_in_sample,SPY,0.5017956495285034,0,0
2018-08-29,2018-08-30,train_in_sample,QQQ,0.5330922603607178,0,0
2018-08-29,2018-08-30,train_in_sample,IWM,0.5544373393058777,0,0
2018-08-30,2018-08-31,train_in_sample,SPY,0.5398271083831787,0,0
2018-08-30,2018-08-31,train_in_sample,QQQ,0.5569667816162109,1,1
2018-08-30,2018-08-31,train_in_sample,IWM,0.561815619468689,1,1
2018-08-31,2018-09-04,train_in_sample,SPY,0.5404808521270752,0,0
2018-08-31,2018-09-04,train_in_sample,QQQ,0.5794329047203064,0,0
2018-08-31,2018-09-04,train_in_sample,IWM,0.5487312078475952,0,0
2018-09-04,2018-09-05,train_in_sample,SPY,0.4954400062561035,0,1
2018-09-04,2018-09-05,train_in_sample,QQQ,0.5786470174789429,0,0
2018-09-04,2018-09-05,train_in_sample,IWM,0.5421172976493835,0,0
2018-09-05,2018-09-06,train_in_sample,SPY,0.5102823972702026,0,0
2018-09-05,2018-09-06,train_in_sample,QQQ,0.6104346513748169,0,0
2018-09-05,2018-09-06,train_in_sample,IWM,0.5889188051223755,0,0
2018-09-06,2018-09-07,train_in_sample,SPY,0.5087734460830688,0,0
2018-09-06,2018-09-07,train_in_sample,QQQ,0.6095125675201416,0,0
2018-09-06,2018-09-07,train_in_sample,IWM,0.5570628046989441,0,0
2018-09-07,2018-09-10,train_in_sample,SPY,0.5133920907974243,1,1
2018-09-07,2018-09-10,train_in_sample,QQQ,0.603626012802124,1,1
2018-09-07,2018-09-10,train_in_sample,IWM,0.5704769492149353,1,1
2018-09-10,2018-09-11,train_in_sample,SPY,0.5165562629699707,1,1
2018-09-10,2018-09-11,train_in_sample,QQQ,0.5829432010650635,1,1
2018-09-10,2018-09-11,train_in_sample,IWM,0.5792566537857056,1,1
2018-09-11,2018-09-12,train_in_sample,SPY,0.4866882860660553,1,0
2018-09-11,2018-09-12,train_in_sample,QQQ,0.6029097437858582,0,0
2018-09-11,2018-09-12,train_in_sample,IWM,0.586824357509613,0,0
2018-09-12,2018-09-13,train_in_sample,SPY,0.5129937529563904,1,1
2018-09-12,2018-09-13,train_in_sample,QQQ,0.6098097562789917,1,1
2018-09-12,2018-09-13,train_in_sample,IWM,0.5817197561264038,1,1
2018-09-13,2018-09-14,train_in_sample,SPY,0.510776162147522,1,1
2018-09-13,2018-09-14,train_in_sample,QQQ,0.5639852285385132,0,0
2018-09-13,2018-09-14,train_in_sample,IWM,0.5506561994552612,1,1
2018-09-14,2018-09-17,train_in_sample,SPY,0.5127267241477966,0,0
2018-09-14,2018-09-17,train_in_sample,QQQ,0.5949714779853821,0,0
2018-09-14,2018-09-17,train_in_sample,IWM,0.5730440020561218,0,0
2018-09-17,2018-09-18,train_in_sample,SPY,0.5279658436775208,1,1
2018-09-17,2018-09-18,train_in_sample,QQQ,0.5832118988037109,1,1
2018-09-17,2018-09-18,train_in_sample,IWM,0.5541996359825134,1,1
2018-09-18,2018-09-19,train_in_sample,SPY,0.5099064111709595,1,1
2018-09-18,2018-09-19,train_in_sample,QQQ,0.6141196489334106,0,0
2018-09-18,2018-09-19,train_in_sample,IWM,0.5698611736297607,0,0
2018-09-19,2018-09-20,train_in_sample,SPY,0.5002673268318176,1,1
2018-09-19,2018-09-20,train_in_sample,QQQ,0.5950589776039124,1,1
2018-09-19,2018-09-20,train_in_sample,IWM,0.5656448602676392,1,1
2018-09-20,2018-09-21,train_in_sample,SPY,0.5252915620803833,0,0
2018-09-20,2018-09-21,train_in_sample,QQQ,0.6014018058776855,0,0
2018-09-20,2018-09-21,train_in_sample,IWM,0.5654445886611938,0,0
2018-09-21,2018-09-24,train_in_sample,SPY,0.5460976958274841,0,0
2018-09-21,2018-09-24,train_in_sample,QQQ,0.5805940628051758,1,1
2018-09-21,2018-09-24,train_in_sample,IWM,0.5502225756645203,0,0
2018-09-24,2018-09-25,train_in_sample,SPY,0.48741012811660767,0,1
2018-09-24,2018-09-25,train_in_sample,QQQ,0.6034332513809204,1,1
2018-09-24,2018-09-25,train_in_sample,IWM,0.5863368511199951,1,1
2018-09-25,2018-09-26,train_in_sample,SPY,0.5116788148880005,0,0
2018-09-25,2018-09-26,train_in_sample,QQQ,0.5964463949203491,1,1
2018-09-25,2018-09-26,train_in_sample,IWM,0.5763047933578491,0,0
2018-09-26,2018-09-27,train_in_sample,SPY,0.5173441171646118,1,1
2018-09-26,2018-09-27,train_in_sample,QQQ,0.602986216545105,1,1
2018-09-26,2018-09-27,train_in_sample,IWM,0.5811625123023987,1,1
2018-09-27,2018-09-28,train_in_sample,SPY,0.526473879814148,0,0
2018-09-27,2018-09-28,train_in_sample,QQQ,0.5787004232406616,0,0
2018-09-27,2018-09-28,train_in_sample,IWM,0.5705680251121521,1,1
2018-09-28,2018-10-01,train_in_sample,SPY,0.5427502989768982,1,1
2018-09-28,2018-10-01,train_in_sample,QQQ,0.589307427406311,1,1
2018-09-28,2018-10-01,train_in_sample,IWM,0.5601173043251038,0,0
2018-10-01,2018-10-02,train_in_sample,SPY,0.5045985579490662,0,0
2018-10-01,2018-10-02,train_in_sample,QQQ,0.5976337194442749,0,0
2018-10-01,2018-10-02,train_in_sample,IWM,0.5864773392677307,0,0
2018-10-02,2018-10-03,train_in_sample,SPY,0.49800586700439453,1,0
2018-10-02,2018-10-03,train_in_sample,QQQ,0.6009023189544678,1,1
2018-10-02,2018-10-03,train_in_sample,IWM,0.5864817500114441,1,1
2018-10-03,2018-10-04,train_in_sample,SPY,0.5341923832893372,0,0
2018-10-03,2018-10-04,train_in_sample,QQQ,0.5970563888549805,0,0
2018-10-03,2018-10-04,train_in_sample,IWM,0.5788996815681458,0,0
2018-10-04,2018-10-05,train_in_sample,SPY,0.49839475750923157,0,1
2018-10-04,2018-10-05,train_in_sample,QQQ,0.6406688690185547,0,0
2018-10-04,2018-10-05,train_in_sample,IWM,0.5544878244400024,0,0
2018-10-05,2018-10-08,train_in_sample,SPY,0.49973341822624207,0,1
2018-10-05,2018-10-08,train_in_sample,QQQ,0.6107012629508972,0,0
2018-10-05,2018-10-08,train_in_sample,IWM,0.5603533387184143,0,0
2018-10-08,2018-10-09,train_in_sample,SPY,0.49657607078552246,0,1
2018-10-08,2018-10-09,train_in_sample,QQQ,0.6034689545631409,1,1
2018-10-08,2018-10-09,train_in_sample,IWM,0.5659134984016418,0,0
2018-10-09,2018-10-10,train_in_sample,SPY,0.49868038296699524,0,1
2018-10-09,2018-10-10,train_in_sample,QQQ,0.6194320917129517,0,0
2018-10-09,2018-10-10,train_in_sample,IWM,0.5763881206512451,0,0
2018-10-10,2018-10-11,train_in_sample,SPY,0.5367951989173889,0,0
2018-10-10,2018-10-11,train_in_sample,QQQ,0.6144289374351501,0,0
2018-10-10,2018-10-11,train_in_sample,IWM,0.5562377572059631,0,0
2018-10-11,2018-10-12,train_in_sample,SPY,0.5289648175239563,1,1
2018-10-11,2018-10-12,train_in_sample,QQQ,0.6032708883285522,1,1
2018-10-11,2018-10-12,train_in_sample,IWM,0.5558422803878784,1,1
2018-10-12,2018-10-15,train_in_sample,SPY,0.4938119053840637,0,1
2018-10-12,2018-10-15,train_in_sample,QQQ,0.5793693661689758,0,0
2018-10-12,2018-10-15,train_in_sample,IWM,0.5316402316093445,1,1
2018-10-15,2018-10-16,train_in_sample,SPY,0.5038639903068542,1,1
2018-10-15,2018-10-16,train_in_sample,QQQ,0.6191850900650024,1,1
2018-10-15,2018-10-16,train_in_sample,IWM,0.5573089718818665,1,1
2018-10-16,2018-10-17,train_in_sample,SPY,0.4784236252307892,1,0
2018-10-16,2018-10-17,train_in_sample,QQQ,0.5674417018890381,1,1
2018-10-16,2018-10-17,train_in_sample,IWM,0.5342062711715698,0,0
2018-10-17,2018-10-18,train_in_sample,SPY,0.48393574357032776,0,1
2018-10-17,2018-10-18,train_in_sample,QQQ,0.5517019033432007,0,0
2018-10-17,2018-10-18,train_in_sample,IWM,0.53571617603302,0,0
2018-10-18,2018-10-19,train_in_sample,SPY,0.5238616466522217,0,0
2018-10-18,2018-10-19,train_in_sample,QQQ,0.6129764318466187,0,0
2018-10-18,2018-10-19,train_in_sample,IWM,0.5460586547851562,0,0
2018-10-19,2018-10-22,train_in_sample,SPY,0.4926183223724365,0,1
2018-10-19,2018-10-22,train_in_sample,QQQ,0.5907672047615051,1,1
2018-10-19,2018-10-22,train_in_sample,IWM,0.5143085718154907,0,0
2018-10-22,2018-10-23,train_in_sample,SPY,0.4872261583805084,0,1
2018-10-22,2018-10-23,train_in_sample,QQQ,0.5971336960792542,0,0
2018-10-22,2018-10-23,train_in_sample,IWM,0.5403209924697876,0,0
2018-10-23,2018-10-24,train_in_sample,SPY,0.48340263962745667,0,1
2018-10-23,2018-10-24,train_in_sample,QQQ,0.5728046298027039,0,0
2018-10-23,2018-10-24,train_in_sample,IWM,0.5554761290550232,0,0
2018-10-24,2018-10-25,train_in_sample,SPY,0.5195571780204773,1,1
2018-10-24,2018-10-25,train_in_sample,QQQ,0.6000886559486389,1,1
2018-10-24,2018-10-25,train_in_sample,IWM,0.5374282598495483,1,1
2018-10-25,2018-10-26,train_in_sample,SPY,0.5048761367797852,0,0
2018-10-25,2018-10-26,train_in_sample,QQQ,0.5772204995155334,0,0
2018-10-25,2018-10-26,train_in_sample,IWM,0.5336288809776306,0,0
2018-10-26,2018-10-29,train_in_sample,SPY,0.5439028143882751,0,0
2018-10-26,2018-10-29,train_in_sample,QQQ,0.5994290113449097,0,0
2018-10-26,2018-10-29,train_in_sample,IWM,0.5627333521842957,0,0
2018-10-29,2018-10-30,train_in_sample,SPY,0.49444380402565,1,0
2018-10-29,2018-10-30,train_in_sample,QQQ,0.5934835076332092,1,1
2018-10-29,2018-10-30,train_in_sample,IWM,0.5125612616539001,1,1
2018-10-30,2018-10-31,train_in_sample,SPY,0.5031599998474121,1,1
2018-10-30,2018-10-31,train_in_sample,QQQ,0.5866901278495789,1,1
2018-10-30,2018-10-31,train_in_sample,IWM,0.5099529027938843,1,1
2018-10-31,2018-11-01,train_in_sample,SPY,0.4887393116950989,1,0
2018-10-31,2018-11-01,train_in_sample,QQQ,0.5814726948738098,1,1
2018-10-31,2018-11-01,train_in_sample,IWM,0.4931448996067047,1,0
2018-11-01,2018-11-02,train_in_sample,SPY,0.5225158333778381,0,0
2018-11-01,2018-11-02,train_in_sample,QQQ,0.5873327255249023,0,0
2018-11-01,2018-11-02,train_in_sample,IWM,0.5276653170585632,1,1
2018-11-02,2018-11-05,train_in_sample,SPY,0.5189738273620605,1,1
2018-11-02,2018-11-05,train_in_sample,QQQ,0.5600480437278748,0,0
2018-11-02,2018-11-05,train_in_sample,IWM,0.5183583498001099,0,0
2018-11-05,2018-11-06,train_in_sample,SPY,0.5106528997421265,1,1
2018-11-05,2018-11-06,train_in_sample,QQQ,0.6109901666641235,1,1
2018-11-05,2018-11-06,train_in_sample,IWM,0.5572165846824646,1,1
2018-11-06,2018-11-07,train_in_sample,SPY,0.5135872960090637,1,1
2018-11-06,2018-11-07,train_in_sample,QQQ,0.5839653015136719,1,1
2018-11-06,2018-11-07,train_in_sample,IWM,0.5453391075134277,1,1
2018-11-07,2018-11-08,train_in_sample,SPY,0.4726555645465851,0,1
2018-11-07,2018-11-08,train_in_sample,QQQ,0.5273547172546387,0,0
2018-11-07,2018-11-08,train_in_sample,IWM,0.4667511284351349,0,1
2018-11-08,2018-11-09,train_in_sample,SPY,0.5277373790740967,0,0
2018-11-08,2018-11-09,train_in_sample,QQQ,0.5387082695960999,0,0
2018-11-08,2018-11-09,train_in_sample,IWM,0.5152873992919922,0,0
2018-11-09,2018-11-12,train_in_sample,SPY,0.514244794845581,0,0
2018-11-09,2018-11-12,train_in_sample,QQQ,0.5846948027610779,0,0
2018-11-09,2018-11-12,train_in_sample,IWM,0.46778005361557007,0,1
2018-11-12,2018-11-13,train_in_sample,SPY,0.5143293738365173,0,0
2018-11-12,2018-11-13,train_in_sample,QQQ,0.5420337915420532,1,1
2018-11-12,2018-11-13,train_in_sample,IWM,0.48913463950157166,0,1
2018-11-13,2018-11-14,train_in_sample,SPY,0.5428943037986755,0,0
2018-11-13,2018-11-14,train_in_sample,QQQ,0.5033378005027771,0,0
2018-11-13,2018-11-14,train_in_sample,IWM,0.5170682668685913,0,0
2018-11-14,2018-11-15,train_in_sample,SPY,0.48286134004592896,1,0
2018-11-14,2018-11-15,train_in_sample,QQQ,0.556510865688324,1,1
2018-11-14,2018-11-15,train_in_sample,IWM,0.5043265223503113,1,1
2018-11-15,2018-11-16,train_in_sample,SPY,0.48338115215301514,1,0
2018-11-15,2018-11-16,train_in_sample,QQQ,0.5541892647743225,0,0
2018-11-15,2018-11-16,train_in_sample,IWM,0.4682489037513733,1,0
2018-11-16,2018-11-19,train_in_sample,SPY,0.5414698719978333,0,0
2018-11-16,2018-11-19,train_in_sample,QQQ,0.5613822937011719,0,0
2018-11-16,2018-11-19,train_in_sample,IWM,0.4887652099132538,0,1
2018-11-19,2018-11-20,train_in_sample,SPY,0.5345836877822876,0,0
2018-11-19,2018-11-20,train_in_sample,QQQ,0.5075068473815918,0,0
2018-11-19,2018-11-20,train_in_sample,IWM,0.47961926460266113,0,1
2018-11-20,2018-11-21,train_in_sample,SPY,0.540412187576294,1,1
2018-11-20,2018-11-21,train_in_sample,QQQ,0.5413730144500732,1,1
2018-11-20,2018-11-21,train_in_sample,IWM,0.4926535487174988,1,0
2018-11-21,2018-11-23,train_in_sample,SPY,0.5304155349731445,0,0
2018-11-21,2018-11-23,train_in_sample,QQQ,0.5065057277679443,0,0
2018-11-21,2018-11-23,train_in_sample,IWM,0.5065991878509521,0,0
2018-11-23,2018-11-26,train_in_sample,SPY,0.5579006671905518,1,1
2018-11-23,2018-11-26,train_in_sample,QQQ,0.5557860732078552,1,1
2018-11-23,2018-11-26,train_in_sample,IWM,0.5516818165779114,1,1
2018-11-26,2018-11-27,train_in_sample,SPY,0.4795490801334381,1,0
2018-11-26,2018-11-27,train_in_sample,QQQ,0.5699463486671448,1,1
2018-11-26,2018-11-27,train_in_sample,IWM,0.5075135231018066,0,0
2018-11-27,2018-11-28,train_in_sample,SPY,0.48685550689697266,1,0
2018-11-27,2018-11-28,train_in_sample,QQQ,0.5713119506835938,1,1
2018-11-27,2018-11-28,train_in_sample,IWM,0.547706663608551,1,1
2018-11-28,2018-11-29,train_in_sample,SPY,0.5056020021438599,0,0
2018-11-28,2018-11-29,train_in_sample,QQQ,0.5049527287483215,0,0
2018-11-28,2018-11-29,train_in_sample,IWM,0.49473196268081665,0,1
2018-11-29,2018-11-30,train_in_sample,SPY,0.5665643811225891,1,1
2018-11-29,2018-11-30,train_in_sample,QQQ,0.5763422846794128,1,1
2018-11-29,2018-11-30,train_in_sample,IWM,0.545327365398407,1,1
2018-11-30,2018-12-03,train_in_sample,SPY,0.5614243745803833,1,1
2018-11-30,2018-12-03,train_in_sample,QQQ,0.49529942870140076,1,0
2018-11-30,2018-12-03,train_in_sample,IWM,0.5025944113731384,1,1
2018-12-03,2018-12-04,train_in_sample,SPY,0.48694661259651184,0,1
2018-12-03,2018-12-04,train_in_sample,QQQ,0.5768624544143677,0,0
2018-12-03,2018-12-04,train_in_sample,IWM,0.5133065581321716,0,0
2018-12-04,2018-12-06,train_in_sample,SPY,0.560670018196106,0,0
2018-12-04,2018-12-06,train_in_sample,QQQ,0.5768266916275024,1,1
2018-12-04,2018-12-06,train_in_sample,IWM,0.5465124249458313,0,0
2018-12-06,2018-12-07,train_in_sample,SPY,0.5249540209770203,0,0
2018-12-06,2018-12-07,train_in_sample,QQQ,0.5592287182807922,0,0
2018-12-06,2018-12-07,train_in_sample,IWM,0.5301142334938049,0,0
2018-12-07,2018-12-10,train_in_sample,SPY,0.5628726482391357,1,1
2018-12-07,2018-12-10,train_in_sample,QQQ,0.5665719509124756,1,1
2018-12-07,2018-12-10,train_in_sample,IWM,0.5044762492179871,0,0
2018-12-10,2018-12-11,train_in_sample,SPY,0.5118736028671265,1,1
2018-12-10,2018-12-11,train_in_sample,QQQ,0.5440468788146973,1,1
2018-12-10,2018-12-11,train_in_sample,IWM,0.5404157042503357,0,0
2018-12-11,2018-12-12,train_in_sample,SPY,0.514259934425354,1,1
2018-12-11,2018-12-12,train_in_sample,QQQ,0.5465341210365295,1,1
2018-12-11,2018-12-12,train_in_sample,IWM,0.521256685256958,1,1
2018-12-12,2018-12-13,train_in_sample,SPY,0.5653114318847656,0,0
2018-12-12,2018-12-13,train_in_sample,QQQ,0.5130489468574524,1,1
2018-12-12,2018-12-13,train_in_sample,IWM,0.4966872036457062,0,1
2018-12-13,2018-12-14,train_in_sample,SPY,0.5094538927078247,0,0
2018-12-13,2018-12-14,train_in_sample,QQQ,0.5714753866195679,0,0
2018-12-13,2018-12-14,train_in_sample,IWM,0.5728908777236938,0,0
2018-12-14,2018-12-17,train_in_sample,SPY,0.5577447414398193,0,0
2018-12-14,2018-12-17,train_in_sample,QQQ,0.5658571720123291,0,0
2018-12-14,2018-12-17,train_in_sample,IWM,0.5297642350196838,0,0
2018-12-17,2018-12-18,train_in_sample,SPY,0.5299345850944519,0,0
2018-12-17,2018-12-18,train_in_sample,QQQ,0.5890167355537415,1,1
2018-12-17,2018-12-18,train_in_sample,IWM,0.5309218168258667,0,0
2018-12-18,2018-12-19,train_in_sample,SPY,0.5359187722206116,0,0
2018-12-18,2018-12-19,train_in_sample,QQQ,0.5598800778388977,0,0
2018-12-18,2018-12-19,train_in_sample,IWM,0.5652618408203125,0,0
2018-12-19,2018-12-20,train_in_sample,SPY,0.5517826676368713,0,0
2018-12-19,2018-12-20,train_in_sample,QQQ,0.5341082215309143,0,0
2018-12-19,2018-12-20,train_in_sample,IWM,0.5236769914627075,0,0
2018-12-20,2018-12-21,train_in_sample,SPY,0.553032636642456,0,0
2018-12-20,2018-12-21,train_in_sample,QQQ,0.5665081143379211,0,0
2018-12-20,2018-12-21,train_in_sample,IWM,0.5129084587097168,0,0
2018-12-21,2018-12-24,train_in_sample,SPY,0.537659227848053,0,0
2018-12-21,2018-12-24,train_in_sample,QQQ,0.5687779784202576,0,0
2018-12-21,2018-12-24,train_in_sample,IWM,0.47938019037246704,0,1
2018-12-24,2018-12-26,train_in_sample,SPY,0.582056999206543,1,1
2018-12-24,2018-12-26,train_in_sample,QQQ,0.5495862364768982,1,1
2018-12-24,2018-12-26,train_in_sample,IWM,0.549929141998291,1,1
2018-12-26,2018-12-27,train_in_sample,SPY,0.4248187243938446,1,0
2018-12-26,2018-12-27,train_in_sample,QQQ,0.5038386583328247,1,1
2018-12-26,2018-12-27,train_in_sample,IWM,0.47141292691230774,1,0
2018-12-27,2018-12-28,train_in_sample,SPY,0.48147064447402954,0,1
2018-12-27,2018-12-28,train_in_sample,QQQ,0.5347883105278015,0,0
2018-12-27,2018-12-28,train_in_sample,IWM,0.5375688672065735,1,1
2018-12-28,2018-12-31,train_in_sample,SPY,0.5394782423973083,1,1
2018-12-28,2018-12-31,train_in_sample,QQQ,0.5625192523002625,1,1
2018-12-28,2018-12-31,train_in_sample,IWM,0.5585122108459473,1,1
2018-12-31,2019-01-02,train_in_sample,SPY,0.5535072088241577,1,1
2018-12-31,2019-01-02,train_in_sample,QQQ,0.5421990752220154,1,1
2018-12-31,2019-01-02,train_in_sample,IWM,0.5095612406730652,1,1
2019-01-02,2019-01-03,train_in_sample,SPY,0.5277878642082214,0,0
2019-01-02,2019-01-03,train_in_sample,QQQ,0.5147569179534912,0,0
2019-01-02,2019-01-03,train_in_sample,IWM,0.5509657859802246,0,0
2019-01-03,2019-01-04,train_in_sample,SPY,0.5934682488441467,1,1
2019-01-03,2019-01-04,train_in_sample,QQQ,0.570279061794281,1,1
2019-01-03,2019-01-04,train_in_sample,IWM,0.5565662384033203,1,1
2019-01-04,2019-01-07,train_in_sample,SPY,0.4680907726287842,1,0
2019-01-04,2019-01-07,train_in_sample,QQQ,0.4870026409626007,1,0
2019-01-04,2019-01-07,train_in_sample,IWM,0.47966834902763367,1,0
2019-01-07,2019-01-08,train_in_sample,SPY,0.5217277407646179,1,1
2019-01-07,2019-01-08,train_in_sample,QQQ,0.5320842266082764,1,1
2019-01-07,2019-01-08,train_in_sample,IWM,0.515579342842102,1,1
2019-01-08,2019-01-09,train_in_sample,SPY,0.5139498710632324,1,1
2019-01-08,2019-01-09,train_in_sample,QQQ,0.565843939781189,1,1
2019-01-08,2019-01-09,train_in_sample,IWM,0.5466490387916565,1,1
2019-01-09,2019-01-10,train_in_sample,SPY,0.5782288908958435,1,1
2019-01-09,2019-01-10,train_in_sample,QQQ,0.5338072180747986,1,1
2019-01-09,2019-01-10,train_in_sample,IWM,0.5680825710296631,1,1
2019-01-10,2019-01-11,train_in_sample,SPY,0.5213431715965271,0,0
2019-01-10,2019-01-11,train_in_sample,QQQ,0.5382035374641418,0,0
2019-01-10,2019-01-11,train_in_sample,IWM,0.5637937188148499,1,1
2019-01-11,2019-01-14,train_in_sample,SPY,0.5508556365966797,0,0
2019-01-11,2019-01-14,train_in_sample,QQQ,0.5666298270225525,0,0
2019-01-11,2019-01-14,train_in_sample,IWM,0.5637496113777161,0,0
2019-01-14,2019-01-15,train_in_sample,SPY,0.5575106143951416,1,1
2019-01-14,2019-01-15,train_in_sample,QQQ,0.5788337588310242,1,1
2019-01-14,2019-01-15,train_in_sample,IWM,0.588161051273346,1,1
2019-01-15,2019-01-16,train_in_sample,SPY,0.5145249366760254,1,1
2019-01-15,2019-01-16,train_in_sample,QQQ,0.5554591417312622,0,0
2019-01-15,2019-01-16,train_in_sample,IWM,0.5391364693641663,1,1
2019-01-16,2019-01-17,train_in_sample,SPY,0.5386916995048523,1,1
2019-01-16,2019-01-17,train_in_sample,QQQ,0.5694772601127625,1,1
2019-01-16,2019-01-17,train_in_sample,IWM,0.5232837796211243,1,1
2019-01-17,2019-01-18,train_in_sample,SPY,0.5156451463699341,1,1
2019-01-17,2019-01-18,train_in_sample,QQQ,0.5799746513366699,1,1
2019-01-17,2019-01-18,train_in_sample,IWM,0.5554482340812683,1,1
2019-01-18,2019-01-22,train_in_sample,SPY,0.48628488183021545,0,1
2019-01-18,2019-01-22,train_in_sample,QQQ,0.6037693023681641,0,0
2019-01-18,2019-01-22,train_in_sample,IWM,0.5596185326576233,0,0
2019-01-22,2019-01-23,train_in_sample,SPY,0.5501960515975952,1,1
2019-01-22,2019-01-23,train_in_sample,QQQ,0.6079725027084351,1,1
2019-01-22,2019-01-23,train_in_sample,IWM,0.5746747851371765,0,0
2019-01-23,2019-01-24,train_in_sample,SPY,0.541405975818634,1,1
2019-01-23,2019-01-24,train_in_sample,QQQ,0.5234827399253845,1,1
2019-01-23,2019-01-24,train_in_sample,IWM,0.562707245349884,1,1
2019-01-24,2019-01-25,train_in_sample,SPY,0.5333001017570496,1,1
2019-01-24,2019-01-25,train_in_sample,QQQ,0.585250735282898,1,1
2019-01-24,2019-01-25,train_in_sample,IWM,0.581539511680603,1,1
2019-01-25,2019-01-28,train_in_sample,SPY,0.5164730548858643,0,0
2019-01-25,2019-01-28,train_in_sample,QQQ,0.5686679482460022,0,0
2019-01-25,2019-01-28,train_in_sample,IWM,0.5352529883384705,0,0
2019-01-28,2019-01-29,train_in_sample,SPY,0.5830731391906738,0,0
2019-01-28,2019-01-29,train_in_sample,QQQ,0.5583449602127075,0,0
2019-01-28,2019-01-29,train_in_sample,IWM,0.5786662101745605,0,0
2019-01-29,2019-01-30,train_in_sample,SPY,0.5297269225120544,1,1
2019-01-29,2019-01-30,train_in_sample,QQQ,0.5550381541252136,1,1
2019-01-29,2019-01-30,train_in_sample,IWM,0.5604848861694336,1,1
2019-01-30,2019-01-31,train_in_sample,SPY,0.49823492765426636,1,0
2019-01-30,2019-01-31,train_in_sample,QQQ,0.49689123034477234,1,0
2019-01-30,2019-01-31,train_in_sample,IWM,0.5020681023597717,1,1
2019-01-31,2019-02-01,train_in_sample,SPY,0.5009009838104248,1,1
2019-01-31,2019-02-01,train_in_sample,QQQ,0.5447648763656616,0,0
2019-01-31,2019-02-01,train_in_sample,IWM,0.5443061590194702,1,1
2019-02-01,2019-02-04,train_in_sample,SPY,0.559414267539978,1,1
2019-02-01,2019-02-04,train_in_sample,QQQ,0.5654927492141724,1,1
2019-02-01,2019-02-04,train_in_sample,IWM,0.550764262676239,1,1
2019-02-04,2019-02-05,train_in_sample,SPY,0.5011966228485107,1,1
2019-02-04,2019-02-05,train_in_sample,QQQ,0.5456356406211853,1,1
2019-02-04,2019-02-05,train_in_sample,IWM,0.5753042697906494,1,1
2019-02-05,2019-02-06,train_in_sample,SPY,0.5526917576789856,0,0
2019-02-05,2019-02-06,train_in_sample,QQQ,0.5128213167190552,0,0
2019-02-05,2019-02-06,train_in_sample,IWM,0.5407039523124695,0,0
2019-02-06,2019-02-07,train_in_sample,SPY,0.47839224338531494,0,1
2019-02-06,2019-02-07,train_in_sample,QQQ,0.5682650208473206,0,0
2019-02-06,2019-02-07,train_in_sample,IWM,0.5331693887710571,0,0
2019-02-07,2019-02-08,train_in_sample,SPY,0.5380622744560242,1,1
2019-02-07,2019-02-08,train_in_sample,QQQ,0.5988755822181702,1,1
2019-02-07,2019-02-08,train_in_sample,IWM,0.5686430931091309,1,1
2019-02-08,2019-02-11,train_in_sample,SPY,0.5139898061752319,1,1
2019-02-08,2019-02-11,train_in_sample,QQQ,0.5539219379425049,0,0
2019-02-08,2019-02-11,train_in_sample,IWM,0.559803307056427,1,1
2019-02-11,2019-02-12,train_in_sample,SPY,0.5357529520988464,1,1
2019-02-11,2019-02-12,train_in_sample,QQQ,0.5352347493171692,1,1
2019-02-11,2019-02-12,train_in_sample,IWM,0.528420627117157,1,1
2019-02-12,2019-02-13,train_in_sample,SPY,0.5162386894226074,1,1
2019-02-12,2019-02-13,train_in_sample,QQQ,0.5506539344787598,1,1
2019-02-12,2019-02-13,train_in_sample,IWM,0.51193767786026,1,1
2019-02-13,2019-02-14,train_in_sample,SPY,0.5309568047523499,0,0
2019-02-13,2019-02-14,train_in_sample,QQQ,0.5427588224411011,1,1
2019-02-13,2019-02-14,train_in_sample,IWM,0.550637423992157,1,1
2019-02-14,2019-02-15,train_in_sample,SPY,0.5164429545402527,1,1
2019-02-14,2019-02-15,train_in_sample,QQQ,0.5690887570381165,1,1
2019-02-14,2019-02-15,train_in_sample,IWM,0.5350632667541504,1,1
2019-02-15,2019-02-19,train_in_sample,SPY,0.5318730473518372,1,1
2019-02-15,2019-02-19,train_in_sample,QQQ,0.564079225063324,1,1
2019-02-15,2019-02-19,train_in_sample,IWM,0.5328472256660461,1,1
2019-02-19,2019-02-20,train_in_sample,SPY,0.516717255115509,1,1
2019-02-19,2019-02-20,train_in_sample,QQQ,0.5528517961502075,0,0
2019-02-19,2019-02-20,train_in_sample,IWM,0.5804409384727478,1,1
2019-02-20,2019-02-21,train_in_sample,SPY,0.5174405574798584,0,0
2019-02-20,2019-02-21,train_in_sample,QQQ,0.562402069568634,0,0
2019-02-20,2019-02-21,train_in_sample,IWM,0.5306228399276733,0,0
2019-02-21,2019-02-22,train_in_sample,SPY,0.5664753317832947,1,1
2019-02-21,2019-02-22,train_in_sample,QQQ,0.5628979802131653,1,1
2019-02-21,2019-02-22,train_in_sample,IWM,0.5661761164665222,1,1
2019-02-22,2019-02-25,train_in_sample,SPY,0.5336878299713135,1,1
2019-02-22,2019-02-25,train_in_sample,QQQ,0.5807893872261047,1,1
2019-02-22,2019-02-25,train_in_sample,IWM,0.5685007572174072,1,1
2019-02-25,2019-02-26,train_in_sample,SPY,0.5027874112129211,0,0
2019-02-25,2019-02-26,train_in_sample,QQQ,0.5566944479942322,1,1
2019-02-25,2019-02-26,train_in_sample,IWM,0.5396642088890076,0,0
2019-02-26,2019-02-27,train_in_sample,SPY,0.5698394775390625,0,0
2019-02-26,2019-02-27,train_in_sample,QQQ,0.5436787009239197,0,0
2019-02-26,2019-02-27,train_in_sample,IWM,0.5557456612586975,1,1
2019-02-27,2019-02-28,train_in_sample,SPY,0.5309500098228455,0,0
2019-02-27,2019-02-28,train_in_sample,QQQ,0.5972184538841248,0,0
2019-02-27,2019-02-28,train_in_sample,IWM,0.5095597505569458,0,0
2019-02-28,2019-03-01,train_in_sample,SPY,0.5696999430656433,1,1
2019-02-28,2019-03-01,train_in_sample,QQQ,0.5836434960365295,1,1
2019-02-28,2019-03-01,train_in_sample,IWM,0.5556548833847046,1,1
2019-03-01,2019-03-04,train_in_sample,SPY,0.5691426396369934,0,0
2019-03-01,2019-03-04,train_in_sample,QQQ,0.5622401237487793,1,1
2019-03-01,2019-03-04,train_in_sample,IWM,0.5171434879302979,0,0
2019-03-04,2019-03-05,train_in_sample,SPY,0.5633360147476196,0,0
2019-03-04,2019-03-05,train_in_sample,QQQ,0.5692043304443359,1,1
2019-03-04,2019-03-05,train_in_sample,IWM,0.5046610236167908,0,0
2019-03-05,2019-03-06,train_in_sample,SPY,0.559717059135437,0,0
2019-03-05,2019-03-06,train_in_sample,QQQ,0.5932245254516602,0,0
2019-03-05,2019-03-06,train_in_sample,IWM,0.5822600722312927,0,0
2019-03-06,2019-03-07,train_in_sample,SPY,0.546281635761261,0,0
2019-03-06,2019-03-07,train_in_sample,QQQ,0.5683663487434387,0,0
2019-03-06,2019-03-07,train_in_sample,IWM,0.5305173397064209,0,0
2019-03-07,2019-03-08,train_in_sample,SPY,0.5503960251808167,0,0
2019-03-07,2019-03-08,train_in_sample,QQQ,0.5914430022239685,0,0
2019-03-07,2019-03-08,train_in_sample,IWM,0.5105138421058655,0,0
2019-03-08,2019-03-11,train_in_sample,SPY,0.5367831587791443,1,1
2019-03-08,2019-03-11,train_in_sample,QQQ,0.6161027550697327,1,1
2019-03-08,2019-03-11,train_in_sample,IWM,0.5194997191429138,1,1
2019-03-11,2019-03-12,train_in_sample,SPY,0.47971493005752563,1,0
2019-03-11,2019-03-12,train_in_sample,QQQ,0.5586787462234497,1,1
2019-03-11,2019-03-12,train_in_sample,IWM,0.4898024797439575,1,0
2019-03-12,2019-03-13,train_in_sample,SPY,0.5172767639160156,1,1
2019-03-12,2019-03-13,train_in_sample,QQQ,0.5902809500694275,1,1
2019-03-12,2019-03-13,train_in_sample,IWM,0.5005447268486023,1,1
2019-03-13,2019-03-14,train_in_sample,SPY,0.508744478225708,0,0
2019-03-13,2019-03-14,train_in_sample,QQQ,0.5590468645095825,0,0
2019-03-13,2019-03-14,train_in_sample,IWM,0.5417401194572449,0,0
2019-03-14,2019-03-15,train_in_sample,SPY,0.5468482375144958,1,1
2019-03-14,2019-03-15,train_in_sample,QQQ,0.5607767701148987,1,1
2019-03-14,2019-03-15,train_in_sample,IWM,0.5494064688682556,1,1
2019-03-15,2019-03-18,train_in_sample,SPY,0.5120601654052734,1,1
2019-03-15,2019-03-18,train_in_sample,QQQ,0.614940345287323,1,1
2019-03-15,2019-03-18,train_in_sample,IWM,0.5170058608055115,1,1
2019-03-18,2019-03-19,train_in_sample,SPY,0.49598804116249084,1,0
2019-03-18,2019-03-19,train_in_sample,QQQ,0.5684295892715454,1,1
2019-03-18,2019-03-19,train_in_sample,IWM,0.5445928573608398,0,0
2019-03-19,2019-03-20,train_in_sample,SPY,0.5232892632484436,0,0
2019-03-19,2019-03-20,train_in_sample,QQQ,0.5315284132957458,1,1
2019-03-19,2019-03-20,train_in_sample,IWM,0.545348048210144,0,0
2019-03-20,2019-03-21,train_in_sample,SPY,0.5474631190299988,1,1
2019-03-20,2019-03-21,train_in_sample,QQQ,0.5323413014411926,1,1
2019-03-20,2019-03-21,train_in_sample,IWM,0.5337361097335815,1,1
2019-03-21,2019-03-22,train_in_sample,SPY,0.4951598644256592,0,1
2019-03-21,2019-03-22,train_in_sample,QQQ,0.5590187311172485,0,0
2019-03-21,2019-03-22,train_in_sample,IWM,0.5651654601097107,0,0
2019-03-22,2019-03-25,train_in_sample,SPY,0.5406314730644226,0,0
2019-03-22,2019-03-25,train_in_sample,QQQ,0.5696284770965576,0,0
2019-03-22,2019-03-25,train_in_sample,IWM,0.5509650111198425,1,1
2019-03-25,2019-03-26,train_in_sample,SPY,0.539337694644928,1,1
2019-03-25,2019-03-26,train_in_sample,QQQ,0.5679166913032532,1,1
2019-03-25,2019-03-26,train_in_sample,IWM,0.5175190567970276,1,1
2019-03-26,2019-03-27,train_in_sample,SPY,0.5290546417236328,0,0
2019-03-26,2019-03-27,train_in_sample,QQQ,0.5601024031639099,0,0
2019-03-26,2019-03-27,train_in_sample,IWM,0.5357925891876221,0,0
2019-03-27,2019-03-28,train_in_sample,SPY,0.5394918918609619,1,1
2019-03-27,2019-03-28,train_in_sample,QQQ,0.5640994906425476,1,1
2019-03-27,2019-03-28,train_in_sample,IWM,0.5193814635276794,1,1
2019-03-28,2019-03-29,train_in_sample,SPY,0.5157675743103027,1,1
2019-03-28,2019-03-29,train_in_sample,QQQ,0.5503254532814026,1,1
2019-03-28,2019-03-29,train_in_sample,IWM,0.5296934843063354,1,1
2019-03-29,2019-04-01,train_in_sample,SPY,0.5878868103027344,1,1
2019-03-29,2019-04-01,train_in_sample,QQQ,0.5509865283966064,1,1
2019-03-29,2019-04-01,train_in_sample,IWM,0.5148960947990417,1,1
2019-04-01,2019-04-02,train_in_sample,SPY,0.5535036325454712,1,1
2019-04-01,2019-04-02,train_in_sample,QQQ,0.5475535988807678,1,1
2019-04-01,2019-04-02,train_in_sample,IWM,0.5350675582885742,0,0
2019-04-02,2019-04-03,train_in_sample,SPY,0.5555039644241333,1,1
2019-04-02,2019-04-03,train_in_sample,QQQ,0.5337321162223816,1,1
2019-04-02,2019-04-03,train_in_sample,IWM,0.608436107635498,1,1
2019-04-03,2019-04-04,train_in_sample,SPY,0.5413536429405212,1,1
2019-04-03,2019-04-04,train_in_sample,QQQ,0.5223515033721924,0,0
2019-04-03,2019-04-04,train_in_sample,IWM,0.5235880017280579,1,1
2019-04-04,2019-04-05,train_in_sample,SPY,0.5602952241897583,1,1
2019-04-04,2019-04-05,train_in_sample,QQQ,0.5625728964805603,1,1
2019-04-04,2019-04-05,train_in_sample,IWM,0.5477293133735657,1,1
2019-04-05,2019-04-08,train_in_sample,SPY,0.6193483471870422,1,1
2019-04-05,2019-04-08,train_in_sample,QQQ,0.5453457236289978,1,1
2019-04-05,2019-04-08,train_in_sample,IWM,0.5357010364532471,0,0
2019-04-08,2019-04-09,train_in_sample,SPY,0.5139690637588501,0,0
2019-04-08,2019-04-09,train_in_sample,QQQ,0.5784960985183716,0,0
2019-04-08,2019-04-09,train_in_sample,IWM,0.5608949065208435,0,0
2019-04-09,2019-04-10,train_in_sample,SPY,0.4982837438583374,1,0
2019-04-09,2019-04-10,train_in_sample,QQQ,0.5907533764839172,1,1
2019-04-09,2019-04-10,train_in_sample,IWM,0.6046229004859924,1,1
2019-04-10,2019-04-11,train_in_sample,SPY,0.5409444570541382,0,0
2019-04-10,2019-04-11,train_in_sample,QQQ,0.503690242767334,0,0
2019-04-10,2019-04-11,train_in_sample,IWM,0.5701442956924438,0,0
2019-04-11,2019-04-12,train_in_sample,SPY,0.5589777231216431,1,1
2019-04-11,2019-04-12,train_in_sample,QQQ,0.5450949668884277,1,1
2019-04-11,2019-04-12,train_in_sample,IWM,0.5589597821235657,1,1
2019-04-12,2019-04-15,train_in_sample,SPY,0.5723601579666138,0,0
2019-04-12,2019-04-15,train_in_sample,QQQ,0.5870527029037476,1,1
2019-04-12,2019-04-15,train_in_sample,IWM,0.6729104518890381,0,0
2019-04-15,2019-04-16,train_in_sample,SPY,0.5518282055854797,1,1
2019-04-15,2019-04-16,train_in_sample,QQQ,0.5849080085754395,1,1
2019-04-15,2019-04-16,train_in_sample,IWM,0.5787190794944763,1,1
2019-04-16,2019-04-17,train_in_sample,SPY,0.5467576384544373,0,0
2019-04-16,2019-04-17,train_in_sample,QQQ,0.5513839721679688,1,1
2019-04-16,2019-04-17,train_in_sample,IWM,0.5857442021369934,0,0
2019-04-17,2019-04-18,train_in_sample,SPY,0.5137208104133606,1,1
2019-04-17,2019-04-18,train_in_sample,QQQ,0.548926055431366,1,1
2019-04-17,2019-04-18,train_in_sample,IWM,0.5589811205863953,0,0
2019-04-18,2019-04-22,train_in_sample,SPY,0.5457004308700562,1,1
2019-04-18,2019-04-22,train_in_sample,QQQ,0.5949497222900391,1,1
2019-04-18,2019-04-22,train_in_sample,IWM,0.5825821757316589,0,0
2019-04-22,2019-04-23,train_in_sample,SPY,0.48016107082366943,1,0
2019-04-22,2019-04-23,train_in_sample,QQQ,0.5779728889465332,1,1
2019-04-22,2019-04-23,train_in_sample,IWM,0.5812229514122009,1,1
2019-04-23,2019-04-24,train_in_sample,SPY,0.541774570941925,0,0
2019-04-23,2019-04-24,train_in_sample,QQQ,0.5932971239089966,0,0
2019-04-23,2019-04-24,train_in_sample,IWM,0.512732982635498,1,1
2019-04-24,2019-04-25,train_in_sample,SPY,0.5954474806785583,0,0
2019-04-24,2019-04-25,train_in_sample,QQQ,0.5826165080070496,1,1
2019-04-24,2019-04-25,train_in_sample,IWM,0.5715165734291077,0,0
2019-04-25,2019-04-26,train_in_sample,SPY,0.5094250440597534,1,1
2019-04-25,2019-04-26,train_in_sample,QQQ,0.5310138463973999,1,1
2019-04-25,2019-04-26,train_in_sample,IWM,0.5117198824882507,1,1
2019-04-26,2019-04-29,train_in_sample,SPY,0.5172821879386902,1,1
2019-04-26,2019-04-29,train_in_sample,QQQ,0.6135483384132385,1,1
2019-04-26,2019-04-29,train_in_sample,IWM,0.5718762278556824,1,1
2019-04-29,2019-04-30,train_in_sample,SPY,0.5686355829238892,1,1
2019-04-29,2019-04-30,train_in_sample,QQQ,0.5459770560264587,0,0
2019-04-29,2019-04-30,train_in_sample,IWM,0.5628270506858826,0,0
2019-04-30,2019-05-01,train_in_sample,SPY,0.5560465455055237,0,0
2019-04-30,2019-05-01,train_in_sample,QQQ,0.5962283611297607,0,0
2019-04-30,2019-05-01,train_in_sample,IWM,0.5628116726875305,0,0
2019-05-01,2019-05-02,train_in_sample,SPY,0.5385448932647705,0,0
2019-05-01,2019-05-02,train_in_sample,QQQ,0.5712555050849915,0,0
2019-05-01,2019-05-02,train_in_sample,IWM,0.5912131071090698,1,1
2019-05-02,2019-05-03,train_in_sample,SPY,0.544284999370575,1,1
2019-05-02,2019-05-03,train_in_sample,QQQ,0.5426200032234192,1,1
2019-05-02,2019-05-03,train_in_sample,IWM,0.5555745363235474,1,1
2019-05-03,2019-05-06,train_in_sample,SPY,0.5506432056427002,0,0
2019-05-03,2019-05-06,train_in_sample,QQQ,0.4998948872089386,0,1
2019-05-03,2019-05-06,train_in_sample,IWM,0.5061872005462646,1,1
2019-05-06,2019-05-07,train_in_sample,SPY,0.5213850736618042,0,0
2019-05-06,2019-05-07,train_in_sample,QQQ,0.6375043988227844,0,0
2019-05-06,2019-05-07,train_in_sample,IWM,0.6289116144180298,0,0
2019-05-07,2019-05-08,train_in_sample,SPY,0.5348532199859619,0,0
2019-05-07,2019-05-08,train_in_sample,QQQ,0.5832492709159851,0,0
2019-05-07,2019-05-08,train_in_sample,IWM,0.5189794898033142,0,0
2019-05-08,2019-05-09,train_in_sample,SPY,0.4879233241081238,0,1
2019-05-08,2019-05-09,train_in_sample,QQQ,0.6350815296173096,0,0
2019-05-08,2019-05-09,train_in_sample,IWM,0.5517446994781494,0,0
2019-05-09,2019-05-10,train_in_sample,SPY,0.5830596685409546,1,1
2019-05-09,2019-05-10,train_in_sample,QQQ,0.578274130821228,1,1
2019-05-09,2019-05-10,train_in_sample,IWM,0.4796239733695984,1,0
2019-05-10,2019-05-13,train_in_sample,SPY,0.6164980530738831,0,0
2019-05-10,2019-05-13,train_in_sample,QQQ,0.5342282652854919,0,0
2019-05-10,2019-05-13,train_in_sample,IWM,0.5190204977989197,0,0
2019-05-13,2019-05-14,train_in_sample,SPY,0.5498315095901489,1,1
2019-05-13,2019-05-14,train_in_sample,QQQ,0.6081923842430115,1,1
2019-05-13,2019-05-14,train_in_sample,IWM,0.5246551036834717,1,1
2019-05-14,2019-05-15,train_in_sample,SPY,0.522430419921875,1,1
2019-05-14,2019-05-15,train_in_sample,QQQ,0.5344041585922241,1,1
2019-05-14,2019-05-15,train_in_sample,IWM,0.5130004286766052,1,1
2019-05-15,2019-05-16,train_in_sample,SPY,0.49003928899765015,1,0
2019-05-15,2019-05-16,train_in_sample,QQQ,0.5756942629814148,1,1
2019-05-15,2019-05-16,train_in_sample,IWM,0.49014797806739807,1,0
2019-05-16,2019-05-17,train_in_sample,SPY,0.46060124039649963,0,1
2019-05-16,2019-05-17,train_in_sample,QQQ,0.5886386632919312,0,0
2019-05-16,2019-05-17,train_in_sample,IWM,0.46483248472213745,0,1
2019-05-17,2019-05-20,train_in_sample,SPY,0.5554021000862122,0,0
2019-05-17,2019-05-20,train_in_sample,QQQ,0.5798683166503906,0,0
2019-05-17,2019-05-20,train_in_sample,IWM,0.5340563654899597,0,0
2019-05-20,2019-05-21,train_in_sample,SPY,0.5358049273490906,1,1
2019-05-20,2019-05-21,train_in_sample,QQQ,0.5642439723014832,1,1
2019-05-20,2019-05-21,train_in_sample,IWM,0.5952595472335815,1,1
2019-05-21,2019-05-22,train_in_sample,SPY,0.5083698630332947,0,0
2019-05-21,2019-05-22,train_in_sample,QQQ,0.5727056264877319,0,0
2019-05-21,2019-05-22,train_in_sample,IWM,0.5253475308418274,0,0
2019-05-22,2019-05-23,train_in_sample,SPY,0.5604742765426636,0,0
2019-05-22,2019-05-23,train_in_sample,QQQ,0.5659390091896057,0,0
2019-05-22,2019-05-23,train_in_sample,IWM,0.5575803518295288,0,0
2019-05-23,2019-05-24,train_in_sample,SPY,0.591322124004364,1,1
2019-05-23,2019-05-24,train_in_sample,QQQ,0.5893896818161011,0,0
2019-05-23,2019-05-24,train_in_sample,IWM,0.5649992823600769,1,1
2019-05-24,2019-05-28,train_in_sample,SPY,0.5100138783454895,0,0
2019-05-24,2019-05-28,train_in_sample,QQQ,0.5981664061546326,0,0
2019-05-24,2019-05-28,train_in_sample,IWM,0.4933902323246002,0,1
2019-05-28,2019-05-29,train_in_sample,SPY,0.5983021855354309,0,0
2019-05-28,2019-05-29,train_in_sample,QQQ,0.5177770853042603,0,0
2019-05-28,2019-05-29,train_in_sample,IWM,0.5643794536590576,0,0
2019-05-29,2019-05-30,train_in_sample,SPY,0.567279577255249,1,1
2019-05-29,2019-05-30,train_in_sample,QQQ,0.5794724822044373,1,1
2019-05-29,2019-05-30,train_in_sample,IWM,0.5471253395080566,0,0
2019-05-30,2019-05-31,train_in_sample,SPY,0.6236488819122314,0,0
2019-05-30,2019-05-31,train_in_sample,QQQ,0.5326927304267883,0,0
2019-05-30,2019-05-31,train_in_sample,IWM,0.5332468748092651,0,0
2019-05-31,2019-06-03,train_in_sample,SPY,0.5611951351165771,0,0
2019-05-31,2019-06-03,train_in_sample,QQQ,0.6121034622192383,0,0
2019-05-31,2019-06-03,train_in_sample,IWM,0.5138407945632935,1,1
2019-06-03,2019-06-04,train_in_sample,SPY,0.540202796459198,1,1
2019-06-03,2019-06-04,train_in_sample,QQQ,0.5745229125022888,1,1
2019-06-03,2019-06-04,train_in_sample,IWM,0.5057130455970764,1,1
2019-06-04,2019-06-05,train_in_sample,SPY,0.5264169573783875,1,1
2019-06-04,2019-06-05,train_in_sample,QQQ,0.5432662963867188,1,1
2019-06-04,2019-06-05,train_in_sample,IWM,0.5852769613265991,0,0
2019-06-05,2019-06-06,train_in_sample,SPY,0.5217718482017517,1,1
2019-06-05,2019-06-06,train_in_sample,QQQ,0.5911828279495239,1,1
2019-06-05,2019-06-06,train_in_sample,IWM,0.48077598214149475,0,1
2019-06-06,2019-06-07,train_in_sample,SPY,0.5145831108093262,1,1
2019-06-06,2019-06-07,train_in_sample,QQQ,0.5600656270980835,1,1
2019-06-06,2019-06-07,train_in_sample,IWM,0.5929144620895386,1,1
2019-06-07,2019-06-10,train_in_sample,SPY,0.5044600367546082,1,1
2019-06-07,2019-06-10,train_in_sample,QQQ,0.48913735151290894,1,0
2019-06-07,2019-06-10,train_in_sample,IWM,0.5137225985527039,1,1
2019-06-10,2019-06-11,train_in_sample,SPY,0.5184437036514282,0,0
2019-06-10,2019-06-11,train_in_sample,QQQ,0.5476568937301636,1,1
2019-06-10,2019-06-11,train_in_sample,IWM,0.5353583097457886,0,0
2019-06-11,2019-06-12,train_in_sample,SPY,0.5010779500007629,0,0
2019-06-11,2019-06-12,train_in_sample,QQQ,0.5592783093452454,0,0
2019-06-11,2019-06-12,train_in_sample,IWM,0.5640618801116943,1,1
2019-06-12,2019-06-13,train_in_sample,SPY,0.5207213759422302,1,1
2019-06-12,2019-06-13,train_in_sample,QQQ,0.685868501663208,1,1
2019-06-12,2019-06-13,train_in_sample,IWM,0.5849649310112,1,1
2019-06-13,2019-06-14,train_in_sample,SPY,0.5188824534416199,0,0
2019-06-13,2019-06-14,train_in_sample,QQQ,0.5123201012611389,0,0
2019-06-13,2019-06-14,train_in_sample,IWM,0.43881601095199585,0,1
2019-06-14,2019-06-17,train_in_sample,SPY,0.5487815141677856,1,1
2019-06-14,2019-06-17,train_in_sample,QQQ,0.5923323035240173,1,1
2019-06-14,2019-06-17,train_in_sample,IWM,0.5199902057647705,1,1
2019-06-17,2019-06-18,train_in_sample,SPY,0.5739801526069641,1,1
2019-06-17,2019-06-18,train_in_sample,QQQ,0.5383084416389465,1,1
2019-06-17,2019-06-18,train_in_sample,IWM,0.5171130299568176,1,1
2019-06-18,2019-06-19,train_in_sample,SPY,0.5677955746650696,1,1
2019-06-18,2019-06-19,train_in_sample,QQQ,0.5094447135925293,1,1
2019-06-18,2019-06-19,train_in_sample,IWM,0.5197094082832336,1,1
2019-06-19,2019-06-20,train_in_sample,SPY,0.5471491813659668,1,1
2019-06-19,2019-06-20,train_in_sample,QQQ,0.5588167309761047,1,1
2019-06-19,2019-06-20,train_in_sample,IWM,0.5433546304702759,1,1
2019-06-20,2019-06-21,train_in_sample,SPY,0.5597465634346008,0,0
2019-06-20,2019-06-21,train_in_sample,QQQ,0.5328309535980225,0,0
2019-06-20,2019-06-21,train_in_sample,IWM,0.4691605865955353,0,1
2019-06-21,2019-06-24,train_in_sample,SPY,0.5054768919944763,0,0
2019-06-21,2019-06-24,train_in_sample,QQQ,0.6099193692207336,1,1
2019-06-21,2019-06-24,train_in_sample,IWM,0.5013211965560913,0,0
2019-06-24,2019-06-25,train_in_sample,SPY,0.5600339770317078,0,0
2019-06-24,2019-06-25,train_in_sample,QQQ,0.5779900550842285,0,0
2019-06-24,2019-06-25,train_in_sample,IWM,0.5831908583641052,0,0
2019-06-25,2019-06-26,train_in_sample,SPY,0.579675555229187,0,0
2019-06-25,2019-06-26,train_in_sample,QQQ,0.5211824178695679,1,1
2019-06-25,2019-06-26,train_in_sample,IWM,0.5413870215415955,0,0
2019-06-26,2019-06-27,train_in_sample,SPY,0.5852227807044983,1,1
2019-06-26,2019-06-27,train_in_sample,QQQ,0.5743374824523926,1,1
2019-06-26,2019-06-27,train_in_sample,IWM,0.5678040981292725,1,1
2019-06-27,2019-06-28,train_in_sample,SPY,0.5910847187042236,1,1
2019-06-27,2019-06-28,train_in_sample,QQQ,0.538324773311615,1,1
2019-06-27,2019-06-28,train_in_sample,IWM,0.5984088182449341,1,1
2019-06-28,2019-07-01,train_in_sample,SPY,0.5782883763313293,1,1
2019-06-28,2019-07-01,train_in_sample,QQQ,0.50580233335495,1,1
2019-06-28,2019-07-01,train_in_sample,IWM,0.5275247097015381,1,1
2019-07-01,2019-07-02,train_in_sample,SPY,0.5848892331123352,1,1
2019-07-01,2019-07-02,train_in_sample,QQQ,0.5981218814849854,1,1
2019-07-01,2019-07-02,train_in_sample,IWM,0.5500315427780151,0,0
2019-07-02,2019-07-03,train_in_sample,SPY,0.5705928206443787,1,1
2019-07-02,2019-07-03,train_in_sample,QQQ,0.5851728320121765,1,1
2019-07-02,2019-07-03,train_in_sample,IWM,0.568321943283081,1,1
2019-07-03,2019-07-05,train_in_sample,SPY,0.5017462372779846,0,0
2019-07-03,2019-07-05,train_in_sample,QQQ,0.5187011361122131,0,0
2019-07-03,2019-07-05,train_in_sample,IWM,0.5184834003448486,1,1
2019-07-05,2019-07-08,train_in_sample,SPY,0.4867120087146759,0,1
2019-07-05,2019-07-08,train_in_sample,QQQ,0.6224421858787537,0,0
2019-07-05,2019-07-08,train_in_sample,IWM,0.6150749325752258,0,0
2019-07-08,2019-07-09,train_in_sample,SPY,0.6313623785972595,1,1
2019-07-08,2019-07-09,train_in_sample,QQQ,0.4884028434753418,1,0
2019-07-08,2019-07-09,train_in_sample,IWM,0.6175594925880432,1,1
2019-07-09,2019-07-10,train_in_sample,SPY,0.5572781562805176,1,1
2019-07-09,2019-07-10,train_in_sample,QQQ,0.5722463726997375,1,1
2019-07-09,2019-07-10,train_in_sample,IWM,0.5819975733757019,1,1
2019-07-10,2019-07-11,train_in_sample,SPY,0.6086412072181702,1,1
2019-07-10,2019-07-11,train_in_sample,QQQ,0.5293262004852295,0,0
2019-07-10,2019-07-11,train_in_sample,IWM,0.5911749601364136,0,0
2019-07-11,2019-07-12,train_in_sample,SPY,0.5482620000839233,1,1
2019-07-11,2019-07-12,train_in_sample,QQQ,0.5569674968719482,1,1
2019-07-11,2019-07-12,train_in_sample,IWM,0.568697988986969,1,1
2019-07-12,2019-07-15,train_in_sample,SPY,0.6467024087905884,1,1
2019-07-12,2019-07-15,train_in_sample,QQQ,0.5842143893241882,1,1
2019-07-12,2019-07-15,train_in_sample,IWM,0.628055214881897,0,0
2019-07-15,2019-07-16,train_in_sample,SPY,0.5910606384277344,0,0
2019-07-15,2019-07-16,train_in_sample,QQQ,0.552669882774353,0,0
2019-07-15,2019-07-16,train_in_sample,IWM,0.6106382608413696,0,0
2019-07-16,2019-07-17,train_in_sample,SPY,0.5911542773246765,0,0
2019-07-16,2019-07-17,train_in_sample,QQQ,0.5568798184394836,0,0
2019-07-16,2019-07-17,train_in_sample,IWM,0.5713894963264465,0,0
2019-07-17,2019-07-18,train_in_sample,SPY,0.5968307852745056,1,1
2019-07-17,2019-07-18,train_in_sample,QQQ,0.5410668849945068,1,1
2019-07-17,2019-07-18,train_in_sample,IWM,0.6574228405952454,1,1
2019-07-18,2019-07-19,train_in_sample,SPY,0.51558917760849,0,0
2019-07-18,2019-07-19,train_in_sample,QQQ,0.5535228848457336,0,0
2019-07-18,2019-07-19,train_in_sample,IWM,0.5559795498847961,0,0
2019-07-19,2019-07-22,train_in_sample,SPY,0.590604305267334,1,1
2019-07-19,2019-07-22,train_in_sample,QQQ,0.5232045650482178,1,1
2019-07-19,2019-07-22,train_in_sample,IWM,0.5699002146720886,0,0
2019-07-22,2019-07-23,train_in_sample,SPY,0.5516249537467957,1,1
2019-07-22,2019-07-23,train_in_sample,QQQ,0.5469474792480469,1,1
2019-07-22,2019-07-23,train_in_sample,IWM,0.5426645278930664,1,1
2019-07-23,2019-07-24,train_in_sample,SPY,0.48937317728996277,1,0
2019-07-23,2019-07-24,train_in_sample,QQQ,0.49868494272232056,1,0
2019-07-23,2019-07-24,train_in_sample,IWM,0.5458773374557495,1,1
2019-07-24,2019-07-25,train_in_sample,SPY,0.5198297500610352,0,0
2019-07-24,2019-07-25,train_in_sample,QQQ,0.4953511953353882,0,1
2019-07-24,2019-07-25,train_in_sample,IWM,0.560173511505127,0,0
2019-07-25,2019-07-26,train_in_sample,SPY,0.5815656185150146,1,1
2019-07-25,2019-07-26,train_in_sample,QQQ,0.6039702892303467,1,1
2019-07-25,2019-07-26,train_in_sample,IWM,0.5662621259689331,1,1
2019-07-26,2019-07-29,train_in_sample,SPY,0.5007731318473816,0,0
2019-07-26,2019-07-29,train_in_sample,QQQ,0.5777155756950378,0,0
2019-07-26,2019-07-29,train_in_sample,IWM,0.5335920453071594,0,0
2019-07-29,2019-07-30,train_in_sample,SPY,0.5600219368934631,0,0
2019-07-29,2019-07-30,train_in_sample,QQQ,0.5859578847885132,0,0
2019-07-29,2019-07-30,train_in_sample,IWM,0.582720935344696,1,1
2019-07-30,2019-07-31,train_in_sample,SPY,0.5790776610374451,0,0
2019-07-30,2019-07-31,train_in_sample,QQQ,0.6350651383399963,0,0
2019-07-30,2019-07-31,train_in_sample,IWM,0.6420601010322571,0,0
2019-07-31,2019-08-01,train_in_sample,SPY,0.5481045246124268,0,0
2019-07-31,2019-08-01,train_in_sample,QQQ,0.5961802005767822,0,0
2019-07-31,2019-08-01,train_in_sample,IWM,0.54730224609375,0,0
2019-08-01,2019-08-02,train_in_sample,SPY,0.5785107016563416,0,0
2019-08-01,2019-08-02,train_in_sample,QQQ,0.6313429474830627,0,0
2019-08-01,2019-08-02,train_in_sample,IWM,0.47586682438850403,0,1
2019-08-02,2019-08-05,train_in_sample,SPY,0.501770555973053,0,0
2019-08-02,2019-08-05,train_in_sample,QQQ,0.5989730954170227,0,0
2019-08-02,2019-08-05,train_in_sample,IWM,0.5021899938583374,0,0
2019-08-05,2019-08-06,train_in_sample,SPY,0.5797629952430725,1,1
2019-08-05,2019-08-06,train_in_sample,QQQ,0.5914009213447571,1,1
2019-08-05,2019-08-06,train_in_sample,IWM,0.5576687455177307,1,1
2019-08-06,2019-08-07,train_in_sample,SPY,0.5045922994613647,1,1
2019-08-06,2019-08-07,train_in_sample,QQQ,0.5503631830215454,1,1
2019-08-06,2019-08-07,train_in_sample,IWM,0.5595096349716187,1,1
2019-08-07,2019-08-08,train_in_sample,SPY,0.5147044658660889,1,1
2019-08-07,2019-08-08,train_in_sample,QQQ,0.5989589095115662,1,1
2019-08-07,2019-08-08,train_in_sample,IWM,0.5965684652328491,1,1
2019-08-08,2019-08-09,train_in_sample,SPY,0.4510493278503418,0,1
2019-08-08,2019-08-09,train_in_sample,QQQ,0.513447105884552,0,0
2019-08-08,2019-08-09,train_in_sample,IWM,0.5414835810661316,0,0
2019-08-09,2019-08-12,train_in_sample,SPY,0.5659400820732117,0,0
2019-08-09,2019-08-12,train_in_sample,QQQ,0.5606219172477722,0,0
2019-08-09,2019-08-12,train_in_sample,IWM,0.5287380814552307,0,0
2019-08-12,2019-08-13,train_in_sample,SPY,0.567352831363678,1,1
2019-08-12,2019-08-13,train_in_sample,QQQ,0.5924983620643616,1,1
2019-08-12,2019-08-13,train_in_sample,IWM,0.5987367630004883,1,1
2019-08-13,2019-08-14,train_in_sample,SPY,0.4857448637485504,0,1
2019-08-13,2019-08-14,train_in_sample,QQQ,0.5603880882263184,0,0
2019-08-13,2019-08-14,train_in_sample,IWM,0.5077194571495056,0,0
2019-08-14,2019-08-15,train_in_sample,SPY,0.5715922117233276,1,1
2019-08-14,2019-08-15,train_in_sample,QQQ,0.5967634320259094,0,0
2019-08-14,2019-08-15,train_in_sample,IWM,0.5477812886238098,0,0
2019-08-15,2019-08-16,train_in_sample,SPY,0.5567300319671631,1,1
2019-08-15,2019-08-16,train_in_sample,QQQ,0.5998771786689758,1,1
2019-08-15,2019-08-16,train_in_sample,IWM,0.4766472280025482,1,0
2019-08-16,2019-08-19,train_in_sample,SPY,0.5408818125724792,1,1
2019-08-16,2019-08-19,train_in_sample,QQQ,0.45721665024757385,1,0
2019-08-16,2019-08-19,train_in_sample,IWM,0.49831506609916687,1,0
2019-08-19,2019-08-20,train_in_sample,SPY,0.5251208543777466,0,0
2019-08-19,2019-08-20,train_in_sample,QQQ,0.5575026869773865,0,0
2019-08-19,2019-08-20,train_in_sample,IWM,0.49764418601989746,0,1
2019-08-20,2019-08-21,train_in_sample,SPY,0.6342707872390747,1,1
2019-08-20,2019-08-21,train_in_sample,QQQ,0.4901377856731415,1,0
2019-08-20,2019-08-21,train_in_sample,IWM,0.5697246193885803,1,1
2019-08-21,2019-08-22,train_in_sample,SPY,0.5665874481201172,0,0
2019-08-21,2019-08-22,train_in_sample,QQQ,0.5751253962516785,0,0
2019-08-21,2019-08-22,train_in_sample,IWM,0.5343849658966064,0,0
2019-08-22,2019-08-23,train_in_sample,SPY,0.5185284614562988,0,0
2019-08-22,2019-08-23,train_in_sample,QQQ,0.5234216451644897,0,0
2019-08-22,2019-08-23,train_in_sample,IWM,0.5701709985733032,0,0
2019-08-23,2019-08-26,train_in_sample,SPY,0.5058560371398926,1,1
2019-08-23,2019-08-26,train_in_sample,QQQ,0.5759270787239075,1,1
2019-08-23,2019-08-26,train_in_sample,IWM,0.45934370160102844,1,0
2019-08-26,2019-08-27,train_in_sample,SPY,0.5342296957969666,0,0
2019-08-26,2019-08-27,train_in_sample,QQQ,0.5288238525390625,0,0
2019-08-26,2019-08-27,train_in_sample,IWM,0.49423807859420776,0,1
2019-08-27,2019-08-28,train_in_sample,SPY,0.57451331615448,1,1
2019-08-27,2019-08-28,train_in_sample,QQQ,0.5420137643814087,1,1
2019-08-27,2019-08-28,train_in_sample,IWM,0.5647473335266113,1,1
2019-08-28,2019-08-29,train_in_sample,SPY,0.5653463006019592,1,1
2019-08-28,2019-08-29,train_in_sample,QQQ,0.5390873551368713,1,1
2019-08-28,2019-08-29,train_in_sample,IWM,0.6227028369903564,1,1
2019-08-29,2019-08-30,train_in_sample,SPY,0.5126773715019226,0,0
2019-08-29,2019-08-30,train_in_sample,QQQ,0.4914235472679138,0,1
2019-08-29,2019-08-30,train_in_sample,IWM,0.5026117563247681,0,0
2019-08-30,2019-09-03,train_in_sample,SPY,0.4579258859157562,0,1
2019-08-30,2019-09-03,train_in_sample,QQQ,0.6013191938400269,0,0
2019-08-30,2019-09-03,train_in_sample,IWM,0.48065635561943054,0,1
2019-09-03,2019-09-04,train_in_sample,SPY,0.52845299243927,1,1
2019-09-03,2019-09-04,train_in_sample,QQQ,0.5802890062332153,1,1
2019-09-03,2019-09-04,train_in_sample,IWM,0.5524312853813171,1,1
2019-09-04,2019-09-05,train_in_sample,SPY,0.5429710745811462,1,1
2019-09-04,2019-09-05,train_in_sample,QQQ,0.5390418767929077,1,1
2019-09-04,2019-09-05,train_in_sample,IWM,0.6144689917564392,1,1
2019-09-05,2019-09-06,train_in_sample,SPY,0.5465115308761597,1,1
2019-09-05,2019-09-06,train_in_sample,QQQ,0.5564576387405396,0,0
2019-09-05,2019-09-06,train_in_sample,IWM,0.5528627634048462,0,0
2019-09-06,2019-09-09,train_in_sample,SPY,0.5219752788543701,1,1
2019-09-06,2019-09-09,train_in_sample,QQQ,0.5648884177207947,0,0
2019-09-06,2019-09-09,train_in_sample,IWM,0.5919929146766663,1,1
2019-09-09,2019-09-10,train_in_sample,SPY,0.5594152212142944,0,0
2019-09-09,2019-09-10,train_in_sample,QQQ,0.5713380575180054,0,0
2019-09-09,2019-09-10,train_in_sample,IWM,0.5910031795501709,1,1
2019-09-10,2019-09-11,train_in_sample,SPY,0.5505005717277527,1,1
2019-09-10,2019-09-11,train_in_sample,QQQ,0.5423123836517334,1,1
2019-09-10,2019-09-11,train_in_sample,IWM,0.5104844570159912,1,1
2019-09-11,2019-09-12,train_in_sample,SPY,0.5350044965744019,1,1
2019-09-11,2019-09-12,train_in_sample,QQQ,0.5739214420318604,1,1
2019-09-11,2019-09-12,train_in_sample,IWM,0.5400353074073792,1,1
2019-09-12,2019-09-13,train_in_sample,SPY,0.5324898362159729,0,0
2019-09-12,2019-09-13,train_in_sample,QQQ,0.5679804682731628,0,0
2019-09-12,2019-09-13,train_in_sample,IWM,0.5516786575317383,1,1
2019-09-13,2019-09-16,train_in_sample,SPY,0.5399706959724426,0,0
2019-09-13,2019-09-16,train_in_sample,QQQ,0.5344282984733582,0,0
2019-09-13,2019-09-16,train_in_sample,IWM,0.5517007112503052,1,1
2019-09-16,2019-09-17,train_in_sample,SPY,0.5698328018188477,1,1
2019-09-16,2019-09-17,train_in_sample,QQQ,0.5419939756393433,1,1
2019-09-16,2019-09-17,train_in_sample,IWM,0.5925343632698059,0,0
2019-09-17,2019-09-18,train_in_sample,SPY,0.5416911840438843,1,1
2019-09-17,2019-09-18,train_in_sample,QQQ,0.5259015560150146,0,0
2019-09-17,2019-09-18,train_in_sample,IWM,0.5830647945404053,0,0
2019-09-18,2019-09-19,train_in_sample,SPY,0.5564860701560974,0,0
2019-09-18,2019-09-19,train_in_sample,QQQ,0.5447899699211121,1,1
2019-09-18,2019-09-19,train_in_sample,IWM,0.5392746329307556,0,0
2019-09-19,2019-09-20,train_in_sample,SPY,0.5229786038398743,0,0
2019-09-19,2019-09-20,train_in_sample,QQQ,0.5731033086776733,0,0
2019-09-19,2019-09-20,train_in_sample,IWM,0.55819171667099,0,0
2019-09-20,2019-09-23,train_in_sample,SPY,0.5630847215652466,1,1
2019-09-20,2019-09-23,train_in_sample,QQQ,0.5716749429702759,1,1
2019-09-20,2019-09-23,train_in_sample,IWM,0.5441522598266602,0,0
2019-09-23,2019-09-24,train_in_sample,SPY,0.5334482789039612,0,0
2019-09-23,2019-09-24,train_in_sample,QQQ,0.5570914149284363,0,0
2019-09-23,2019-09-24,train_in_sample,IWM,0.5757917165756226,0,0
2019-09-24,2019-09-25,train_in_sample,SPY,0.5463274717330933,1,1
2019-09-24,2019-09-25,train_in_sample,QQQ,0.5596144795417786,1,1
2019-09-24,2019-09-25,train_in_sample,IWM,0.585324764251709,1,1
2019-09-25,2019-09-26,train_in_sample,SPY,0.500952959060669,0,0
2019-09-25,2019-09-26,train_in_sample,QQQ,0.5193998217582703,0,0
2019-09-25,2019-09-26,train_in_sample,IWM,0.5215867161750793,0,0
2019-09-26,2019-09-27,train_in_sample,SPY,0.5667597055435181,0,0
2019-09-26,2019-09-27,train_in_sample,QQQ,0.48222002387046814,0,1
2019-09-26,2019-09-27,train_in_sample,IWM,0.5586140751838684,0,0
2019-09-27,2019-09-30,train_in_sample,SPY,0.48517411947250366,1,0
2019-09-27,2019-09-30,train_in_sample,QQQ,0.5439336895942688,1,1
2019-09-27,2019-09-30,train_in_sample,IWM,0.49017736315727234,1,0
2019-09-30,2019-10-01,train_in_sample,SPY,0.5494058132171631,0,0
2019-09-30,2019-10-01,train_in_sample,QQQ,0.5031704306602478,0,0
2019-09-30,2019-10-01,train_in_sample,IWM,0.48323702812194824,0,1
2019-10-01,2019-10-02,train_in_sample,SPY,0.5858914256095886,0,0
2019-10-01,2019-10-02,train_in_sample,QQQ,0.5801106691360474,0,0
2019-10-01,2019-10-02,train_in_sample,IWM,0.5874878764152527,0,0
2019-10-02,2019-10-03,train_in_sample,SPY,0.5520011782646179,1,1
2019-10-02,2019-10-03,train_in_sample,QQQ,0.5608469247817993,1,1
2019-10-02,2019-10-03,train_in_sample,IWM,0.5339838862419128,1,1
2019-10-03,2019-10-04,train_in_sample,SPY,0.5394208431243896,1,1
2019-10-03,2019-10-04,train_in_sample,QQQ,0.5635221004486084,1,1
2019-10-03,2019-10-04,train_in_sample,IWM,0.5690310597419739,1,1
2019-10-04,2019-10-07,train_in_sample,SPY,0.5182194709777832,0,0
2019-10-04,2019-10-07,train_in_sample,QQQ,0.5267068147659302,0,0
2019-10-04,2019-10-07,train_in_sample,IWM,0.5162395238876343,0,0
2019-10-07,2019-10-08,train_in_sample,SPY,0.5473728179931641,0,0
2019-10-07,2019-10-08,train_in_sample,QQQ,0.555996835231781,0,0
2019-10-07,2019-10-08,train_in_sample,IWM,0.5665789842605591,0,0
2019-10-08,2019-10-09,train_in_sample,SPY,0.5507527589797974,1,1
2019-10-08,2019-10-09,train_in_sample,QQQ,0.5844125151634216,1,1
2019-10-08,2019-10-09,train_in_sample,IWM,0.5737059712409973,1,1
2019-10-09,2019-10-10,train_in_sample,SPY,0.5399175882339478,1,1
2019-10-09,2019-10-10,train_in_sample,QQQ,0.5031746029853821,1,1
2019-10-09,2019-10-10,train_in_sample,IWM,0.5412927865982056,1,1
2019-10-10,2019-10-11,train_in_sample,SPY,0.5513542294502258,1,1
2019-10-10,2019-10-11,train_in_sample,QQQ,0.5532861351966858,1,1
2019-10-10,2019-10-11,train_in_sample,IWM,0.6254483461380005,1,1
2019-10-11,2019-10-14,train_in_sample,SPY,0.5353015065193176,0,0
2019-10-11,2019-10-14,train_in_sample,QQQ,0.4747501313686371,0,1
2019-10-11,2019-10-14,train_in_sample,IWM,0.4752596318721771,0,1
2019-10-14,2019-10-15,train_in_sample,SPY,0.5316445827484131,1,1
2019-10-14,2019-10-15,train_in_sample,QQQ,0.49865928292274475,1,0
2019-10-14,2019-10-15,train_in_sample,IWM,0.5447040796279907,1,1
2019-10-15,2019-10-16,train_in_sample,SPY,0.5275068283081055,0,0
2019-10-15,2019-10-16,train_in_sample,QQQ,0.5761834383010864,0,0
2019-10-15,2019-10-16,train_in_sample,IWM,0.5353224277496338,1,1
2019-10-16,2019-10-17,train_in_sample,SPY,0.5570891499519348,1,1
2019-10-16,2019-10-17,train_in_sample,QQQ,0.5694859027862549,1,1
2019-10-16,2019-10-17,train_in_sample,IWM,0.5655964612960815,1,1
2019-10-17,2019-10-18,train_in_sample,SPY,0.5159493684768677,0,0
2019-10-17,2019-10-18,train_in_sample,QQQ,0.5440677404403687,0,0
2019-10-17,2019-10-18,train_in_sample,IWM,0.539760947227478,0,0
2019-10-18,2019-10-21,train_in_sample,SPY,0.602196991443634,1,1
2019-10-18,2019-10-21,train_in_sample,QQQ,0.5652335286140442,1,1
2019-10-18,2019-10-21,train_in_sample,IWM,0.580162763595581,1,1
2019-10-21,2019-10-22,train_in_sample,SPY,0.5437719821929932,0,0
2019-10-21,2019-10-22,train_in_sample,QQQ,0.5244889259338379,0,0
2019-10-21,2019-10-22,train_in_sample,IWM,0.5380390882492065,1,1
2019-10-22,2019-10-23,train_in_sample,SPY,0.5689030289649963,1,1
2019-10-22,2019-10-23,train_in_sample,QQQ,0.5218388438224792,1,1
2019-10-22,2019-10-23,train_in_sample,IWM,0.5921548008918762,1,1
2019-10-23,2019-10-24,train_in_sample,SPY,0.5367214679718018,1,1
2019-10-23,2019-10-24,train_in_sample,QQQ,0.5036079287528992,1,1
2019-10-23,2019-10-24,train_in_sample,IWM,0.5621590614318848,0,0
2019-10-24,2019-10-25,train_in_sample,SPY,0.5562858581542969,1,1
2019-10-24,2019-10-25,train_in_sample,QQQ,0.5311475396156311,1,1
2019-10-24,2019-10-25,train_in_sample,IWM,0.5815514922142029,1,1
2019-10-25,2019-10-28,train_in_sample,SPY,0.5265235304832458,1,1
2019-10-25,2019-10-28,train_in_sample,QQQ,0.531373918056488,1,1
2019-10-25,2019-10-28,train_in_sample,IWM,0.553129255771637,1,1
2019-10-28,2019-10-29,train_in_sample,SPY,0.5534676909446716,0,0
2019-10-28,2019-10-29,train_in_sample,QQQ,0.557029128074646,0,0
2019-10-28,2019-10-29,train_in_sample,IWM,0.5617772340774536,1,1
2019-10-29,2019-10-30,train_in_sample,SPY,0.5226419568061829,1,1
2019-10-29,2019-10-30,train_in_sample,QQQ,0.5448991060256958,1,1
2019-10-29,2019-10-30,train_in_sample,IWM,0.5223370790481567,0,0
2019-10-30,2019-10-31,train_in_sample,SPY,0.486795037984848,0,1
2019-10-30,2019-10-31,train_in_sample,QQQ,0.5379018783569336,1,1
2019-10-30,2019-10-31,train_in_sample,IWM,0.6159001588821411,0,0
2019-10-31,2019-11-01,train_in_sample,SPY,0.4930773079395294,1,0
2019-10-31,2019-11-01,train_in_sample,QQQ,0.5861673951148987,1,1
2019-10-31,2019-11-01,train_in_sample,IWM,0.5092031359672546,1,1
2019-11-01,2019-11-04,train_in_sample,SPY,0.5239546298980713,1,1
2019-11-01,2019-11-04,train_in_sample,QQQ,0.5331774950027466,1,1
2019-11-01,2019-11-04,train_in_sample,IWM,0.4706839919090271,1,0
2019-11-04,2019-11-05,train_in_sample,SPY,0.5555147528648376,0,0
2019-11-04,2019-11-05,train_in_sample,QQQ,0.5626411437988281,1,1
2019-11-04,2019-11-05,train_in_sample,IWM,0.5514780879020691,1,1
2019-11-05,2019-11-06,train_in_sample,SPY,0.5502141118049622,1,1
2019-11-05,2019-11-06,train_in_sample,QQQ,0.5613101720809937,0,0
2019-11-05,2019-11-06,train_in_sample,IWM,0.5965262651443481,0,0
2019-11-06,2019-11-07,train_in_sample,SPY,0.5654686689376831,1,1
2019-11-06,2019-11-07,train_in_sample,QQQ,0.5729840993881226,1,1
2019-11-06,2019-11-07,train_in_sample,IWM,0.5583087801933289,1,1
2019-11-07,2019-11-08,train_in_sample,SPY,0.5342323780059814,1,1
2019-11-07,2019-11-08,train_in_sample,QQQ,0.5974233150482178,1,1
2019-11-07,2019-11-08,train_in_sample,IWM,0.5881208777427673,1,1
2019-11-08,2019-11-11,train_in_sample,SPY,0.5500103831291199,0,0
2019-11-08,2019-11-11,train_in_sample,QQQ,0.5462853908538818,0,0
2019-11-08,2019-11-11,train_in_sample,IWM,0.5888413786888123,0,0
2019-11-11,2019-11-12,train_in_sample,SPY,0.5802123546600342,1,1
2019-11-11,2019-11-12,train_in_sample,QQQ,0.5212318301200867,1,1
2019-11-11,2019-11-12,train_in_sample,IWM,0.5655490159988403,1,1
2019-11-12,2019-11-13,train_in_sample,SPY,0.5101131796836853,1,1
2019-11-12,2019-11-13,train_in_sample,QQQ,0.555202305316925,1,1
2019-11-12,2019-11-13,train_in_sample,IWM,0.5777568817138672,0,0
2019-11-13,2019-11-14,train_in_sample,SPY,0.5616579651832581,1,1
2019-11-13,2019-11-14,train_in_sample,QQQ,0.5161677002906799,0,0
2019-11-13,2019-11-14,train_in_sample,IWM,0.5752679109573364,0,0
2019-11-14,2019-11-15,train_in_sample,SPY,0.5758652091026306,1,1
2019-11-14,2019-11-15,train_in_sample,QQQ,0.5439711809158325,1,1
2019-11-14,2019-11-15,train_in_sample,IWM,0.5435568690299988,1,1
2019-11-15,2019-11-18,train_in_sample,SPY,0.5652636289596558,1,1
2019-11-15,2019-11-18,train_in_sample,QQQ,0.5027720928192139,1,1
2019-11-15,2019-11-18,train_in_sample,IWM,0.5301851630210876,0,0
2019-11-18,2019-11-19,train_in_sample,SPY,0.5309812426567078,0,0
2019-11-18,2019-11-19,train_in_sample,QQQ,0.5097094178199768,1,1
2019-11-18,2019-11-19,train_in_sample,IWM,0.5776844024658203,1,1
2019-11-19,2019-11-20,train_in_sample,SPY,0.5707805752754211,0,0
2019-11-19,2019-11-20,train_in_sample,QQQ,0.5388299822807312,0,0
2019-11-19,2019-11-20,train_in_sample,IWM,0.5391766428947449,0,0
2019-11-20,2019-11-21,train_in_sample,SPY,0.5368550419807434,0,0
2019-11-20,2019-11-21,train_in_sample,QQQ,0.5664878487586975,0,0
2019-11-20,2019-11-21,train_in_sample,IWM,0.494088739156723,0,1
2019-11-21,2019-11-22,train_in_sample,SPY,0.5520054697990417,1,1
2019-11-21,2019-11-22,train_in_sample,QQQ,0.5137406587600708,1,1
2019-11-21,2019-11-22,train_in_sample,IWM,0.5688745379447937,1,1
2019-11-22,2019-11-25,train_in_sample,SPY,0.5444019436836243,1,1
2019-11-22,2019-11-25,train_in_sample,QQQ,0.5531652569770813,1,1
2019-11-22,2019-11-25,train_in_sample,IWM,0.5456017255783081,1,1
2019-11-25,2019-11-26,train_in_sample,SPY,0.5442860126495361,1,1
2019-11-25,2019-11-26,train_in_sample,QQQ,0.5392569899559021,1,1
2019-11-25,2019-11-26,train_in_sample,IWM,0.5945356488227844,1,1
2019-11-26,2019-11-27,train_in_sample,SPY,0.5728915929794312,1,1
2019-11-26,2019-11-27,train_in_sample,QQQ,0.5152186751365662,1,1
2019-11-26,2019-11-27,train_in_sample,IWM,0.6178298592567444,1,1
2019-11-27,2019-11-29,train_in_sample,SPY,0.5183432102203369,0,0
2019-11-27,2019-11-29,train_in_sample,QQQ,0.5515767931938171,0,0
2019-11-27,2019-11-29,train_in_sample,IWM,0.5566739439964294,0,0
2019-11-29,2019-12-02,train_in_sample,SPY,0.5720521211624146,0,0
2019-11-29,2019-12-02,train_in_sample,QQQ,0.5604318380355835,0,0
2019-11-29,2019-12-02,train_in_sample,IWM,0.5598754286766052,0,0
2019-12-02,2019-12-03,train_in_sample,SPY,0.5164436101913452,0,0
2019-12-02,2019-12-03,train_in_sample,QQQ,0.5956466197967529,0,0
2019-12-02,2019-12-03,train_in_sample,IWM,0.561867892742157,0,0
2019-12-03,2019-12-04,train_in_sample,SPY,0.5461748838424683,1,1
2019-12-03,2019-12-04,train_in_sample,QQQ,0.5674996972084045,1,1
2019-12-03,2019-12-04,train_in_sample,IWM,0.5638479590415955,1,1
2019-12-04,2019-12-05,train_in_sample,SPY,0.5236470699310303,1,1
2019-12-04,2019-12-05,train_in_sample,QQQ,0.575414776802063,1,1
2019-12-04,2019-12-05,train_in_sample,IWM,0.5967652797698975,1,1
2019-12-05,2019-12-06,train_in_sample,SPY,0.5488160848617554,1,1
2019-12-05,2019-12-06,train_in_sample,QQQ,0.5576276183128357,1,1
2019-12-05,2019-12-06,train_in_sample,IWM,0.5679221153259277,1,1
2019-12-06,2019-12-09,train_in_sample,SPY,0.48903053998947144,0,1
2019-12-06,2019-12-09,train_in_sample,QQQ,0.5285959243774414,0,0
2019-12-06,2019-12-09,train_in_sample,IWM,0.510127604007721,0,0
2019-12-09,2019-12-10,train_in_sample,SPY,0.5328993201255798,0,0
2019-12-09,2019-12-10,train_in_sample,QQQ,0.5613000392913818,0,0
2019-12-09,2019-12-10,train_in_sample,IWM,0.613101065158844,1,1
2019-12-10,2019-12-11,train_in_sample,SPY,0.5426270961761475,1,1
2019-12-10,2019-12-11,train_in_sample,QQQ,0.5600650906562805,1,1
2019-12-10,2019-12-11,train_in_sample,IWM,0.5721862316131592,0,0
2019-12-11,2019-12-12,train_in_sample,SPY,0.5765929222106934,1,1
2019-12-11,2019-12-12,train_in_sample,QQQ,0.5118557810783386,1,1
2019-12-11,2019-12-12,train_in_sample,IWM,0.5764708518981934,1,1
2019-12-12,2019-12-13,train_in_sample,SPY,0.5336588621139526,1,1
2019-12-12,2019-12-13,train_in_sample,QQQ,0.5495687127113342,1,1
2019-12-12,2019-12-13,train_in_sample,IWM,0.47101640701293945,0,1
2019-12-13,2019-12-16,train_in_sample,SPY,0.5965300798416138,1,1
2019-12-13,2019-12-16,train_in_sample,QQQ,0.5599784255027771,1,1
2019-12-13,2019-12-16,train_in_sample,IWM,0.5878240466117859,1,1
2019-12-16,2019-12-17,train_in_sample,SPY,0.550325870513916,1,1
2019-12-16,2019-12-17,train_in_sample,QQQ,0.5374299883842468,1,1
2019-12-16,2019-12-17,train_in_sample,IWM,0.5662955045700073,1,1
2019-12-17,2019-12-18,train_in_sample,SPY,0.5664536952972412,1,1
2019-12-17,2019-12-18,train_in_sample,QQQ,0.5446920990943909,1,1
2019-12-17,2019-12-18,train_in_sample,IWM,0.5629414319992065,1,1
2019-12-18,2019-12-19,train_in_sample,SPY,0.5567171573638916,1,1
2019-12-18,2019-12-19,train_in_sample,QQQ,0.5184941291809082,1,1
2019-12-18,2019-12-19,train_in_sample,IWM,0.5419721007347107,1,1
2019-12-19,2019-12-20,train_in_sample,SPY,0.5537924766540527,1,1
2019-12-19,2019-12-20,train_in_sample,QQQ,0.5042606592178345,1,1
2019-12-19,2019-12-20,train_in_sample,IWM,0.533643901348114,1,1
2019-12-20,2019-12-23,train_in_sample,SPY,0.6110938787460327,1,1
2019-12-20,2019-12-23,train_in_sample,QQQ,0.535139262676239,1,1
2019-12-20,2019-12-23,train_in_sample,IWM,0.5609719157218933,1,1
2019-12-23,2019-12-24,train_in_sample,SPY,0.579613208770752,0,0
2019-12-23,2019-12-24,train_in_sample,QQQ,0.579936683177948,1,1
2019-12-23,2019-12-24,train_in_sample,IWM,0.5747663378715515,1,1
2019-12-24,2019-12-26,train_in_sample,SPY,0.543904721736908,1,1
2019-12-24,2019-12-26,train_in_sample,QQQ,0.5472099781036377,1,1
2019-12-24,2019-12-26,train_in_sample,IWM,0.607612133026123,0,0
2019-12-26,2019-12-27,train_in_sample,SPY,0.4626360833644867,0,1
2019-12-26,2019-12-27,train_in_sample,QQQ,0.542457103729248,0,0
2019-12-26,2019-12-27,train_in_sample,IWM,0.5832385420799255,0,0
2019-12-27,2019-12-30,train_in_sample,SPY,0.5260671377182007,0,0
2019-12-27,2019-12-30,train_in_sample,QQQ,0.5431536436080933,0,0
2019-12-27,2019-12-30,train_in_sample,IWM,0.5358808040618896,0,0
2019-12-30,2019-12-31,train_in_sample,SPY,0.5349103212356567,1,1
2019-12-30,2019-12-31,train_in_sample,QQQ,0.544634997844696,1,1
2019-12-30,2019-12-31,train_in_sample,IWM,0.5791544318199158,1,1
2019-12-31,2020-01-02,train_in_sample,SPY,0.5452924966812134,1,1
2019-12-31,2020-01-02,train_in_sample,QQQ,0.5230618119239807,1,1
2019-12-31,2020-01-02,train_in_sample,IWM,0.5541924238204956,1,1
2020-01-02,2020-01-03,train_in_sample,SPY,0.5013034343719482,0,0
2020-01-02,2020-01-03,train_in_sample,QQQ,0.5960418581962585,0,0
2020-01-02,2020-01-03,train_in_sample,IWM,0.5485700964927673,0,0
2020-01-03,2020-01-06,train_in_sample,SPY,0.5627139806747437,1,1
2020-01-03,2020-01-06,train_in_sample,QQQ,0.5608397722244263,1,1
2020-01-03,2020-01-06,train_in_sample,IWM,0.5431587100028992,1,1
2020-01-06,2020-01-07,train_in_sample,SPY,0.5569484829902649,0,0
2020-01-06,2020-01-07,train_in_sample,QQQ,0.5532405376434326,0,0
2020-01-06,2020-01-07,train_in_sample,IWM,0.5902519822120667,0,0
2020-01-07,2020-01-08,train_in_sample,SPY,0.5286673307418823,1,1
2020-01-07,2020-01-08,train_in_sample,QQQ,0.5539758205413818,1,1
2020-01-07,2020-01-08,train_in_sample,IWM,0.559069812297821,1,1
2020-01-08,2020-01-09,train_in_sample,SPY,0.5540701150894165,1,1
2020-01-08,2020-01-09,train_in_sample,QQQ,0.5416734218597412,1,1
2020-01-08,2020-01-09,train_in_sample,IWM,0.5587725043296814,1,1
2020-01-09,2020-01-10,train_in_sample,SPY,0.48738396167755127,0,1
2020-01-09,2020-01-10,train_in_sample,QQQ,0.5800338983535767,0,0
2020-01-09,2020-01-10,train_in_sample,IWM,0.5417508482933044,0,0
2020-01-10,2020-01-13,train_in_sample,SPY,0.5414333343505859,1,1
2020-01-10,2020-01-13,train_in_sample,QQQ,0.5627927780151367,1,1
2020-01-10,2020-01-13,train_in_sample,IWM,0.5463816523551941,1,1
2020-01-13,2020-01-14,train_in_sample,SPY,0.5082858204841614,0,0
2020-01-13,2020-01-14,train_in_sample,QQQ,0.53729248046875,0,0
2020-01-13,2020-01-14,train_in_sample,IWM,0.540879487991333,1,1
2020-01-14,2020-01-15,train_in_sample,SPY,0.5500977039337158,1,1
2020-01-14,2020-01-15,train_in_sample,QQQ,0.5776693820953369,1,1
2020-01-14,2020-01-15,train_in_sample,IWM,0.5984148979187012,1,1
2020-01-15,2020-01-16,train_in_sample,SPY,0.5175351500511169,1,1
2020-01-15,2020-01-16,train_in_sample,QQQ,0.585823655128479,1,1
2020-01-15,2020-01-16,train_in_sample,IWM,0.4945141673088074,1,0
2020-01-16,2020-01-17,train_in_sample,SPY,0.5446226000785828,1,1
2020-01-16,2020-01-17,train_in_sample,QQQ,0.5174856781959534,1,1
2020-01-16,2020-01-17,train_in_sample,IWM,0.5211000442504883,0,0
2020-01-17,2020-01-21,train_in_sample,SPY,0.5793174505233765,0,0
2020-01-17,2020-01-21,train_in_sample,QQQ,0.5337326526641846,0,0
2020-01-17,2020-01-21,train_in_sample,IWM,0.5321402549743652,0,0
2020-01-21,2020-01-22,train_in_sample,SPY,0.5418156981468201,1,1
2020-01-21,2020-01-22,train_in_sample,QQQ,0.5336662530899048,1,1
2020-01-21,2020-01-22,train_in_sample,IWM,0.5345619916915894,0,0
2020-01-22,2020-01-23,train_in_sample,SPY,0.5483670234680176,1,1
2020-01-22,2020-01-23,train_in_sample,QQQ,0.5958521366119385,1,1
2020-01-22,2020-01-23,train_in_sample,IWM,0.606549859046936,0,0
2020-01-23,2020-01-24,train_in_sample,SPY,0.5290656685829163,0,0
2020-01-23,2020-01-24,train_in_sample,QQQ,0.6234589219093323,0,0
2020-01-23,2020-01-24,train_in_sample,IWM,0.5951482653617859,0,0
2020-01-24,2020-01-27,train_in_sample,SPY,0.5721825957298279,0,0
2020-01-24,2020-01-27,train_in_sample,QQQ,0.5055278539657593,0,0
2020-01-24,2020-01-27,train_in_sample,IWM,0.5279436707496643,0,0
2020-01-27,2020-01-28,train_in_sample,SPY,0.5714389085769653,1,1
2020-01-27,2020-01-28,train_in_sample,QQQ,0.5973758101463318,1,1
2020-01-27,2020-01-28,train_in_sample,IWM,0.5798505544662476,1,1
2020-01-28,2020-01-29,train_in_sample,SPY,0.5215312242507935,0,0
2020-01-28,2020-01-29,train_in_sample,QQQ,0.5277993083000183,1,1
2020-01-28,2020-01-29,train_in_sample,IWM,0.5277494192123413,0,0
2020-01-29,2020-01-30,train_in_sample,SPY,0.4963923692703247,1,0
2020-01-29,2020-01-30,train_in_sample,QQQ,0.5697523355484009,1,1
2020-01-29,2020-01-30,train_in_sample,IWM,0.5149415135383606,0,0
2020-01-30,2020-01-31,train_in_sample,SPY,0.5424031615257263,0,0
2020-01-30,2020-01-31,train_in_sample,QQQ,0.5339372754096985,0,0
2020-01-30,2020-01-31,train_in_sample,IWM,0.5734933614730835,0,0
2020-01-31,2020-02-03,train_in_sample,SPY,0.5579596161842346,1,1
2020-01-31,2020-02-03,train_in_sample,QQQ,0.5361955165863037,1,1
2020-01-31,2020-02-03,train_in_sample,IWM,0.5252784490585327,1,1
2020-02-03,2020-02-04,train_in_sample,SPY,0.5115083456039429,1,1
2020-02-03,2020-02-04,train_in_sample,QQQ,0.5819755792617798,1,1
2020-02-03,2020-02-04,train_in_sample,IWM,0.5257275700569153,1,1
2020-02-04,2020-02-05,train_in_sample,SPY,0.5221007466316223,1,1
2020-02-04,2020-02-05,train_in_sample,QQQ,0.5570077300071716,1,1
2020-02-04,2020-02-05,train_in_sample,IWM,0.48364177346229553,1,0
2020-02-05,2020-02-06,train_in_sample,SPY,0.5445812344551086,1,1
2020-02-05,2020-02-06,train_in_sample,QQQ,0.5534782409667969,1,1
2020-02-05,2020-02-06,train_in_sample,IWM,0.5038357377052307,0,0
2020-02-06,2020-02-07,train_in_sample,SPY,0.5404666662216187,0,0
2020-02-06,2020-02-07,train_in_sample,QQQ,0.5747588276863098,0,0
2020-02-06,2020-02-07,train_in_sample,IWM,0.5696398019790649,0,0
2020-02-07,2020-02-10,train_in_sample,SPY,0.5659211277961731,1,1
2020-02-07,2020-02-10,train_in_sample,QQQ,0.5969973206520081,1,1
2020-02-07,2020-02-10,train_in_sample,IWM,0.5346399545669556,1,1
2020-02-10,2020-02-11,train_in_sample,SPY,0.5008061528205872,1,1
2020-02-10,2020-02-11,train_in_sample,QQQ,0.46510884165763855,1,0
2020-02-10,2020-02-11,train_in_sample,IWM,0.4786805212497711,1,0
2020-02-11,2020-02-12,train_in_sample,SPY,0.4978693127632141,1,0
2020-02-11,2020-02-12,train_in_sample,QQQ,0.5796722173690796,1,1
2020-02-11,2020-02-12,train_in_sample,IWM,0.5487358570098877,1,1
2020-02-12,2020-02-13,train_in_sample,SPY,0.4976499080657959,0,1
2020-02-12,2020-02-13,train_in_sample,QQQ,0.5366677045822144,0,0
2020-02-12,2020-02-13,train_in_sample,IWM,0.5158637166023254,1,1
2020-02-13,2020-02-14,train_in_sample,SPY,0.5076970458030701,1,1
2020-02-13,2020-02-14,train_in_sample,QQQ,0.592219352722168,1,1
2020-02-13,2020-02-14,train_in_sample,IWM,0.5738194584846497,0,0
2020-02-14,2020-02-18,train_in_sample,SPY,0.5669392943382263,0,0
2020-02-14,2020-02-18,train_in_sample,QQQ,0.528847336769104,1,1
2020-02-14,2020-02-18,train_in_sample,IWM,0.5170446038246155,0,0
2020-02-18,2020-02-19,train_in_sample,SPY,0.5488630533218384,1,1
2020-02-18,2020-02-19,train_in_sample,QQQ,0.5419220924377441,1,1
2020-02-18,2020-02-19,train_in_sample,IWM,0.5664193630218506,1,1
2020-02-19,2020-02-20,train_in_sample,SPY,0.4741922616958618,0,1
2020-02-19,2020-02-20,train_in_sample,QQQ,0.5436714291572571,0,0
2020-02-19,2020-02-20,train_in_sample,IWM,0.5085234642028809,1,1
2020-02-20,2020-02-21,train_in_sample,SPY,0.5138657689094543,0,0
2020-02-20,2020-02-21,train_in_sample,QQQ,0.5195165872573853,0,0
2020-02-20,2020-02-21,train_in_sample,IWM,0.5033763647079468,0,0
2020-02-21,2020-02-24,train_in_sample,SPY,0.5317026972770691,0,0
2020-02-21,2020-02-24,train_in_sample,QQQ,0.5891883373260498,0,0
2020-02-21,2020-02-24,train_in_sample,IWM,0.5136753916740417,0,0
2020-02-24,2020-02-25,train_in_sample,SPY,0.5864691138267517,0,0
2020-02-24,2020-02-25,train_in_sample,QQQ,0.5346352458000183,0,0
2020-02-24,2020-02-25,train_in_sample,IWM,0.47187909483909607,0,1
2020-02-25,2020-02-26,train_in_sample,SPY,0.5527579188346863,0,0
2020-02-25,2020-02-26,train_in_sample,QQQ,0.5312463045120239,1,1
2020-02-25,2020-02-26,train_in_sample,IWM,0.4863186776638031,0,1
2020-02-26,2020-02-27,train_in_sample,SPY,0.527837336063385,0,0
2020-02-26,2020-02-27,train_in_sample,QQQ,0.5951812267303467,0,0
2020-02-26,2020-02-27,train_in_sample,IWM,0.49897512793540955,0,1
2020-02-27,2020-02-28,train_in_sample,SPY,0.582635760307312,0,0
2020-02-27,2020-02-28,train_in_sample,QQQ,0.5832783579826355,1,1
2020-02-27,2020-02-28,train_in_sample,IWM,0.5206783413887024,0,0
2020-02-28,2020-03-02,train_in_sample,SPY,0.5333133339881897,1,1
2020-02-28,2020-03-02,train_in_sample,QQQ,0.5790556073188782,1,1
2020-02-28,2020-03-02,train_in_sample,IWM,0.49304938316345215,1,0
2020-03-02,2020-03-03,train_in_sample,SPY,0.4522978961467743,0,1
2020-03-02,2020-03-03,train_in_sample,QQQ,0.49396300315856934,0,1
2020-03-02,2020-03-03,train_in_sample,IWM,0.46782565116882324,0,1
2020-03-03,2020-03-04,train_in_sample,SPY,0.5148030519485474,1,1
2020-03-03,2020-03-04,train_in_sample,QQQ,0.5638338923454285,1,1
2020-03-03,2020-03-04,train_in_sample,IWM,0.49612438678741455,1,0
2020-03-04,2020-03-05,train_in_sample,SPY,0.4451488256454468,0,1
2020-03-04,2020-03-05,train_in_sample,QQQ,0.53350430727005,0,0
2020-03-04,2020-03-05,train_in_sample,IWM,0.4826798439025879,0,1
2020-03-05,2020-03-06,train_in_sample,SPY,0.5449848771095276,0,0
2020-03-05,2020-03-06,train_in_sample,QQQ,0.6480613946914673,0,0
2020-03-05,2020-03-06,train_in_sample,IWM,0.5122427940368652,0,0
2020-03-06,2020-03-09,train_in_sample,SPY,0.5446786284446716,0,0
2020-03-06,2020-03-09,train_in_sample,QQQ,0.6373242139816284,0,0
2020-03-06,2020-03-09,train_in_sample,IWM,0.5593031048774719,0,0
2020-03-09,2020-03-10,train_in_sample,SPY,0.5502406358718872,1,1
2020-03-09,2020-03-10,train_in_sample,QQQ,0.6771834492683411,1,1
2020-03-09,2020-03-10,train_in_sample,IWM,0.4886924922466278,1,0
2020-03-10,2020-03-11,train_in_sample,SPY,0.47410568594932556,0,1
2020-03-10,2020-03-11,train_in_sample,QQQ,0.49481135606765747,0,1
2020-03-10,2020-03-11,train_in_sample,IWM,0.48148593306541443,0,1
2020-03-11,2020-03-12,train_in_sample,SPY,0.5863850116729736,0,0
2020-03-11,2020-03-12,train_in_sample,QQQ,0.5915630459785461,0,0
2020-03-11,2020-03-12,train_in_sample,IWM,0.5058492422103882,0,0
2020-03-12,2020-03-13,train_in_sample,SPY,0.541417121887207,1,1
2020-03-12,2020-03-13,train_in_sample,QQQ,0.6619468927383423,1,1
2020-03-12,2020-03-13,train_in_sample,IWM,0.4809130132198334,1,0
2020-03-13,2020-03-16,train_in_sample,SPY,0.42651525139808655,0,1
2020-03-13,2020-03-16,train_in_sample,QQQ,0.40212225914001465,0,1
2020-03-13,2020-03-16,train_in_sample,IWM,0.437985897064209,0,1
2020-03-16,2020-03-17,train_in_sample,SPY,0.5699059963226318,1,1
2020-03-16,2020-03-17,train_in_sample,QQQ,0.630193829536438,1,1
2020-03-16,2020-03-17,train_in_sample,IWM,0.497368186712265,1,0
2020-03-17,2020-03-18,train_in_sample,SPY,0.4031955301761627,0,1
2020-03-17,2020-03-18,train_in_sample,QQQ,0.47761988639831543,0,1
2020-03-17,2020-03-18,train_in_sample,IWM,0.4419579803943634,0,1
2020-03-18,2020-03-19,train_in_sample,SPY,0.5531620383262634,1,1
2020-03-18,2020-03-19,train_in_sample,QQQ,0.5911290049552917,1,1
2020-03-18,2020-03-19,train_in_sample,IWM,0.47997304797172546,1,0
2020-03-19,2020-03-20,train_in_sample,SPY,0.4994448721408844,0,1
2020-03-19,2020-03-20,train_in_sample,QQQ,0.5843927264213562,0,0
2020-03-19,2020-03-20,train_in_sample,IWM,0.5304275751113892,0,0
2020-03-20,2020-03-23,train_in_sample,SPY,0.5689899325370789,0,0
2020-03-20,2020-03-23,train_in_sample,QQQ,0.5821371674537659,1,1
2020-03-20,2020-03-23,train_in_sample,IWM,0.4521794617176056,0,1
2020-03-23,2020-03-24,train_in_sample,SPY,0.5486921072006226,1,1
2020-03-23,2020-03-24,train_in_sample,QQQ,0.5638862252235413,1,1
2020-03-23,2020-03-24,train_in_sample,IWM,0.47664710879325867,1,0
2020-03-24,2020-03-25,train_in_sample,SPY,0.43790262937545776,1,0
2020-03-24,2020-03-25,train_in_sample,QQQ,0.4622066020965576,0,1
2020-03-24,2020-03-25,train_in_sample,IWM,0.4621499180793762,1,0
2020-03-25,2020-03-26,train_in_sample,SPY,0.49694791436195374,1,0
2020-03-25,2020-03-26,train_in_sample,QQQ,0.5214463472366333,1,1
2020-03-25,2020-03-26,train_in_sample,IWM,0.47446244955062866,1,0
2020-03-26,2020-03-27,train_in_sample,SPY,0.452837198972702,0,1
2020-03-26,2020-03-27,train_in_sample,QQQ,0.49608224630355835,0,1
2020-03-26,2020-03-27,train_in_sample,IWM,0.4806845188140869,0,1
2020-03-27,2020-03-30,train_in_sample,SPY,0.5768003463745117,1,1
2020-03-27,2020-03-30,train_in_sample,QQQ,0.5961501002311707,1,1
2020-03-27,2020-03-30,train_in_sample,IWM,0.4866254925727844,1,0
2020-03-30,2020-03-31,train_in_sample,SPY,0.48930421471595764,0,1
2020-03-30,2020-03-31,train_in_sample,QQQ,0.5316991209983826,0,0
2020-03-30,2020-03-31,train_in_sample,IWM,0.47642144560813904,0,1
2020-03-31,2020-04-01,train_in_sample,SPY,0.5612642168998718,0,0
2020-03-31,2020-04-01,train_in_sample,QQQ,0.5332337021827698,0,0
2020-03-31,2020-04-01,train_in_sample,IWM,0.5218656063079834,0,0
2020-04-01,2020-04-02,train_in_sample,SPY,0.5931652188301086,1,1
2020-04-01,2020-04-02,train_in_sample,QQQ,0.5806480050086975,1,1
2020-04-01,2020-04-02,train_in_sample,IWM,0.5389297008514404,1,1
2020-04-02,2020-04-03,train_in_sample,SPY,0.5031984448432922,0,0
2020-04-02,2020-04-03,train_in_sample,QQQ,0.577450156211853,0,0
2020-04-02,2020-04-03,train_in_sample,IWM,0.5259355306625366,0,0
2020-04-03,2020-04-06,train_in_sample,SPY,0.5489403009414673,1,1
2020-04-03,2020-04-06,train_in_sample,QQQ,0.5805121064186096,1,1
2020-04-03,2020-04-06,train_in_sample,IWM,0.5432387590408325,1,1
2020-04-06,2020-04-07,train_in_sample,SPY,0.45668014883995056,1,0
2020-04-06,2020-04-07,train_in_sample,QQQ,0.44463902711868286,0,1
2020-04-06,2020-04-07,train_in_sample,IWM,0.4814184010028839,1,0
2020-04-07,2020-04-08,train_in_sample,SPY,0.5288779735565186,1,1
2020-04-07,2020-04-08,train_in_sample,QQQ,0.5226529240608215,1,1
2020-04-07,2020-04-08,train_in_sample,IWM,0.5125765204429626,1,1
2020-04-08,2020-04-09,train_in_sample,SPY,0.4939230978488922,1,0
2020-04-08,2020-04-09,train_in_sample,QQQ,0.525507390499115,1,1
2020-04-08,2020-04-09,train_in_sample,IWM,0.48782679438591003,1,0
2020-04-09,2020-04-13,train_in_sample,SPY,0.5734177231788635,0,0
2020-04-09,2020-04-13,train_in_sample,QQQ,0.5726974606513977,1,1
2020-04-09,2020-04-13,train_in_sample,IWM,0.47315800189971924,0,1
2020-04-13,2020-04-14,train_in_sample,SPY,0.5668179988861084,1,1
2020-04-13,2020-04-14,train_in_sample,QQQ,0.5579854249954224,1,1
2020-04-13,2020-04-14,train_in_sample,IWM,0.5577473044395447,1,1
2020-04-14,2020-04-15,train_in_sample,SPY,0.49260082840919495,0,1
2020-04-14,2020-04-15,train_in_sample,QQQ,0.4853089451789856,0,1
2020-04-14,2020-04-15,train_in_sample,IWM,0.48799553513526917,0,1
2020-04-15,2020-04-16,train_in_sample,SPY,0.5419134497642517,1,1
2020-04-15,2020-04-16,train_in_sample,QQQ,0.5889366269111633,1,1
2020-04-15,2020-04-16,train_in_sample,IWM,0.5667871236801147,0,0
2020-04-16,2020-04-17,train_in_sample,SPY,0.5359895825386047,1,1
2020-04-16,2020-04-17,train_in_sample,QQQ,0.53583163022995,1,1
2020-04-16,2020-04-17,train_in_sample,IWM,0.5129477381706238,1,1
2020-04-17,2020-04-20,train_in_sample,SPY,0.5262895822525024,0,0
2020-04-17,2020-04-20,train_in_sample,QQQ,0.5692527294158936,0,0
2020-04-17,2020-04-20,train_in_sample,IWM,0.5015304684638977,0,0
2020-04-20,2020-04-21,train_in_sample,SPY,0.5657777786254883,0,0
2020-04-20,2020-04-21,train_in_sample,QQQ,0.5816830396652222,0,0
2020-04-20,2020-04-21,train_in_sample,IWM,0.5691421627998352,0,0
2020-04-21,2020-04-22,train_in_sample,SPY,0.5890051126480103,1,1
2020-04-21,2020-04-22,train_in_sample,QQQ,0.5748761892318726,1,1
2020-04-21,2020-04-22,train_in_sample,IWM,0.534026563167572,1,1
2020-04-22,2020-04-23,train_in_sample,SPY,0.507247269153595,0,0
2020-04-22,2020-04-23,train_in_sample,QQQ,0.5406529307365417,0,0
2020-04-22,2020-04-23,train_in_sample,IWM,0.5095219612121582,1,1
2020-04-23,2020-04-24,train_in_sample,SPY,0.5861549973487854,1,1
2020-04-23,2020-04-24,train_in_sample,QQQ,0.5554604530334473,1,1
2020-04-23,2020-04-24,train_in_sample,IWM,0.5374424457550049,1,1
2020-04-24,2020-04-27,train_in_sample,SPY,0.5478287935256958,1,1
2020-04-24,2020-04-27,train_in_sample,QQQ,0.5041589140892029,1,1
2020-04-24,2020-04-27,train_in_sample,IWM,0.4959777295589447,1,0
2020-04-27,2020-04-28,train_in_sample,SPY,0.5309900045394897,0,0
2020-04-27,2020-04-28,train_in_sample,QQQ,0.5374189615249634,0,0
2020-04-27,2020-04-28,train_in_sample,IWM,0.5061923265457153,1,1
2020-04-28,2020-04-29,train_in_sample,SPY,0.5711306929588318,1,1
2020-04-28,2020-04-29,train_in_sample,QQQ,0.5654547214508057,1,1
2020-04-28,2020-04-29,train_in_sample,IWM,0.4848509430885315,1,0
2020-04-29,2020-04-30,train_in_sample,SPY,0.5223515033721924,0,0
2020-04-29,2020-04-30,train_in_sample,QQQ,0.5349071621894836,0,0
2020-04-29,2020-04-30,train_in_sample,IWM,0.5075236558914185,0,0
2020-04-30,2020-05-01,train_in_sample,SPY,0.5474128723144531,0,0
2020-04-30,2020-05-01,train_in_sample,QQQ,0.5598158836364746,0,0
2020-04-30,2020-05-01,train_in_sample,IWM,0.46394139528274536,0,1
2020-05-01,2020-05-04,train_in_sample,SPY,0.615787923336029,1,1
2020-05-01,2020-05-04,train_in_sample,QQQ,0.5606626868247986,1,1
2020-05-01,2020-05-04,train_in_sample,IWM,0.5739457011222839,1,1
2020-05-04,2020-05-05,train_in_sample,SPY,0.5699660778045654,1,1
2020-05-04,2020-05-05,train_in_sample,QQQ,0.5415083765983582,1,1
2020-05-04,2020-05-05,train_in_sample,IWM,0.5531226992607117,1,1
2020-05-05,2020-05-06,train_in_sample,SPY,0.5694817900657654,0,0
2020-05-05,2020-05-06,train_in_sample,QQQ,0.5187194347381592,1,1
2020-05-05,2020-05-06,train_in_sample,IWM,0.52402263879776,0,0
2020-05-06,2020-05-07,train_in_sample,SPY,0.5327837467193604,1,1
2020-05-06,2020-05-07,train_in_sample,QQQ,0.5472419857978821,1,1
2020-05-06,2020-05-07,train_in_sample,IWM,0.4771363139152527,1,0
2020-05-07,2020-05-08,train_in_sample,SPY,0.5754576325416565,1,1
2020-05-07,2020-05-08,train_in_sample,QQQ,0.48430973291397095,1,0
2020-05-07,2020-05-08,train_in_sample,IWM,0.5067890286445618,1,1
2020-05-08,2020-05-11,train_in_sample,SPY,0.5574666261672974,1,1
2020-05-08,2020-05-11,train_in_sample,QQQ,0.5169307589530945,1,1
2020-05-08,2020-05-11,train_in_sample,IWM,0.4891945421695709,0,1
2020-05-11,2020-05-12,train_in_sample,SPY,0.5728631615638733,0,0
2020-05-11,2020-05-12,train_in_sample,QQQ,0.535589337348938,0,0
2020-05-11,2020-05-12,train_in_sample,IWM,0.5200948715209961,0,0
2020-05-12,2020-05-13,train_in_sample,SPY,0.5841529965400696,0,0
2020-05-12,2020-05-13,train_in_sample,QQQ,0.5580852031707764,0,0
2020-05-12,2020-05-13,train_in_sample,IWM,0.5162242650985718,0,0
2020-05-13,2020-05-14,train_in_sample,SPY,0.5683785676956177,1,1
2020-05-13,2020-05-14,train_in_sample,QQQ,0.5374382138252258,1,1
2020-05-13,2020-05-14,train_in_sample,IWM,0.5084395408630371,1,1
2020-05-14,2020-05-15,train_in_sample,SPY,0.5309377312660217,1,1
2020-05-14,2020-05-15,train_in_sample,QQQ,0.5366336703300476,1,1
2020-05-14,2020-05-15,train_in_sample,IWM,0.5454480648040771,1,1
2020-05-15,2020-05-18,train_in_sample,SPY,0.5434454679489136,1,1
2020-05-15,2020-05-18,train_in_sample,QQQ,0.5643251538276672,1,1
2020-05-15,2020-05-18,train_in_sample,IWM,0.46040859818458557,1,0
2020-05-18,2020-05-19,train_in_sample,SPY,0.561748206615448,0,0
2020-05-18,2020-05-19,train_in_sample,QQQ,0.5232347846031189,0,0
2020-05-18,2020-05-19,train_in_sample,IWM,0.4722653329372406,0,1
2020-05-19,2020-05-20,train_in_sample,SPY,0.5920694470405579,1,1
2020-05-19,2020-05-20,train_in_sample,QQQ,0.5471591949462891,1,1
2020-05-19,2020-05-20,train_in_sample,IWM,0.5152396559715271,1,1
2020-05-20,2020-05-21,train_in_sample,SPY,0.5341845750808716,0,0
2020-05-20,2020-05-21,train_in_sample,QQQ,0.5090075135231018,0,0
2020-05-20,2020-05-21,train_in_sample,IWM,0.4806428551673889,1,0
2020-05-21,2020-05-22,train_in_sample,SPY,0.5514053106307983,1,1
2020-05-21,2020-05-22,train_in_sample,QQQ,0.5155341625213623,1,1
2020-05-21,2020-05-22,train_in_sample,IWM,0.5378816723823547,1,1
2020-05-22,2020-05-26,train_in_sample,SPY,0.5707799792289734,1,1
2020-05-22,2020-05-26,train_in_sample,QQQ,0.5139358043670654,0,0
2020-05-22,2020-05-26,train_in_sample,IWM,0.530446469783783,1,1
2020-05-26,2020-05-27,train_in_sample,SPY,0.5859279036521912,1,1
2020-05-26,2020-05-27,train_in_sample,QQQ,0.5268867015838623,1,1
2020-05-26,2020-05-27,train_in_sample,IWM,0.5198549628257751,1,1
2020-05-27,2020-05-28,train_in_sample,SPY,0.543854832649231,0,0
2020-05-27,2020-05-28,train_in_sample,QQQ,0.5141710042953491,0,0
2020-05-27,2020-05-28,train_in_sample,IWM,0.4857248365879059,0,1
2020-05-28,2020-05-29,train_in_sample,SPY,0.5495452284812927,1,1
2020-05-28,2020-05-29,train_in_sample,QQQ,0.5500440001487732,1,1
2020-05-28,2020-05-29,train_in_sample,IWM,0.5059971809387207,0,0
2020-05-29,2020-06-01,train_in_sample,SPY,0.5463308691978455,1,1
2020-05-29,2020-06-01,train_in_sample,QQQ,0.5095124244689941,1,1
2020-05-29,2020-06-01,train_in_sample,IWM,0.529739499092102,1,1
2020-06-01,2020-06-02,train_in_sample,SPY,0.5554004311561584,1,1
2020-06-01,2020-06-02,train_in_sample,QQQ,0.5077710747718811,1,1
2020-06-01,2020-06-02,train_in_sample,IWM,0.5215194225311279,1,1
2020-06-02,2020-06-03,train_in_sample,SPY,0.5480820536613464,1,1
2020-06-02,2020-06-03,train_in_sample,QQQ,0.5383774638175964,1,1
2020-06-02,2020-06-03,train_in_sample,IWM,0.5224463939666748,1,1
2020-06-03,2020-06-04,train_in_sample,SPY,0.5809476971626282,0,0
2020-06-03,2020-06-04,train_in_sample,QQQ,0.5483515858650208,0,0
2020-06-03,2020-06-04,train_in_sample,IWM,0.49009767174720764,0,1
2020-06-04,2020-06-05,train_in_sample,SPY,0.5753477215766907,1,1
2020-06-04,2020-06-05,train_in_sample,QQQ,0.5463223457336426,1,1
2020-06-04,2020-06-05,train_in_sample,IWM,0.5411071181297302,1,1
2020-06-05,2020-06-08,train_in_sample,SPY,0.5309044122695923,1,1
2020-06-05,2020-06-08,train_in_sample,QQQ,0.5648965239524841,1,1
2020-06-05,2020-06-08,train_in_sample,IWM,0.4480956196784973,1,0
2020-06-08,2020-06-09,train_in_sample,SPY,0.5451186895370483,0,0
2020-06-08,2020-06-09,train_in_sample,QQQ,0.5412858724594116,1,1
2020-06-08,2020-06-09,train_in_sample,IWM,0.46139952540397644,0,1
2020-06-09,2020-06-10,train_in_sample,SPY,0.518883228302002,0,0
2020-06-09,2020-06-10,train_in_sample,QQQ,0.5678960084915161,1,1
2020-06-09,2020-06-10,train_in_sample,IWM,0.48584142327308655,0,1
2020-06-10,2020-06-11,train_in_sample,SPY,0.5669119954109192,0,0
2020-06-10,2020-06-11,train_in_sample,QQQ,0.5380817651748657,0,0
2020-06-10,2020-06-11,train_in_sample,IWM,0.49422410130500793,0,1
2020-06-11,2020-06-12,train_in_sample,SPY,0.6217336058616638,1,1
2020-06-11,2020-06-12,train_in_sample,QQQ,0.5647059679031372,1,1
2020-06-11,2020-06-12,train_in_sample,IWM,0.512730062007904,1,1
2020-06-12,2020-06-15,train_in_sample,SPY,0.5496454238891602,1,1
2020-06-12,2020-06-15,train_in_sample,QQQ,0.5283342003822327,1,1
2020-06-12,2020-06-15,train_in_sample,IWM,0.47694164514541626,1,0
2020-06-15,2020-06-16,train_in_sample,SPY,0.5563243627548218,1,1
2020-06-15,2020-06-16,train_in_sample,QQQ,0.5339249968528748,1,1
2020-06-15,2020-06-16,train_in_sample,IWM,0.5213716626167297,1,1
2020-06-16,2020-06-17,train_in_sample,SPY,0.561628520488739,0,0
2020-06-16,2020-06-17,train_in_sample,QQQ,0.5010973811149597,1,1
2020-06-16,2020-06-17,train_in_sample,IWM,0.4845879077911377,0,1
2020-06-17,2020-06-18,train_in_sample,SPY,0.5714529156684875,1,1
2020-06-17,2020-06-18,train_in_sample,QQQ,0.534755527973175,1,1
2020-06-17,2020-06-18,train_in_sample,IWM,0.491188645362854,1,0
2020-06-18,2020-06-19,train_in_sample,SPY,0.591221272945404,0,0
2020-06-18,2020-06-19,train_in_sample,QQQ,0.568662166595459,0,0
2020-06-18,2020-06-19,train_in_sample,IWM,0.5296210050582886,0,0
2020-06-19,2020-06-22,train_in_sample,SPY,0.603623628616333,1,1
2020-06-19,2020-06-22,train_in_sample,QQQ,0.5299598574638367,1,1
2020-06-19,2020-06-22,train_in_sample,IWM,0.513484001159668,1,1
2020-06-22,2020-06-23,train_in_sample,SPY,0.5636503100395203,1,1
2020-06-22,2020-06-23,train_in_sample,QQQ,0.5738375782966614,1,1
2020-06-22,2020-06-23,train_in_sample,IWM,0.5277104377746582,1,1
2020-06-23,2020-06-24,train_in_sample,SPY,0.5865191221237183,0,0
2020-06-23,2020-06-24,train_in_sample,QQQ,0.5122331976890564,0,0
2020-06-23,2020-06-24,train_in_sample,IWM,0.5034957528114319,0,0
2020-06-24,2020-06-25,train_in_sample,SPY,0.5838497281074524,1,1
2020-06-24,2020-06-25,train_in_sample,QQQ,0.5273767709732056,1,1
2020-06-24,2020-06-25,train_in_sample,IWM,0.5221969485282898,1,1
2020-06-25,2020-06-26,train_in_sample,SPY,0.5483157634735107,0,0
2020-06-25,2020-06-26,train_in_sample,QQQ,0.5393184423446655,0,0
2020-06-25,2020-06-26,train_in_sample,IWM,0.5216562151908875,0,0
2020-06-26,2020-06-29,train_in_sample,SPY,0.593220591545105,1,1
2020-06-26,2020-06-29,train_in_sample,QQQ,0.5624867677688599,1,1
2020-06-26,2020-06-29,train_in_sample,IWM,0.4906410574913025,1,0
2020-06-29,2020-06-30,train_in_sample,SPY,0.5596949458122253,1,1
2020-06-29,2020-06-30,train_in_sample,QQQ,0.5168809294700623,1,1
2020-06-29,2020-06-30,train_in_sample,IWM,0.5175557136535645,1,1
2020-06-30,2020-07-01,train_in_sample,SPY,0.5026660561561584,1,1
2020-06-30,2020-07-01,train_in_sample,QQQ,0.5107288360595703,1,1
2020-06-30,2020-07-01,train_in_sample,IWM,0.46472129225730896,0,1
2020-07-01,2020-07-02,train_in_sample,SPY,0.5435764789581299,1,1
2020-07-01,2020-07-02,train_in_sample,QQQ,0.5449280142784119,1,1
2020-07-01,2020-07-02,train_in_sample,IWM,0.47710734605789185,1,0
2020-07-02,2020-07-06,train_in_sample,SPY,0.52529376745224,1,1
2020-07-02,2020-07-06,train_in_sample,QQQ,0.5375292897224426,1,1
2020-07-02,2020-07-06,train_in_sample,IWM,0.5118479132652283,1,1
2020-07-06,2020-07-07,train_in_sample,SPY,0.5146030187606812,0,0
2020-07-06,2020-07-07,train_in_sample,QQQ,0.5154292583465576,0,0
2020-07-06,2020-07-07,train_in_sample,IWM,0.4849816858768463,0,1
2020-07-07,2020-07-08,train_in_sample,SPY,0.5948723554611206,1,1
2020-07-07,2020-07-08,train_in_sample,QQQ,0.5162016153335571,1,1
2020-07-07,2020-07-08,train_in_sample,IWM,0.48954442143440247,1,0
2020-07-08,2020-07-09,train_in_sample,SPY,0.5395826697349548,0,0
2020-07-08,2020-07-09,train_in_sample,QQQ,0.5150603652000427,1,1
2020-07-08,2020-07-09,train_in_sample,IWM,0.5507059693336487,0,0
2020-07-09,2020-07-10,train_in_sample,SPY,0.5612244009971619,1,1
2020-07-09,2020-07-10,train_in_sample,QQQ,0.5140981674194336,1,1
2020-07-09,2020-07-10,train_in_sample,IWM,0.5439961552619934,1,1
2020-07-10,2020-07-13,train_in_sample,SPY,0.5431077480316162,0,0
2020-07-10,2020-07-13,train_in_sample,QQQ,0.5090915560722351,0,0
2020-07-10,2020-07-13,train_in_sample,IWM,0.5408589243888855,0,0
2020-07-13,2020-07-14,train_in_sample,SPY,0.5001068711280823,1,1
2020-07-13,2020-07-14,train_in_sample,QQQ,0.5503702759742737,1,1
2020-07-13,2020-07-14,train_in_sample,IWM,0.5102419853210449,1,1
2020-07-14,2020-07-15,train_in_sample,SPY,0.5143227577209473,1,1
2020-07-14,2020-07-15,train_in_sample,QQQ,0.5189751982688904,1,1
2020-07-14,2020-07-15,train_in_sample,IWM,0.5126283168792725,1,1
2020-07-15,2020-07-16,train_in_sample,SPY,0.5655982494354248,0,0
2020-07-15,2020-07-16,train_in_sample,QQQ,0.5150577425956726,0,0
2020-07-15,2020-07-16,train_in_sample,IWM,0.5062512159347534,0,0
2020-07-16,2020-07-17,train_in_sample,SPY,0.5233611464500427,1,1
2020-07-16,2020-07-17,train_in_sample,QQQ,0.5837322473526001,1,1
2020-07-16,2020-07-17,train_in_sample,IWM,0.5358067154884338,1,1
2020-07-17,2020-07-20,train_in_sample,SPY,0.5605272650718689,1,1
2020-07-17,2020-07-20,train_in_sample,QQQ,0.5720293521881104,1,1
2020-07-17,2020-07-20,train_in_sample,IWM,0.5368117690086365,0,0
2020-07-20,2020-07-21,train_in_sample,SPY,0.47659164667129517,1,0
2020-07-20,2020-07-21,train_in_sample,QQQ,0.545124351978302,0,0
2020-07-20,2020-07-21,train_in_sample,IWM,0.5600528717041016,1,1
2020-07-21,2020-07-22,train_in_sample,SPY,0.5336577296257019,1,1
2020-07-21,2020-07-22,train_in_sample,QQQ,0.5274730324745178,1,1
2020-07-21,2020-07-22,train_in_sample,IWM,0.48382890224456787,1,0
2020-07-22,2020-07-23,train_in_sample,SPY,0.546411395072937,0,0
2020-07-22,2020-07-23,train_in_sample,QQQ,0.5406995415687561,0,0
2020-07-22,2020-07-23,train_in_sample,IWM,0.5381024479866028,1,1
2020-07-23,2020-07-24,train_in_sample,SPY,0.5788732767105103,0,0
2020-07-23,2020-07-24,train_in_sample,QQQ,0.4942172169685364,0,1
2020-07-23,2020-07-24,train_in_sample,IWM,0.5182931423187256,0,0
2020-07-24,2020-07-27,train_in_sample,SPY,0.5187428593635559,1,1
2020-07-24,2020-07-27,train_in_sample,QQQ,0.5992310643196106,1,1
2020-07-24,2020-07-27,train_in_sample,IWM,0.5514625310897827,1,1
2020-07-27,2020-07-28,train_in_sample,SPY,0.5351816415786743,0,0
2020-07-27,2020-07-28,train_in_sample,QQQ,0.5533589124679565,0,0
2020-07-27,2020-07-28,train_in_sample,IWM,0.5173462629318237,0,0
2020-07-28,2020-07-29,train_in_sample,SPY,0.5646597743034363,1,1
2020-07-28,2020-07-29,train_in_sample,QQQ,0.5787047147750854,1,1
2020-07-28,2020-07-29,train_in_sample,IWM,0.5683873295783997,1,1
2020-07-29,2020-07-30,train_in_sample,SPY,0.49388447403907776,0,1
2020-07-29,2020-07-30,train_in_sample,QQQ,0.5209539532661438,1,1
2020-07-29,2020-07-30,train_in_sample,IWM,0.5596709847450256,0,0
2020-07-30,2020-07-31,train_in_sample,SPY,0.516298234462738,1,1
2020-07-30,2020-07-31,train_in_sample,QQQ,0.5488793849945068,1,1
2020-07-30,2020-07-31,train_in_sample,IWM,0.4953843057155609,0,1
2020-07-31,2020-08-03,train_in_sample,SPY,0.5276414155960083,1,1
2020-07-31,2020-08-03,train_in_sample,QQQ,0.51614910364151,1,1
2020-07-31,2020-08-03,train_in_sample,IWM,0.4920462369918823,1,0
2020-08-03,2020-08-04,train_in_sample,SPY,0.5162283778190613,1,1
2020-08-03,2020-08-04,train_in_sample,QQQ,0.5583796501159668,1,1
2020-08-03,2020-08-04,train_in_sample,IWM,0.5220552086830139,1,1
2020-08-04,2020-08-05,train_in_sample,SPY,0.48724621534347534,1,0
2020-08-04,2020-08-05,train_in_sample,QQQ,0.5308952331542969,1,1
2020-08-04,2020-08-05,train_in_sample,IWM,0.4978300631046295,1,0
2020-08-05,2020-08-06,train_in_sample,SPY,0.550853967666626,1,1
2020-08-05,2020-08-06,train_in_sample,QQQ,0.5270016193389893,1,1
2020-08-05,2020-08-06,train_in_sample,IWM,0.5491091012954712,1,1
2020-08-06,2020-08-07,train_in_sample,SPY,0.5135498642921448,1,1
2020-08-06,2020-08-07,train_in_sample,QQQ,0.5303554534912109,0,0
2020-08-06,2020-08-07,train_in_sample,IWM,0.5325995087623596,1,1
2020-08-07,2020-08-10,train_in_sample,SPY,0.5622785687446594,1,1
2020-08-07,2020-08-10,train_in_sample,QQQ,0.5292291641235352,0,0
2020-08-07,2020-08-10,train_in_sample,IWM,0.5222370028495789,1,1
2020-08-10,2020-08-11,train_in_sample,SPY,0.5244429111480713,0,0
2020-08-10,2020-08-11,train_in_sample,QQQ,0.5400175452232361,0,0
2020-08-10,2020-08-11,train_in_sample,IWM,0.5093998312950134,0,0
2020-08-11,2020-08-12,train_in_sample,SPY,0.6130048036575317,1,1
2020-08-11,2020-08-12,train_in_sample,QQQ,0.5716521739959717,1,1
2020-08-11,2020-08-12,train_in_sample,IWM,0.5454835891723633,1,1
2020-08-12,2020-08-13,train_in_sample,SPY,0.4870268404483795,0,1
2020-08-12,2020-08-13,train_in_sample,QQQ,0.5498056411743164,1,1
2020-08-12,2020-08-13,train_in_sample,IWM,0.555060863494873,0,0
2020-08-13,2020-08-14,train_in_sample,SPY,0.5169181227684021,1,1
2020-08-13,2020-08-14,train_in_sample,QQQ,0.5559350252151489,0,0
2020-08-13,2020-08-14,train_in_sample,IWM,0.5972524881362915,0,0
2020-08-14,2020-08-17,train_in_sample,SPY,0.5139904022216797,1,1
2020-08-14,2020-08-17,train_in_sample,QQQ,0.5420237183570862,1,1
2020-08-14,2020-08-17,train_in_sample,IWM,0.5074512362480164,1,1
2020-08-17,2020-08-18,train_in_sample,SPY,0.5334967970848083,1,1
2020-08-17,2020-08-18,train_in_sample,QQQ,0.5393241047859192,1,1
2020-08-17,2020-08-18,train_in_sample,IWM,0.54062420129776,0,0
2020-08-18,2020-08-19,train_in_sample,SPY,0.5200318694114685,0,0
2020-08-18,2020-08-19,train_in_sample,QQQ,0.5375781655311584,0,0
2020-08-18,2020-08-19,train_in_sample,IWM,0.5730931758880615,0,0
2020-08-19,2020-08-20,train_in_sample,SPY,0.5326816439628601,1,1
2020-08-19,2020-08-20,train_in_sample,QQQ,0.52596116065979,1,1
2020-08-19,2020-08-20,train_in_sample,IWM,0.5288330316543579,0,0
2020-08-20,2020-08-21,train_in_sample,SPY,0.5179541707038879,1,1
2020-08-20,2020-08-21,train_in_sample,QQQ,0.5127572417259216,1,1
2020-08-20,2020-08-21,train_in_sample,IWM,0.5279220938682556,0,0
2020-08-21,2020-08-24,train_in_sample,SPY,0.531935453414917,1,1
2020-08-21,2020-08-24,train_in_sample,QQQ,0.5350610017776489,1,1
2020-08-21,2020-08-24,train_in_sample,IWM,0.55849689245224,1,1
2020-08-24,2020-08-25,train_in_sample,SPY,0.5191442370414734,1,1
2020-08-24,2020-08-25,train_in_sample,QQQ,0.5168774127960205,1,1
2020-08-24,2020-08-25,train_in_sample,IWM,0.48241615295410156,1,0
2020-08-25,2020-08-26,train_in_sample,SPY,0.5213406682014465,1,1
2020-08-25,2020-08-26,train_in_sample,QQQ,0.5465399622917175,1,1
2020-08-25,2020-08-26,train_in_sample,IWM,0.5038509368896484,0,0
2020-08-26,2020-08-27,train_in_sample,SPY,0.4667467474937439,1,0
2020-08-26,2020-08-27,train_in_sample,QQQ,0.5151267647743225,0,0
2020-08-26,2020-08-27,train_in_sample,IWM,0.46873053908348083,1,0
2020-08-27,2020-08-28,train_in_sample,SPY,0.5114330649375916,1,1
2020-08-27,2020-08-28,train_in_sample,QQQ,0.5537039637565613,1,1
2020-08-27,2020-08-28,train_in_sample,IWM,0.5601764917373657,1,1
2020-08-28,2020-08-31,train_in_sample,SPY,0.5406448245048523,0,0
2020-08-28,2020-08-31,train_in_sample,QQQ,0.5442267060279846,1,1
2020-08-28,2020-08-31,train_in_sample,IWM,0.5441639423370361,0,0
2020-08-31,2020-09-01,train_in_sample,SPY,0.5267484188079834,1,1
2020-08-31,2020-09-01,train_in_sample,QQQ,0.5687984824180603,1,1
2020-08-31,2020-09-01,train_in_sample,IWM,0.5333800315856934,1,1
2020-09-01,2020-09-02,train_in_sample,SPY,0.5285428762435913,1,1
2020-09-01,2020-09-02,train_in_sample,QQQ,0.555241584777832,1,1
2020-09-01,2020-09-02,train_in_sample,IWM,0.5176365971565247,1,1
2020-09-02,2020-09-03,train_in_sample,SPY,0.5057169795036316,0,0
2020-09-02,2020-09-03,train_in_sample,QQQ,0.5283253788948059,0,0
2020-09-02,2020-09-03,train_in_sample,IWM,0.5081440210342407,0,0
2020-09-03,2020-09-04,train_in_sample,SPY,0.5324487090110779,0,0
2020-09-03,2020-09-04,train_in_sample,QQQ,0.5860199928283691,0,0
2020-09-03,2020-09-04,train_in_sample,IWM,0.502561628818512,0,0
2020-09-04,2020-09-08,train_in_sample,SPY,0.5282289981842041,0,0
2020-09-04,2020-09-08,train_in_sample,QQQ,0.5279006361961365,0,0
2020-09-04,2020-09-08,train_in_sample,IWM,0.5360840559005737,0,0
2020-09-08,2020-09-09,train_in_sample,SPY,0.5581064820289612,1,1
2020-09-08,2020-09-09,train_in_sample,QQQ,0.6044498085975647,1,1
2020-09-08,2020-09-09,train_in_sample,IWM,0.5481302738189697,1,1
2020-09-09,2020-09-10,train_in_sample,SPY,0.527794361114502,0,0
2020-09-09,2020-09-10,train_in_sample,QQQ,0.4971311092376709,0,1
2020-09-09,2020-09-10,train_in_sample,IWM,0.4688491225242615,0,1
2020-09-10,2020-09-11,train_in_sample,SPY,0.49516627192497253,0,1
2020-09-10,2020-09-11,train_in_sample,QQQ,0.5519042611122131,0,0
2020-09-10,2020-09-11,train_in_sample,IWM,0.5306625962257385,0,0
2020-09-11,2020-09-14,train_in_sample,SPY,0.4935971200466156,1,0
2020-09-11,2020-09-14,train_in_sample,QQQ,0.5821576118469238,1,1
2020-09-11,2020-09-14,train_in_sample,IWM,0.5126497149467468,1,1
2020-09-14,2020-09-15,train_in_sample,SPY,0.5340874791145325,1,1
2020-09-14,2020-09-15,train_in_sample,QQQ,0.5080246329307556,1,1
2020-09-14,2020-09-15,train_in_sample,IWM,0.524957001209259,1,1
2020-09-15,2020-09-16,train_in_sample,SPY,0.49250268936157227,0,1
2020-09-15,2020-09-16,train_in_sample,QQQ,0.5494652986526489,0,0
2020-09-15,2020-09-16,train_in_sample,IWM,0.5449549555778503,1,1
2020-09-16,2020-09-17,train_in_sample,SPY,0.5312247276306152,0,0
2020-09-16,2020-09-17,train_in_sample,QQQ,0.5495005249977112,0,0
2020-09-16,2020-09-17,train_in_sample,IWM,0.5621984004974365,0,0
2020-09-17,2020-09-18,train_in_sample,SPY,0.5603402853012085,0,0
2020-09-17,2020-09-18,train_in_sample,QQQ,0.5987004637718201,0,0
2020-09-17,2020-09-18,train_in_sample,IWM,0.5214913487434387,0,0
2020-09-18,2020-09-21,train_in_sample,SPY,0.5256889462471008,0,0
2020-09-18,2020-09-21,train_in_sample,QQQ,0.5491640567779541,1,1
2020-09-18,2020-09-21,train_in_sample,IWM,0.5003353953361511,0,0
2020-09-21,2020-09-22,train_in_sample,SPY,0.49892085790634155,1,0
2020-09-21,2020-09-22,train_in_sample,QQQ,0.6093851327896118,1,1
2020-09-21,2020-09-22,train_in_sample,IWM,0.5417932271957397,1,1
2020-09-22,2020-09-23,train_in_sample,SPY,0.5057113170623779,0,0
2020-09-22,2020-09-23,train_in_sample,QQQ,0.5204330682754517,0,0
2020-09-22,2020-09-23,train_in_sample,IWM,0.5125771760940552,0,0
2020-09-23,2020-09-24,train_in_sample,SPY,0.5287632942199707,1,1
2020-09-23,2020-09-24,train_in_sample,QQQ,0.5756204724311829,1,1
2020-09-23,2020-09-24,train_in_sample,IWM,0.5271291732788086,0,0
2020-09-24,2020-09-25,train_in_sample,SPY,0.47629302740097046,1,0
2020-09-24,2020-09-25,train_in_sample,QQQ,0.5787007212638855,1,1
2020-09-24,2020-09-25,train_in_sample,IWM,0.5314425230026245,1,1
2020-09-25,2020-09-28,train_in_sample,SPY,0.47595080733299255,1,0
2020-09-25,2020-09-28,train_in_sample,QQQ,0.5334336161613464,1,1
2020-09-25,2020-09-28,train_in_sample,IWM,0.5247739553451538,1,1
2020-09-28,2020-09-29,train_in_sample,SPY,0.4851147532463074,0,1
2020-09-28,2020-09-29,train_in_sample,QQQ,0.541997492313385,0,0
2020-09-28,2020-09-29,train_in_sample,IWM,0.5054795145988464,0,0
2020-09-29,2020-09-30,train_in_sample,SPY,0.549789547920227,1,1
2020-09-29,2020-09-30,train_in_sample,QQQ,0.54104083776474,1,1
2020-09-29,2020-09-30,train_in_sample,IWM,0.5363192558288574,1,1
2020-09-30,2020-10-01,train_in_sample,SPY,0.5279381275177002,1,1
2020-09-30,2020-10-01,train_in_sample,QQQ,0.5474746823310852,1,1
2020-09-30,2020-10-01,train_in_sample,IWM,0.5363053679466248,1,1
2020-10-01,2020-10-02,train_in_sample,SPY,0.518550455570221,0,0
2020-10-01,2020-10-02,train_in_sample,QQQ,0.5259914398193359,0,0
2020-10-01,2020-10-02,train_in_sample,IWM,0.4470127820968628,1,0
2020-10-02,2020-10-05,train_in_sample,SPY,0.5251860618591309,1,1
2020-10-02,2020-10-05,train_in_sample,QQQ,0.5848504304885864,1,1
2020-10-02,2020-10-05,train_in_sample,IWM,0.5077927708625793,1,1
2020-10-05,2020-10-06,train_in_sample,SPY,0.47993576526641846,0,1
2020-10-05,2020-10-06,train_in_sample,QQQ,0.5297468900680542,0,0
2020-10-05,2020-10-06,train_in_sample,IWM,0.5303366780281067,0,0
2020-10-06,2020-10-07,train_in_sample,SPY,0.545120894908905,1,1
2020-10-06,2020-10-07,train_in_sample,QQQ,0.527890145778656,1,1
2020-10-06,2020-10-07,train_in_sample,IWM,0.49773719906806946,1,0
2020-10-07,2020-10-08,train_in_sample,SPY,0.47690704464912415,1,0
2020-10-07,2020-10-08,train_in_sample,QQQ,0.5390284061431885,1,1
2020-10-07,2020-10-08,train_in_sample,IWM,0.5411120057106018,1,1
2020-10-08,2020-10-09,train_in_sample,SPY,0.5026690363883972,1,1
2020-10-08,2020-10-09,train_in_sample,QQQ,0.53998863697052,1,1
2020-10-08,2020-10-09,train_in_sample,IWM,0.5247554779052734,1,1
2020-10-09,2020-10-12,train_in_sample,SPY,0.5507438778877258,1,1
2020-10-09,2020-10-12,train_in_sample,QQQ,0.5444220900535583,1,1
2020-10-09,2020-10-12,train_in_sample,IWM,0.5658211708068848,1,1
2020-10-12,2020-10-13,train_in_sample,SPY,0.46299126744270325,0,1
2020-10-12,2020-10-13,train_in_sample,QQQ,0.5560421347618103,0,0
2020-10-12,2020-10-13,train_in_sample,IWM,0.5113369822502136,0,0
2020-10-13,2020-10-14,train_in_sample,SPY,0.5146896839141846,0,0
2020-10-13,2020-10-14,train_in_sample,QQQ,0.5337253212928772,0,0
2020-10-13,2020-10-14,train_in_sample,IWM,0.5090338587760925,0,0
2020-10-14,2020-10-15,train_in_sample,SPY,0.4885382354259491,0,1
2020-10-14,2020-10-15,train_in_sample,QQQ,0.5053927898406982,0,0
2020-10-14,2020-10-15,train_in_sample,IWM,0.5452364087104797,1,1
2020-10-15,2020-10-16,train_in_sample,SPY,0.5126299858093262,0,0
2020-10-15,2020-10-16,train_in_sample,QQQ,0.5541636347770691,0,0
2020-10-15,2020-10-16,train_in_sample,IWM,0.5277515053749084,0,0
2020-10-16,2020-10-19,train_in_sample,SPY,0.5291281938552856,0,0
2020-10-16,2020-10-19,train_in_sample,QQQ,0.5270806550979614,0,0
2020-10-16,2020-10-19,train_in_sample,IWM,0.5101082921028137,0,0
2020-10-19,2020-10-20,train_in_sample,SPY,0.5101330876350403,1,1
2020-10-19,2020-10-20,train_in_sample,QQQ,0.5334356427192688,1,1
2020-10-19,2020-10-20,train_in_sample,IWM,0.4834693968296051,1,0
2020-10-20,2020-10-21,train_in_sample,SPY,0.535283088684082,0,0
2020-10-20,2020-10-21,train_in_sample,QQQ,0.5376849174499512,0,0
2020-10-20,2020-10-21,train_in_sample,IWM,0.5367928743362427,0,0
2020-10-21,2020-10-22,train_in_sample,SPY,0.5151677131652832,1,1
2020-10-21,2020-10-22,train_in_sample,QQQ,0.5486555695533752,0,0
2020-10-21,2020-10-22,train_in_sample,IWM,0.5584872961044312,1,1
2020-10-22,2020-10-23,train_in_sample,SPY,0.5114877820014954,1,1
2020-10-22,2020-10-23,train_in_sample,QQQ,0.5475689768791199,1,1
2020-10-22,2020-10-23,train_in_sample,IWM,0.5164732933044434,1,1
2020-10-23,2020-10-26,train_in_sample,SPY,0.5239905714988708,0,0
2020-10-23,2020-10-26,train_in_sample,QQQ,0.5125386714935303,0,0
2020-10-23,2020-10-26,train_in_sample,IWM,0.5536391139030457,0,0
2020-10-26,2020-10-27,train_in_sample,SPY,0.5360797643661499,0,0
2020-10-26,2020-10-27,train_in_sample,QQQ,0.5310189723968506,1,1
2020-10-26,2020-10-27,train_in_sample,IWM,0.49484649300575256,0,1
2020-10-27,2020-10-28,train_in_sample,SPY,0.5197576880455017,0,0
2020-10-27,2020-10-28,train_in_sample,QQQ,0.5551366209983826,0,0
2020-10-27,2020-10-28,train_in_sample,IWM,0.5549548864364624,0,0
2020-10-28,2020-10-29,train_in_sample,SPY,0.547325849533081,1,1
2020-10-28,2020-10-29,train_in_sample,QQQ,0.5718717575073242,1,1
2020-10-28,2020-10-29,train_in_sample,IWM,0.5516179800033569,1,1
2020-10-29,2020-10-30,train_in_sample,SPY,0.5147541165351868,0,0
2020-10-29,2020-10-30,train_in_sample,QQQ,0.4967503845691681,0,1
2020-10-29,2020-10-30,train_in_sample,IWM,0.4816250503063202,0,1
2020-10-30,2020-11-02,train_in_sample,SPY,0.5234436392784119,1,1
2020-10-30,2020-11-02,train_in_sample,QQQ,0.5705404281616211,1,1
2020-10-30,2020-11-02,train_in_sample,IWM,0.5137034058570862,1,1
2020-11-02,2020-11-03,train_in_sample,SPY,0.5117208957672119,1,1
2020-11-02,2020-11-03,train_in_sample,QQQ,0.5608646273612976,1,1
2020-11-02,2020-11-03,train_in_sample,IWM,0.509988009929657,1,1
2020-11-03,2020-11-04,train_in_sample,SPY,0.5128708481788635,1,1
2020-11-03,2020-11-04,train_in_sample,QQQ,0.48700106143951416,1,0
2020-11-03,2020-11-04,train_in_sample,IWM,0.4850924611091614,1,0
2020-11-04,2020-11-05,train_in_sample,SPY,0.4673128128051758,1,0
2020-11-04,2020-11-05,train_in_sample,QQQ,0.4665288031101227,1,0
2020-11-04,2020-11-05,train_in_sample,IWM,0.4617382884025574,1,0
2020-11-05,2020-11-06,train_in_sample,SPY,0.5091760158538818,0,0
2020-11-05,2020-11-06,train_in_sample,QQQ,0.4824483394622803,1,0
2020-11-05,2020-11-06,train_in_sample,IWM,0.4677220582962036,0,1
2020-11-06,2020-11-09,train_in_sample,SPY,0.5082842707633972,1,1
2020-11-06,2020-11-09,train_in_sample,QQQ,0.5334692001342773,0,0
2020-11-06,2020-11-09,train_in_sample,IWM,0.5311813354492188,1,1
2020-11-09,2020-11-10,train_in_sample,SPY,0.519981324672699,0,0
2020-11-09,2020-11-10,train_in_sample,QQQ,0.603213906288147,0,0
2020-11-09,2020-11-10,train_in_sample,IWM,0.4752584993839264,1,0
2020-11-10,2020-11-11,train_in_sample,SPY,0.5516919493675232,1,1
2020-11-10,2020-11-11,train_in_sample,QQQ,0.5842850804328918,1,1
2020-11-10,2020-11-11,train_in_sample,IWM,0.5214508771896362,1,1
2020-11-11,2020-11-12,train_in_sample,SPY,0.49832502007484436,0,1
2020-11-11,2020-11-12,train_in_sample,QQQ,0.5341336727142334,0,0
2020-11-11,2020-11-12,train_in_sample,IWM,0.5174011588096619,0,0
2020-11-12,2020-11-13,train_in_sample,SPY,0.541367769241333,1,1
2020-11-12,2020-11-13,train_in_sample,QQQ,0.549813985824585,1,1
2020-11-12,2020-11-13,train_in_sample,IWM,0.5356213450431824,1,1
2020-11-13,2020-11-16,train_in_sample,SPY,0.5395205616950989,1,1
2020-11-13,2020-11-16,train_in_sample,QQQ,0.5216918587684631,1,1
2020-11-13,2020-11-16,train_in_sample,IWM,0.5352044701576233,1,1
2020-11-16,2020-11-17,train_in_sample,SPY,0.5540220737457275,0,0
2020-11-16,2020-11-17,train_in_sample,QQQ,0.5457147359848022,0,0
2020-11-16,2020-11-17,train_in_sample,IWM,0.513336181640625,1,1
2020-11-17,2020-11-18,train_in_sample,SPY,0.5782809853553772,0,0
2020-11-17,2020-11-18,train_in_sample,QQQ,0.5262515544891357,0,0
2020-11-17,2020-11-18,train_in_sample,IWM,0.5585734248161316,0,0
2020-11-18,2020-11-19,train_in_sample,SPY,0.5445761680603027,1,1
2020-11-18,2020-11-19,train_in_sample,QQQ,0.5314064621925354,1,1
2020-11-18,2020-11-19,train_in_sample,IWM,0.5350313186645508,1,1
2020-11-19,2020-11-20,train_in_sample,SPY,0.5499959588050842,0,0
2020-11-19,2020-11-20,train_in_sample,QQQ,0.5302455425262451,0,0
2020-11-19,2020-11-20,train_in_sample,IWM,0.5487295985221863,1,1
2020-11-20,2020-11-23,train_in_sample,SPY,0.5560046434402466,1,1
2020-11-20,2020-11-23,train_in_sample,QQQ,0.5460971593856812,1,1
2020-11-20,2020-11-23,train_in_sample,IWM,0.5293386578559875,1,1
2020-11-23,2020-11-24,train_in_sample,SPY,0.540172278881073,1,1
2020-11-23,2020-11-24,train_in_sample,QQQ,0.5631745457649231,1,1
2020-11-23,2020-11-24,train_in_sample,IWM,0.5257664322853088,1,1
2020-11-24,2020-11-25,train_in_sample,SPY,0.5591263175010681,0,0
2020-11-24,2020-11-25,train_in_sample,QQQ,0.5006749629974365,1,1
2020-11-24,2020-11-25,train_in_sample,IWM,0.510471761226654,0,0
2020-11-25,2020-11-27,train_in_sample,SPY,0.5160160064697266,1,1
2020-11-25,2020-11-27,train_in_sample,QQQ,0.540861189365387,1,1
2020-11-25,2020-11-27,train_in_sample,IWM,0.5531275868415833,1,1
2020-11-27,2020-11-30,train_in_sample,SPY,0.5443223118782043,0,0
2020-11-27,2020-11-30,train_in_sample,QQQ,0.5181728601455688,1,1
2020-11-27,2020-11-30,train_in_sample,IWM,0.545604944229126,0,0
2020-11-30,2020-12-01,train_in_sample,SPY,0.533293604850769,1,1
2020-11-30,2020-12-01,train_in_sample,QQQ,0.5603982210159302,1,1
2020-11-30,2020-12-01,train_in_sample,IWM,0.5284331440925598,1,1
2020-12-01,2020-12-02,train_in_sample,SPY,0.5291151404380798,1,1
2020-12-01,2020-12-02,train_in_sample,QQQ,0.5444473028182983,1,1
2020-12-01,2020-12-02,train_in_sample,IWM,0.5281168222427368,1,1
2020-12-02,2020-12-03,train_in_sample,SPY,0.5398101210594177,0,0
2020-12-02,2020-12-03,train_in_sample,QQQ,0.5275633931159973,1,1
2020-12-02,2020-12-03,train_in_sample,IWM,0.5611358284950256,1,1
2020-12-03,2020-12-04,train_in_sample,SPY,0.5668005347251892,1,1
2020-12-03,2020-12-04,train_in_sample,QQQ,0.5101814270019531,1,1
2020-12-03,2020-12-04,train_in_sample,IWM,0.5689263939857483,1,1
2020-12-04,2020-12-07,train_in_sample,SPY,0.56568843126297,0,0
2020-12-04,2020-12-07,train_in_sample,QQQ,0.5070400834083557,1,1
2020-12-04,2020-12-07,train_in_sample,IWM,0.5530149340629578,1,1
2020-12-07,2020-12-08,train_in_sample,SPY,0.5595136284828186,1,1
2020-12-07,2020-12-08,train_in_sample,QQQ,0.5333442687988281,1,1
2020-12-07,2020-12-08,train_in_sample,IWM,0.5398935079574585,1,1
2020-12-08,2020-12-09,train_in_sample,SPY,0.5487080216407776,0,0
2020-12-08,2020-12-09,train_in_sample,QQQ,0.5334683060646057,0,0
2020-12-08,2020-12-09,train_in_sample,IWM,0.5504047870635986,0,0
2020-12-09,2020-12-10,train_in_sample,SPY,0.5350151062011719,1,1
2020-12-09,2020-12-10,train_in_sample,QQQ,0.5625558495521545,1,1
2020-12-09,2020-12-10,train_in_sample,IWM,0.5255001187324524,1,1
2020-12-10,2020-12-11,train_in_sample,SPY,0.5456885695457458,0,0
2020-12-10,2020-12-11,train_in_sample,QQQ,0.5299407243728638,0,0
2020-12-10,2020-12-11,train_in_sample,IWM,0.536266565322876,0,0
2020-12-11,2020-12-14,train_in_sample,SPY,0.5380869507789612,0,0
2020-12-11,2020-12-14,train_in_sample,QQQ,0.5384567379951477,1,1
2020-12-11,2020-12-14,train_in_sample,IWM,0.5382445454597473,1,1
2020-12-14,2020-12-15,train_in_sample,SPY,0.5411317944526672,1,1
2020-12-14,2020-12-15,train_in_sample,QQQ,0.5013102889060974,1,1
2020-12-14,2020-12-15,train_in_sample,IWM,0.5082331895828247,1,1
2020-12-15,2020-12-16,train_in_sample,SPY,0.5221554636955261,1,1
2020-12-15,2020-12-16,train_in_sample,QQQ,0.5588775277137756,1,1
2020-12-15,2020-12-16,train_in_sample,IWM,0.5118381381034851,0,0
2020-12-16,2020-12-17,train_in_sample,SPY,0.5332615971565247,1,1
2020-12-16,2020-12-17,train_in_sample,QQQ,0.5695677995681763,1,1
2020-12-16,2020-12-17,train_in_sample,IWM,0.5544201731681824,1,1
2020-12-17,2020-12-18,train_in_sample,SPY,0.5801950097084045,0,0
2020-12-17,2020-12-18,train_in_sample,QQQ,0.5367748141288757,0,0
2020-12-17,2020-12-18,train_in_sample,IWM,0.5342687964439392,0,0
2020-12-18,2020-12-21,train_in_sample,SPY,0.5665016174316406,0,0
2020-12-18,2020-12-21,train_in_sample,QQQ,0.517894983291626,0,0
2020-12-18,2020-12-21,train_in_sample,IWM,0.5360102653503418,0,0
2020-12-21,2020-12-22,train_in_sample,SPY,0.5532063841819763,0,0
2020-12-21,2020-12-22,train_in_sample,QQQ,0.49914559721946716,1,0
2020-12-21,2020-12-22,train_in_sample,IWM,0.5770399570465088,1,1
2020-12-22,2020-12-23,train_in_sample,SPY,0.5424541234970093,1,1
2020-12-22,2020-12-23,train_in_sample,QQQ,0.501920223236084,0,0
2020-12-22,2020-12-23,train_in_sample,IWM,0.5242485404014587,1,1
2020-12-23,2020-12-24,train_in_sample,SPY,0.5649799108505249,1,1
2020-12-23,2020-12-24,train_in_sample,QQQ,0.5492457151412964,1,1
2020-12-23,2020-12-24,train_in_sample,IWM,0.5179668664932251,0,0
2020-12-24,2020-12-28,train_in_sample,SPY,0.4993217885494232,1,0
2020-12-24,2020-12-28,train_in_sample,QQQ,0.5402635931968689,1,1
2020-12-24,2020-12-28,train_in_sample,IWM,0.5379701256752014,0,0
2020-12-28,2020-12-29,train_in_sample,SPY,0.5096682906150818,0,0
2020-12-28,2020-12-29,train_in_sample,QQQ,0.5465844869613647,1,1
2020-12-28,2020-12-29,train_in_sample,IWM,0.540643036365509,0,0
2020-12-29,2020-12-30,train_in_sample,SPY,0.5216407179832458,1,1
2020-12-29,2020-12-30,train_in_sample,QQQ,0.5301467776298523,1,1
2020-12-29,2020-12-30,train_in_sample,IWM,0.5200632214546204,1,1
2020-12-30,2020-12-31,train_in_sample,SPY,0.5441958904266357,1,1
2020-12-30,2020-12-31,train_in_sample,QQQ,0.5217050313949585,1,1
2020-12-30,2020-12-31,train_in_sample,IWM,0.5084081292152405,0,0
2020-12-31,2021-01-04,train_in_sample,SPY,0.5765005946159363,0,0
2020-12-31,2021-01-04,train_in_sample,QQQ,0.519525945186615,0,0
2020-12-31,2021-01-04,train_in_sample,IWM,0.5097799301147461,0,0
2021-01-04,2021-01-05,train_in_sample,SPY,0.5677228569984436,1,1
2021-01-04,2021-01-05,train_in_sample,QQQ,0.5165966749191284,1,1
2021-01-04,2021-01-05,train_in_sample,IWM,0.5059351325035095,1,1
2021-01-05,2021-01-06,train_in_sample,SPY,0.5282266736030579,1,1
2021-01-05,2021-01-06,train_in_sample,QQQ,0.5166073441505432,0,0
2021-01-05,2021-01-06,train_in_sample,IWM,0.4851118326187134,1,0
2021-01-06,2021-01-07,train_in_sample,SPY,0.5537795424461365,1,1
2021-01-06,2021-01-07,train_in_sample,QQQ,0.5655022859573364,1,1
2021-01-06,2021-01-07,train_in_sample,IWM,0.5259166955947876,1,1
2021-01-07,2021-01-08,train_in_sample,SPY,0.5240220427513123,1,1
2021-01-07,2021-01-08,train_in_sample,QQQ,0.482944130897522,1,0
2021-01-07,2021-01-08,train_in_sample,IWM,0.46744462847709656,0,1
2021-01-08,2021-01-11,train_in_sample,SPY,0.5332593321800232,0,0
2021-01-08,2021-01-11,train_in_sample,QQQ,0.46930041909217834,0,1
2021-01-08,2021-01-11,train_in_sample,IWM,0.5085408091545105,0,0
2021-01-11,2021-01-12,train_in_sample,SPY,0.5505257844924927,0,0
2021-01-11,2021-01-12,train_in_sample,QQQ,0.5619062185287476,0,0
2021-01-11,2021-01-12,train_in_sample,IWM,0.5318325161933899,1,1
2021-01-12,2021-01-13,train_in_sample,SPY,0.5432154536247253,1,1
2021-01-12,2021-01-13,train_in_sample,QQQ,0.5353702902793884,1,1
2021-01-12,2021-01-13,train_in_sample,IWM,0.4906085729598999,0,1
2021-01-13,2021-01-14,train_in_sample,SPY,0.4999971389770508,0,1
2021-01-13,2021-01-14,train_in_sample,QQQ,0.5329096913337708,0,0
2021-01-13,2021-01-14,train_in_sample,IWM,0.5002914667129517,1,1
2021-01-14,2021-01-15,train_in_sample,SPY,0.5773477554321289,0,0
2021-01-14,2021-01-15,train_in_sample,QQQ,0.5176147818565369,0,0
2021-01-14,2021-01-15,train_in_sample,IWM,0.5253696441650391,0,0
2021-01-15,2021-01-19,train_in_sample,SPY,0.6020631790161133,1,1
2021-01-15,2021-01-19,train_in_sample,QQQ,0.5393038988113403,1,1
2021-01-15,2021-01-19,train_in_sample,IWM,0.5747674703598022,1,1
2021-01-19,2021-01-20,train_in_sample,SPY,0.4976087808609009,1,0
2021-01-19,2021-01-20,train_in_sample,QQQ,0.5125114321708679,1,1
2021-01-19,2021-01-20,train_in_sample,IWM,0.5066207647323608,1,1
2021-01-20,2021-01-21,train_in_sample,SPY,0.4852149188518524,1,0
2021-01-20,2021-01-21,train_in_sample,QQQ,0.5167139172554016,1,1
2021-01-20,2021-01-21,train_in_sample,IWM,0.5144932270050049,0,0
2021-01-21,2021-01-22,train_in_sample,SPY,0.5429554581642151,0,0
2021-01-21,2021-01-22,train_in_sample,QQQ,0.5185624361038208,0,0
2021-01-21,2021-01-22,train_in_sample,IWM,0.5294614434242249,1,1
2021-01-22,2021-01-25,train_in_sample,SPY,0.5441893935203552,1,1
2021-01-22,2021-01-25,train_in_sample,QQQ,0.5409871339797974,1,1
2021-01-22,2021-01-25,train_in_sample,IWM,0.48544931411743164,0,1
2021-01-25,2021-01-26,train_in_sample,SPY,0.49116280674934387,0,1
2021-01-25,2021-01-26,train_in_sample,QQQ,0.5767799615859985,1,1
2021-01-25,2021-01-26,train_in_sample,IWM,0.5167605876922607,0,0
2021-01-26,2021-01-27,train_in_sample,SPY,0.5246849656105042,0,0
2021-01-26,2021-01-27,train_in_sample,QQQ,0.5301483273506165,0,0
2021-01-26,2021-01-27,train_in_sample,IWM,0.5363948941230774,0,0
2021-01-27,2021-01-28,train_in_sample,SPY,0.5263109803199768,1,1
2021-01-27,2021-01-28,train_in_sample,QQQ,0.5631742477416992,1,1
2021-01-27,2021-01-28,train_in_sample,IWM,0.45904508233070374,0,1
2021-01-28,2021-01-29,train_in_sample,SPY,0.4897075891494751,0,1
2021-01-28,2021-01-29,train_in_sample,QQQ,0.5721174478530884,0,0
2021-01-28,2021-01-29,train_in_sample,IWM,0.4758768081665039,0,1
2021-01-29,2021-02-01,train_in_sample,SPY,0.5949448943138123,1,1
2021-01-29,2021-02-01,train_in_sample,QQQ,0.5603838562965393,1,1
2021-01-29,2021-02-01,train_in_sample,IWM,0.5089235901832581,1,1
2021-02-01,2021-02-02,train_in_sample,SPY,0.5054929852485657,1,1
2021-02-01,2021-02-02,train_in_sample,QQQ,0.5126563310623169,1,1
2021-02-01,2021-02-02,train_in_sample,IWM,0.4817810654640198,1,0
2021-02-02,2021-02-03,train_in_sample,SPY,0.49090462923049927,1,0
2021-02-02,2021-02-03,train_in_sample,QQQ,0.5118946433067322,0,0
2021-02-02,2021-02-03,train_in_sample,IWM,0.48327577114105225,1,0
2021-02-03,2021-02-04,train_in_sample,SPY,0.5221472382545471,1,1
2021-02-03,2021-02-04,train_in_sample,QQQ,0.5673122406005859,1,1
2021-02-03,2021-02-04,train_in_sample,IWM,0.5308607220649719,1,1
2021-02-04,2021-02-05,train_in_sample,SPY,0.5243169069290161,1,1
2021-02-04,2021-02-05,train_in_sample,QQQ,0.5291084051132202,1,1
2021-02-04,2021-02-05,train_in_sample,IWM,0.5284442901611328,1,1
2021-02-05,2021-02-08,train_in_sample,SPY,0.5502912998199463,1,1
2021-02-05,2021-02-08,train_in_sample,QQQ,0.546782374382019,1,1
2021-02-05,2021-02-08,train_in_sample,IWM,0.5160813927650452,1,1
2021-02-08,2021-02-09,train_in_sample,SPY,0.50331050157547,0,0
2021-02-08,2021-02-09,train_in_sample,QQQ,0.5335692763328552,0,0
2021-02-08,2021-02-09,train_in_sample,IWM,0.5124362111091614,1,1
2021-02-09,2021-02-10,train_in_sample,SPY,0.516126275062561,0,0
2021-02-09,2021-02-10,train_in_sample,QQQ,0.5309997797012329,0,0
2021-02-09,2021-02-10,train_in_sample,IWM,0.5269083380699158,0,0
2021-02-10,2021-02-11,train_in_sample,SPY,0.5123452544212341,1,1
2021-02-10,2021-02-11,train_in_sample,QQQ,0.5308488011360168,1,1
2021-02-10,2021-02-11,train_in_sample,IWM,0.5286341905593872,0,0
2021-02-11,2021-02-12,train_in_sample,SPY,0.4985088109970093,1,0
2021-02-11,2021-02-12,train_in_sample,QQQ,0.5178766846656799,1,1
2021-02-11,2021-02-12,train_in_sample,IWM,0.4950907528400421,1,0
2021-02-12,2021-02-16,train_in_sample,SPY,0.5324203968048096,0,0
2021-02-12,2021-02-16,train_in_sample,QQQ,0.5367978811264038,0,0
2021-02-12,2021-02-16,train_in_sample,IWM,0.5015401840209961,0,0
2021-02-16,2021-02-17,train_in_sample,SPY,0.5073830485343933,1,1
2021-02-16,2021-02-17,train_in_sample,QQQ,0.5671877264976501,0,0
2021-02-16,2021-02-17,train_in_sample,IWM,0.5172468423843384,0,0
2021-02-17,2021-02-18,train_in_sample,SPY,0.5278429388999939,0,0
2021-02-17,2021-02-18,train_in_sample,QQQ,0.5752967000007629,0,0
2021-02-17,2021-02-18,train_in_sample,IWM,0.5433205366134644,0,0
2021-02-18,2021-02-19,train_in_sample,SPY,0.5086071491241455,0,0
2021-02-18,2021-02-19,train_in_sample,QQQ,0.5597180128097534,0,0
2021-02-18,2021-02-19,train_in_sample,IWM,0.5316500067710876,1,1
2021-02-19,2021-02-22,train_in_sample,SPY,0.548691987991333,0,0
2021-02-19,2021-02-22,train_in_sample,QQQ,0.5326270461082458,0,0
2021-02-19,2021-02-22,train_in_sample,IWM,0.49686384201049805,0,1
2021-02-22,2021-02-23,train_in_sample,SPY,0.5027695894241333,1,1
2021-02-22,2021-02-23,train_in_sample,QQQ,0.560892641544342,0,0
2021-02-22,2021-02-23,train_in_sample,IWM,0.46005499362945557,0,1
2021-02-23,2021-02-24,train_in_sample,SPY,0.5211231112480164,1,1
2021-02-23,2021-02-24,train_in_sample,QQQ,0.5870952606201172,1,1
2021-02-23,2021-02-24,train_in_sample,IWM,0.5345216989517212,1,1
2021-02-24,2021-02-25,train_in_sample,SPY,0.5082941055297852,0,0
2021-02-24,2021-02-25,train_in_sample,QQQ,0.5160529613494873,0,0
2021-02-24,2021-02-25,train_in_sample,IWM,0.48386383056640625,0,1
2021-02-25,2021-02-26,train_in_sample,SPY,0.5178099870681763,0,0
2021-02-25,2021-02-26,train_in_sample,QQQ,0.5768160223960876,1,1
2021-02-25,2021-02-26,train_in_sample,IWM,0.49113112688064575,0,1
2021-02-26,2021-03-01,train_in_sample,SPY,0.5192488431930542,1,1
2021-02-26,2021-03-01,train_in_sample,QQQ,0.530863881111145,1,1
2021-02-26,2021-03-01,train_in_sample,IWM,0.4540296494960785,1,0
2021-03-01,2021-03-02,train_in_sample,SPY,0.4994179904460907,0,1
2021-03-01,2021-03-02,train_in_sample,QQQ,0.5237599015235901,0,0
2021-03-01,2021-03-02,train_in_sample,IWM,0.461235910654068,0,1
2021-03-02,2021-03-03,train_in_sample,SPY,0.49822473526000977,0,1
2021-03-02,2021-03-03,train_in_sample,QQQ,0.6002039909362793,0,0
2021-03-02,2021-03-03,train_in_sample,IWM,0.5141644477844238,0,0
2021-03-03,2021-03-04,train_in_sample,SPY,0.5475632548332214,0,0
2021-03-03,2021-03-04,train_in_sample,QQQ,0.5626080632209778,0,0
2021-03-03,2021-03-04,train_in_sample,IWM,0.47210100293159485,0,1
2021-03-04,2021-03-05,train_in_sample,SPY,0.5028395056724548,1,1
2021-03-04,2021-03-05,train_in_sample,QQQ,0.5676062107086182,1,1
2021-03-04,2021-03-05,train_in_sample,IWM,0.4761196970939636,1,0
2021-03-05,2021-03-08,train_in_sample,SPY,0.4969971477985382,0,1
2021-03-05,2021-03-08,train_in_sample,QQQ,0.5642467737197876,0,0
2021-03-05,2021-03-08,train_in_sample,IWM,0.4955107271671295,1,0
2021-03-08,2021-03-09,train_in_sample,SPY,0.5482521057128906,1,1
2021-03-08,2021-03-09,train_in_sample,QQQ,0.5816816687583923,1,1
2021-03-08,2021-03-09,train_in_sample,IWM,0.4669034779071808,1,0
2021-03-09,2021-03-10,train_in_sample,SPY,0.48913758993148804,1,0
2021-03-09,2021-03-10,train_in_sample,QQQ,0.5027976632118225,0,0
2021-03-09,2021-03-10,train_in_sample,IWM,0.4490436017513275,1,0
2021-03-10,2021-03-11,train_in_sample,SPY,0.5255312323570251,1,1
2021-03-10,2021-03-11,train_in_sample,QQQ,0.5447205305099487,1,1
2021-03-10,2021-03-11,train_in_sample,IWM,0.48020943999290466,1,0
2021-03-11,2021-03-12,train_in_sample,SPY,0.5120444297790527,1,1
2021-03-11,2021-03-12,train_in_sample,QQQ,0.5137033462524414,0,0
2021-03-11,2021-03-12,train_in_sample,IWM,0.45271655917167664,1,0
2021-03-12,2021-03-15,train_in_sample,SPY,0.50355064868927,1,1
2021-03-12,2021-03-15,train_in_sample,QQQ,0.578248143196106,1,1
2021-03-12,2021-03-15,train_in_sample,IWM,0.5202983617782593,1,1
2021-03-15,2021-03-16,train_in_sample,SPY,0.502353847026825,0,0
2021-03-15,2021-03-16,train_in_sample,QQQ,0.563116192817688,1,1
2021-03-15,2021-03-16,train_in_sample,IWM,0.4880039393901825,0,1
2021-03-16,2021-03-17,train_in_sample,SPY,0.5260022282600403,1,1
2021-03-16,2021-03-17,train_in_sample,QQQ,0.555793821811676,1,1
2021-03-16,2021-03-17,train_in_sample,IWM,0.5154238939285278,1,1
2021-03-17,2021-03-18,train_in_sample,SPY,0.5201399922370911,0,0
2021-03-17,2021-03-18,train_in_sample,QQQ,0.5307582020759583,0,0
2021-03-17,2021-03-18,train_in_sample,IWM,0.5025535225868225,0,0
2021-03-18,2021-03-19,train_in_sample,SPY,0.5540974140167236,0,0
2021-03-18,2021-03-19,train_in_sample,QQQ,0.5463643074035645,1,1
2021-03-18,2021-03-19,train_in_sample,IWM,0.5009890198707581,1,1
2021-03-19,2021-03-22,train_in_sample,SPY,0.5415404438972473,1,1
2021-03-19,2021-03-22,train_in_sample,QQQ,0.5556602478027344,1,1
2021-03-19,2021-03-22,train_in_sample,IWM,0.4709188938140869,0,1
2021-03-22,2021-03-23,train_in_sample,SPY,0.5082646608352661,0,0
2021-03-22,2021-03-23,train_in_sample,QQQ,0.5438424944877625,0,0
2021-03-22,2021-03-23,train_in_sample,IWM,0.5111631751060486,0,0
2021-03-23,2021-03-24,train_in_sample,SPY,0.5363667011260986,0,0
2021-03-23,2021-03-24,train_in_sample,QQQ,0.5551695823669434,0,0
2021-03-23,2021-03-24,train_in_sample,IWM,0.501664936542511,0,0
2021-03-24,2021-03-25,train_in_sample,SPY,0.5205958485603333,1,1
2021-03-24,2021-03-25,train_in_sample,QQQ,0.557838499546051,0,0
2021-03-24,2021-03-25,train_in_sample,IWM,0.4496005177497864,1,0
2021-03-25,2021-03-26,train_in_sample,SPY,0.5062651038169861,1,1
2021-03-25,2021-03-26,train_in_sample,QQQ,0.5573316216468811,1,1
2021-03-25,2021-03-26,train_in_sample,IWM,0.4454623758792877,1,0
2021-03-26,2021-03-29,train_in_sample,SPY,0.5317830443382263,0,0
2021-03-26,2021-03-29,train_in_sample,QQQ,0.518691897392273,0,0
2021-03-26,2021-03-29,train_in_sample,IWM,0.4841032028198242,0,1
2021-03-29,2021-03-30,train_in_sample,SPY,0.5330038666725159,0,0
2021-03-29,2021-03-30,train_in_sample,QQQ,0.5255663990974426,0,0
2021-03-29,2021-03-30,train_in_sample,IWM,0.5011962652206421,1,1
2021-03-30,2021-03-31,train_in_sample,SPY,0.563536524772644,1,1
2021-03-30,2021-03-31,train_in_sample,QQQ,0.5296521186828613,1,1
2021-03-30,2021-03-31,train_in_sample,IWM,0.4922228753566742,1,0
2021-03-31,2021-04-01,train_in_sample,SPY,0.5224103331565857,1,1
2021-03-31,2021-04-01,train_in_sample,QQQ,0.5377004742622375,1,1
2021-03-31,2021-04-01,train_in_sample,IWM,0.4822167456150055,1,0
2021-04-01,2021-04-05,train_in_sample,SPY,0.4977050721645355,1,0
2021-04-01,2021-04-05,train_in_sample,QQQ,0.5469080209732056,1,1
2021-04-01,2021-04-05,train_in_sample,IWM,0.4812176823616028,1,0
2021-04-05,2021-04-06,train_in_sample,SPY,0.516754150390625,0,0
2021-04-05,2021-04-06,train_in_sample,QQQ,0.5247699618339539,0,0
2021-04-05,2021-04-06,train_in_sample,IWM,0.4773103892803192,0,1
2021-04-06,2021-04-07,train_in_sample,SPY,0.5493754148483276,1,1
2021-04-06,2021-04-07,train_in_sample,QQQ,0.5254974365234375,1,1
2021-04-06,2021-04-07,train_in_sample,IWM,0.544206976890564,0,0
2021-04-07,2021-04-08,train_in_sample,SPY,0.5522069931030273,1,1
2021-04-07,2021-04-08,train_in_sample,QQQ,0.5531319379806519,1,1
2021-04-07,2021-04-08,train_in_sample,IWM,0.5408874750137329,1,1
2021-04-08,2021-04-09,train_in_sample,SPY,0.548434853553772,1,1
2021-04-08,2021-04-09,train_in_sample,QQQ,0.4787493646144867,1,0
2021-04-08,2021-04-09,train_in_sample,IWM,0.4775884449481964,1,0
2021-04-09,2021-04-12,train_in_sample,SPY,0.4992685317993164,1,0
2021-04-09,2021-04-12,train_in_sample,QQQ,0.568459689617157,0,0
2021-04-09,2021-04-12,train_in_sample,IWM,0.501705527305603,0,0
2021-04-12,2021-04-13,train_in_sample,SPY,0.5482816100120544,1,1
2021-04-12,2021-04-13,train_in_sample,QQQ,0.5495983958244324,1,1
2021-04-12,2021-04-13,train_in_sample,IWM,0.5085537433624268,0,0
2021-04-13,2021-04-14,train_in_sample,SPY,0.5455252528190613,0,0
2021-04-13,2021-04-14,train_in_sample,QQQ,0.5188217759132385,0,0
2021-04-13,2021-04-14,train_in_sample,IWM,0.5357991456985474,1,1
2021-04-14,2021-04-15,train_in_sample,SPY,0.5494967699050903,1,1
2021-04-14,2021-04-15,train_in_sample,QQQ,0.5483917593955994,1,1
2021-04-14,2021-04-15,train_in_sample,IWM,0.5397998690605164,1,1
2021-04-15,2021-04-16,train_in_sample,SPY,0.5292388796806335,1,1
2021-04-15,2021-04-16,train_in_sample,QQQ,0.5380514860153198,1,1
2021-04-15,2021-04-16,train_in_sample,IWM,0.48685184121131897,1,0
2021-04-16,2021-04-19,train_in_sample,SPY,0.5265843272209167,0,0
2021-04-16,2021-04-19,train_in_sample,QQQ,0.5374513268470764,0,0
2021-04-16,2021-04-19,train_in_sample,IWM,0.48981964588165283,0,1
2021-04-19,2021-04-20,train_in_sample,SPY,0.5403450131416321,0,0
2021-04-19,2021-04-20,train_in_sample,QQQ,0.5425737500190735,0,0
2021-04-19,2021-04-20,train_in_sample,IWM,0.5239352583885193,0,0
2021-04-20,2021-04-21,train_in_sample,SPY,0.4785155951976776,1,0
2021-04-20,2021-04-21,train_in_sample,QQQ,0.5898098349571228,1,1
2021-04-20,2021-04-21,train_in_sample,IWM,0.49400803446769714,1,0
2021-04-21,2021-04-22,train_in_sample,SPY,0.5060469508171082,0,0
2021-04-21,2021-04-22,train_in_sample,QQQ,0.554189920425415,0,0
2021-04-21,2021-04-22,train_in_sample,IWM,0.5402235388755798,0,0
2021-04-22,2021-04-23,train_in_sample,SPY,0.5405393838882446,1,1
2021-04-22,2021-04-23,train_in_sample,QQQ,0.5249942541122437,1,1
2021-04-22,2021-04-23,train_in_sample,IWM,0.5250089764595032,1,1
2021-04-23,2021-04-26,train_in_sample,SPY,0.5210378170013428,1,1
2021-04-23,2021-04-26,train_in_sample,QQQ,0.5666168332099915,1,1
2021-04-23,2021-04-26,train_in_sample,IWM,0.4981117248535156,1,0
2021-04-26,2021-04-27,train_in_sample,SPY,0.5117507576942444,0,0
2021-04-26,2021-04-27,train_in_sample,QQQ,0.5357277989387512,0,0
2021-04-26,2021-04-27,train_in_sample,IWM,0.4798565208911896,1,0
2021-04-27,2021-04-28,train_in_sample,SPY,0.5549228191375732,0,0
2021-04-27,2021-04-28,train_in_sample,QQQ,0.5065868496894836,0,0
2021-04-27,2021-04-28,train_in_sample,IWM,0.5061878561973572,1,1
2021-04-28,2021-04-29,train_in_sample,SPY,0.5255367159843445,1,1
2021-04-28,2021-04-29,train_in_sample,QQQ,0.5464555621147156,1,1
2021-04-28,2021-04-29,train_in_sample,IWM,0.5171049237251282,0,0
2021-04-29,2021-04-30,train_in_sample,SPY,0.5326113700866699,0,0
2021-04-29,2021-04-30,train_in_sample,QQQ,0.5408586859703064,0,0
2021-04-29,2021-04-30,train_in_sample,IWM,0.49499037861824036,0,1
2021-04-30,2021-05-03,train_in_sample,SPY,0.5558189153671265,1,1
2021-04-30,2021-05-03,train_in_sample,QQQ,0.5347599983215332,0,0
2021-04-30,2021-05-03,train_in_sample,IWM,0.520106852054596,1,1
2021-05-03,2021-05-04,train_in_sample,SPY,0.5376132726669312,0,0
2021-05-03,2021-05-04,train_in_sample,QQQ,0.5538017749786377,0,0
2021-05-03,2021-05-04,train_in_sample,IWM,0.4934815466403961,0,1
2021-05-04,2021-05-05,train_in_sample,SPY,0.5279803276062012,1,1
2021-05-04,2021-05-05,train_in_sample,QQQ,0.5819215774536133,0,0
2021-05-04,2021-05-05,train_in_sample,IWM,0.5330116152763367,0,0
2021-05-05,2021-05-06,train_in_sample,SPY,0.4858226180076599,1,0
2021-05-05,2021-05-06,train_in_sample,QQQ,0.5997871160507202,1,1
2021-05-05,2021-05-06,train_in_sample,IWM,0.5097514986991882,1,1
2021-05-06,2021-05-07,train_in_sample,SPY,0.4763247072696686,1,0
2021-05-06,2021-05-07,train_in_sample,QQQ,0.5364542603492737,1,1
2021-05-06,2021-05-07,train_in_sample,IWM,0.49077850580215454,1,0
2021-05-07,2021-05-10,train_in_sample,SPY,0.51010662317276,0,0
2021-05-07,2021-05-10,train_in_sample,QQQ,0.530181348323822,0,0
2021-05-07,2021-05-10,train_in_sample,IWM,0.48356103897094727,0,1
2021-05-10,2021-05-11,train_in_sample,SPY,0.5422581434249878,0,0
2021-05-10,2021-05-11,train_in_sample,QQQ,0.5779666304588318,0,0
2021-05-10,2021-05-11,train_in_sample,IWM,0.5386571288108826,0,0
2021-05-11,2021-05-12,train_in_sample,SPY,0.5309782028198242,0,0
2021-05-11,2021-05-12,train_in_sample,QQQ,0.5545620918273926,0,0
2021-05-11,2021-05-12,train_in_sample,IWM,0.4828076958656311,0,1
2021-05-12,2021-05-13,train_in_sample,SPY,0.5776148438453674,1,1
2021-05-12,2021-05-13,train_in_sample,QQQ,0.5502631068229675,1,1
2021-05-12,2021-05-13,train_in_sample,IWM,0.5143349170684814,1,1
2021-05-13,2021-05-14,train_in_sample,SPY,0.5549688339233398,1,1
2021-05-13,2021-05-14,train_in_sample,QQQ,0.5320497155189514,1,1
2021-05-13,2021-05-14,train_in_sample,IWM,0.47526657581329346,1,0
2021-05-14,2021-05-17,train_in_sample,SPY,0.5228335857391357,0,0
2021-05-14,2021-05-17,train_in_sample,QQQ,0.49788740277290344,0,1
2021-05-14,2021-05-17,train_in_sample,IWM,0.5250950455665588,1,1
2021-05-17,2021-05-18,train_in_sample,SPY,0.5245254039764404,0,0
2021-05-17,2021-05-18,train_in_sample,QQQ,0.5485626459121704,0,0
2021-05-17,2021-05-18,train_in_sample,IWM,0.48457786440849304,0,1
2021-05-18,2021-05-19,train_in_sample,SPY,0.5356525182723999,0,0
2021-05-18,2021-05-19,train_in_sample,QQQ,0.5211752653121948,1,1
2021-05-18,2021-05-19,train_in_sample,IWM,0.4994836449623108,0,1
2021-05-19,2021-05-20,train_in_sample,SPY,0.505344808101654,1,1
2021-05-19,2021-05-20,train_in_sample,QQQ,0.5735957026481628,1,1
2021-05-19,2021-05-20,train_in_sample,IWM,0.5472763180732727,1,1
2021-05-20,2021-05-21,train_in_sample,SPY,0.49552857875823975,0,1
2021-05-20,2021-05-21,train_in_sample,QQQ,0.533570408821106,0,0
2021-05-20,2021-05-21,train_in_sample,IWM,0.4744521379470825,1,0
2021-05-21,2021-05-24,train_in_sample,SPY,0.5202611684799194,1,1
2021-05-21,2021-05-24,train_in_sample,QQQ,0.5457879304885864,1,1
2021-05-21,2021-05-24,train_in_sample,IWM,0.5413708090782166,1,1
2021-05-24,2021-05-25,train_in_sample,SPY,0.47174492478370667,0,1
2021-05-24,2021-05-25,train_in_sample,QQQ,0.524800181388855,1,1
2021-05-24,2021-05-25,train_in_sample,IWM,0.4954315423965454,0,1
2021-05-25,2021-05-26,train_in_sample,SPY,0.4881311357021332,1,0
2021-05-25,2021-05-26,train_in_sample,QQQ,0.5424548387527466,1,1
2021-05-25,2021-05-26,train_in_sample,IWM,0.500586748123169,1,1
2021-05-26,2021-05-27,train_in_sample,SPY,0.5646761655807495,1,1
2021-05-26,2021-05-27,train_in_sample,QQQ,0.5229066014289856,0,0
2021-05-26,2021-05-27,train_in_sample,IWM,0.53352952003479,1,1
2021-05-27,2021-05-28,train_in_sample,SPY,0.5308830738067627,1,1
2021-05-27,2021-05-28,train_in_sample,QQQ,0.5671184659004211,1,1
2021-05-27,2021-05-28,train_in_sample,IWM,0.5152264833450317,1,1
2021-05-28,2021-06-01,train_in_sample,SPY,0.5375559329986572,0,0
2021-05-28,2021-06-01,train_in_sample,QQQ,0.5619251728057861,0,0
2021-05-28,2021-06-01,train_in_sample,IWM,0.5269069671630859,1,1
2021-06-01,2021-06-02,train_in_sample,SPY,0.5434533357620239,1,1
2021-06-01,2021-06-02,train_in_sample,QQQ,0.5718747973442078,1,1
2021-06-01,2021-06-02,train_in_sample,IWM,0.5496870279312134,1,1
2021-06-02,2021-06-03,train_in_sample,SPY,0.5266126394271851,0,0
2021-06-02,2021-06-03,train_in_sample,QQQ,0.558168351650238,0,0
2021-06-02,2021-06-03,train_in_sample,IWM,0.5288669466972351,0,0
2021-06-03,2021-06-04,train_in_sample,SPY,0.5431092977523804,1,1
2021-06-03,2021-06-04,train_in_sample,QQQ,0.565089762210846,1,1
2021-06-03,2021-06-04,train_in_sample,IWM,0.5489378571510315,1,1
2021-06-04,2021-06-07,train_in_sample,SPY,0.49970245361328125,0,1
2021-06-04,2021-06-07,train_in_sample,QQQ,0.5113493800163269,1,1
2021-06-04,2021-06-07,train_in_sample,IWM,0.469214528799057,1,0
2021-06-07,2021-06-08,train_in_sample,SPY,0.5320386290550232,1,1
2021-06-07,2021-06-08,train_in_sample,QQQ,0.5502774715423584,1,1
2021-06-07,2021-06-08,train_in_sample,IWM,0.5071897506713867,1,1
2021-06-08,2021-06-09,train_in_sample,SPY,0.5391957759857178,0,0
2021-06-08,2021-06-09,train_in_sample,QQQ,0.529693067073822,1,1
2021-06-08,2021-06-09,train_in_sample,IWM,0.5644723773002625,0,0
2021-06-09,2021-06-10,train_in_sample,SPY,0.5387703776359558,1,1
2021-06-09,2021-06-10,train_in_sample,QQQ,0.5486180782318115,1,1
2021-06-09,2021-06-10,train_in_sample,IWM,0.5816930532455444,0,0
2021-06-10,2021-06-11,train_in_sample,SPY,0.5202236771583557,1,1
2021-06-10,2021-06-11,train_in_sample,QQQ,0.5518651604652405,1,1
2021-06-10,2021-06-11,train_in_sample,IWM,0.5526885986328125,1,1
2021-06-11,2021-06-14,train_in_sample,SPY,0.5660529732704163,1,1
2021-06-11,2021-06-14,train_in_sample,QQQ,0.4945582449436188,1,0
2021-06-11,2021-06-14,train_in_sample,IWM,0.547462522983551,0,0
2021-06-14,2021-06-15,train_in_sample,SPY,0.5064522624015808,0,0
2021-06-14,2021-06-15,train_in_sample,QQQ,0.5674834847450256,0,0
2021-06-14,2021-06-15,train_in_sample,IWM,0.5223174095153809,0,0
2021-06-15,2021-06-16,train_in_sample,SPY,0.563714861869812,0,0
2021-06-15,2021-06-16,train_in_sample,QQQ,0.5365371704101562,0,0
2021-06-15,2021-06-16,train_in_sample,IWM,0.5467941164970398,0,0
2021-06-16,2021-06-17,train_in_sample,SPY,0.5075355172157288,0,0
2021-06-16,2021-06-17,train_in_sample,QQQ,0.5583792328834534,1,1
2021-06-16,2021-06-17,train_in_sample,IWM,0.5209087133407593,0,0
2021-06-17,2021-06-18,train_in_sample,SPY,0.5151497721672058,0,0
2021-06-17,2021-06-18,train_in_sample,QQQ,0.5516393184661865,0,0
2021-06-17,2021-06-18,train_in_sample,IWM,0.5085824131965637,0,0
2021-06-18,2021-06-21,train_in_sample,SPY,0.5662051439285278,1,1
2021-06-18,2021-06-21,train_in_sample,QQQ,0.5590083003044128,1,1
2021-06-18,2021-06-21,train_in_sample,IWM,0.4887200593948364,1,0
2021-06-21,2021-06-22,train_in_sample,SPY,0.5164886713027954,1,1
2021-06-21,2021-06-22,train_in_sample,QQQ,0.5340873599052429,1,1
2021-06-21,2021-06-22,train_in_sample,IWM,0.4735145568847656,1,0
2021-06-22,2021-06-23,train_in_sample,SPY,0.5244894623756409,0,0
2021-06-22,2021-06-23,train_in_sample,QQQ,0.5443747639656067,1,1
2021-06-22,2021-06-23,train_in_sample,IWM,0.5213274359703064,1,1
2021-06-23,2021-06-24,train_in_sample,SPY,0.508539617061615,1,1
2021-06-23,2021-06-24,train_in_sample,QQQ,0.5685566663742065,1,1
2021-06-23,2021-06-24,train_in_sample,IWM,0.5340927839279175,1,1
2021-06-24,2021-06-25,train_in_sample,SPY,0.5346157550811768,1,1
2021-06-24,2021-06-25,train_in_sample,QQQ,0.5099194645881653,0,0
2021-06-24,2021-06-25,train_in_sample,IWM,0.48446789383888245,1,0
2021-06-25,2021-06-28,train_in_sample,SPY,0.5566586256027222,1,1
2021-06-25,2021-06-28,train_in_sample,QQQ,0.5764320492744446,1,1
2021-06-25,2021-06-28,train_in_sample,IWM,0.5852574110031128,0,0
2021-06-28,2021-06-29,train_in_sample,SPY,0.5113167762756348,1,1
2021-06-28,2021-06-29,train_in_sample,QQQ,0.5268850922584534,1,1
2021-06-28,2021-06-29,train_in_sample,IWM,0.5199332237243652,0,0
2021-06-29,2021-06-30,train_in_sample,SPY,0.5766171216964722,1,1
2021-06-29,2021-06-30,train_in_sample,QQQ,0.5282586812973022,0,0
2021-06-29,2021-06-30,train_in_sample,IWM,0.5117560029029846,1,1
2021-06-30,2021-07-01,train_in_sample,SPY,0.5425810813903809,1,1
2021-06-30,2021-07-01,train_in_sample,QQQ,0.5391405820846558,1,1
2021-06-30,2021-07-01,train_in_sample,IWM,0.5140089392662048,1,1
2021-07-01,2021-07-02,train_in_sample,SPY,0.5140451192855835,1,1
2021-07-01,2021-07-02,train_in_sample,QQQ,0.551862359046936,1,1
2021-07-01,2021-07-02,train_in_sample,IWM,0.518549382686615,0,0
2021-07-02,2021-07-06,train_in_sample,SPY,0.5518544912338257,0,0
2021-07-02,2021-07-06,train_in_sample,QQQ,0.5339284539222717,1,1
2021-07-02,2021-07-06,train_in_sample,IWM,0.5503782033920288,0,0
2021-07-06,2021-07-07,train_in_sample,SPY,0.5451576709747314,1,1
2021-07-06,2021-07-07,train_in_sample,QQQ,0.5744994878768921,1,1
2021-07-06,2021-07-07,train_in_sample,IWM,0.5462157726287842,0,0
2021-07-07,2021-07-08,train_in_sample,SPY,0.5386118292808533,0,0
2021-07-07,2021-07-08,train_in_sample,QQQ,0.5012556910514832,0,0
2021-07-07,2021-07-08,train_in_sample,IWM,0.45100975036621094,0,1
2021-07-08,2021-07-09,train_in_sample,SPY,0.551398515701294,1,1
2021-07-08,2021-07-09,train_in_sample,QQQ,0.5617266893386841,1,1
2021-07-08,2021-07-09,train_in_sample,IWM,0.49993598461151123,1,0
2021-07-09,2021-07-12,train_in_sample,SPY,0.5600634813308716,1,1
2021-07-09,2021-07-12,train_in_sample,QQQ,0.5193787217140198,1,1
2021-07-09,2021-07-12,train_in_sample,IWM,0.4978949725627899,1,0
2021-07-12,2021-07-13,train_in_sample,SPY,0.5369433760643005,0,0
2021-07-12,2021-07-13,train_in_sample,QQQ,0.5537311434745789,0,0
2021-07-12,2021-07-13,train_in_sample,IWM,0.5094559788703918,0,0
2021-07-13,2021-07-14,train_in_sample,SPY,0.5279483795166016,1,1
2021-07-13,2021-07-14,train_in_sample,QQQ,0.5635896921157837,1,1
2021-07-13,2021-07-14,train_in_sample,IWM,0.5573352575302124,0,0
2021-07-14,2021-07-15,train_in_sample,SPY,0.5668101906776428,0,0
2021-07-14,2021-07-15,train_in_sample,QQQ,0.4884597659111023,0,1
2021-07-14,2021-07-15,train_in_sample,IWM,0.4964498281478882,0,1
2021-07-15,2021-07-16,train_in_sample,SPY,0.5378265976905823,0,0
2021-07-15,2021-07-16,train_in_sample,QQQ,0.5645453333854675,0,0
2021-07-15,2021-07-16,train_in_sample,IWM,0.5269589424133301,0,0
2021-07-16,2021-07-19,train_in_sample,SPY,0.5200126767158508,0,0
2021-07-16,2021-07-19,train_in_sample,QQQ,0.5364787578582764,0,0
2021-07-16,2021-07-19,train_in_sample,IWM,0.5333091020584106,0,0
2021-07-19,2021-07-20,train_in_sample,SPY,0.5823335647583008,1,1
2021-07-19,2021-07-20,train_in_sample,QQQ,0.5492518544197083,1,1
2021-07-19,2021-07-20,train_in_sample,IWM,0.4800143539905548,1,0
2021-07-20,2021-07-21,train_in_sample,SPY,0.5222134590148926,1,1
2021-07-20,2021-07-21,train_in_sample,QQQ,0.5277801752090454,1,1
2021-07-20,2021-07-21,train_in_sample,IWM,0.45243459939956665,1,0
2021-07-21,2021-07-22,train_in_sample,SPY,0.5582969188690186,1,1
2021-07-21,2021-07-22,train_in_sample,QQQ,0.5051787495613098,1,1
2021-07-21,2021-07-22,train_in_sample,IWM,0.510928750038147,0,0
2021-07-22,2021-07-23,train_in_sample,SPY,0.49948418140411377,1,0
2021-07-22,2021-07-23,train_in_sample,QQQ,0.5524669885635376,1,1
2021-07-22,2021-07-23,train_in_sample,IWM,0.47216618061065674,1,0
2021-07-23,2021-07-26,train_in_sample,SPY,0.49660181999206543,1,0
2021-07-23,2021-07-26,train_in_sample,QQQ,0.5442343950271606,1,1
2021-07-23,2021-07-26,train_in_sample,IWM,0.47625765204429626,1,0
2021-07-26,2021-07-27,train_in_sample,SPY,0.5295087695121765,0,0
2021-07-26,2021-07-27,train_in_sample,QQQ,0.5204569697380066,0,0
2021-07-26,2021-07-27,train_in_sample,IWM,0.4848715662956238,0,1
2021-07-27,2021-07-28,train_in_sample,SPY,0.4984695315361023,0,1
2021-07-27,2021-07-28,train_in_sample,QQQ,0.5832216143608093,1,1
2021-07-27,2021-07-28,train_in_sample,IWM,0.54099440574646,1,1
2021-07-28,2021-07-29,train_in_sample,SPY,0.4703836143016815,1,0
2021-07-28,2021-07-29,train_in_sample,QQQ,0.5490521192550659,1,1
2021-07-28,2021-07-29,train_in_sample,IWM,0.5159738659858704,1,1
2021-07-29,2021-07-30,train_in_sample,SPY,0.5112600326538086,0,0
2021-07-29,2021-07-30,train_in_sample,QQQ,0.5491026043891907,0,0
2021-07-29,2021-07-30,train_in_sample,IWM,0.5046535730361938,0,0
2021-07-30,2021-08-02,train_in_sample,SPY,0.5682618021965027,0,0
2021-07-30,2021-08-02,train_in_sample,QQQ,0.5564888715744019,1,1
2021-07-30,2021-08-02,train_in_sample,IWM,0.5550352931022644,0,0
2021-08-02,2021-08-03,train_in_sample,SPY,0.5153645873069763,1,1
2021-08-02,2021-08-03,train_in_sample,QQQ,0.54182368516922,1,1
2021-08-02,2021-08-03,train_in_sample,IWM,0.5543625950813293,1,1
2021-08-03,2021-08-04,train_in_sample,SPY,0.4949401617050171,0,1
2021-08-03,2021-08-04,train_in_sample,QQQ,0.5146987438201904,1,1
2021-08-03,2021-08-04,train_in_sample,IWM,0.49723657965660095,0,1
2021-08-04,2021-08-05,train_in_sample,SPY,0.5256139039993286,1,1
2021-08-04,2021-08-05,train_in_sample,QQQ,0.5373567342758179,1,1
2021-08-04,2021-08-05,train_in_sample,IWM,0.5702251195907593,1,1
2021-08-05,2021-08-06,train_in_sample,SPY,0.48687100410461426,1,0
2021-08-05,2021-08-06,train_in_sample,QQQ,0.5406734943389893,0,0
2021-08-05,2021-08-06,train_in_sample,IWM,0.5518473386764526,1,1
2021-08-06,2021-08-09,train_in_sample,SPY,0.5288326740264893,0,0
2021-08-06,2021-08-09,train_in_sample,QQQ,0.5733405947685242,1,1
2021-08-06,2021-08-09,train_in_sample,IWM,0.5313509106636047,0,0
2021-08-09,2021-08-10,train_in_sample,SPY,0.49693354964256287,1,0
2021-08-09,2021-08-10,train_in_sample,QQQ,0.5121000409126282,0,0
2021-08-09,2021-08-10,train_in_sample,IWM,0.5132052302360535,1,1
2021-08-10,2021-08-11,train_in_sample,SPY,0.5229626297950745,1,1
2021-08-10,2021-08-11,train_in_sample,QQQ,0.566601574420929,0,0
2021-08-10,2021-08-11,train_in_sample,IWM,0.5138639211654663,1,1
2021-08-11,2021-08-12,train_in_sample,SPY,0.5309235453605652,1,1
2021-08-11,2021-08-12,train_in_sample,QQQ,0.563379168510437,1,1
2021-08-11,2021-08-12,train_in_sample,IWM,0.5523232221603394,0,0
2021-08-12,2021-08-13,train_in_sample,SPY,0.5027495622634888,1,1
2021-08-12,2021-08-13,train_in_sample,QQQ,0.5098654627799988,1,1
2021-08-12,2021-08-13,train_in_sample,IWM,0.51511150598526,0,0
2021-08-13,2021-08-16,train_in_sample,SPY,0.5443698763847351,1,1
2021-08-13,2021-08-16,train_in_sample,QQQ,0.5539854168891907,1,1
2021-08-13,2021-08-16,train_in_sample,IWM,0.5289455652236938,0,0
2021-08-16,2021-08-17,train_in_sample,SPY,0.5275636315345764,0,0
2021-08-16,2021-08-17,train_in_sample,QQQ,0.5500525832176208,0,0
2021-08-16,2021-08-17,train_in_sample,IWM,0.5476689338684082,0,0
2021-08-17,2021-08-18,train_in_sample,SPY,0.552911102771759,0,0
2021-08-17,2021-08-18,train_in_sample,QQQ,0.5681382417678833,0,0
2021-08-17,2021-08-18,train_in_sample,IWM,0.5336319208145142,0,0
2021-08-18,2021-08-19,train_in_sample,SPY,0.5557827949523926,1,1
2021-08-18,2021-08-19,train_in_sample,QQQ,0.5378420948982239,1,1
2021-08-18,2021-08-19,train_in_sample,IWM,0.5292561650276184,0,0
2021-08-19,2021-08-20,train_in_sample,SPY,0.5214705467224121,1,1
2021-08-19,2021-08-20,train_in_sample,QQQ,0.5455073714256287,1,1
2021-08-19,2021-08-20,train_in_sample,IWM,0.5138320326805115,1,1
2021-08-20,2021-08-23,train_in_sample,SPY,0.5378739833831787,1,1
2021-08-20,2021-08-23,train_in_sample,QQQ,0.5133030414581299,1,1
2021-08-20,2021-08-23,train_in_sample,IWM,0.4906618297100067,1,0
2021-08-23,2021-08-24,train_in_sample,SPY,0.5140512585639954,1,1
2021-08-23,2021-08-24,train_in_sample,QQQ,0.5288514494895935,1,1
2021-08-23,2021-08-24,train_in_sample,IWM,0.5272022485733032,1,1
2021-08-24,2021-08-25,train_in_sample,SPY,0.5582675933837891,1,1
2021-08-24,2021-08-25,train_in_sample,QQQ,0.5344469547271729,1,1
2021-08-24,2021-08-25,train_in_sample,IWM,0.5122774243354797,1,1
2021-08-25,2021-08-26,train_in_sample,SPY,0.5282363891601562,0,0
2021-08-25,2021-08-26,train_in_sample,QQQ,0.535522997379303,0,0
2021-08-25,2021-08-26,train_in_sample,IWM,0.5245870351791382,0,0
2021-08-26,2021-08-27,train_in_sample,SPY,0.526496171951294,1,1
2021-08-26,2021-08-27,train_in_sample,QQQ,0.5438494086265564,1,1
2021-08-26,2021-08-27,train_in_sample,IWM,0.5792288184165955,1,1
2021-08-27,2021-08-30,train_in_sample,SPY,0.5591455698013306,1,1
2021-08-27,2021-08-30,train_in_sample,QQQ,0.5054994225502014,1,1
2021-08-27,2021-08-30,train_in_sample,IWM,0.515142023563385,0,0
2021-08-30,2021-08-31,train_in_sample,SPY,0.5031676292419434,0,0
2021-08-30,2021-08-31,train_in_sample,QQQ,0.5239699482917786,0,0
2021-08-30,2021-08-31,train_in_sample,IWM,0.52088862657547,1,1
2021-08-31,2021-09-01,train_in_sample,SPY,0.557012677192688,1,1
2021-08-31,2021-09-01,train_in_sample,QQQ,0.5566281676292419,1,1
2021-08-31,2021-09-01,train_in_sample,IWM,0.5473020672798157,1,1
2021-09-01,2021-09-02,train_in_sample,SPY,0.5798561573028564,1,1
2021-09-01,2021-09-02,train_in_sample,QQQ,0.5121505856513977,0,0
2021-09-01,2021-09-02,train_in_sample,IWM,0.5785936117172241,1,1
2021-09-02,2021-09-03,train_in_sample,SPY,0.5087844133377075,0,0
2021-09-02,2021-09-03,train_in_sample,QQQ,0.5127639770507812,1,1
2021-09-02,2021-09-03,train_in_sample,IWM,0.5419236421585083,0,0
2021-09-03,2021-09-07,train_in_sample,SPY,0.5296335816383362,0,0
2021-09-03,2021-09-07,train_in_sample,QQQ,0.537988543510437,1,1
2021-09-03,2021-09-07,train_in_sample,IWM,0.5152578353881836,0,0
2021-09-07,2021-09-08,train_in_sample,SPY,0.546242892742157,0,0
2021-09-07,2021-09-08,train_in_sample,QQQ,0.5288480520248413,0,0
2021-09-07,2021-09-08,train_in_sample,IWM,0.508898138999939,0,0
2021-09-08,2021-09-09,train_in_sample,SPY,0.4948694407939911,0,1
2021-09-08,2021-09-09,train_in_sample,QQQ,0.5699225068092346,0,0
2021-09-08,2021-09-09,train_in_sample,IWM,0.4968356490135193,0,1
2021-09-09,2021-09-10,train_in_sample,SPY,0.5710656046867371,0,0
2021-09-09,2021-09-10,train_in_sample,QQQ,0.5507557392120361,0,0
2021-09-09,2021-09-10,train_in_sample,IWM,0.5357402563095093,0,0
2021-09-10,2021-09-13,train_in_sample,SPY,0.5508539080619812,1,1
2021-09-10,2021-09-13,train_in_sample,QQQ,0.5495351552963257,0,0
2021-09-10,2021-09-13,train_in_sample,IWM,0.5241280198097229,1,1
2021-09-13,2021-09-14,train_in_sample,SPY,0.5491905212402344,0,0
2021-09-13,2021-09-14,train_in_sample,QQQ,0.5450724363327026,0,0
2021-09-13,2021-09-14,train_in_sample,IWM,0.4583563208580017,0,1
2021-09-14,2021-09-15,train_in_sample,SPY,0.5519510507583618,1,1
2021-09-14,2021-09-15,train_in_sample,QQQ,0.5475410223007202,1,1
2021-09-14,2021-09-15,train_in_sample,IWM,0.5408455729484558,1,1
2021-09-15,2021-09-16,train_in_sample,SPY,0.5394835472106934,0,0
2021-09-15,2021-09-16,train_in_sample,QQQ,0.5275519490242004,1,1
2021-09-15,2021-09-16,train_in_sample,IWM,0.5014548301696777,1,1
2021-09-16,2021-09-17,train_in_sample,SPY,0.5714278221130371,0,0
2021-09-16,2021-09-17,train_in_sample,QQQ,0.5267603397369385,0,0
2021-09-16,2021-09-17,train_in_sample,IWM,0.5091978311538696,1,1
2021-09-17,2021-09-20,train_in_sample,SPY,0.5551843047142029,0,0
2021-09-17,2021-09-20,train_in_sample,QQQ,0.5272091627120972,0,0
2021-09-17,2021-09-20,train_in_sample,IWM,0.45988017320632935,0,1
2021-09-20,2021-09-21,train_in_sample,SPY,0.5534412264823914,0,0
2021-09-20,2021-09-21,train_in_sample,QQQ,0.5695255398750305,1,1
2021-09-20,2021-09-21,train_in_sample,IWM,0.5227015614509583,1,1
2021-09-21,2021-09-22,train_in_sample,SPY,0.5685259103775024,1,1
2021-09-21,2021-09-22,train_in_sample,QQQ,0.5206993818283081,1,1
2021-09-21,2021-09-22,train_in_sample,IWM,0.4948972761631012,1,0
2021-09-22,2021-09-23,train_in_sample,SPY,0.5635122656822205,1,1
2021-09-22,2021-09-23,train_in_sample,QQQ,0.5159681439399719,1,1
2021-09-22,2021-09-23,train_in_sample,IWM,0.514708936214447,1,1
2021-09-23,2021-09-24,train_in_sample,SPY,0.4820708930492401,1,0
2021-09-23,2021-09-24,train_in_sample,QQQ,0.5332114696502686,1,1
2021-09-23,2021-09-24,train_in_sample,IWM,0.448579341173172,0,1
2021-09-24,2021-09-27,train_in_sample,SPY,0.5557596683502197,0,0
2021-09-24,2021-09-27,train_in_sample,QQQ,0.5014111399650574,0,0
2021-09-24,2021-09-27,train_in_sample,IWM,0.5356867909431458,1,1
2021-09-27,2021-09-28,train_in_sample,SPY,0.5482020974159241,0,0
2021-09-27,2021-09-28,train_in_sample,QQQ,0.5338854789733887,0,0
2021-09-27,2021-09-28,train_in_sample,IWM,0.4900422692298889,0,1
2021-09-28,2021-09-29,train_in_sample,SPY,0.5505867600440979,1,1
2021-09-28,2021-09-29,train_in_sample,QQQ,0.5649127960205078,0,0
2021-09-28,2021-09-29,train_in_sample,IWM,0.510090172290802,0,0
2021-09-29,2021-09-30,train_in_sample,SPY,0.5248355865478516,0,0
2021-09-29,2021-09-30,train_in_sample,QQQ,0.537289023399353,0,0
2021-09-29,2021-09-30,train_in_sample,IWM,0.5116596221923828,0,0
2021-09-30,2021-10-01,train_in_sample,SPY,0.5778370499610901,1,1
2021-09-30,2021-10-01,train_in_sample,QQQ,0.5085220336914062,1,1
2021-09-30,2021-10-01,train_in_sample,IWM,0.4899230897426605,1,0
2021-10-01,2021-10-04,train_in_sample,SPY,0.5574774742126465,0,0
2021-10-01,2021-10-04,train_in_sample,QQQ,0.5111753940582275,0,0
2021-10-01,2021-10-04,train_in_sample,IWM,0.495866060256958,0,1
2021-10-04,2021-10-05,train_in_sample,SPY,0.5564680695533752,1,1
2021-10-04,2021-10-05,train_in_sample,QQQ,0.5379784107208252,1,1
2021-10-04,2021-10-05,train_in_sample,IWM,0.5124606490135193,1,1
2021-10-05,2021-10-06,train_in_sample,SPY,0.5247663855552673,1,1
2021-10-05,2021-10-06,train_in_sample,QQQ,0.5386788845062256,1,1
2021-10-05,2021-10-06,train_in_sample,IWM,0.515310525894165,0,0
2021-10-06,2021-10-07,train_in_sample,SPY,0.5265381336212158,1,1
2021-10-06,2021-10-07,train_in_sample,QQQ,0.5596834421157837,1,1
2021-10-06,2021-10-07,train_in_sample,IWM,0.5230698585510254,1,1
2021-10-07,2021-10-08,train_in_sample,SPY,0.5064870119094849,0,0
2021-10-07,2021-10-08,train_in_sample,QQQ,0.5447437167167664,0,0
2021-10-07,2021-10-08,train_in_sample,IWM,0.5084777474403381,0,0
2021-10-08,2021-10-11,train_in_sample,SPY,0.5459761023521423,0,0
2021-10-08,2021-10-11,train_in_sample,QQQ,0.5482386350631714,0,0
2021-10-08,2021-10-11,train_in_sample,IWM,0.5170844197273254,0,0
2021-10-11,2021-10-12,train_in_sample,SPY,0.5505595803260803,0,0
2021-10-11,2021-10-12,train_in_sample,QQQ,0.4936760663986206,0,1
2021-10-11,2021-10-12,train_in_sample,IWM,0.5092924237251282,1,1
2021-10-12,2021-10-13,train_in_sample,SPY,0.5310455560684204,1,1
2021-10-12,2021-10-13,train_in_sample,QQQ,0.49740076065063477,1,0
2021-10-12,2021-10-13,train_in_sample,IWM,0.49733948707580566,1,0
2021-10-13,2021-10-14,train_in_sample,SPY,0.5574360489845276,1,1
2021-10-13,2021-10-14,train_in_sample,QQQ,0.5182374119758606,1,1
2021-10-13,2021-10-14,train_in_sample,IWM,0.524005651473999,1,1
2021-10-14,2021-10-15,train_in_sample,SPY,0.5084689855575562,1,1
2021-10-14,2021-10-15,train_in_sample,QQQ,0.4822981655597687,1,0
2021-10-14,2021-10-15,train_in_sample,IWM,0.4595838785171509,0,1
2021-10-15,2021-10-18,train_in_sample,SPY,0.5230176448822021,1,1
2021-10-15,2021-10-18,train_in_sample,QQQ,0.536127507686615,1,1
2021-10-15,2021-10-18,train_in_sample,IWM,0.4922707676887512,0,1
2021-10-18,2021-10-19,train_in_sample,SPY,0.538043200969696,1,1
2021-10-18,2021-10-19,train_in_sample,QQQ,0.5108196139335632,1,1
2021-10-18,2021-10-19,train_in_sample,IWM,0.5014960765838623,1,1
2021-10-19,2021-10-20,train_in_sample,SPY,0.5512014031410217,1,1
2021-10-19,2021-10-20,train_in_sample,QQQ,0.512125551700592,0,0
2021-10-19,2021-10-20,train_in_sample,IWM,0.5502009987831116,1,1
2021-10-20,2021-10-21,train_in_sample,SPY,0.49301066994667053,1,0
2021-10-20,2021-10-21,train_in_sample,QQQ,0.5669434666633606,1,1
2021-10-20,2021-10-21,train_in_sample,IWM,0.5372363328933716,1,1
2021-10-21,2021-10-22,train_in_sample,SPY,0.5072993636131287,0,0
2021-10-21,2021-10-22,train_in_sample,QQQ,0.5376378893852234,0,0
2021-10-21,2021-10-22,train_in_sample,IWM,0.5340145230293274,0,0
2021-10-22,2021-10-25,train_in_sample,SPY,0.5400443077087402,1,1
2021-10-22,2021-10-25,train_in_sample,QQQ,0.5547336935997009,1,1
2021-10-22,2021-10-25,train_in_sample,IWM,0.548865020275116,1,1
2021-10-25,2021-10-26,train_in_sample,SPY,0.5201767683029175,1,1
2021-10-25,2021-10-26,train_in_sample,QQQ,0.5180903077125549,1,1
2021-10-25,2021-10-26,train_in_sample,IWM,0.5013338327407837,0,0
2021-10-26,2021-10-27,train_in_sample,SPY,0.49160632491111755,0,1
2021-10-26,2021-10-27,train_in_sample,QQQ,0.5388098955154419,1,1
2021-10-26,2021-10-27,train_in_sample,IWM,0.49607425928115845,0,1
2021-10-27,2021-10-28,train_in_sample,SPY,0.5284578204154968,1,1
2021-10-27,2021-10-28,train_in_sample,QQQ,0.5727759003639221,1,1
2021-10-27,2021-10-28,train_in_sample,IWM,0.5252390503883362,1,1
2021-10-28,2021-10-29,train_in_sample,SPY,0.49718302488327026,1,0
2021-10-28,2021-10-29,train_in_sample,QQQ,0.5573846101760864,1,1
2021-10-28,2021-10-29,train_in_sample,IWM,0.5247352719306946,0,0
2021-10-29,2021-11-01,train_in_sample,SPY,0.5025840997695923,1,1
2021-10-29,2021-11-01,train_in_sample,QQQ,0.5291540622711182,1,1
2021-10-29,2021-11-01,train_in_sample,IWM,0.5267624258995056,1,1
2021-11-01,2021-11-02,train_in_sample,SPY,0.5433237552642822,1,1
2021-11-01,2021-11-02,train_in_sample,QQQ,0.5212751626968384,1,1
2021-11-01,2021-11-02,train_in_sample,IWM,0.5151494145393372,1,1
2021-11-02,2021-11-03,train_in_sample,SPY,0.5575949549674988,1,1
2021-11-02,2021-11-03,train_in_sample,QQQ,0.5441845655441284,1,1
2021-11-02,2021-11-03,train_in_sample,IWM,0.5421234369277954,1,1
2021-11-03,2021-11-04,train_in_sample,SPY,0.5436545014381409,1,1
2021-11-03,2021-11-04,train_in_sample,QQQ,0.5076313614845276,1,1
2021-11-03,2021-11-04,train_in_sample,IWM,0.5173038244247437,0,0
2021-11-04,2021-11-05,train_in_sample,SPY,0.4866771101951599,1,0
2021-11-04,2021-11-05,train_in_sample,QQQ,0.5133413076400757,1,1
2021-11-04,2021-11-05,train_in_sample,IWM,0.4863852262496948,1,0
2021-11-05,2021-11-08,train_in_sample,SPY,0.5603209137916565,1,1
2021-11-05,2021-11-08,train_in_sample,QQQ,0.5322434306144714,0,0
2021-11-05,2021-11-08,train_in_sample,IWM,0.4773452579975128,1,0
2021-11-08,2021-11-09,train_in_sample,SPY,0.5539829134941101,0,0
2021-11-08,2021-11-09,train_in_sample,QQQ,0.5384188294410706,0,0
2021-11-08,2021-11-09,train_in_sample,IWM,0.5180010795593262,0,0
2021-11-09,2021-11-10,train_in_sample,SPY,0.5246149897575378,0,0
2021-11-09,2021-11-10,train_in_sample,QQQ,0.5189082026481628,0,0
2021-11-09,2021-11-10,train_in_sample,IWM,0.5351414680480957,0,0
2021-11-10,2021-11-11,train_in_sample,SPY,0.5222235918045044,1,1
2021-11-10,2021-11-11,train_in_sample,QQQ,0.5408240556716919,1,1
2021-11-10,2021-11-11,train_in_sample,IWM,0.5444952249526978,1,1
2021-11-11,2021-11-12,train_in_sample,SPY,0.5265558362007141,1,1
2021-11-11,2021-11-12,train_in_sample,QQQ,0.5253649950027466,1,1
2021-11-11,2021-11-12,train_in_sample,IWM,0.5143928527832031,1,1
2021-11-12,2021-11-15,train_in_sample,SPY,0.5492027401924133,1,1
2021-11-12,2021-11-15,train_in_sample,QQQ,0.5238710045814514,0,0
2021-11-12,2021-11-15,train_in_sample,IWM,0.5198768377304077,0,0
2021-11-15,2021-11-16,train_in_sample,SPY,0.5341549515724182,1,1
2021-11-15,2021-11-16,train_in_sample,QQQ,0.49174678325653076,1,0
2021-11-15,2021-11-16,train_in_sample,IWM,0.5209293961524963,1,1
2021-11-16,2021-11-17,train_in_sample,SPY,0.5499077439308167,0,0
2021-11-16,2021-11-17,train_in_sample,QQQ,0.4981794059276581,1,0
2021-11-16,2021-11-17,train_in_sample,IWM,0.5177680850028992,0,0
2021-11-17,2021-11-18,train_in_sample,SPY,0.5348979830741882,1,1
2021-11-17,2021-11-18,train_in_sample,QQQ,0.5339582562446594,1,1
2021-11-17,2021-11-18,train_in_sample,IWM,0.5320241451263428,0,0
2021-11-18,2021-11-19,train_in_sample,SPY,0.4930487275123596,0,1
2021-11-18,2021-11-19,train_in_sample,QQQ,0.5177750587463379,1,1
2021-11-18,2021-11-19,train_in_sample,IWM,0.5073790550231934,0,0
2021-11-19,2021-11-22,train_in_sample,SPY,0.5418671369552612,0,0
2021-11-19,2021-11-22,train_in_sample,QQQ,0.5371460914611816,0,0
2021-11-19,2021-11-22,train_in_sample,IWM,0.5155728459358215,0,0
2021-11-22,2021-11-23,train_in_sample,SPY,0.5112395286560059,1,1
2021-11-22,2021-11-23,train_in_sample,QQQ,0.5388005971908569,0,0
2021-11-22,2021-11-23,train_in_sample,IWM,0.4822990596294403,0,1
2021-11-23,2021-11-24,train_in_sample,SPY,0.5396918058395386,1,1
2021-11-23,2021-11-24,train_in_sample,QQQ,0.5328241586685181,1,1
2021-11-23,2021-11-24,train_in_sample,IWM,0.5074416995048523,1,1
2021-11-24,2021-11-26,train_in_sample,SPY,0.4961646497249603,0,1
2021-11-24,2021-11-26,train_in_sample,QQQ,0.5404471755027771,0,0
2021-11-24,2021-11-26,train_in_sample,IWM,0.5127061009407043,0,0
2021-11-26,2021-11-29,train_in_sample,SPY,0.6025925874710083,1,1
2021-11-26,2021-11-29,train_in_sample,QQQ,0.5396104454994202,1,1
2021-11-26,2021-11-29,train_in_sample,IWM,0.4898965358734131,0,1
2021-11-29,2021-11-30,train_in_sample,SPY,0.524368166923523,0,0
2021-11-29,2021-11-30,train_in_sample,QQQ,0.4851982593536377,0,1
2021-11-29,2021-11-30,train_in_sample,IWM,0.43869125843048096,0,1
2021-11-30,2021-12-01,train_in_sample,SPY,0.5384973883628845,0,0
2021-11-30,2021-12-01,train_in_sample,QQQ,0.5414908528327942,0,0
2021-11-30,2021-12-01,train_in_sample,IWM,0.497139036655426,0,1
2021-12-01,2021-12-02,train_in_sample,SPY,0.5432469248771667,1,1
2021-12-01,2021-12-02,train_in_sample,QQQ,0.4914562702178955,1,0
2021-12-01,2021-12-02,train_in_sample,IWM,0.4952099025249481,1,0
2021-12-02,2021-12-03,train_in_sample,SPY,0.5492922067642212,0,0
2021-12-02,2021-12-03,train_in_sample,QQQ,0.5487591624259949,0,0
2021-12-02,2021-12-03,train_in_sample,IWM,0.47105076909065247,0,1
2021-12-03,2021-12-06,train_in_sample,SPY,0.5329439640045166,1,1
2021-12-03,2021-12-06,train_in_sample,QQQ,0.5520725846290588,1,1
2021-12-03,2021-12-06,train_in_sample,IWM,0.4847041368484497,1,0
2021-12-06,2021-12-07,train_in_sample,SPY,0.5145048499107361,1,1
2021-12-06,2021-12-07,train_in_sample,QQQ,0.5117809176445007,1,1
2021-12-06,2021-12-07,train_in_sample,IWM,0.4750957489013672,1,0
2021-12-07,2021-12-08,train_in_sample,SPY,0.5257003903388977,1,1
2021-12-07,2021-12-08,train_in_sample,QQQ,0.4789825975894928,1,0
2021-12-07,2021-12-08,train_in_sample,IWM,0.4569384753704071,1,0
2021-12-08,2021-12-09,train_in_sample,SPY,0.5489327311515808,0,0
2021-12-08,2021-12-09,train_in_sample,QQQ,0.5208834409713745,0,0
2021-12-08,2021-12-09,train_in_sample,IWM,0.456245094537735,0,1
2021-12-09,2021-12-10,train_in_sample,SPY,0.5257220268249512,1,1
2021-12-09,2021-12-10,train_in_sample,QQQ,0.5561379790306091,1,1
2021-12-09,2021-12-10,train_in_sample,IWM,0.5055805444717407,0,0
2021-12-10,2021-12-13,train_in_sample,SPY,0.5349307060241699,0,0
2021-12-10,2021-12-13,train_in_sample,QQQ,0.525824248790741,0,0
2021-12-10,2021-12-13,train_in_sample,IWM,0.47897735238075256,0,1
2021-12-13,2021-12-14,train_in_sample,SPY,0.5650110244750977,0,0
2021-12-13,2021-12-14,train_in_sample,QQQ,0.5437028408050537,0,0
2021-12-13,2021-12-14,train_in_sample,IWM,0.5040523409843445,0,0
2021-12-14,2021-12-15,train_in_sample,SPY,0.5597872734069824,1,1
2021-12-14,2021-12-15,train_in_sample,QQQ,0.5565105080604553,1,1
2021-12-14,2021-12-15,train_in_sample,IWM,0.5428550243377686,1,1
2021-12-15,2021-12-16,train_in_sample,SPY,0.5068172216415405,0,0
2021-12-15,2021-12-16,train_in_sample,QQQ,0.5422685146331787,0,0
2021-12-15,2021-12-16,train_in_sample,IWM,0.5682298541069031,0,0
2021-12-16,2021-12-17,train_in_sample,SPY,0.5263229012489319,0,0
2021-12-16,2021-12-17,train_in_sample,QQQ,0.5228226780891418,0,0
2021-12-16,2021-12-17,train_in_sample,IWM,0.40535223484039307,1,0
2021-12-17,2021-12-20,train_in_sample,SPY,0.5558611750602722,0,0
2021-12-17,2021-12-20,train_in_sample,QQQ,0.5461076498031616,0,0
2021-12-17,2021-12-20,train_in_sample,IWM,0.5097357630729675,0,0
2021-12-20,2021-12-21,train_in_sample,SPY,0.5872669219970703,1,1
2021-12-20,2021-12-21,train_in_sample,QQQ,0.5036935806274414,1,1
2021-12-20,2021-12-21,train_in_sample,IWM,0.5080780982971191,1,1
2021-12-21,2021-12-22,train_in_sample,SPY,0.5032612085342407,1,1
2021-12-21,2021-12-22,train_in_sample,QQQ,0.5148503184318542,1,1
2021-12-21,2021-12-22,train_in_sample,IWM,0.47603559494018555,1,0
2021-12-22,2021-12-23,train_in_sample,SPY,0.5180992484092712,1,1
2021-12-22,2021-12-23,train_in_sample,QQQ,0.48727989196777344,1,0
2021-12-22,2021-12-23,train_in_sample,IWM,0.5304816961288452,1,1
2021-12-23,2021-12-27,train_in_sample,SPY,0.552010715007782,1,1
2021-12-23,2021-12-27,train_in_sample,QQQ,0.5063009858131409,1,1
2021-12-23,2021-12-27,train_in_sample,IWM,0.529837965965271,1,1
2021-12-27,2021-12-28,train_in_sample,SPY,0.49348190426826477,0,1
2021-12-27,2021-12-28,train_in_sample,QQQ,0.4957238435745239,0,1
2021-12-27,2021-12-28,train_in_sample,IWM,0.4772290289402008,0,1
2021-12-28,2021-12-29,train_in_sample,SPY,0.5296390056610107,1,1
2021-12-28,2021-12-29,train_in_sample,QQQ,0.501980185508728,0,0
2021-12-28,2021-12-29,train_in_sample,IWM,0.5292810201644897,1,1
2021-12-29,2021-12-30,train_in_sample,SPY,0.5532034039497375,0,0
2021-12-29,2021-12-30,train_in_sample,QQQ,0.5032713413238525,0,0
2021-12-29,2021-12-30,train_in_sample,IWM,0.5047479867935181,0,0
2021-12-30,2021-12-31,train_in_sample,SPY,0.5846010446548462,0,0
2021-12-30,2021-12-31,train_in_sample,QQQ,0.5045108199119568,0,0
2021-12-30,2021-12-31,train_in_sample,IWM,0.5503326654434204,0,0
2021-12-31,2022-01-03,train_in_sample,SPY,0.558462917804718,1,1
2021-12-31,2022-01-03,train_in_sample,QQQ,0.529076099395752,1,1
2021-12-31,2022-01-03,train_in_sample,IWM,0.51872718334198,1,1
2022-01-03,2022-01-04,train_in_sample,SPY,0.5337161421775818,0,0
2022-01-03,2022-01-04,train_in_sample,QQQ,0.5268958806991577,0,0
2022-01-03,2022-01-04,train_in_sample,IWM,0.4950757920742035,0,1
2022-01-04,2022-01-05,train_in_sample,SPY,0.5154208540916443,0,0
2022-01-04,2022-01-05,train_in_sample,QQQ,0.5235860347747803,0,0
2022-01-04,2022-01-05,train_in_sample,IWM,0.48558855056762695,0,1
2022-01-05,2022-01-06,train_in_sample,SPY,0.5394984483718872,0,0
2022-01-05,2022-01-06,train_in_sample,QQQ,0.5378698110580444,0,0
2022-01-05,2022-01-06,train_in_sample,IWM,0.4873785078525543,1,0
2022-01-06,2022-01-07,train_in_sample,SPY,0.5214939713478088,0,0
2022-01-06,2022-01-07,train_in_sample,QQQ,0.5365068912506104,0,0
2022-01-06,2022-01-07,train_in_sample,IWM,0.4648902118206024,0,1
2022-01-07,2022-01-10,train_in_sample,SPY,0.5463860630989075,0,0
2022-01-07,2022-01-10,train_in_sample,QQQ,0.5491459369659424,1,1
2022-01-07,2022-01-10,train_in_sample,IWM,0.5226181149482727,0,0
2022-01-10,2022-01-11,train_in_sample,SPY,0.5207670331001282,1,1
2022-01-10,2022-01-11,train_in_sample,QQQ,0.5092250108718872,1,1
2022-01-10,2022-01-11,train_in_sample,IWM,0.489973783493042,1,0
2022-01-11,2022-01-12,train_in_sample,SPY,0.5262837409973145,1,1
2022-01-11,2022-01-12,train_in_sample,QQQ,0.4962739050388336,1,0
2022-01-11,2022-01-12,train_in_sample,IWM,0.48050805926322937,0,1
2022-01-12,2022-01-13,train_in_sample,SPY,0.5155243873596191,0,0
2022-01-12,2022-01-13,train_in_sample,QQQ,0.5241098403930664,0,0
2022-01-12,2022-01-13,train_in_sample,IWM,0.512965738773346,0,0
2022-01-13,2022-01-14,train_in_sample,SPY,0.5296221375465393,1,1
2022-01-13,2022-01-14,train_in_sample,QQQ,0.5412375926971436,1,1
2022-01-13,2022-01-14,train_in_sample,IWM,0.4891851842403412,1,0
2022-01-14,2022-01-18,train_in_sample,SPY,0.5286317467689514,0,0
2022-01-14,2022-01-18,train_in_sample,QQQ,0.5120724439620972,0,0
2022-01-14,2022-01-18,train_in_sample,IWM,0.49454671144485474,0,1
2022-01-18,2022-01-19,train_in_sample,SPY,0.5485414266586304,0,0
2022-01-18,2022-01-19,train_in_sample,QQQ,0.5571895837783813,0,0
2022-01-18,2022-01-19,train_in_sample,IWM,0.509380042552948,0,0
2022-01-19,2022-01-20,train_in_sample,SPY,0.5428368449211121,0,0
2022-01-19,2022-01-20,train_in_sample,QQQ,0.5243069529533386,0,0
2022-01-19,2022-01-20,train_in_sample,IWM,0.5235665440559387,0,0
2022-01-20,2022-01-21,train_in_sample,SPY,0.5216447710990906,0,0
2022-01-20,2022-01-21,train_in_sample,QQQ,0.5239347815513611,0,0
2022-01-20,2022-01-21,train_in_sample,IWM,0.49306631088256836,0,1
2022-01-21,2022-01-24,train_in_sample,SPY,0.5738967657089233,1,1
2022-01-21,2022-01-24,train_in_sample,QQQ,0.5360246896743774,1,1
2022-01-21,2022-01-24,train_in_sample,IWM,0.465934157371521,1,0
2022-01-24,2022-01-25,train_in_sample,SPY,0.4886358976364136,0,1
2022-01-24,2022-01-25,train_in_sample,QQQ,0.5333647727966309,0,0
2022-01-24,2022-01-25,train_in_sample,IWM,0.5003179311752319,0,0
2022-01-25,2022-01-26,train_in_sample,SPY,0.5628069043159485,0,0
2022-01-25,2022-01-26,train_in_sample,QQQ,0.5210661888122559,0,0
2022-01-25,2022-01-26,train_in_sample,IWM,0.5010589361190796,0,0
2022-01-26,2022-01-27,train_in_sample,SPY,0.4737289845943451,0,1
2022-01-26,2022-01-27,train_in_sample,QQQ,0.5242581367492676,0,0
2022-01-26,2022-01-27,train_in_sample,IWM,0.46824923157691956,0,1
2022-01-27,2022-01-28,train_in_sample,SPY,0.5191790461540222,1,1
2022-01-27,2022-01-28,train_in_sample,QQQ,0.5392057299613953,1,1
2022-01-27,2022-01-28,train_in_sample,IWM,0.4706417918205261,1,0
2022-01-28,2022-01-31,train_in_sample,SPY,0.4791424870491028,1,0
2022-01-28,2022-01-31,train_in_sample,QQQ,0.4667351245880127,1,0
2022-01-28,2022-01-31,train_in_sample,IWM,0.4566988945007324,1,0
2022-01-31,2022-02-01,train_in_sample,SPY,0.4782577157020569,1,0
2022-01-31,2022-02-01,train_in_sample,QQQ,0.5121737122535706,1,1
2022-01-31,2022-02-01,train_in_sample,IWM,0.4507962763309479,1,0
2022-02-01,2022-02-02,train_in_sample,SPY,0.5295128226280212,1,1
2022-02-01,2022-02-02,train_in_sample,QQQ,0.5246031284332275,1,1
2022-02-01,2022-02-02,train_in_sample,IWM,0.48035958409309387,0,1
2022-02-02,2022-02-03,train_in_sample,SPY,0.5094358921051025,0,0
2022-02-02,2022-02-03,train_in_sample,QQQ,0.5547134280204773,0,0
2022-02-02,2022-02-03,train_in_sample,IWM,0.47529736161231995,0,1
2022-02-03,2022-02-04,train_in_sample,SPY,0.5306878089904785,1,1
2022-02-03,2022-02-04,train_in_sample,QQQ,0.5801585912704468,1,1
2022-02-03,2022-02-04,train_in_sample,IWM,0.4890812337398529,1,0
2022-02-04,2022-02-07,train_in_sample,SPY,0.4994543194770813,0,1
2022-02-04,2022-02-07,train_in_sample,QQQ,0.5092947483062744,0,0
2022-02-04,2022-02-07,train_in_sample,IWM,0.5004004836082458,1,1
2022-02-07,2022-02-08,train_in_sample,SPY,0.533869206905365,1,1
2022-02-07,2022-02-08,train_in_sample,QQQ,0.5239118933677673,1,1
2022-02-07,2022-02-08,train_in_sample,IWM,0.4724631607532501,1,0
2022-02-08,2022-02-09,train_in_sample,SPY,0.5053814053535461,1,1
2022-02-08,2022-02-09,train_in_sample,QQQ,0.5222435593605042,1,1
2022-02-08,2022-02-09,train_in_sample,IWM,0.49215373396873474,1,0
2022-02-09,2022-02-10,train_in_sample,SPY,0.5175706744194031,0,0
2022-02-09,2022-02-10,train_in_sample,QQQ,0.5181022882461548,0,0
2022-02-09,2022-02-10,train_in_sample,IWM,0.4876011312007904,0,1
2022-02-10,2022-02-11,train_in_sample,SPY,0.5358240008354187,0,0
2022-02-10,2022-02-11,train_in_sample,QQQ,0.5535790324211121,0,0
2022-02-10,2022-02-11,train_in_sample,IWM,0.48950448632240295,0,1
2022-02-11,2022-02-14,train_in_sample,SPY,0.5448179244995117,0,0
2022-02-11,2022-02-14,train_in_sample,QQQ,0.5675148367881775,1,1
2022-02-11,2022-02-14,train_in_sample,IWM,0.516603410243988,0,0
2022-02-14,2022-02-15,train_in_sample,SPY,0.5231050848960876,1,1
2022-02-14,2022-02-15,train_in_sample,QQQ,0.5172708034515381,1,1
2022-02-14,2022-02-15,train_in_sample,IWM,0.5057845711708069,1,1
2022-02-15,2022-02-16,train_in_sample,SPY,0.5316890478134155,1,1
2022-02-15,2022-02-16,train_in_sample,QQQ,0.5052353143692017,0,0
2022-02-15,2022-02-16,train_in_sample,IWM,0.5101439952850342,1,1
2022-02-16,2022-02-17,train_in_sample,SPY,0.514451801776886,0,0
2022-02-16,2022-02-17,train_in_sample,QQQ,0.538534939289093,0,0
2022-02-16,2022-02-17,train_in_sample,IWM,0.5097638368606567,0,0
2022-02-17,2022-02-18,train_in_sample,SPY,0.5294492840766907,0,0
2022-02-17,2022-02-18,train_in_sample,QQQ,0.558505117893219,0,0
2022-02-17,2022-02-18,train_in_sample,IWM,0.5327222943305969,0,0
2022-02-18,2022-02-22,train_in_sample,SPY,0.5332526564598083,0,0
2022-02-18,2022-02-22,train_in_sample,QQQ,0.5438613891601562,0,0
2022-02-18,2022-02-22,train_in_sample,IWM,0.4882497489452362,0,1
2022-02-22,2022-02-23,train_in_sample,SPY,0.5162029266357422,0,0
2022-02-22,2022-02-23,train_in_sample,QQQ,0.5320584177970886,0,0
2022-02-22,2022-02-23,train_in_sample,IWM,0.49628475308418274,0,1
2022-02-23,2022-02-24,train_in_sample,SPY,0.5211924910545349,1,1
2022-02-23,2022-02-24,train_in_sample,QQQ,0.5498298406600952,1,1
2022-02-23,2022-02-24,train_in_sample,IWM,0.49035805463790894,1,0
2022-02-24,2022-02-25,train_in_sample,SPY,0.4488028287887573,1,0
2022-02-24,2022-02-25,train_in_sample,QQQ,0.5264869332313538,1,1
2022-02-24,2022-02-25,train_in_sample,IWM,0.495068222284317,1,0
2022-02-25,2022-02-28,train_in_sample,SPY,0.5026581883430481,0,0
2022-02-25,2022-02-28,train_in_sample,QQQ,0.5073379278182983,1,1
2022-02-25,2022-02-28,train_in_sample,IWM,0.4984399080276489,1,0
2022-02-28,2022-03-01,train_in_sample,SPY,0.5169097185134888,0,0
2022-02-28,2022-03-01,train_in_sample,QQQ,0.541325569152832,0,0
2022-02-28,2022-03-01,train_in_sample,IWM,0.49712932109832764,0,1
2022-03-01,2022-03-02,train_in_sample,SPY,0.5748725533485413,1,1
2022-03-01,2022-03-02,train_in_sample,QQQ,0.566448986530304,1,1
2022-03-01,2022-03-02,train_in_sample,IWM,0.5223526358604431,1,1
2022-03-02,2022-03-03,train_in_sample,SPY,0.5122115015983582,0,0
2022-03-02,2022-03-03,train_in_sample,QQQ,0.5406838655471802,0,0
2022-03-02,2022-03-03,train_in_sample,IWM,0.49921172857284546,0,1
2022-03-03,2022-03-04,train_in_sample,SPY,0.5171766877174377,0,0
2022-03-03,2022-03-04,train_in_sample,QQQ,0.542838454246521,0,0
2022-03-03,2022-03-04,train_in_sample,IWM,0.507317304611206,0,0
2022-03-04,2022-03-07,train_in_sample,SPY,0.5294982194900513,0,0
2022-03-04,2022-03-07,train_in_sample,QQQ,0.5618875622749329,0,0
2022-03-04,2022-03-07,train_in_sample,IWM,0.46967071294784546,0,1
2022-03-07,2022-03-08,train_in_sample,SPY,0.5641683340072632,0,0
2022-03-07,2022-03-08,train_in_sample,QQQ,0.5509349703788757,0,0
2022-03-07,2022-03-08,train_in_sample,IWM,0.4767572581768036,1,0
2022-03-08,2022-03-09,train_in_sample,SPY,0.5189085602760315,1,1
2022-03-08,2022-03-09,train_in_sample,QQQ,0.552196204662323,1,1
2022-03-08,2022-03-09,train_in_sample,IWM,0.46412551403045654,1,0
2022-03-09,2022-03-10,train_in_sample,SPY,0.4784206748008728,0,1
2022-03-09,2022-03-10,train_in_sample,QQQ,0.49918606877326965,0,1
2022-03-09,2022-03-10,train_in_sample,IWM,0.4730355441570282,0,1
2022-03-10,2022-03-11,train_in_sample,SPY,0.5428824424743652,0,0
2022-03-10,2022-03-11,train_in_sample,QQQ,0.5496779084205627,0,0
2022-03-10,2022-03-11,train_in_sample,IWM,0.5411750674247742,0,0
2022-03-11,2022-03-14,train_in_sample,SPY,0.5297409296035767,0,0
2022-03-11,2022-03-14,train_in_sample,QQQ,0.5640203952789307,0,0
2022-03-11,2022-03-14,train_in_sample,IWM,0.4998756945133209,0,1
2022-03-14,2022-03-15,train_in_sample,SPY,0.511111319065094,1,1
2022-03-14,2022-03-15,train_in_sample,QQQ,0.5574581623077393,1,1
2022-03-14,2022-03-15,train_in_sample,IWM,0.47099006175994873,1,0
2022-03-15,2022-03-16,train_in_sample,SPY,0.4564776122570038,1,0
2022-03-15,2022-03-16,train_in_sample,QQQ,0.47342488169670105,1,0
2022-03-15,2022-03-16,train_in_sample,IWM,0.49490973353385925,1,0
2022-03-16,2022-03-17,train_in_sample,SPY,0.4792901873588562,1,0
2022-03-16,2022-03-17,train_in_sample,QQQ,0.5169321894645691,1,1
2022-03-16,2022-03-17,train_in_sample,IWM,0.45188280940055847,1,0
2022-03-17,2022-03-18,train_in_sample,SPY,0.5292799472808838,1,1
2022-03-17,2022-03-18,train_in_sample,QQQ,0.5009723901748657,1,1
2022-03-17,2022-03-18,train_in_sample,IWM,0.4883449673652649,1,0
2022-03-18,2022-03-21,train_in_sample,SPY,0.5019156336784363,0,0
2022-03-18,2022-03-21,train_in_sample,QQQ,0.5147510170936584,0,0
2022-03-18,2022-03-21,train_in_sample,IWM,0.5035774111747742,0,0
2022-03-21,2022-03-22,train_in_sample,SPY,0.5242987871170044,1,1
2022-03-21,2022-03-22,train_in_sample,QQQ,0.5146042704582214,1,1
2022-03-21,2022-03-22,train_in_sample,IWM,0.4778892397880554,1,0
2022-03-22,2022-03-23,train_in_sample,SPY,0.48841559886932373,0,1
2022-03-22,2022-03-23,train_in_sample,QQQ,0.5030218958854675,0,0
2022-03-22,2022-03-23,train_in_sample,IWM,0.509437084197998,0,0
2022-03-23,2022-03-24,train_in_sample,SPY,0.5465619564056396,1,1
2022-03-23,2022-03-24,train_in_sample,QQQ,0.5388683080673218,1,1
2022-03-23,2022-03-24,train_in_sample,IWM,0.5418754816055298,1,1
2022-03-24,2022-03-25,train_in_sample,SPY,0.5260322690010071,1,1
2022-03-24,2022-03-25,train_in_sample,QQQ,0.4945297837257385,0,1
2022-03-24,2022-03-25,train_in_sample,IWM,0.47061794996261597,1,0
2022-03-25,2022-03-28,train_in_sample,SPY,0.5483579635620117,1,1
2022-03-25,2022-03-28,train_in_sample,QQQ,0.5276192426681519,1,1
2022-03-25,2022-03-28,train_in_sample,IWM,0.5042443871498108,1,1
2022-03-28,2022-03-29,train_in_sample,SPY,0.5231536030769348,1,1
2022-03-28,2022-03-29,train_in_sample,QQQ,0.5057616233825684,1,1
2022-03-28,2022-03-29,train_in_sample,IWM,0.4892522692680359,1,0
2022-03-29,2022-03-30,train_in_sample,SPY,0.5086197257041931,0,0
2022-03-29,2022-03-30,train_in_sample,QQQ,0.5161615014076233,0,0
2022-03-29,2022-03-30,train_in_sample,IWM,0.46904557943344116,0,1
2022-03-30,2022-03-31,train_in_sample,SPY,0.5205994844436646,0,0
2022-03-30,2022-03-31,train_in_sample,QQQ,0.5255922675132751,0,0
2022-03-30,2022-03-31,train_in_sample,IWM,0.5105815529823303,0,0
2022-03-31,2022-04-01,train_in_sample,SPY,0.5645474195480347,1,1
2022-03-31,2022-04-01,train_in_sample,QQQ,0.5202733874320984,0,0
2022-03-31,2022-04-01,train_in_sample,IWM,0.5012980103492737,1,1
2022-04-01,2022-04-04,train_in_sample,SPY,0.5600512027740479,1,1
2022-04-01,2022-04-04,train_in_sample,QQQ,0.5354541540145874,1,1
2022-04-01,2022-04-04,train_in_sample,IWM,0.4781588912010193,1,0
2022-04-04,2022-04-05,train_in_sample,SPY,0.495670348405838,0,1
2022-04-04,2022-04-05,train_in_sample,QQQ,0.5077642798423767,0,0
2022-04-04,2022-04-05,train_in_sample,IWM,0.4895724058151245,0,1
2022-04-05,2022-04-06,train_in_sample,SPY,0.5198899507522583,0,0
2022-04-05,2022-04-06,train_in_sample,QQQ,0.5666751861572266,0,0
2022-04-05,2022-04-06,train_in_sample,IWM,0.5125730037689209,0,0
2022-04-06,2022-04-07,train_in_sample,SPY,0.547572910785675,1,1
2022-04-06,2022-04-07,train_in_sample,QQQ,0.5518347024917603,1,1
2022-04-06,2022-04-07,train_in_sample,IWM,0.485959529876709,0,1
2022-04-07,2022-04-08,train_in_sample,SPY,0.4780723750591278,0,1
2022-04-07,2022-04-08,train_in_sample,QQQ,0.4986339211463928,0,1
2022-04-07,2022-04-08,train_in_sample,IWM,0.47505953907966614,0,1
2022-04-08,2022-04-11,train_in_sample,SPY,0.5421199798583984,0,0
2022-04-08,2022-04-11,train_in_sample,QQQ,0.5323034524917603,0,0
2022-04-08,2022-04-11,train_in_sample,IWM,0.4617455005645752,0,1
2022-04-11,2022-04-12,train_in_sample,SPY,0.5744660496711731,0,0
2022-04-11,2022-04-12,train_in_sample,QQQ,0.5321685671806335,0,0
2022-04-11,2022-04-12,train_in_sample,IWM,0.47912266850471497,1,0
2022-04-12,2022-04-13,train_in_sample,SPY,0.5253973603248596,1,1
2022-04-12,2022-04-13,train_in_sample,QQQ,0.49874281883239746,1,0
2022-04-12,2022-04-13,train_in_sample,IWM,0.47979554533958435,1,0
2022-04-13,2022-04-14,train_in_sample,SPY,0.4613434076309204,0,1
2022-04-13,2022-04-14,train_in_sample,QQQ,0.5077593326568604,0,0
2022-04-13,2022-04-14,train_in_sample,IWM,0.4976591169834137,0,1
2022-04-14,2022-04-18,train_in_sample,SPY,0.5471945405006409,1,1
2022-04-14,2022-04-18,train_in_sample,QQQ,0.5441703200340271,1,1
2022-04-14,2022-04-18,train_in_sample,IWM,0.4641723930835724,0,1
2022-04-18,2022-04-19,train_in_sample,SPY,0.5190058946609497,1,1
2022-04-18,2022-04-19,train_in_sample,QQQ,0.5359752178192139,1,1
2022-04-18,2022-04-19,train_in_sample,IWM,0.4698561131954193,1,0
2022-04-19,2022-04-20,train_in_sample,SPY,0.49328362941741943,0,1
2022-04-19,2022-04-20,train_in_sample,QQQ,0.49433547258377075,0,1
2022-04-19,2022-04-20,train_in_sample,IWM,0.4893868863582611,1,0
2022-04-20,2022-04-21,train_in_sample,SPY,0.5100588202476501,0,0
2022-04-20,2022-04-21,train_in_sample,QQQ,0.5425313115119934,0,0
2022-04-20,2022-04-21,train_in_sample,IWM,0.519934892654419,0,0
2022-04-21,2022-04-22,train_in_sample,SPY,0.5189406275749207,0,0
2022-04-21,2022-04-22,train_in_sample,QQQ,0.5125301480293274,0,0
2022-04-21,2022-04-22,train_in_sample,IWM,0.48044896125793457,0,1
2022-04-22,2022-04-25,train_in_sample,SPY,0.5729176998138428,1,1
2022-04-22,2022-04-25,train_in_sample,QQQ,0.5387395024299622,1,1
2022-04-22,2022-04-25,train_in_sample,IWM,0.5340561270713806,1,1
2022-04-25,2022-04-26,train_in_sample,SPY,0.5010172128677368,0,0
2022-04-25,2022-04-26,train_in_sample,QQQ,0.47922229766845703,0,1
2022-04-25,2022-04-26,train_in_sample,IWM,0.4476143419742584,0,1
2022-04-26,2022-04-27,train_in_sample,SPY,0.5229330658912659,1,1
2022-04-26,2022-04-27,train_in_sample,QQQ,0.5942216515541077,0,0
2022-04-26,2022-04-27,train_in_sample,IWM,0.49247920513153076,0,1
2022-04-27,2022-04-28,train_in_sample,SPY,0.5270410776138306,1,1
2022-04-27,2022-04-28,train_in_sample,QQQ,0.5250339508056641,1,1
2022-04-27,2022-04-28,train_in_sample,IWM,0.4724464416503906,1,0
2022-04-28,2022-04-29,train_in_sample,SPY,0.4262908697128296,0,1
2022-04-28,2022-04-29,train_in_sample,QQQ,0.5012718439102173,0,0
2022-04-28,2022-04-29,train_in_sample,IWM,0.46702808141708374,0,1
2022-04-29,2022-05-02,train_in_sample,SPY,0.5371964573860168,1,1
2022-04-29,2022-05-02,train_in_sample,QQQ,0.5488317012786865,1,1
2022-04-29,2022-05-02,train_in_sample,IWM,0.4961278438568115,1,0
2022-05-02,2022-05-03,train_in_sample,SPY,0.5081446170806885,1,1
2022-05-02,2022-05-03,train_in_sample,QQQ,0.49090084433555603,1,0
2022-05-02,2022-05-03,train_in_sample,IWM,0.47343331575393677,1,0
2022-05-03,2022-05-04,train_in_sample,SPY,0.5299566388130188,1,1
2022-05-03,2022-05-04,train_in_sample,QQQ,0.5221315026283264,1,1
2022-05-03,2022-05-04,train_in_sample,IWM,0.4827633500099182,1,0
2022-05-04,2022-05-05,train_in_sample,SPY,0.42715638875961304,0,1
2022-05-04,2022-05-05,train_in_sample,QQQ,0.488203763961792,0,1
2022-05-04,2022-05-05,train_in_sample,IWM,0.45821109414100647,0,1
2022-05-05,2022-05-06,train_in_sample,SPY,0.544569730758667,0,0
2022-05-05,2022-05-06,train_in_sample,QQQ,0.5493078827857971,0,0
2022-05-05,2022-05-06,train_in_sample,IWM,0.47522467374801636,0,1
2022-05-06,2022-05-09,train_in_sample,SPY,0.5175302028656006,0,0
2022-05-06,2022-05-09,train_in_sample,QQQ,0.5460322499275208,0,0
2022-05-06,2022-05-09,train_in_sample,IWM,0.4795520305633545,0,1
2022-05-09,2022-05-10,train_in_sample,SPY,0.5245688557624817,1,1
2022-05-09,2022-05-10,train_in_sample,QQQ,0.5870488882064819,1,1
2022-05-09,2022-05-10,train_in_sample,IWM,0.4524049758911133,1,0
2022-05-10,2022-05-11,train_in_sample,SPY,0.48899343609809875,0,1
2022-05-10,2022-05-11,train_in_sample,QQQ,0.5080167055130005,0,0
2022-05-10,2022-05-11,train_in_sample,IWM,0.4640047252178192,0,1
2022-05-11,2022-05-12,train_in_sample,SPY,0.48692524433135986,0,1
2022-05-11,2022-05-12,train_in_sample,QQQ,0.5470782518386841,0,0
2022-05-11,2022-05-12,train_in_sample,IWM,0.43980392813682556,1,0
2022-05-12,2022-05-13,train_in_sample,SPY,0.5004547238349915,1,1
2022-05-12,2022-05-13,train_in_sample,QQQ,0.5259370803833008,1,1
2022-05-12,2022-05-13,train_in_sample,IWM,0.4735490083694458,1,0
2022-05-13,2022-05-16,train_in_sample,SPY,0.47394776344299316,0,1
2022-05-13,2022-05-16,train_in_sample,QQQ,0.4955437481403351,0,1
2022-05-13,2022-05-16,train_in_sample,IWM,0.4524700343608856,0,1
2022-05-16,2022-05-17,train_in_sample,SPY,0.5371866822242737,1,1
2022-05-16,2022-05-17,train_in_sample,QQQ,0.526380181312561,1,1
2022-05-16,2022-05-17,train_in_sample,IWM,0.48471546173095703,1,0
2022-05-17,2022-05-18,train_in_sample,SPY,0.4868246018886566,0,1
2022-05-17,2022-05-18,train_in_sample,QQQ,0.4972954988479614,0,1
2022-05-17,2022-05-18,train_in_sample,IWM,0.45108452439308167,0,1
2022-05-18,2022-05-19,train_in_sample,SPY,0.5401329398155212,0,0
2022-05-18,2022-05-19,train_in_sample,QQQ,0.5845928192138672,0,0
2022-05-18,2022-05-19,train_in_sample,IWM,0.5112495422363281,1,1
2022-05-19,2022-05-20,train_in_sample,SPY,0.5125122666358948,1,1
2022-05-19,2022-05-20,train_in_sample,QQQ,0.5127044916152954,0,0
2022-05-19,2022-05-20,train_in_sample,IWM,0.4843236804008484,0,1
2022-05-20,2022-05-23,train_in_sample,SPY,0.46514761447906494,1,0
2022-05-20,2022-05-23,train_in_sample,QQQ,0.5063962936401367,1,1
2022-05-20,2022-05-23,train_in_sample,IWM,0.4684396982192993,1,0
2022-05-23,2022-05-24,train_in_sample,SPY,0.46788525581359863,0,1
2022-05-23,2022-05-24,train_in_sample,QQQ,0.4983702600002289,0,1
2022-05-23,2022-05-24,train_in_sample,IWM,0.46472233533859253,0,1
2022-05-24,2022-05-25,train_in_sample,SPY,0.5095304250717163,1,1
2022-05-24,2022-05-25,train_in_sample,QQQ,0.553260862827301,1,1
2022-05-24,2022-05-25,train_in_sample,IWM,0.5061003565788269,1,1
2022-05-25,2022-05-26,train_in_sample,SPY,0.4922999441623688,1,0
2022-05-25,2022-05-26,train_in_sample,QQQ,0.51212477684021,1,1
2022-05-25,2022-05-26,train_in_sample,IWM,0.49069759249687195,1,0
2022-05-26,2022-05-27,train_in_sample,SPY,0.4575623571872711,1,0
2022-05-26,2022-05-27,train_in_sample,QQQ,0.5052743554115295,1,1
2022-05-26,2022-05-27,train_in_sample,IWM,0.5048074126243591,1,1
2022-05-27,2022-05-31,train_in_sample,SPY,0.46835997700691223,0,1
2022-05-27,2022-05-31,train_in_sample,QQQ,0.4776713252067566,0,1
2022-05-27,2022-05-31,train_in_sample,IWM,0.46845191717147827,0,1
2022-05-31,2022-06-01,train_in_sample,SPY,0.5011237859725952,0,0
2022-05-31,2022-06-01,train_in_sample,QQQ,0.5093309283256531,0,0
2022-05-31,2022-06-01,train_in_sample,IWM,0.5022118091583252,0,0
2022-06-01,2022-06-02,train_in_sample,SPY,0.5202175974845886,1,1
2022-06-01,2022-06-02,train_in_sample,QQQ,0.5216800570487976,1,1
2022-06-01,2022-06-02,train_in_sample,IWM,0.5038558840751648,1,1
2022-06-02,2022-06-03,train_in_sample,SPY,0.4517078101634979,0,1
2022-06-02,2022-06-03,train_in_sample,QQQ,0.5055114030838013,0,0
2022-06-02,2022-06-03,train_in_sample,IWM,0.52255779504776,0,0
2022-06-03,2022-06-06,train_in_sample,SPY,0.5492657423019409,1,1
2022-06-03,2022-06-06,train_in_sample,QQQ,0.5562875270843506,1,1
2022-06-03,2022-06-06,train_in_sample,IWM,0.5261449217796326,1,1
2022-06-06,2022-06-07,train_in_sample,SPY,0.47909846901893616,1,0
2022-06-06,2022-06-07,train_in_sample,QQQ,0.5183057188987732,1,1
2022-06-06,2022-06-07,train_in_sample,IWM,0.5025978088378906,1,1
2022-06-07,2022-06-08,train_in_sample,SPY,0.47386959195137024,0,1
2022-06-07,2022-06-08,train_in_sample,QQQ,0.539723813533783,0,0
2022-06-07,2022-06-08,train_in_sample,IWM,0.5254074931144714,0,0
2022-06-08,2022-06-09,train_in_sample,SPY,0.5161566734313965,0,0
2022-06-08,2022-06-09,train_in_sample,QQQ,0.542147696018219,0,0
2022-06-08,2022-06-09,train_in_sample,IWM,0.5386925935745239,0,0
2022-06-09,2022-06-10,train_in_sample,SPY,0.5307079553604126,0,0
2022-06-09,2022-06-10,train_in_sample,QQQ,0.5357391238212585,0,0
2022-06-09,2022-06-10,train_in_sample,IWM,0.5490458011627197,0,0
2022-06-10,2022-06-13,train_in_sample,SPY,0.5459838509559631,0,0
2022-06-10,2022-06-13,train_in_sample,QQQ,0.5693865418434143,0,0
2022-06-10,2022-06-13,train_in_sample,IWM,0.5289966464042664,0,0
2022-06-13,2022-06-14,train_in_sample,SPY,0.5430635213851929,0,0
2022-06-13,2022-06-14,train_in_sample,QQQ,0.595252513885498,1,1
2022-06-13,2022-06-14,train_in_sample,IWM,0.5089256167411804,0,0
2022-06-14,2022-06-15,train_in_sample,SPY,0.5118449330329895,1,1
2022-06-14,2022-06-15,train_in_sample,QQQ,0.5060427188873291,1,1
2022-06-14,2022-06-15,train_in_sample,IWM,0.5095579028129578,1,1
2022-06-15,2022-06-16,train_in_sample,SPY,0.44183504581451416,0,1
2022-06-15,2022-06-16,train_in_sample,QQQ,0.48565399646759033,0,1
2022-06-15,2022-06-16,train_in_sample,IWM,0.5003393292427063,0,0
2022-06-16,2022-06-17,train_in_sample,SPY,0.5351066589355469,1,1
2022-06-16,2022-06-17,train_in_sample,QQQ,0.5783278942108154,1,1
2022-06-16,2022-06-17,train_in_sample,IWM,0.5004487633705139,1,1
2022-06-17,2022-06-21,train_in_sample,SPY,0.48467469215393066,1,0
2022-06-17,2022-06-21,train_in_sample,QQQ,0.4959695041179657,1,0
2022-06-17,2022-06-21,train_in_sample,IWM,0.46049201488494873,1,0
2022-06-21,2022-06-22,train_in_sample,SPY,0.4648294448852539,0,1
2022-06-21,2022-06-22,train_in_sample,QQQ,0.5008363723754883,0,0
2022-06-21,2022-06-22,train_in_sample,IWM,0.5081881284713745,0,0
2022-06-22,2022-06-23,train_in_sample,SPY,0.45855700969696045,1,0
2022-06-22,2022-06-23,train_in_sample,QQQ,0.5130953788757324,1,1
2022-06-22,2022-06-23,train_in_sample,IWM,0.49089810252189636,1,0
2022-06-23,2022-06-24,train_in_sample,SPY,0.46931150555610657,1,0
2022-06-23,2022-06-24,train_in_sample,QQQ,0.5213996767997742,1,1
2022-06-23,2022-06-24,train_in_sample,IWM,0.49996352195739746,1,0
2022-06-24,2022-06-27,train_in_sample,SPY,0.4628782272338867,0,1
2022-06-24,2022-06-27,train_in_sample,QQQ,0.5040394067764282,0,0
2022-06-24,2022-06-27,train_in_sample,IWM,0.4773963987827301,1,0
2022-06-27,2022-06-28,train_in_sample,SPY,0.518669843673706,0,0
2022-06-27,2022-06-28,train_in_sample,QQQ,0.520952582359314,0,0
2022-06-27,2022-06-28,train_in_sample,IWM,0.5033480525016785,0,0
2022-06-28,2022-06-29,train_in_sample,SPY,0.5171106457710266,0,0
2022-06-28,2022-06-29,train_in_sample,QQQ,0.5236485004425049,1,1
2022-06-28,2022-06-29,train_in_sample,IWM,0.5346696376800537,0,0
2022-06-29,2022-06-30,train_in_sample,SPY,0.48208948969841003,0,1
2022-06-29,2022-06-30,train_in_sample,QQQ,0.5152873396873474,0,0
2022-06-29,2022-06-30,train_in_sample,IWM,0.5193125605583191,0,0
2022-06-30,2022-07-01,train_in_sample,SPY,0.5069659948348999,1,1
2022-06-30,2022-07-01,train_in_sample,QQQ,0.5450960397720337,1,1
2022-06-30,2022-07-01,train_in_sample,IWM,0.5083417892456055,1,1
2022-07-01,2022-07-05,train_in_sample,SPY,0.4763839542865753,1,0
2022-07-01,2022-07-05,train_in_sample,QQQ,0.5111006498336792,1,1
2022-07-01,2022-07-05,train_in_sample,IWM,0.5051600337028503,1,1
2022-07-05,2022-07-06,train_in_sample,SPY,0.4529027044773102,1,0
2022-07-05,2022-07-06,train_in_sample,QQQ,0.5203676223754883,1,1
2022-07-05,2022-07-06,train_in_sample,IWM,0.5143556594848633,0,0
2022-07-06,2022-07-07,train_in_sample,SPY,0.49714040756225586,1,0
2022-07-06,2022-07-07,train_in_sample,QQQ,0.5163459777832031,1,1
2022-07-06,2022-07-07,train_in_sample,IWM,0.5197111368179321,1,1
2022-07-07,2022-07-08,train_in_sample,SPY,0.46857020258903503,0,1
2022-07-07,2022-07-08,train_in_sample,QQQ,0.5091431736946106,1,1
2022-07-07,2022-07-08,train_in_sample,IWM,0.49875107407569885,0,1
2022-07-08,2022-07-11,train_in_sample,SPY,0.5012316703796387,0,0
2022-07-08,2022-07-11,train_in_sample,QQQ,0.5066341161727905,0,0
2022-07-08,2022-07-11,train_in_sample,IWM,0.5180119872093201,0,0
2022-07-11,2022-07-12,train_in_sample,SPY,0.5264368057250977,0,0
2022-07-11,2022-07-12,train_in_sample,QQQ,0.5497121810913086,0,0
2022-07-11,2022-07-12,train_in_sample,IWM,0.5044196844100952,0,0
2022-07-12,2022-07-13,train_in_sample,SPY,0.508439838886261,0,0
2022-07-12,2022-07-13,train_in_sample,QQQ,0.5209237337112427,0,0
2022-07-12,2022-07-13,train_in_sample,IWM,0.5068948268890381,0,0
2022-07-13,2022-07-14,train_in_sample,SPY,0.48091208934783936,0,1
2022-07-13,2022-07-14,train_in_sample,QQQ,0.524477481842041,1,1
2022-07-13,2022-07-14,train_in_sample,IWM,0.5250408053398132,0,0
2022-07-14,2022-07-15,train_in_sample,SPY,0.478032648563385,1,0
2022-07-14,2022-07-15,train_in_sample,QQQ,0.5270372629165649,1,1
2022-07-14,2022-07-15,train_in_sample,IWM,0.5362695455551147,1,1
2022-07-15,2022-07-18,train_in_sample,SPY,0.4778159260749817,0,1
2022-07-15,2022-07-18,train_in_sample,QQQ,0.5174698829650879,0,0
2022-07-15,2022-07-18,train_in_sample,IWM,0.49596381187438965,0,1
2022-07-18,2022-07-19,train_in_sample,SPY,0.5008489489555359,1,1
2022-07-18,2022-07-19,train_in_sample,QQQ,0.5008069276809692,1,1
2022-07-18,2022-07-19,train_in_sample,IWM,0.5006919503211975,1,1
2022-07-19,2022-07-20,train_in_sample,SPY,0.44548043608665466,1,0
2022-07-19,2022-07-20,train_in_sample,QQQ,0.5075812339782715,1,1
2022-07-19,2022-07-20,train_in_sample,IWM,0.5051056742668152,1,1
2022-07-20,2022-07-21,train_in_sample,SPY,0.4641726613044739,1,0
2022-07-20,2022-07-21,train_in_sample,QQQ,0.5318500399589539,1,1
2022-07-20,2022-07-21,train_in_sample,IWM,0.5046963095664978,1,1
2022-07-21,2022-07-22,train_in_sample,SPY,0.46674925088882446,0,1
2022-07-21,2022-07-22,train_in_sample,QQQ,0.5041840672492981,0,0
2022-07-21,2022-07-22,train_in_sample,IWM,0.5122045874595642,0,0
2022-07-22,2022-07-25,train_in_sample,SPY,0.49854975938796997,1,0
2022-07-22,2022-07-25,train_in_sample,QQQ,0.5425081253051758,0,0
2022-07-22,2022-07-25,train_in_sample,IWM,0.5238674283027649,1,1
2022-07-25,2022-07-26,train_in_sample,SPY,0.49971234798431396,0,1
2022-07-25,2022-07-26,train_in_sample,QQQ,0.5285918116569519,0,0
2022-07-25,2022-07-26,train_in_sample,IWM,0.507081925868988,0,0
2022-07-26,2022-07-27,train_in_sample,SPY,0.5132619738578796,1,1
2022-07-26,2022-07-27,train_in_sample,QQQ,0.5324947237968445,1,1
2022-07-26,2022-07-27,train_in_sample,IWM,0.5228990316390991,1,1
2022-07-27,2022-07-28,train_in_sample,SPY,0.42635205388069153,1,0
2022-07-27,2022-07-28,train_in_sample,QQQ,0.4772787392139435,1,0
2022-07-27,2022-07-28,train_in_sample,IWM,0.4631914794445038,1,0
2022-07-28,2022-07-29,train_in_sample,SPY,0.4612818658351898,1,0
2022-07-28,2022-07-29,train_in_sample,QQQ,0.5276547074317932,1,1
2022-07-28,2022-07-29,train_in_sample,IWM,0.48155030608177185,1,0
2022-07-29,2022-08-01,train_in_sample,SPY,0.4667823910713196,0,1
2022-07-29,2022-08-01,train_in_sample,QQQ,0.5183866620063782,0,0
2022-07-29,2022-08-01,train_in_sample,IWM,0.49941620230674744,0,1
2022-08-01,2022-08-02,train_in_sample,SPY,0.49888086318969727,0,1
2022-08-01,2022-08-02,train_in_sample,QQQ,0.5450206398963928,0,0
2022-08-01,2022-08-02,train_in_sample,IWM,0.5188990831375122,0,0
2022-08-02,2022-08-03,train_in_sample,SPY,0.4903215765953064,1,0
2022-08-02,2022-08-03,train_in_sample,QQQ,0.515692949295044,1,1
2022-08-02,2022-08-03,train_in_sample,IWM,0.5091869831085205,1,1
2022-08-03,2022-08-04,train_in_sample,SPY,0.45477741956710815,0,1
2022-08-03,2022-08-04,train_in_sample,QQQ,0.5127555727958679,1,1
2022-08-03,2022-08-04,train_in_sample,IWM,0.47258761525154114,0,1
2022-08-04,2022-08-05,train_in_sample,SPY,0.47096335887908936,0,1
2022-08-04,2022-08-05,train_in_sample,QQQ,0.5562141537666321,0,0
2022-08-04,2022-08-05,train_in_sample,IWM,0.5200935006141663,1,1
2022-08-05,2022-08-08,train_in_sample,SPY,0.4858672618865967,0,1
2022-08-05,2022-08-08,train_in_sample,QQQ,0.5641272068023682,0,0
2022-08-05,2022-08-08,train_in_sample,IWM,0.5178256034851074,1,1
2022-08-08,2022-08-09,train_in_sample,SPY,0.5037006139755249,0,0
2022-08-08,2022-08-09,train_in_sample,QQQ,0.5324917435646057,0,0
2022-08-08,2022-08-09,train_in_sample,IWM,0.5058273673057556,0,0
2022-08-09,2022-08-10,train_in_sample,SPY,0.5171687006950378,1,1
2022-08-09,2022-08-10,train_in_sample,QQQ,0.5547707676887512,1,1
2022-08-09,2022-08-10,train_in_sample,IWM,0.5273081064224243,1,1
2022-08-10,2022-08-11,train_in_sample,SPY,0.48058050870895386,0,1
2022-08-10,2022-08-11,train_in_sample,QQQ,0.5225735306739807,0,0
2022-08-10,2022-08-11,train_in_sample,IWM,0.49759596586227417,1,0
2022-08-11,2022-08-12,train_in_sample,SPY,0.4883384108543396,1,0
2022-08-11,2022-08-12,train_in_sample,QQQ,0.5246146321296692,1,1
2022-08-11,2022-08-12,train_in_sample,IWM,0.49646320939064026,1,0
2022-08-12,2022-08-15,train_in_sample,SPY,0.4786392152309418,1,0
2022-08-12,2022-08-15,train_in_sample,QQQ,0.524306058883667,1,1
2022-08-12,2022-08-15,train_in_sample,IWM,0.4825165569782257,1,0
2022-08-15,2022-08-16,train_in_sample,SPY,0.5025004744529724,1,1
2022-08-15,2022-08-16,train_in_sample,QQQ,0.5055931806564331,0,0
2022-08-15,2022-08-16,train_in_sample,IWM,0.5012307167053223,0,0
2022-08-16,2022-08-17,train_in_sample,SPY,0.520013689994812,0,0
2022-08-16,2022-08-17,train_in_sample,QQQ,0.5573770999908447,0,0
2022-08-16,2022-08-17,train_in_sample,IWM,0.5193662047386169,0,0
2022-08-17,2022-08-18,train_in_sample,SPY,0.49597102403640747,1,0
2022-08-17,2022-08-18,train_in_sample,QQQ,0.5463094711303711,1,1
2022-08-17,2022-08-18,train_in_sample,IWM,0.5453444719314575,1,1
2022-08-18,2022-08-19,train_in_sample,SPY,0.50557541847229,0,0
2022-08-18,2022-08-19,train_in_sample,QQQ,0.5397433638572693,0,0
2022-08-18,2022-08-19,train_in_sample,IWM,0.49840423464775085,0,1
2022-08-19,2022-08-22,train_in_sample,SPY,0.5373463034629822,0,0
2022-08-19,2022-08-22,train_in_sample,QQQ,0.5472272038459778,0,0
2022-08-19,2022-08-22,train_in_sample,IWM,0.5146747827529907,0,0
2022-08-22,2022-08-23,train_in_sample,SPY,0.5306739211082458,0,0
2022-08-22,2022-08-23,train_in_sample,QQQ,0.5723531246185303,0,0
2022-08-22,2022-08-23,train_in_sample,IWM,0.5381129384040833,1,1
2022-08-23,2022-08-24,train_in_sample,SPY,0.4912059009075165,1,0
2022-08-23,2022-08-24,train_in_sample,QQQ,0.5325193405151367,1,1
2022-08-23,2022-08-24,train_in_sample,IWM,0.5372250080108643,1,1
2022-08-24,2022-08-25,train_in_sample,SPY,0.4913637936115265,1,0
2022-08-24,2022-08-25,train_in_sample,QQQ,0.532340943813324,1,1
2022-08-24,2022-08-25,train_in_sample,IWM,0.5311053991317749,1,1
2022-08-25,2022-08-26,train_in_sample,SPY,0.4790084660053253,0,1
2022-08-25,2022-08-26,train_in_sample,QQQ,0.5306434631347656,0,0
2022-08-25,2022-08-26,train_in_sample,IWM,0.5140491127967834,0,0
2022-08-26,2022-08-29,train_in_sample,SPY,0.5363316535949707,0,0
2022-08-26,2022-08-29,train_in_sample,QQQ,0.5288952589035034,0,0
2022-08-26,2022-08-29,train_in_sample,IWM,0.5076420903205872,0,0
2022-08-29,2022-08-30,train_in_sample,SPY,0.5293347239494324,0,0
2022-08-29,2022-08-30,train_in_sample,QQQ,0.5248708724975586,0,0
2022-08-29,2022-08-30,train_in_sample,IWM,0.5247396230697632,0,0
2022-08-30,2022-08-31,train_in_sample,SPY,0.507270872592926,0,0
2022-08-30,2022-08-31,train_in_sample,QQQ,0.5222856402397156,0,0
2022-08-30,2022-08-31,train_in_sample,IWM,0.4939657747745514,0,1
2022-08-31,2022-09-01,train_in_sample,SPY,0.508773684501648,1,1
2022-08-31,2022-09-01,train_in_sample,QQQ,0.5140647888183594,1,1
2022-08-31,2022-09-01,train_in_sample,IWM,0.5108649134635925,0,0
2022-09-01,2022-09-02,train_in_sample,SPY,0.47255653142929077,0,1
2022-09-01,2022-09-02,train_in_sample,QQQ,0.5470384359359741,0,0
2022-09-01,2022-09-02,train_in_sample,IWM,0.5246829986572266,0,0
2022-09-02,2022-09-06,train_in_sample,SPY,0.510866641998291,0,0
2022-09-02,2022-09-06,train_in_sample,QQQ,0.5289738774299622,0,0
2022-09-02,2022-09-06,train_in_sample,IWM,0.5140008330345154,0,0
2022-09-06,2022-09-07,train_in_sample,SPY,0.5034201145172119,1,1
2022-09-06,2022-09-07,train_in_sample,QQQ,0.5244494080543518,1,1
2022-09-06,2022-09-07,train_in_sample,IWM,0.4985928237438202,1,0
2022-09-07,2022-09-08,train_in_sample,SPY,0.47280699014663696,1,0
2022-09-07,2022-09-08,train_in_sample,QQQ,0.5058474540710449,1,1
2022-09-07,2022-09-08,train_in_sample,IWM,0.5093827843666077,1,1
2022-09-08,2022-09-09,train_in_sample,SPY,0.4831857979297638,1,0
2022-09-08,2022-09-09,train_in_sample,QQQ,0.5416017770767212,1,1
2022-09-08,2022-09-09,train_in_sample,IWM,0.5101413130760193,1,1
2022-09-09,2022-09-12,train_in_sample,SPY,0.4823172390460968,1,0
2022-09-09,2022-09-12,train_in_sample,QQQ,0.5073143243789673,1,1
2022-09-09,2022-09-12,train_in_sample,IWM,0.4954630732536316,1,0
2022-09-12,2022-09-13,train_in_sample,SPY,0.5084397792816162,0,0
2022-09-12,2022-09-13,train_in_sample,QQQ,0.5293887853622437,0,0
2022-09-12,2022-09-13,train_in_sample,IWM,0.5006528496742249,0,0
2022-09-13,2022-09-14,train_in_sample,SPY,0.559913694858551,1,1
2022-09-13,2022-09-14,train_in_sample,QQQ,0.559956431388855,1,1
2022-09-13,2022-09-14,train_in_sample,IWM,0.5332881212234497,1,1
2022-09-14,2022-09-15,train_in_sample,SPY,0.5192908048629761,0,0
2022-09-14,2022-09-15,train_in_sample,QQQ,0.5053894519805908,0,0
2022-09-14,2022-09-15,train_in_sample,IWM,0.5013868808746338,0,0
2022-09-15,2022-09-16,train_in_sample,SPY,0.5165265202522278,0,0
2022-09-15,2022-09-16,train_in_sample,QQQ,0.5446703433990479,0,0
2022-09-15,2022-09-16,train_in_sample,IWM,0.5281460285186768,0,0
2022-09-16,2022-09-19,train_in_sample,SPY,0.5372757911682129,1,1
2022-09-16,2022-09-19,train_in_sample,QQQ,0.5515652298927307,1,1
2022-09-16,2022-09-19,train_in_sample,IWM,0.5033131241798401,1,1
2022-09-19,2022-09-20,train_in_sample,SPY,0.48654162883758545,0,1
2022-09-19,2022-09-20,train_in_sample,QQQ,0.5155335068702698,0,0
2022-09-19,2022-09-20,train_in_sample,IWM,0.5117297172546387,0,0
2022-09-20,2022-09-21,train_in_sample,SPY,0.5249099135398865,0,0
2022-09-20,2022-09-21,train_in_sample,QQQ,0.5254917740821838,0,0
2022-09-20,2022-09-21,train_in_sample,IWM,0.5476549863815308,0,0
2022-09-21,2022-09-22,train_in_sample,SPY,0.5010749101638794,0,0
2022-09-21,2022-09-22,train_in_sample,QQQ,0.5091285705566406,0,0
2022-09-21,2022-09-22,train_in_sample,IWM,0.5026060342788696,0,0
2022-09-22,2022-09-23,train_in_sample,SPY,0.5202032923698425,0,0
2022-09-22,2022-09-23,train_in_sample,QQQ,0.5285513401031494,0,0
2022-09-22,2022-09-23,train_in_sample,IWM,0.511717677116394,0,0
2022-09-23,2022-09-26,train_in_sample,SPY,0.5228509306907654,0,0
2022-09-23,2022-09-26,train_in_sample,QQQ,0.5222930908203125,0,0
2022-09-23,2022-09-26,train_in_sample,IWM,0.508704662322998,0,0
2022-09-26,2022-09-27,train_in_sample,SPY,0.5110593438148499,0,0
2022-09-26,2022-09-27,train_in_sample,QQQ,0.5099457502365112,1,1
2022-09-26,2022-09-27,train_in_sample,IWM,0.4987579584121704,1,0
2022-09-27,2022-09-28,train_in_sample,SPY,0.4896514117717743,1,0
2022-09-27,2022-09-28,train_in_sample,QQQ,0.4885264039039612,1,0
2022-09-27,2022-09-28,train_in_sample,IWM,0.5131070017814636,1,1
2022-09-28,2022-09-29,train_in_sample,SPY,0.47257664799690247,0,1
2022-09-28,2022-09-29,train_in_sample,QQQ,0.5072789192199707,0,0
2022-09-28,2022-09-29,train_in_sample,IWM,0.4882833957672119,0,1
2022-09-29,2022-09-30,train_in_sample,SPY,0.5183984041213989,0,0
2022-09-29,2022-09-30,train_in_sample,QQQ,0.5655033588409424,0,0
2022-09-29,2022-09-30,train_in_sample,IWM,0.5053455829620361,0,0
2022-09-30,2022-10-03,train_in_sample,SPY,0.5226349830627441,1,1
2022-09-30,2022-10-03,train_in_sample,QQQ,0.5268003940582275,1,1
2022-09-30,2022-10-03,train_in_sample,IWM,0.4995179772377014,1,0
2022-10-03,2022-10-04,train_in_sample,SPY,0.44648632407188416,1,0
2022-10-03,2022-10-04,train_in_sample,QQQ,0.4988243877887726,1,0
2022-10-03,2022-10-04,train_in_sample,IWM,0.4699143171310425,1,0
2022-10-04,2022-10-05,train_in_sample,SPY,0.47321680188179016,0,1
2022-10-04,2022-10-05,train_in_sample,QQQ,0.4781751334667206,0,1
2022-10-04,2022-10-05,train_in_sample,IWM,0.47426748275756836,0,1
2022-10-05,2022-10-06,train_in_sample,SPY,0.4634190499782562,0,1
2022-10-05,2022-10-06,train_in_sample,QQQ,0.5436381101608276,0,0
2022-10-05,2022-10-06,train_in_sample,IWM,0.5151285529136658,0,0
2022-10-06,2022-10-07,train_in_sample,SPY,0.5026392936706543,0,0
2022-10-06,2022-10-07,train_in_sample,QQQ,0.5370402336120605,0,0
2022-10-06,2022-10-07,train_in_sample,IWM,0.5327526926994324,0,0
2022-10-07,2022-10-10,train_in_sample,SPY,0.539466142654419,0,0
2022-10-07,2022-10-10,train_in_sample,QQQ,0.5396242141723633,0,0
2022-10-07,2022-10-10,train_in_sample,IWM,0.5037957429885864,0,0
2022-10-10,2022-10-11,train_in_sample,SPY,0.4957137703895569,0,1
2022-10-10,2022-10-11,train_in_sample,QQQ,0.5338646173477173,0,0
2022-10-10,2022-10-11,train_in_sample,IWM,0.5051102042198181,1,1
2022-10-11,2022-10-12,train_in_sample,SPY,0.4743892550468445,0,1
2022-10-11,2022-10-12,train_in_sample,QQQ,0.5268491506576538,0,0
2022-10-11,2022-10-12,train_in_sample,IWM,0.49524474143981934,0,1
2022-10-12,2022-10-13,train_in_sample,SPY,0.5103328227996826,1,1
2022-10-12,2022-10-13,train_in_sample,QQQ,0.519210696220398,1,1
2022-10-12,2022-10-13,train_in_sample,IWM,0.5183120965957642,1,1
2022-10-13,2022-10-14,train_in_sample,SPY,0.39308497309684753,0,1
2022-10-13,2022-10-14,train_in_sample,QQQ,0.49754565954208374,0,1
2022-10-13,2022-10-14,train_in_sample,IWM,0.4849013388156891,0,1
2022-10-14,2022-10-17,train_in_sample,SPY,0.4931480884552002,1,0
2022-10-14,2022-10-17,train_in_sample,QQQ,0.5108148455619812,1,1
2022-10-14,2022-10-17,train_in_sample,IWM,0.4978996217250824,1,0
2022-10-17,2022-10-18,train_in_sample,SPY,0.4709361791610718,1,0
2022-10-17,2022-10-18,train_in_sample,QQQ,0.47425559163093567,1,0
2022-10-17,2022-10-18,train_in_sample,IWM,0.4998842775821686,1,0
2022-10-18,2022-10-19,train_in_sample,SPY,0.4644506275653839,0,1
2022-10-18,2022-10-19,train_in_sample,QQQ,0.5160241723060608,0,0
2022-10-18,2022-10-19,train_in_sample,IWM,0.49582573771476746,0,1
2022-10-19,2022-10-20,train_in_sample,SPY,0.4879904091358185,0,1
2022-10-19,2022-10-20,train_in_sample,QQQ,0.5410334467887878,0,0
2022-10-19,2022-10-20,train_in_sample,IWM,0.5012311339378357,0,0
2022-10-20,2022-10-21,train_in_sample,SPY,0.4975601136684418,1,0
2022-10-20,2022-10-21,train_in_sample,QQQ,0.5285304188728333,1,1
2022-10-20,2022-10-21,train_in_sample,IWM,0.5161062479019165,1,1
2022-10-21,2022-10-24,train_in_sample,SPY,0.46165090799331665,1,0
2022-10-21,2022-10-24,train_in_sample,QQQ,0.5065178275108337,1,1
2022-10-21,2022-10-24,train_in_sample,IWM,0.4869643747806549,1,0
2022-10-24,2022-10-25,train_in_sample,SPY,0.447328120470047,1,0
2022-10-24,2022-10-25,train_in_sample,QQQ,0.5294306874275208,1,1
2022-10-24,2022-10-25,train_in_sample,IWM,0.4817565977573395,1,0
2022-10-25,2022-10-26,train_in_sample,SPY,0.4765230119228363,0,1
2022-10-25,2022-10-26,train_in_sample,QQQ,0.49190929532051086,0,1
2022-10-25,2022-10-26,train_in_sample,IWM,0.49553051590919495,1,0
2022-10-26,2022-10-27,train_in_sample,SPY,0.5144309997558594,0,0
2022-10-26,2022-10-27,train_in_sample,QQQ,0.5521658658981323,0,0
2022-10-26,2022-10-27,train_in_sample,IWM,0.5235592722892761,1,1
2022-10-27,2022-10-28,train_in_sample,SPY,0.5042624473571777,1,1
2022-10-27,2022-10-28,train_in_sample,QQQ,0.537476122379303,1,1
2022-10-27,2022-10-28,train_in_sample,IWM,0.4988239109516144,1,0
2022-10-28,2022-10-31,train_in_sample,SPY,0.43563514947891235,0,1
2022-10-28,2022-10-31,train_in_sample,QQQ,0.4881216585636139,0,1
2022-10-28,2022-10-31,train_in_sample,IWM,0.47870302200317383,1,0
2022-10-31,2022-11-01,train_in_sample,SPY,0.539222776889801,0,0
2022-10-31,2022-11-01,train_in_sample,QQQ,0.5287800431251526,0,0
2022-10-31,2022-11-01,train_in_sample,IWM,0.5061578154563904,1,1
2022-11-01,2022-11-02,train_in_sample,SPY,0.5056451559066772,0,0
2022-11-01,2022-11-02,train_in_sample,QQQ,0.5187341570854187,0,0
2022-11-01,2022-11-02,train_in_sample,IWM,0.4933525025844574,0,1
2022-11-02,2022-11-03,train_in_sample,SPY,0.5124470591545105,0,0
2022-11-02,2022-11-03,train_in_sample,QQQ,0.5581717491149902,0,0
2022-11-02,2022-11-03,train_in_sample,IWM,0.4978408217430115,0,1
2022-11-03,2022-11-04,train_in_sample,SPY,0.5140855312347412,1,1
2022-11-03,2022-11-04,train_in_sample,QQQ,0.5521591901779175,1,1
2022-11-03,2022-11-04,train_in_sample,IWM,0.49634549021720886,1,0
2022-11-04,2022-11-07,train_in_sample,SPY,0.47118645906448364,1,0
2022-11-04,2022-11-07,train_in_sample,QQQ,0.516915500164032,1,1
2022-11-04,2022-11-07,train_in_sample,IWM,0.47503623366355896,1,0
2022-11-07,2022-11-08,train_in_sample,SPY,0.4584943950176239,1,0
2022-11-07,2022-11-08,train_in_sample,QQQ,0.5272473096847534,1,1
2022-11-07,2022-11-08,train_in_sample,IWM,0.49641457200050354,1,0
2022-11-08,2022-11-09,train_in_sample,SPY,0.47124311327934265,0,1
2022-11-08,2022-11-09,train_in_sample,QQQ,0.5238913297653198,0,0
2022-11-08,2022-11-09,train_in_sample,IWM,0.48735615611076355,0,1
2022-11-09,2022-11-10,train_in_sample,SPY,0.5088760256767273,1,1
2022-11-09,2022-11-10,train_in_sample,QQQ,0.5608293414115906,1,1
2022-11-09,2022-11-10,train_in_sample,IWM,0.4997619390487671,1,0
2022-11-10,2022-11-11,train_in_sample,SPY,0.41400739550590515,1,0
2022-11-10,2022-11-11,train_in_sample,QQQ,0.4698934853076935,1,0
2022-11-10,2022-11-11,train_in_sample,IWM,0.43060117959976196,1,0
2022-11-11,2022-11-14,train_in_sample,SPY,0.48424986004829407,0,1
2022-11-11,2022-11-14,train_in_sample,QQQ,0.5327968597412109,0,0
2022-11-11,2022-11-14,train_in_sample,IWM,0.4820139408111572,0,1
2022-11-14,2022-11-15,train_in_sample,SPY,0.5067132711410522,1,1
2022-11-14,2022-11-15,train_in_sample,QQQ,0.5276541113853455,1,1
2022-11-14,2022-11-15,train_in_sample,IWM,0.516148030757904,1,1
2022-11-15,2022-11-16,train_in_sample,SPY,0.48367971181869507,0,1
2022-11-15,2022-11-16,train_in_sample,QQQ,0.4997234046459198,0,1
2022-11-15,2022-11-16,train_in_sample,IWM,0.4764709174633026,0,1
2022-11-16,2022-11-17,train_in_sample,SPY,0.5010281801223755,0,0
2022-11-16,2022-11-17,train_in_sample,QQQ,0.5524129867553711,0,0
2022-11-16,2022-11-17,train_in_sample,IWM,0.503829836845398,0,0
2022-11-17,2022-11-18,train_in_sample,SPY,0.4829402267932892,1,0
2022-11-17,2022-11-18,train_in_sample,QQQ,0.544571042060852,1,1
2022-11-17,2022-11-18,train_in_sample,IWM,0.5176715850830078,1,1
2022-11-18,2022-11-21,train_in_sample,SPY,0.5017969608306885,0,0
2022-11-18,2022-11-21,train_in_sample,QQQ,0.538106381893158,0,0
2022-11-18,2022-11-21,train_in_sample,IWM,0.4741004407405853,0,1
2022-11-21,2022-11-22,train_in_sample,SPY,0.49885156750679016,1,0
2022-11-21,2022-11-22,train_in_sample,QQQ,0.5434340834617615,1,1
2022-11-21,2022-11-22,train_in_sample,IWM,0.5391363501548767,1,1
2022-11-22,2022-11-23,train_in_sample,SPY,0.4800181984901428,1,0
2022-11-22,2022-11-23,train_in_sample,QQQ,0.49881941080093384,1,0
2022-11-22,2022-11-23,train_in_sample,IWM,0.5069582462310791,1,1
2022-11-23,2022-11-25,train_in_sample,SPY,0.48971864581108093,0,1
2022-11-23,2022-11-25,train_in_sample,QQQ,0.5259625911712646,0,0
2022-11-23,2022-11-25,train_in_sample,IWM,0.5289651155471802,1,1
2022-11-25,2022-11-28,train_in_sample,SPY,0.5094116926193237,0,0
2022-11-25,2022-11-28,train_in_sample,QQQ,0.5156522989273071,0,0
2022-11-25,2022-11-28,train_in_sample,IWM,0.5782702565193176,0,0
2022-11-28,2022-11-29,train_in_sample,SPY,0.5141682624816895,0,0
2022-11-28,2022-11-29,train_in_sample,QQQ,0.5346163511276245,0,0
2022-11-28,2022-11-29,train_in_sample,IWM,0.5334587693214417,1,1
2022-11-29,2022-11-30,train_in_sample,SPY,0.5185107588768005,1,1
2022-11-29,2022-11-30,train_in_sample,QQQ,0.5307621359825134,1,1
2022-11-29,2022-11-30,train_in_sample,IWM,0.5384536385536194,1,1
2022-11-30,2022-12-01,train_in_sample,SPY,0.41196760535240173,0,1
2022-11-30,2022-12-01,train_in_sample,QQQ,0.49432194232940674,1,0
2022-11-30,2022-12-01,train_in_sample,IWM,0.4989907741546631,0,1
2022-12-01,2022-12-02,train_in_sample,SPY,0.5273854732513428,0,0
2022-12-01,2022-12-02,train_in_sample,QQQ,0.5273297429084778,0,0
2022-12-01,2022-12-02,train_in_sample,IWM,0.5141202807426453,1,1
2022-12-02,2022-12-05,train_in_sample,SPY,0.5070814490318298,0,0
2022-12-02,2022-12-05,train_in_sample,QQQ,0.5494999289512634,0,0
2022-12-02,2022-12-05,train_in_sample,IWM,0.5250447392463684,0,0
2022-12-05,2022-12-06,train_in_sample,SPY,0.5230445861816406,0,0
2022-12-05,2022-12-06,train_in_sample,QQQ,0.5384688973426819,0,0
2022-12-05,2022-12-06,train_in_sample,IWM,0.5288412570953369,0,0
2022-12-06,2022-12-07,train_in_sample,SPY,0.506535530090332,0,0
2022-12-06,2022-12-07,train_in_sample,QQQ,0.552089273929596,0,0
2022-12-06,2022-12-07,train_in_sample,IWM,0.5181416273117065,0,0
2022-12-07,2022-12-08,train_in_sample,SPY,0.4815850555896759,1,0
2022-12-07,2022-12-08,train_in_sample,QQQ,0.547494649887085,1,1
2022-12-07,2022-12-08,train_in_sample,IWM,0.5393344163894653,1,1
2022-12-08,2022-12-09,train_in_sample,SPY,0.47411662340164185,0,1
2022-12-08,2022-12-09,train_in_sample,QQQ,0.49889132380485535,0,1
2022-12-08,2022-12-09,train_in_sample,IWM,0.502509355545044,0,0
2022-12-09,2022-12-12,train_in_sample,SPY,0.5404954552650452,1,1
2022-12-09,2022-12-12,train_in_sample,QQQ,0.5342596769332886,1,1
2022-12-09,2022-12-12,train_in_sample,IWM,0.5208009481430054,1,1
2022-12-12,2022-12-13,train_in_sample,SPY,0.4861232042312622,1,0
2022-12-12,2022-12-13,train_in_sample,QQQ,0.5159727931022644,1,1
2022-12-12,2022-12-13,train_in_sample,IWM,0.48744937777519226,1,0
2022-12-13,2022-12-14,train_in_sample,SPY,0.4987126886844635,0,1
2022-12-13,2022-12-14,train_in_sample,QQQ,0.49941834807395935,0,1
2022-12-13,2022-12-14,train_in_sample,IWM,0.45842719078063965,0,1
2022-12-14,2022-12-15,train_in_sample,SPY,0.5375986695289612,0,0
2022-12-14,2022-12-15,train_in_sample,QQQ,0.513562798500061,0,0
2022-12-14,2022-12-15,train_in_sample,IWM,0.5143174529075623,0,0
2022-12-15,2022-12-16,train_in_sample,SPY,0.5582072734832764,0,0
2022-12-15,2022-12-16,train_in_sample,QQQ,0.5500613451004028,0,0
2022-12-15,2022-12-16,train_in_sample,IWM,0.5106843709945679,0,0
2022-12-16,2022-12-19,train_in_sample,SPY,0.5464029312133789,0,0
2022-12-16,2022-12-19,train_in_sample,QQQ,0.5326469540596008,0,0
2022-12-16,2022-12-19,train_in_sample,IWM,0.5194091796875,0,0
2022-12-19,2022-12-20,train_in_sample,SPY,0.5225955843925476,1,1
2022-12-19,2022-12-20,train_in_sample,QQQ,0.527855634689331,0,0
2022-12-19,2022-12-20,train_in_sample,IWM,0.5104798078536987,1,1
2022-12-20,2022-12-21,train_in_sample,SPY,0.4897736608982086,1,0
2022-12-20,2022-12-21,train_in_sample,QQQ,0.5434525012969971,1,1
2022-12-20,2022-12-21,train_in_sample,IWM,0.5136778354644775,1,1
2022-12-21,2022-12-22,train_in_sample,SPY,0.45440563559532166,0,1
2022-12-21,2022-12-22,train_in_sample,QQQ,0.5271013379096985,0,0
2022-12-21,2022-12-22,train_in_sample,IWM,0.5054706335067749,0,0
2022-12-22,2022-12-23,train_in_sample,SPY,0.5248046517372131,1,1
2022-12-22,2022-12-23,train_in_sample,QQQ,0.5249258279800415,1,1
2022-12-22,2022-12-23,train_in_sample,IWM,0.5182840824127197,1,1
2022-12-23,2022-12-27,train_in_sample,SPY,0.49224853515625,0,1
2022-12-23,2022-12-27,train_in_sample,QQQ,0.5289257764816284,0,0
2022-12-23,2022-12-27,train_in_sample,IWM,0.5002198219299316,0,0
2022-12-27,2022-12-28,train_in_sample,SPY,0.49811357259750366,0,1
2022-12-27,2022-12-28,train_in_sample,QQQ,0.5358169078826904,0,0
2022-12-27,2022-12-28,train_in_sample,IWM,0.5148535370826721,0,0
2022-12-28,2022-12-29,train_in_sample,SPY,0.508320689201355,1,1
2022-12-28,2022-12-29,train_in_sample,QQQ,0.543351411819458,1,1
2022-12-28,2022-12-29,train_in_sample,IWM,0.5410035252571106,1,1
2022-12-29,2022-12-30,train_in_sample,SPY,0.469305157661438,0,1
2022-12-29,2022-12-30,train_in_sample,QQQ,0.5050116777420044,0,0
2022-12-29,2022-12-30,train_in_sample,IWM,0.5081669092178345,0,0
2022-12-30,2023-01-03,test_prequential,SPY,0.5383085012435913,0,0
2022-12-30,2023-01-03,test_prequential,QQQ,0.5354489088058472,0,0
2022-12-30,2023-01-03,test_prequential,IWM,0.5261688828468323,0,0
2023-01-03,2023-01-04,test_prequential,SPY,0.4976978600025177,1,0
2023-01-03,2023-01-04,test_prequential,QQQ,0.4917134642601013,1,0
2023-01-03,2023-01-04,test_prequential,IWM,0.48870649933815,1,0
2023-01-04,2023-01-05,test_prequential,SPY,0.502511203289032,0,0
2023-01-04,2023-01-05,test_prequential,QQQ,0.4813397526741028,0,1
2023-01-04,2023-01-05,test_prequential,IWM,0.4825138747692108,0,1
2023-01-05,2023-01-06,test_prequential,SPY,0.5261133909225464,1,1
2023-01-05,2023-01-06,test_prequential,QQQ,0.5019820928573608,1,1
2023-01-05,2023-01-06,test_prequential,IWM,0.5195028781890869,1,1
2023-01-06,2023-01-09,test_prequential,SPY,0.4587060511112213,0,1
2023-01-06,2023-01-09,test_prequential,QQQ,0.41996443271636963,1,0
2023-01-06,2023-01-09,test_prequential,IWM,0.4778185784816742,1,0
2023-01-09,2023-01-10,test_prequential,SPY,0.5012534260749817,1,1
2023-01-09,2023-01-10,test_prequential,QQQ,0.44291040301322937,1,0
2023-01-09,2023-01-10,test_prequential,IWM,0.4852277636528015,1,0
2023-01-10,2023-01-11,test_prequential,SPY,0.49199041724205017,1,0
2023-01-10,2023-01-11,test_prequential,QQQ,0.4438365399837494,1,0
2023-01-10,2023-01-11,test_prequential,IWM,0.5186685919761658,1,1
2023-01-11,2023-01-12,test_prequential,SPY,0.4634208083152771,1,0
2023-01-11,2023-01-12,test_prequential,QQQ,0.44498905539512634,1,0
2023-01-11,2023-01-12,test_prequential,IWM,0.5004196166992188,1,1
2023-01-12,2023-01-13,test_prequential,SPY,0.4807770848274231,1,0
2023-01-12,2023-01-13,test_prequential,QQQ,0.4726518392562866,1,0
2023-01-12,2023-01-13,test_prequential,IWM,0.5401117205619812,1,1
2023-01-13,2023-01-17,test_prequential,SPY,0.5124223232269287,0,0
2023-01-13,2023-01-17,test_prequential,QQQ,0.4667772054672241,1,0
2023-01-13,2023-01-17,test_prequential,IWM,0.5452815294265747,0,0
2023-01-17,2023-01-18,test_prequential,SPY,0.5231397151947021,0,0
2023-01-17,2023-01-18,test_prequential,QQQ,0.5393030643463135,0,0
2023-01-17,2023-01-18,test_prequential,IWM,0.5888933539390564,0,0
2023-01-18,2023-01-19,test_prequential,SPY,0.5242660045623779,0,0
2023-01-18,2023-01-19,test_prequential,QQQ,0.5339400768280029,0,0
2023-01-18,2023-01-19,test_prequential,IWM,0.5998370051383972,0,0
2023-01-19,2023-01-20,test_prequential,SPY,0.5097044110298157,1,1
2023-01-19,2023-01-20,test_prequential,QQQ,0.546165406703949,1,1
2023-01-19,2023-01-20,test_prequential,IWM,0.6016724109649658,1,1
2023-01-20,2023-01-23,test_prequential,SPY,0.42835134267807007,1,0
2023-01-20,2023-01-23,test_prequential,QQQ,0.5431479811668396,1,1
2023-01-20,2023-01-23,test_prequential,IWM,0.5787270665168762,1,1
2023-01-23,2023-01-24,test_prequential,SPY,0.45006218552589417,0,1
2023-01-23,2023-01-24,test_prequential,QQQ,0.546031653881073,0,0
2023-01-23,2023-01-24,test_prequential,IWM,0.585429310798645,0,0
2023-01-24,2023-01-25,test_prequential,SPY,0.4878199100494385,1,0
2023-01-24,2023-01-25,test_prequential,QQQ,0.5906026363372803,0,0
2023-01-24,2023-01-25,test_prequential,IWM,0.6121975183486938,1,1
2023-01-25,2023-01-26,test_prequential,SPY,0.4838365316390991,1,0
2023-01-25,2023-01-26,test_prequential,QQQ,0.5806397199630737,1,1
2023-01-25,2023-01-26,test_prequential,IWM,0.6106727123260498,1,1
2023-01-26,2023-01-27,test_prequential,SPY,0.4834805428981781,1,0
2023-01-26,2023-01-27,test_prequential,QQQ,0.5546419024467468,1,1
2023-01-26,2023-01-27,test_prequential,IWM,0.6149547100067139,1,1
2023-01-27,2023-01-30,test_prequential,SPY,0.4956066906452179,0,1
2023-01-27,2023-01-30,test_prequential,QQQ,0.587369978427887,0,0
2023-01-27,2023-01-30,test_prequential,IWM,0.6411882638931274,0,0
2023-01-30,2023-01-31,test_prequential,SPY,0.554802656173706,1,1
2023-01-30,2023-01-31,test_prequential,QQQ,0.5753053426742554,1,1
2023-01-30,2023-01-31,test_prequential,IWM,0.6531623005867004,1,1
2023-01-31,2023-02-01,test_prequential,SPY,0.5298771262168884,1,1
2023-01-31,2023-02-01,test_prequential,QQQ,0.5775105357170105,1,1
2023-01-31,2023-02-01,test_prequential,IWM,0.6352239847183228,1,1
2023-02-01,2023-02-02,test_prequential,SPY,0.5318751335144043,1,1
2023-02-01,2023-02-02,test_prequential,QQQ,0.5789293646812439,1,1
2023-02-01,2023-02-02,test_prequential,IWM,0.6439566612243652,1,1
2023-02-02,2023-02-03,test_prequential,SPY,0.5521578788757324,0,0
2023-02-02,2023-02-03,test_prequential,QQQ,0.5753840804100037,0,0
2023-02-02,2023-02-03,test_prequential,IWM,0.6473994851112366,0,0
2023-02-03,2023-02-06,test_prequential,SPY,0.6027858853340149,0,0
2023-02-03,2023-02-06,test_prequential,QQQ,0.6290515661239624,0,0
2023-02-03,2023-02-06,test_prequential,IWM,0.6874777674674988,0,0
2023-02-06,2023-02-07,test_prequential,SPY,0.6162300705909729,1,1
2023-02-06,2023-02-07,test_prequential,QQQ,0.5967437028884888,1,1
2023-02-06,2023-02-07,test_prequential,IWM,0.686886191368103,1,1
2023-02-07,2023-02-08,test_prequential,SPY,0.5992001295089722,0,0
2023-02-07,2023-02-08,test_prequential,QQQ,0.5823079347610474,0,0
2023-02-07,2023-02-08,test_prequential,IWM,0.6759040951728821,0,0
2023-02-08,2023-02-09,test_prequential,SPY,0.6541990041732788,0,0
2023-02-08,2023-02-09,test_prequential,QQQ,0.6062179803848267,0,0
2023-02-08,2023-02-09,test_prequential,IWM,0.6859179735183716,0,0
2023-02-09,2023-02-10,test_prequential,SPY,0.6406429409980774,1,1
2023-02-09,2023-02-10,test_prequential,QQQ,0.5736504197120667,0,0
2023-02-09,2023-02-10,test_prequential,IWM,0.6701214909553528,1,1
2023-02-10,2023-02-13,test_prequential,SPY,0.6589056849479675,1,1
2023-02-10,2023-02-13,test_prequential,QQQ,0.5862306952476501,1,1
2023-02-10,2023-02-13,test_prequential,IWM,0.6660365462303162,1,1
2023-02-13,2023-02-14,test_prequential,SPY,0.6650964021682739,0,0
2023-02-13,2023-02-14,test_prequential,QQQ,0.5570716857910156,1,1
2023-02-13,2023-02-14,test_prequential,IWM,0.6756767630577087,0,0
2023-02-14,2023-02-15,test_prequential,SPY,0.6778428554534912,1,1
2023-02-14,2023-02-15,test_prequential,QQQ,0.5475733280181885,1,1
2023-02-14,2023-02-15,test_prequential,IWM,0.6685749292373657,1,1
2023-02-15,2023-02-16,test_prequential,SPY,0.6941857933998108,0,0
2023-02-15,2023-02-16,test_prequential,QQQ,0.5677014589309692,0,0
2023-02-15,2023-02-16,test_prequential,IWM,0.6936272382736206,0,0
2023-02-16,2023-02-17,test_prequential,SPY,0.7055783867835999,0,0
2023-02-16,2023-02-17,test_prequential,QQQ,0.5946938991546631,0,0
2023-02-16,2023-02-17,test_prequential,IWM,0.6758964657783508,1,1
2023-02-17,2023-02-21,test_prequential,SPY,0.7054020166397095,0,0
2023-02-17,2023-02-21,test_prequential,QQQ,0.5953741669654846,0,0
2023-02-17,2023-02-21,test_prequential,IWM,0.6698742508888245,0,0
2023-02-21,2023-02-22,test_prequential,SPY,0.6945317983627319,0,0
2023-02-21,2023-02-22,test_prequential,QQQ,0.5766895413398743,1,1
2023-02-21,2023-02-22,test_prequential,IWM,0.6801475286483765,1,1
2023-02-22,2023-02-23,test_prequential,SPY,0.6772542595863342,1,1
2023-02-22,2023-02-23,test_prequential,QQQ,0.5704325437545776,1,1
2023-02-22,2023-02-23,test_prequential,IWM,0.6765690445899963,1,1
2023-02-23,2023-02-24,test_prequential,SPY,0.6485569477081299,0,0
2023-02-23,2023-02-24,test_prequential,QQQ,0.5607808828353882,0,0
2023-02-23,2023-02-24,test_prequential,IWM,0.6440845727920532,0,0
2023-02-24,2023-02-27,test_prequential,SPY,0.6629819869995117,1,1
2023-02-24,2023-02-27,test_prequential,QQQ,0.6081881523132324,1,1
2023-02-24,2023-02-27,test_prequential,IWM,0.669203519821167,1,1
2023-02-27,2023-02-28,test_prequential,SPY,0.6383814215660095,0,0
2023-02-27,2023-02-28,test_prequential,QQQ,0.5904557108879089,0,0
2023-02-27,2023-02-28,test_prequential,IWM,0.6784380674362183,1,1
2023-02-28,2023-03-01,test_prequential,SPY,0.6272619962692261,0,0
2023-02-28,2023-03-01,test_prequential,QQQ,0.5919774174690247,0,0
2023-02-28,2023-03-01,test_prequential,IWM,0.6854327321052551,1,1
2023-03-01,2023-03-02,test_prequential,SPY,0.5979769229888916,1,1
2023-03-01,2023-03-02,test_prequential,QQQ,0.6176824569702148,1,1
2023-03-01,2023-03-02,test_prequential,IWM,0.6925650835037231,1,1
2023-03-02,2023-03-03,test_prequential,SPY,0.5697644948959351,1,1
2023-03-02,2023-03-03,test_prequential,QQQ,0.5973377823829651,1,1
2023-03-02,2023-03-03,test_prequential,IWM,0.7082564830780029,1,1
2023-03-03,2023-03-06,test_prequential,SPY,0.5644233226776123,1,1
2023-03-03,2023-03-06,test_prequential,QQQ,0.589677631855011,1,1
2023-03-03,2023-03-06,test_prequential,IWM,0.699984073638916,0,0
2023-03-06,2023-03-07,test_prequential,SPY,0.5596715807914734,0,0
2023-03-06,2023-03-07,test_prequential,QQQ,0.6160759925842285,0,0
2023-03-06,2023-03-07,test_prequential,IWM,0.7172654867172241,0,0
2023-03-07,2023-03-08,test_prequential,SPY,0.5818358063697815,1,1
2023-03-07,2023-03-08,test_prequential,QQQ,0.6139172911643982,1,1
2023-03-07,2023-03-08,test_prequential,IWM,0.7089069485664368,1,1
2023-03-08,2023-03-09,test_prequential,SPY,0.5532037615776062,0,0
2023-03-08,2023-03-09,test_prequential,QQQ,0.6390575170516968,0,0
2023-03-08,2023-03-09,test_prequential,IWM,0.7321538329124451,0,0
2023-03-09,2023-03-10,test_prequential,SPY,0.5700986385345459,0,0
2023-03-09,2023-03-10,test_prequential,QQQ,0.5965753197669983,0,0
2023-03-09,2023-03-10,test_prequential,IWM,0.7181621789932251,0,0
2023-03-10,2023-03-13,test_prequential,SPY,0.5693995952606201,0,0
2023-03-10,2023-03-13,test_prequential,QQQ,0.6282832026481628,1,1
2023-03-10,2023-03-13,test_prequential,IWM,0.6931085586547852,0,0
2023-03-13,2023-03-14,test_prequential,SPY,0.5222836136817932,1,1
2023-03-13,2023-03-14,test_prequential,QQQ,0.6569413542747498,1,1
2023-03-13,2023-03-14,test_prequential,IWM,0.6889574527740479,1,1
2023-03-14,2023-03-15,test_prequential,SPY,0.5273140668869019,0,0
2023-03-14,2023-03-15,test_prequential,QQQ,0.6265287399291992,1,1
2023-03-14,2023-03-15,test_prequential,IWM,0.6734256148338318,0,0
2023-03-15,2023-03-16,test_prequential,SPY,0.5210205912590027,1,1
2023-03-15,2023-03-16,test_prequential,QQQ,0.6556652784347534,1,1
2023-03-15,2023-03-16,test_prequential,IWM,0.6864197850227356,1,1
2023-03-16,2023-03-17,test_prequential,SPY,0.4730018377304077,0,1
2023-03-16,2023-03-17,test_prequential,QQQ,0.6558241248130798,0,0
2023-03-16,2023-03-17,test_prequential,IWM,0.6620528101921082,0,0
2023-03-17,2023-03-20,test_prequential,SPY,0.5371847748756409,1,1
2023-03-17,2023-03-20,test_prequential,QQQ,0.6741127371788025,1,1
2023-03-17,2023-03-20,test_prequential,IWM,0.6728119254112244,1,1
2023-03-20,2023-03-21,test_prequential,SPY,0.5129613280296326,1,1
2023-03-20,2023-03-21,test_prequential,QQQ,0.672662615776062,1,1
2023-03-20,2023-03-21,test_prequential,IWM,0.6601209044456482,1,1
2023-03-21,2023-03-22,test_prequential,SPY,0.5110909342765808,0,0
2023-03-21,2023-03-22,test_prequential,QQQ,0.6771620512008667,0,0
2023-03-21,2023-03-22,test_prequential,IWM,0.63616943359375,0,0
2023-03-22,2023-03-23,test_prequential,SPY,0.5176535844802856,1,1
2023-03-22,2023-03-23,test_prequential,QQQ,0.6621538996696472,1,1
2023-03-22,2023-03-23,test_prequential,IWM,0.6720899939537048,0,0
2023-03-23,2023-03-24,test_prequential,SPY,0.5258811116218567,1,1
2023-03-23,2023-03-24,test_prequential,QQQ,0.6659641265869141,1,1
2023-03-23,2023-03-24,test_prequential,IWM,0.6579880714416504,1,1
2023-03-24,2023-03-27,test_prequential,SPY,0.5510024428367615,1,1
2023-03-24,2023-03-27,test_prequential,QQQ,0.6844605207443237,0,0
2023-03-24,2023-03-27,test_prequential,IWM,0.6323667764663696,1,1
2023-03-27,2023-03-28,test_prequential,SPY,0.5649522542953491,0,0
2023-03-27,2023-03-28,test_prequential,QQQ,0.6869762539863586,0,0
2023-03-27,2023-03-28,test_prequential,IWM,0.6168892979621887,0,0
2023-03-28,2023-03-29,test_prequential,SPY,0.5658385753631592,1,1
2023-03-28,2023-03-29,test_prequential,QQQ,0.6899029612541199,1,1
2023-03-28,2023-03-29,test_prequential,IWM,0.6312962174415588,1,1
2023-03-29,2023-03-30,test_prequential,SPY,0.5648626685142517,1,1
2023-03-29,2023-03-30,test_prequential,QQQ,0.6684262752532959,1,1
2023-03-29,2023-03-30,test_prequential,IWM,0.6146750450134277,0,0
2023-03-30,2023-03-31,test_prequential,SPY,0.5820947289466858,1,1
2023-03-30,2023-03-31,test_prequential,QQQ,0.671123206615448,1,1
2023-03-30,2023-03-31,test_prequential,IWM,0.6061627864837646,1,1
2023-03-31,2023-04-03,test_prequential,SPY,0.5975387096405029,1,1
2023-03-31,2023-04-03,test_prequential,QQQ,0.6724210977554321,0,0
2023-03-31,2023-04-03,test_prequential,IWM,0.5810229182243347,1,1
2023-04-03,2023-04-04,test_prequential,SPY,0.6471234560012817,0,0
2023-04-03,2023-04-04,test_prequential,QQQ,0.6751075387001038,0,0
2023-04-03,2023-04-04,test_prequential,IWM,0.6117742657661438,0,0
2023-04-04,2023-04-05,test_prequential,SPY,0.660132884979248,0,0
2023-04-04,2023-04-05,test_prequential,QQQ,0.6707211136817932,0,0
2023-04-04,2023-04-05,test_prequential,IWM,0.6052441000938416,0,0
2023-04-05,2023-04-06,test_prequential,SPY,0.659774661064148,1,1
2023-04-05,2023-04-06,test_prequential,QQQ,0.662353515625,1,1
2023-04-05,2023-04-06,test_prequential,IWM,0.6026549339294434,1,1
2023-04-06,2023-04-10,test_prequential,SPY,0.6820464730262756,1,1
2023-04-06,2023-04-10,test_prequential,QQQ,0.639001727104187,0,0
2023-04-06,2023-04-10,test_prequential,IWM,0.6066378951072693,1,1
2023-04-10,2023-04-11,test_prequential,SPY,0.7043260335922241,1,1
2023-04-10,2023-04-11,test_prequential,QQQ,0.6264734864234924,0,0
2023-04-10,2023-04-11,test_prequential,IWM,0.6006914377212524,1,1
2023-04-11,2023-04-12,test_prequential,SPY,0.7363010048866272,0,0
2023-04-11,2023-04-12,test_prequential,QQQ,0.6036662459373474,0,0
2023-04-11,2023-04-12,test_prequential,IWM,0.6033505201339722,0,0
2023-04-12,2023-04-13,test_prequential,SPY,0.7359967231750488,1,1
2023-04-12,2023-04-13,test_prequential,QQQ,0.5819265842437744,1,1
2023-04-12,2023-04-13,test_prequential,IWM,0.6017234921455383,1,1
2023-04-13,2023-04-14,test_prequential,SPY,0.7465618252754211,0,0
2023-04-13,2023-04-14,test_prequential,QQQ,0.5394038558006287,0,0
2023-04-13,2023-04-14,test_prequential,IWM,0.6004748344421387,0,0
2023-04-14,2023-04-17,test_prequential,SPY,0.7591089606285095,1,1
2023-04-14,2023-04-17,test_prequential,QQQ,0.5547083616256714,1,1
2023-04-14,2023-04-17,test_prequential,IWM,0.634096086025238,1,1
2023-04-17,2023-04-18,test_prequential,SPY,0.7654176950454712,1,1
2023-04-17,2023-04-18,test_prequential,QQQ,0.5510385632514954,1,1
2023-04-17,2023-04-18,test_prequential,IWM,0.6100249290466309,0,0
2023-04-18,2023-04-19,test_prequential,SPY,0.7800562381744385,0,0
2023-04-18,2023-04-19,test_prequential,QQQ,0.5321246385574341,0,0
2023-04-18,2023-04-19,test_prequential,IWM,0.6095592379570007,1,1
2023-04-19,2023-04-20,test_prequential,SPY,0.7797186970710754,0,0
2023-04-19,2023-04-20,test_prequential,QQQ,0.5190711617469788,0,0
2023-04-19,2023-04-20,test_prequential,IWM,0.6297920942306519,0,0
2023-04-20,2023-04-21,test_prequential,SPY,0.779857873916626,1,1
2023-04-20,2023-04-21,test_prequential,QQQ,0.5256261229515076,1,1
2023-04-20,2023-04-21,test_prequential,IWM,0.6332283020019531,1,1
2023-04-21,2023-04-24,test_prequential,SPY,0.7853364944458008,1,1
2023-04-21,2023-04-24,test_prequential,QQQ,0.5248425006866455,0,0
2023-04-21,2023-04-24,test_prequential,IWM,0.6208192110061646,0,0
2023-04-24,2023-04-25,test_prequential,SPY,0.7817541360855103,0,0
2023-04-24,2023-04-25,test_prequential,QQQ,0.5149033069610596,0,0
2023-04-24,2023-04-25,test_prequential,IWM,0.6136155724525452,0,0
2023-04-25,2023-04-26,test_prequential,SPY,0.7963999509811401,0,0
2023-04-25,2023-04-26,test_prequential,QQQ,0.5053735971450806,1,1
2023-04-25,2023-04-26,test_prequential,IWM,0.6159258484840393,0,0
2023-04-26,2023-04-27,test_prequential,SPY,0.7811825275421143,1,1
2023-04-26,2023-04-27,test_prequential,QQQ,0.4845620393753052,1,0
2023-04-26,2023-04-27,test_prequential,IWM,0.6042972803115845,1,1
2023-04-27,2023-04-28,test_prequential,SPY,0.7572081685066223,1,1
2023-04-27,2023-04-28,test_prequential,QQQ,0.46740275621414185,1,0
2023-04-27,2023-04-28,test_prequential,IWM,0.5774854421615601,1,1
2023-04-28,2023-05-01,test_prequential,SPY,0.7688086628913879,0,0
2023-04-28,2023-05-01,test_prequential,QQQ,0.5102483034133911,0,0
2023-04-28,2023-05-01,test_prequential,IWM,0.5722665190696716,1,1
2023-05-01,2023-05-02,test_prequential,SPY,0.7652305364608765,0,0
2023-05-01,2023-05-02,test_prequential,QQQ,0.5174612402915955,0,0
2023-05-01,2023-05-02,test_prequential,IWM,0.6103605628013611,0,0
2023-05-02,2023-05-03,test_prequential,SPY,0.755982518196106,0,0
2023-05-02,2023-05-03,test_prequential,QQQ,0.5313401222229004,0,0
2023-05-02,2023-05-03,test_prequential,IWM,0.6028222441673279,1,1
2023-05-03,2023-05-04,test_prequential,SPY,0.7437360286712646,0,0
2023-05-03,2023-05-04,test_prequential,QQQ,0.5325676798820496,0,0
2023-05-03,2023-05-04,test_prequential,IWM,0.6133046746253967,0,0
2023-05-04,2023-05-05,test_prequential,SPY,0.7370901703834534,1,1
2023-05-04,2023-05-05,test_prequential,QQQ,0.5245223641395569,1,1
2023-05-04,2023-05-05,test_prequential,IWM,0.6117854714393616,1,1
2023-05-05,2023-05-08,test_prequential,SPY,0.6813316941261292,1,1
2023-05-05,2023-05-08,test_prequential,QQQ,0.5204343199729919,1,1
2023-05-05,2023-05-08,test_prequential,IWM,0.5916399955749512,0,0
2023-05-08,2023-05-09,test_prequential,SPY,0.6843639016151428,0,0
2023-05-08,2023-05-09,test_prequential,QQQ,0.5358699560165405,0,0
2023-05-08,2023-05-09,test_prequential,IWM,0.6335985660552979,0,0
2023-05-09,2023-05-10,test_prequential,SPY,0.682715892791748,1,1
2023-05-09,2023-05-10,test_prequential,QQQ,0.5392181277275085,1,1
2023-05-09,2023-05-10,test_prequential,IWM,0.6248549222946167,1,1
2023-05-10,2023-05-11,test_prequential,SPY,0.660384476184845,0,0
2023-05-10,2023-05-11,test_prequential,QQQ,0.5400967001914978,1,1
2023-05-10,2023-05-11,test_prequential,IWM,0.5915771126747131,0,0
2023-05-11,2023-05-12,test_prequential,SPY,0.6653419137001038,0,0
2023-05-11,2023-05-12,test_prequential,QQQ,0.5655275583267212,0,0
2023-05-11,2023-05-12,test_prequential,IWM,0.6228387951850891,0,0
2023-05-12,2023-05-15,test_prequential,SPY,0.6438533067703247,1,1
2023-05-12,2023-05-15,test_prequential,QQQ,0.5547853112220764,1,1
2023-05-12,2023-05-15,test_prequential,IWM,0.5964868068695068,1,1
2023-05-15,2023-05-16,test_prequential,SPY,0.6201607584953308,0,0
2023-05-15,2023-05-16,test_prequential,QQQ,0.5599937438964844,1,1
2023-05-15,2023-05-16,test_prequential,IWM,0.5849018096923828,0,0
2023-05-16,2023-05-17,test_prequential,SPY,0.5984777808189392,1,1
2023-05-16,2023-05-17,test_prequential,QQQ,0.5867865681648254,1,1
2023-05-16,2023-05-17,test_prequential,IWM,0.6099438667297363,1,1
2023-05-17,2023-05-18,test_prequential,SPY,0.5894284844398499,1,1
2023-05-17,2023-05-18,test_prequential,QQQ,0.606815755367279,1,1
2023-05-17,2023-05-18,test_prequential,IWM,0.5791814923286438,1,1
2023-05-18,2023-05-19,test_prequential,SPY,0.5636628270149231,0,0
2023-05-18,2023-05-19,test_prequential,QQQ,0.6301813125610352,0,0
2023-05-18,2023-05-19,test_prequential,IWM,0.5602482557296753,0,0
2023-05-19,2023-05-22,test_prequential,SPY,0.5898954272270203,1,1
2023-05-19,2023-05-22,test_prequential,QQQ,0.6425715088844299,1,1
2023-05-19,2023-05-22,test_prequential,IWM,0.5867009162902832,1,1
2023-05-22,2023-05-23,test_prequential,SPY,0.56705242395401,0,0
2023-05-22,2023-05-23,test_prequential,QQQ,0.6464186310768127,0,0
2023-05-22,2023-05-23,test_prequential,IWM,0.5967199802398682,0,0
2023-05-23,2023-05-24,test_prequential,SPY,0.5818145871162415,0,0
2023-05-23,2023-05-24,test_prequential,QQQ,0.654827892780304,0,0
2023-05-23,2023-05-24,test_prequential,IWM,0.6083895564079285,0,0
2023-05-24,2023-05-25,test_prequential,SPY,0.5525476336479187,1,1
2023-05-24,2023-05-25,test_prequential,QQQ,0.675762414932251,1,1
2023-05-24,2023-05-25,test_prequential,IWM,0.599001407623291,0,0
2023-05-25,2023-05-26,test_prequential,SPY,0.5232468843460083,1,1
2023-05-25,2023-05-26,test_prequential,QQQ,0.6626644134521484,1,1
2023-05-25,2023-05-26,test_prequential,IWM,0.5626987218856812,1,1
2023-05-26,2023-05-30,test_prequential,SPY,0.5215545892715454,1,1
2023-05-26,2023-05-30,test_prequential,QQQ,0.662977933883667,1,1
2023-05-26,2023-05-30,test_prequential,IWM,0.562872052192688,0,0
2023-05-30,2023-05-31,test_prequential,SPY,0.5277159810066223,0,0
2023-05-30,2023-05-31,test_prequential,QQQ,0.6710535287857056,0,0
2023-05-30,2023-05-31,test_prequential,IWM,0.5534453988075256,0,0
2023-05-31,2023-06-01,test_prequential,SPY,0.5539159178733826,1,1
2023-05-31,2023-06-01,test_prequential,QQQ,0.6871206760406494,1,1
2023-05-31,2023-06-01,test_prequential,IWM,0.552117645740509,1,1
2023-06-01,2023-06-02,test_prequential,SPY,0.5516249537467957,1,1
2023-06-01,2023-06-02,test_prequential,QQQ,0.6684059500694275,1,1
2023-06-01,2023-06-02,test_prequential,IWM,0.5297505855560303,1,1
2023-06-02,2023-06-05,test_prequential,SPY,0.5633154511451721,0,0
2023-06-02,2023-06-05,test_prequential,QQQ,0.6783607602119446,1,1
2023-06-02,2023-06-05,test_prequential,IWM,0.5152274966239929,0,0
2023-06-05,2023-06-06,test_prequential,SPY,0.5483010411262512,1,1
2023-06-05,2023-06-06,test_prequential,QQQ,0.6987490653991699,0,0
2023-06-05,2023-06-06,test_prequential,IWM,0.5365350842475891,1,1
2023-06-06,2023-06-07,test_prequential,SPY,0.5671610236167908,0,0
2023-06-06,2023-06-07,test_prequential,QQQ,0.684355616569519,0,0
2023-06-06,2023-06-07,test_prequential,IWM,0.5262734293937683,1,1
2023-06-07,2023-06-08,test_prequential,SPY,0.5672605633735657,1,1
2023-06-07,2023-06-08,test_prequential,QQQ,0.6992158889770508,1,1
2023-06-07,2023-06-08,test_prequential,IWM,0.5355463624000549,0,0
2023-06-08,2023-06-09,test_prequential,SPY,0.5375338792800903,1,1
2023-06-08,2023-06-09,test_prequential,QQQ,0.6954368352890015,1,1
2023-06-08,2023-06-09,test_prequential,IWM,0.5212917327880859,0,0
2023-06-09,2023-06-12,test_prequential,SPY,0.588205873966217,1,1
2023-06-09,2023-06-12,test_prequential,QQQ,0.6815288662910461,1,1
2023-06-09,2023-06-12,test_prequential,IWM,0.5126727223396301,1,1
2023-06-12,2023-06-13,test_prequential,SPY,0.5783706307411194,1,1
2023-06-12,2023-06-13,test_prequential,QQQ,0.6980422139167786,1,1
2023-06-12,2023-06-13,test_prequential,IWM,0.4983654022216797,1,0
2023-06-13,2023-06-14,test_prequential,SPY,0.6112353801727295,1,1
2023-06-13,2023-06-14,test_prequential,QQQ,0.6976503133773804,1,1
2023-06-13,2023-06-14,test_prequential,IWM,0.49557021260261536,0,1
2023-06-14,2023-06-15,test_prequential,SPY,0.6134703159332275,1,1
2023-06-14,2023-06-15,test_prequential,QQQ,0.7057964205741882,1,1
2023-06-14,2023-06-15,test_prequential,IWM,0.5062276124954224,1,1
2023-06-15,2023-06-16,test_prequential,SPY,0.6209055185317993,0,0
2023-06-15,2023-06-16,test_prequential,QQQ,0.6944935321807861,0,0
2023-06-15,2023-06-16,test_prequential,IWM,0.4911862313747406,0,1
2023-06-16,2023-06-20,test_prequential,SPY,0.6479464173316956,0,0
2023-06-16,2023-06-20,test_prequential,QQQ,0.7173194885253906,0,0
2023-06-16,2023-06-20,test_prequential,IWM,0.5082550644874573,0,0
2023-06-20,2023-06-21,test_prequential,SPY,0.6564207077026367,0,0
2023-06-20,2023-06-21,test_prequential,QQQ,0.7161158919334412,0,0
2023-06-20,2023-06-21,test_prequential,IWM,0.5090365409851074,0,0
2023-06-21,2023-06-22,test_prequential,SPY,0.6511576175689697,1,1
2023-06-21,2023-06-22,test_prequential,QQQ,0.708681046962738,1,1
2023-06-21,2023-06-22,test_prequential,IWM,0.4986782670021057,0,1
2023-06-22,2023-06-23,test_prequential,SPY,0.6507906317710876,0,0
2023-06-22,2023-06-23,test_prequential,QQQ,0.708695650100708,0,0
2023-06-22,2023-06-23,test_prequential,IWM,0.49165651202201843,0,1
2023-06-23,2023-06-26,test_prequential,SPY,0.6766979098320007,0,0
2023-06-23,2023-06-26,test_prequential,QQQ,0.7156937718391418,0,0
2023-06-23,2023-06-26,test_prequential,IWM,0.4840286672115326,1,0
2023-06-26,2023-06-27,test_prequential,SPY,0.6633086204528809,1,1
2023-06-26,2023-06-27,test_prequential,QQQ,0.704433262348175,1,1
2023-06-26,2023-06-27,test_prequential,IWM,0.447491854429245,1,0
2023-06-27,2023-06-28,test_prequential,SPY,0.6464834809303284,1,1
2023-06-27,2023-06-28,test_prequential,QQQ,0.6857738494873047,1,1
2023-06-27,2023-06-28,test_prequential,IWM,0.445617139339447,1,0
2023-06-28,2023-06-29,test_prequential,SPY,0.6746031641960144,1,1
2023-06-28,2023-06-29,test_prequential,QQQ,0.6884166598320007,0,0
2023-06-28,2023-06-29,test_prequential,IWM,0.4627280533313751,1,0
2023-06-29,2023-06-30,test_prequential,SPY,0.6838071346282959,1,1
2023-06-29,2023-06-30,test_prequential,QQQ,0.6749665141105652,1,1
2023-06-29,2023-06-30,test_prequential,IWM,0.4566798508167267,1,0
2023-06-30,2023-07-03,test_prequential,SPY,0.6841447949409485,1,1
2023-06-30,2023-07-03,test_prequential,QQQ,0.6742342114448547,1,1
2023-06-30,2023-07-03,test_prequential,IWM,0.43443363904953003,1,0
2023-07-03,2023-07-05,test_prequential,SPY,0.6880127787590027,0,0
2023-07-03,2023-07-05,test_prequential,QQQ,0.6587767601013184,0,0
2023-07-03,2023-07-05,test_prequential,IWM,0.503407895565033,0,0
2023-07-05,2023-07-06,test_prequential,SPY,0.6878741979598999,0,0
2023-07-05,2023-07-06,test_prequential,QQQ,0.6782771944999695,0,0
2023-07-05,2023-07-06,test_prequential,IWM,0.5232440829277039,0,0
2023-07-06,2023-07-07,test_prequential,SPY,0.7056813836097717,0,0
2023-07-06,2023-07-07,test_prequential,QQQ,0.6692988872528076,0,0
2023-07-06,2023-07-07,test_prequential,IWM,0.5279688239097595,1,1
2023-07-07,2023-07-10,test_prequential,SPY,0.7019679546356201,1,1
2023-07-07,2023-07-10,test_prequential,QQQ,0.6505675911903381,1,1
2023-07-07,2023-07-10,test_prequential,IWM,0.5103791952133179,1,1
2023-07-10,2023-07-11,test_prequential,SPY,0.6858103275299072,1,1
2023-07-10,2023-07-11,test_prequential,QQQ,0.6509425640106201,1,1
2023-07-10,2023-07-11,test_prequential,IWM,0.5166779160499573,1,1
2023-07-11,2023-07-12,test_prequential,SPY,0.6962478160858154,1,1
2023-07-11,2023-07-12,test_prequential,QQQ,0.646021842956543,1,1
2023-07-11,2023-07-12,test_prequential,IWM,0.5465397238731384,1,1
2023-07-12,2023-07-13,test_prequential,SPY,0.6862090826034546,1,1
2023-07-12,2023-07-13,test_prequential,QQQ,0.646083652973175,1,1
2023-07-12,2023-07-13,test_prequential,IWM,0.5396285653114319,1,1
2023-07-13,2023-07-14,test_prequential,SPY,0.6955055594444275,0,0
2023-07-13,2023-07-14,test_prequential,QQQ,0.645409882068634,0,0
2023-07-13,2023-07-14,test_prequential,IWM,0.5707870125770569,0,0
2023-07-14,2023-07-17,test_prequential,SPY,0.692751944065094,1,1
2023-07-14,2023-07-17,test_prequential,QQQ,0.6522141098976135,1,1
2023-07-14,2023-07-17,test_prequential,IWM,0.5952897667884827,1,1
2023-07-17,2023-07-18,test_prequential,SPY,0.6930402517318726,1,1
2023-07-17,2023-07-18,test_prequential,QQQ,0.6468921899795532,1,1
2023-07-17,2023-07-18,test_prequential,IWM,0.6164042353630066,1,1
2023-07-18,2023-07-19,test_prequential,SPY,0.690778911113739,1,1
2023-07-18,2023-07-19,test_prequential,QQQ,0.668647825717926,0,0
2023-07-18,2023-07-19,test_prequential,IWM,0.6248515248298645,1,1
2023-07-19,2023-07-20,test_prequential,SPY,0.7027090787887573,0,0
2023-07-19,2023-07-20,test_prequential,QQQ,0.6644498705863953,0,0
2023-07-19,2023-07-20,test_prequential,IWM,0.6473745107650757,0,0
2023-07-20,2023-07-21,test_prequential,SPY,0.6949525475502014,0,0
2023-07-20,2023-07-21,test_prequential,QQQ,0.6770069599151611,0,0
2023-07-20,2023-07-21,test_prequential,IWM,0.6706299781799316,0,0
2023-07-21,2023-07-24,test_prequential,SPY,0.7079951763153076,1,1
2023-07-21,2023-07-24,test_prequential,QQQ,0.6613223552703857,1,1
2023-07-21,2023-07-24,test_prequential,IWM,0.6730706691741943,1,1
2023-07-24,2023-07-25,test_prequential,SPY,0.7048322558403015,1,1
2023-07-24,2023-07-25,test_prequential,QQQ,0.6462825536727905,1,1
2023-07-24,2023-07-25,test_prequential,IWM,0.6818005442619324,0,0
2023-07-25,2023-07-26,test_prequential,SPY,0.7079349756240845,1,1
2023-07-25,2023-07-26,test_prequential,QQQ,0.6358993649482727,0,0
2023-07-25,2023-07-26,test_prequential,IWM,0.6992554068565369,1,1
2023-07-26,2023-07-27,test_prequential,SPY,0.7343394160270691,0,0
2023-07-26,2023-07-27,test_prequential,QQQ,0.6365922689437866,0,0
2023-07-26,2023-07-27,test_prequential,IWM,0.685766339302063,0,0
2023-07-27,2023-07-28,test_prequential,SPY,0.7217309474945068,1,1
2023-07-27,2023-07-28,test_prequential,QQQ,0.6305452585220337,1,1
2023-07-27,2023-07-28,test_prequential,IWM,0.706728458404541,1,1
2023-07-28,2023-07-31,test_prequential,SPY,0.7415817379951477,1,1
2023-07-28,2023-07-31,test_prequential,QQQ,0.6246416568756104,1,1
2023-07-28,2023-07-31,test_prequential,IWM,0.7008174061775208,1,1
2023-07-31,2023-08-01,test_prequential,SPY,0.7416883707046509,0,0
2023-07-31,2023-08-01,test_prequential,QQQ,0.6305045485496521,0,0
2023-07-31,2023-08-01,test_prequential,IWM,0.7041999101638794,0,0
2023-08-01,2023-08-02,test_prequential,SPY,0.7336589694023132,0,0
2023-08-01,2023-08-02,test_prequential,QQQ,0.6305016279220581,0,0
2023-08-01,2023-08-02,test_prequential,IWM,0.7232373356819153,0,0
2023-08-02,2023-08-03,test_prequential,SPY,0.7411394715309143,0,0
2023-08-02,2023-08-03,test_prequential,QQQ,0.6532806158065796,0,0
2023-08-02,2023-08-03,test_prequential,IWM,0.7046318650245667,0,0
2023-08-03,2023-08-04,test_prequential,SPY,0.7244005799293518,0,0
2023-08-03,2023-08-04,test_prequential,QQQ,0.6430440545082092,0,0
2023-08-03,2023-08-04,test_prequential,IWM,0.7200366854667664,0,0
2023-08-04,2023-08-07,test_prequential,SPY,0.7372786402702332,1,1
2023-08-04,2023-08-07,test_prequential,QQQ,0.6199392676353455,1,1
2023-08-04,2023-08-07,test_prequential,IWM,0.6988185048103333,1,1
2023-08-07,2023-08-08,test_prequential,SPY,0.722521185874939,0,0
2023-08-07,2023-08-08,test_prequential,QQQ,0.6127810478210449,0,0
2023-08-07,2023-08-08,test_prequential,IWM,0.7138369679450989,0,0
2023-08-08,2023-08-09,test_prequential,SPY,0.7326262593269348,0,0
2023-08-08,2023-08-09,test_prequential,QQQ,0.6158374547958374,0,0
2023-08-08,2023-08-09,test_prequential,IWM,0.7121197581291199,0,0
2023-08-09,2023-08-10,test_prequential,SPY,0.7311617732048035,1,1
2023-08-09,2023-08-10,test_prequential,QQQ,0.6044237017631531,1,1
2023-08-09,2023-08-10,test_prequential,IWM,0.7026547789573669,0,0
2023-08-10,2023-08-11,test_prequential,SPY,0.7198808789253235,0,0
2023-08-10,2023-08-11,test_prequential,QQQ,0.5991696119308472,0,0
2023-08-10,2023-08-11,test_prequential,IWM,0.6821366548538208,1,1
2023-08-11,2023-08-14,test_prequential,SPY,0.7149276733398438,1,1
2023-08-11,2023-08-14,test_prequential,QQQ,0.5976343154907227,1,1
2023-08-11,2023-08-14,test_prequential,IWM,0.6889022588729858,0,0
2023-08-14,2023-08-15,test_prequential,SPY,0.6959562301635742,0,0
2023-08-14,2023-08-15,test_prequential,QQQ,0.5883641839027405,0,0
2023-08-14,2023-08-15,test_prequential,IWM,0.679754912853241,0,0
2023-08-15,2023-08-16,test_prequential,SPY,0.7114854454994202,0,0
2023-08-15,2023-08-16,test_prequential,QQQ,0.5932551622390747,0,0
2023-08-15,2023-08-16,test_prequential,IWM,0.6626318097114563,0,0
2023-08-16,2023-08-17,test_prequential,SPY,0.6975498795509338,0,0
2023-08-16,2023-08-17,test_prequential,QQQ,0.5784609913825989,0,0
2023-08-16,2023-08-17,test_prequential,IWM,0.6514281630516052,0,0
2023-08-17,2023-08-18,test_prequential,SPY,0.695123016834259,1,1
2023-08-17,2023-08-18,test_prequential,QQQ,0.5758932828903198,0,0
2023-08-17,2023-08-18,test_prequential,IWM,0.6194042563438416,1,1
2023-08-18,2023-08-21,test_prequential,SPY,0.6917133331298828,1,1
2023-08-18,2023-08-21,test_prequential,QQQ,0.5610777735710144,1,1
2023-08-18,2023-08-21,test_prequential,IWM,0.6101309061050415,0,0
2023-08-21,2023-08-22,test_prequential,SPY,0.6800070405006409,0,0
2023-08-21,2023-08-22,test_prequential,QQQ,0.5359192490577698,0,0
2023-08-21,2023-08-22,test_prequential,IWM,0.6062328815460205,0,0
2023-08-22,2023-08-23,test_prequential,SPY,0.6806513071060181,1,1
2023-08-22,2023-08-23,test_prequential,QQQ,0.5275152921676636,1,1
2023-08-22,2023-08-23,test_prequential,IWM,0.5816612243652344,1,1
2023-08-23,2023-08-24,test_prequential,SPY,0.6708506941795349,0,0
2023-08-23,2023-08-24,test_prequential,QQQ,0.5282701849937439,0,0
2023-08-23,2023-08-24,test_prequential,IWM,0.5711643099784851,0,0
2023-08-24,2023-08-25,test_prequential,SPY,0.6692905426025391,1,1
2023-08-24,2023-08-25,test_prequential,QQQ,0.5297957062721252,1,1
2023-08-24,2023-08-25,test_prequential,IWM,0.5690546035766602,1,1
2023-08-25,2023-08-28,test_prequential,SPY,0.6698269844055176,1,1
2023-08-25,2023-08-28,test_prequential,QQQ,0.5145261287689209,1,1
2023-08-25,2023-08-28,test_prequential,IWM,0.5484781265258789,1,1
2023-08-28,2023-08-29,test_prequential,SPY,0.6667744517326355,1,1
2023-08-28,2023-08-29,test_prequential,QQQ,0.5073236227035522,1,1
2023-08-28,2023-08-29,test_prequential,IWM,0.5425459742546082,1,1
2023-08-29,2023-08-30,test_prequential,SPY,0.654473066329956,1,1
2023-08-29,2023-08-30,test_prequential,QQQ,0.5252876281738281,1,1
2023-08-29,2023-08-30,test_prequential,IWM,0.5316365957260132,1,1
2023-08-30,2023-08-31,test_prequential,SPY,0.6726354956626892,0,0
2023-08-30,2023-08-31,test_prequential,QQQ,0.5313969850540161,1,1
2023-08-30,2023-08-31,test_prequential,IWM,0.5529640316963196,0,0
2023-08-31,2023-09-01,test_prequential,SPY,0.6699824929237366,1,1
2023-08-31,2023-09-01,test_prequential,QQQ,0.5420222282409668,0,0
2023-08-31,2023-09-01,test_prequential,IWM,0.5563067197799683,1,1
2023-09-01,2023-09-05,test_prequential,SPY,0.6613669395446777,0,0
2023-09-01,2023-09-05,test_prequential,QQQ,0.5404669642448425,1,1
2023-09-01,2023-09-05,test_prequential,IWM,0.5551297068595886,0,0
2023-09-05,2023-09-06,test_prequential,SPY,0.6538314819335938,0,0
2023-09-05,2023-09-06,test_prequential,QQQ,0.5513497591018677,0,0
2023-09-05,2023-09-06,test_prequential,IWM,0.5692968368530273,0,0
2023-09-06,2023-09-07,test_prequential,SPY,0.6494550108909607,0,0
2023-09-06,2023-09-07,test_prequential,QQQ,0.5610781908035278,0,0
2023-09-06,2023-09-07,test_prequential,IWM,0.5547576546669006,0,0
2023-09-07,2023-09-08,test_prequential,SPY,0.638157069683075,1,1
2023-09-07,2023-09-08,test_prequential,QQQ,0.5651723146438599,1,1
2023-09-07,2023-09-08,test_prequential,IWM,0.5570622086524963,0,0
2023-09-08,2023-09-11,test_prequential,SPY,0.6283109188079834,1,1
2023-09-08,2023-09-11,test_prequential,QQQ,0.5621623992919922,1,1
2023-09-08,2023-09-11,test_prequential,IWM,0.5271498560905457,1,1
2023-09-11,2023-09-12,test_prequential,SPY,0.6253662705421448,0,0
2023-09-11,2023-09-12,test_prequential,QQQ,0.5709583759307861,0,0
2023-09-11,2023-09-12,test_prequential,IWM,0.5288925766944885,0,0
2023-09-12,2023-09-13,test_prequential,SPY,0.6328922510147095,1,1
2023-09-12,2023-09-13,test_prequential,QQQ,0.5771172642707825,1,1
2023-09-12,2023-09-13,test_prequential,IWM,0.5252601504325867,0,0
2023-09-13,2023-09-14,test_prequential,SPY,0.6073750257492065,1,1
2023-09-13,2023-09-14,test_prequential,QQQ,0.5811784863471985,1,1
2023-09-13,2023-09-14,test_prequential,IWM,0.5190516710281372,1,1
2023-09-14,2023-09-15,test_prequential,SPY,0.6105855703353882,0,0
2023-09-14,2023-09-15,test_prequential,QQQ,0.590418815612793,0,0
2023-09-14,2023-09-15,test_prequential,IWM,0.4945612847805023,0,1
2023-09-15,2023-09-18,test_prequential,SPY,0.626465916633606,1,1
2023-09-15,2023-09-18,test_prequential,QQQ,0.6042793989181519,1,1
2023-09-15,2023-09-18,test_prequential,IWM,0.4985453486442566,0,1
2023-09-18,2023-09-19,test_prequential,SPY,0.611845076084137,0,0
2023-09-18,2023-09-19,test_prequential,QQQ,0.59090656042099,0,0
2023-09-18,2023-09-19,test_prequential,IWM,0.49143335223197937,0,1
2023-09-19,2023-09-20,test_prequential,SPY,0.6058854460716248,0,0
2023-09-19,2023-09-20,test_prequential,QQQ,0.5998947620391846,0,0
2023-09-19,2023-09-20,test_prequential,IWM,0.4935494363307953,0,1
2023-09-20,2023-09-21,test_prequential,SPY,0.6179036498069763,0,0
2023-09-20,2023-09-21,test_prequential,QQQ,0.597351610660553,0,0
2023-09-20,2023-09-21,test_prequential,IWM,0.4738405644893646,0,1
2023-09-21,2023-09-22,test_prequential,SPY,0.6229493021965027,0,0
2023-09-21,2023-09-22,test_prequential,QQQ,0.6030210256576538,1,1
2023-09-21,2023-09-22,test_prequential,IWM,0.45673882961273193,0,1
2023-09-22,2023-09-25,test_prequential,SPY,0.6058410406112671,1,1
2023-09-22,2023-09-25,test_prequential,QQQ,0.5865734815597534,1,1
2023-09-22,2023-09-25,test_prequential,IWM,0.43611517548561096,1,0
2023-09-25,2023-09-26,test_prequential,SPY,0.5904877185821533,0,0
2023-09-25,2023-09-26,test_prequential,QQQ,0.594462513923645,0,0
2023-09-25,2023-09-26,test_prequential,IWM,0.42549532651901245,0,1
2023-09-26,2023-09-27,test_prequential,SPY,0.5921238660812378,1,1
2023-09-26,2023-09-27,test_prequential,QQQ,0.6029238700866699,1,1
2023-09-26,2023-09-27,test_prequential,IWM,0.42206600308418274,1,0
2023-09-27,2023-09-28,test_prequential,SPY,0.5779414772987366,1,1
2023-09-27,2023-09-28,test_prequential,QQQ,0.6021438241004944,1,1
2023-09-27,2023-09-28,test_prequential,IWM,0.41175222396850586,1,0
2023-09-28,2023-09-29,test_prequential,SPY,0.5570114254951477,0,0
2023-09-28,2023-09-29,test_prequential,QQQ,0.620145320892334,1,1
2023-09-28,2023-09-29,test_prequential,IWM,0.4049838185310364,0,1
2023-09-29,2023-10-02,test_prequential,SPY,0.5612407326698303,0,0
2023-09-29,2023-10-02,test_prequential,QQQ,0.6153585314750671,1,1
2023-09-29,2023-10-02,test_prequential,IWM,0.38944771885871887,0,1
2023-10-02,2023-10-03,test_prequential,SPY,0.5382035970687866,0,0
2023-10-02,2023-10-03,test_prequential,QQQ,0.6267786622047424,0,0
2023-10-02,2023-10-03,test_prequential,IWM,0.39077648520469666,0,1
2023-10-03,2023-10-04,test_prequential,SPY,0.5466220378875732,1,1
2023-10-03,2023-10-04,test_prequential,QQQ,0.631742000579834,1,1
2023-10-03,2023-10-04,test_prequential,IWM,0.3925211429595947,1,0
2023-10-04,2023-10-05,test_prequential,SPY,0.5167813897132874,0,0
2023-10-04,2023-10-05,test_prequential,QQQ,0.6358874440193176,0,0
2023-10-04,2023-10-05,test_prequential,IWM,0.3741552233695984,1,0
2023-10-05,2023-10-06,test_prequential,SPY,0.503308117389679,1,1
2023-10-05,2023-10-06,test_prequential,QQQ,0.6431296467781067,1,1
2023-10-05,2023-10-06,test_prequential,IWM,0.3917490243911743,1,0
2023-10-06,2023-10-09,test_prequential,SPY,0.4869770407676697,1,0
2023-10-06,2023-10-09,test_prequential,QQQ,0.6507377028465271,1,1
2023-10-06,2023-10-09,test_prequential,IWM,0.3963489830493927,1,0
2023-10-09,2023-10-10,test_prequential,SPY,0.4872758686542511,1,0
2023-10-09,2023-10-10,test_prequential,QQQ,0.6635844111442566,1,1
2023-10-09,2023-10-10,test_prequential,IWM,0.3986250162124634,1,0
2023-10-10,2023-10-11,test_prequential,SPY,0.4871599078178406,1,0
2023-10-10,2023-10-11,test_prequential,QQQ,0.6626826524734497,1,1
2023-10-10,2023-10-11,test_prequential,IWM,0.3999817669391632,0,1
2023-10-11,2023-10-12,test_prequential,SPY,0.4791581332683563,0,1
2023-10-11,2023-10-12,test_prequential,QQQ,0.6716839671134949,0,0
2023-10-11,2023-10-12,test_prequential,IWM,0.4100438356399536,0,1
2023-10-12,2023-10-13,test_prequential,SPY,0.49165767431259155,0,1
2023-10-12,2023-10-13,test_prequential,QQQ,0.6828062534332275,0,0
2023-10-12,2023-10-13,test_prequential,IWM,0.4297963082790375,0,1
2023-10-13,2023-10-16,test_prequential,SPY,0.4984839856624603,1,0
2023-10-13,2023-10-16,test_prequential,QQQ,0.6803303360939026,1,1
2023-10-13,2023-10-16,test_prequential,IWM,0.41936391592025757,1,0
2023-10-16,2023-10-17,test_prequential,SPY,0.48774826526641846,0,1
2023-10-16,2023-10-17,test_prequential,QQQ,0.6773300170898438,0,0
2023-10-16,2023-10-17,test_prequential,IWM,0.4013376533985138,1,0
2023-10-17,2023-10-18,test_prequential,SPY,0.48319631814956665,0,1
2023-10-17,2023-10-18,test_prequential,QQQ,0.6722208857536316,0,0
2023-10-17,2023-10-18,test_prequential,IWM,0.4242750406265259,0,1
2023-10-18,2023-10-19,test_prequential,SPY,0.5069862604141235,0,0
2023-10-18,2023-10-19,test_prequential,QQQ,0.6716163158416748,0,0
2023-10-18,2023-10-19,test_prequential,IWM,0.4482223093509674,0,1
2023-10-19,2023-10-20,test_prequential,SPY,0.4958753287792206,0,1
2023-10-19,2023-10-20,test_prequential,QQQ,0.6650224924087524,0,0
2023-10-19,2023-10-20,test_prequential,IWM,0.4343975782394409,0,1
2023-10-20,2023-10-23,test_prequential,SPY,0.49855008721351624,0,1
2023-10-20,2023-10-23,test_prequential,QQQ,0.6675992608070374,1,1
2023-10-20,2023-10-23,test_prequential,IWM,0.43049830198287964,0,1
2023-10-23,2023-10-24,test_prequential,SPY,0.4764581620693207,1,0
2023-10-23,2023-10-24,test_prequential,QQQ,0.6504703164100647,1,1
2023-10-23,2023-10-24,test_prequential,IWM,0.4373522996902466,1,0
2023-10-24,2023-10-25,test_prequential,SPY,0.4592668414115906,0,1
2023-10-24,2023-10-25,test_prequential,QQQ,0.6420354843139648,0,0
2023-10-24,2023-10-25,test_prequential,IWM,0.4116104543209076,0,1
2023-10-25,2023-10-26,test_prequential,SPY,0.4719196557998657,0,1
2023-10-25,2023-10-26,test_prequential,QQQ,0.6583554148674011,0,0
2023-10-25,2023-10-26,test_prequential,IWM,0.42715856432914734,1,0
2023-10-26,2023-10-27,test_prequential,SPY,0.4609202742576599,0,1
2023-10-26,2023-10-27,test_prequential,QQQ,0.6537582278251648,1,1
2023-10-26,2023-10-27,test_prequential,IWM,0.421627402305603,0,1
2023-10-27,2023-10-30,test_prequential,SPY,0.4387430250644684,1,0
2023-10-27,2023-10-30,test_prequential,QQQ,0.632586658000946,1,1
2023-10-27,2023-10-30,test_prequential,IWM,0.42153114080429077,1,0
2023-10-30,2023-10-31,test_prequential,SPY,0.4218027591705322,1,0
2023-10-30,2023-10-31,test_prequential,QQQ,0.6284231543540955,1,1
2023-10-30,2023-10-31,test_prequential,IWM,0.4075055718421936,1,0
2023-10-31,2023-11-01,test_prequential,SPY,0.42740944027900696,1,0
2023-10-31,2023-11-01,test_prequential,QQQ,0.631821870803833,1,1
2023-10-31,2023-11-01,test_prequential,IWM,0.42072996497154236,1,0
2023-11-01,2023-11-02,test_prequential,SPY,0.4271072745323181,1,0
2023-11-01,2023-11-02,test_prequential,QQQ,0.635601818561554,1,1
2023-11-01,2023-11-02,test_prequential,IWM,0.42995405197143555,1,0
2023-11-02,2023-11-03,test_prequential,SPY,0.4288797378540039,1,0
2023-11-02,2023-11-03,test_prequential,QQQ,0.642034649848938,1,1
2023-11-02,2023-11-03,test_prequential,IWM,0.4286085367202759,1,0
2023-11-03,2023-11-06,test_prequential,SPY,0.4446510076522827,1,0
2023-11-03,2023-11-06,test_prequential,QQQ,0.6432314515113831,1,1
2023-11-03,2023-11-06,test_prequential,IWM,0.44104626774787903,0,1
2023-11-06,2023-11-07,test_prequential,SPY,0.4346844255924225,1,0
2023-11-06,2023-11-07,test_prequential,QQQ,0.6410161256790161,1,1
2023-11-06,2023-11-07,test_prequential,IWM,0.4672926664352417,0,1
2023-11-07,2023-11-08,test_prequential,SPY,0.4519619941711426,1,0
2023-11-07,2023-11-08,test_prequential,QQQ,0.645646333694458,1,1
2023-11-07,2023-11-08,test_prequential,IWM,0.47408244013786316,0,1
2023-11-08,2023-11-09,test_prequential,SPY,0.4802807867527008,0,1
2023-11-08,2023-11-09,test_prequential,QQQ,0.6386520862579346,0,0
2023-11-08,2023-11-09,test_prequential,IWM,0.4766269028186798,0,1
2023-11-09,2023-11-10,test_prequential,SPY,0.48191148042678833,1,0
2023-11-09,2023-11-10,test_prequential,QQQ,0.6571135520935059,1,1
2023-11-09,2023-11-10,test_prequential,IWM,0.4567044675350189,1,0
2023-11-10,2023-11-13,test_prequential,SPY,0.49103590846061707,0,1
2023-11-10,2023-11-13,test_prequential,QQQ,0.6509159803390503,0,0
2023-11-10,2023-11-13,test_prequential,IWM,0.45283856987953186,1,0
2023-11-13,2023-11-14,test_prequential,SPY,0.5015897750854492,1,1
2023-11-13,2023-11-14,test_prequential,QQQ,0.6493683457374573,1,1
2023-11-13,2023-11-14,test_prequential,IWM,0.47828587889671326,1,0
2023-11-14,2023-11-15,test_prequential,SPY,0.517176628112793,1,1
2023-11-14,2023-11-15,test_prequential,QQQ,0.6513245105743408,1,1
2023-11-14,2023-11-15,test_prequential,IWM,0.4560348689556122,1,0
2023-11-15,2023-11-16,test_prequential,SPY,0.5243315696716309,1,1
2023-11-15,2023-11-16,test_prequential,QQQ,0.6462174654006958,1,1
2023-11-15,2023-11-16,test_prequential,IWM,0.47861114144325256,0,1
2023-11-16,2023-11-17,test_prequential,SPY,0.5305172801017761,1,1
2023-11-16,2023-11-17,test_prequential,QQQ,0.6465300917625427,1,1
2023-11-16,2023-11-17,test_prequential,IWM,0.47890689969062805,1,0
2023-11-17,2023-11-20,test_prequential,SPY,0.5647360682487488,1,1
2023-11-17,2023-11-20,test_prequential,QQQ,0.6609043478965759,1,1
2023-11-17,2023-11-20,test_prequential,IWM,0.4875267744064331,1,0
2023-11-20,2023-11-21,test_prequential,SPY,0.5574047565460205,0,0
2023-11-20,2023-11-21,test_prequential,QQQ,0.6580666899681091,0,0
2023-11-20,2023-11-21,test_prequential,IWM,0.49090299010276794,0,1
2023-11-21,2023-11-22,test_prequential,SPY,0.5707253813743591,1,1
2023-11-21,2023-11-22,test_prequential,QQQ,0.6568230390548706,1,1
2023-11-21,2023-11-22,test_prequential,IWM,0.510539174079895,1,1
2023-11-22,2023-11-24,test_prequential,SPY,0.5891799330711365,1,1
2023-11-22,2023-11-24,test_prequential,QQQ,0.6596400141716003,0,0
2023-11-22,2023-11-24,test_prequential,IWM,0.510080099105835,1,1
2023-11-24,2023-11-27,test_prequential,SPY,0.6009063124656677,0,0
2023-11-24,2023-11-27,test_prequential,QQQ,0.6419472694396973,0,0
2023-11-24,2023-11-27,test_prequential,IWM,0.5455623269081116,0,0
2023-11-27,2023-11-28,test_prequential,SPY,0.6137744784355164,1,1
2023-11-27,2023-11-28,test_prequential,QQQ,0.6511614918708801,1,1
2023-11-27,2023-11-28,test_prequential,IWM,0.5415153503417969,0,0
2023-11-28,2023-11-29,test_prequential,SPY,0.628439724445343,0,0
2023-11-28,2023-11-29,test_prequential,QQQ,0.6497541666030884,0,0
2023-11-28,2023-11-29,test_prequential,IWM,0.5445882081985474,1,1
2023-11-29,2023-11-30,test_prequential,SPY,0.6352156400680542,1,1
2023-11-29,2023-11-30,test_prequential,QQQ,0.657447099685669,0,0
2023-11-29,2023-11-30,test_prequential,IWM,0.5427629947662354,1,1
2023-11-30,2023-12-01,test_prequential,SPY,0.6410472393035889,1,1
2023-11-30,2023-12-01,test_prequential,QQQ,0.6530618071556091,1,1
2023-11-30,2023-12-01,test_prequential,IWM,0.5277894139289856,1,1
2023-12-01,2023-12-04,test_prequential,SPY,0.6695297360420227,0,0
2023-12-01,2023-12-04,test_prequential,QQQ,0.6436656713485718,0,0
2023-12-01,2023-12-04,test_prequential,IWM,0.5448011755943298,1,1
2023-12-04,2023-12-05,test_prequential,SPY,0.6680029034614563,0,0
2023-12-04,2023-12-05,test_prequential,QQQ,0.6386349201202393,1,1
2023-12-04,2023-12-05,test_prequential,IWM,0.5507790446281433,0,0
2023-12-05,2023-12-06,test_prequential,SPY,0.6532959938049316,0,0
2023-12-05,2023-12-06,test_prequential,QQQ,0.6375846266746521,0,0
2023-12-05,2023-12-06,test_prequential,IWM,0.5643449425697327,0,0
2023-12-06,2023-12-07,test_prequential,SPY,0.6599310636520386,1,1
2023-12-06,2023-12-07,test_prequential,QQQ,0.616426408290863,1,1
2023-12-06,2023-12-07,test_prequential,IWM,0.5599074363708496,1,1
2023-12-07,2023-12-08,test_prequential,SPY,0.6571169495582581,1,1
2023-12-07,2023-12-08,test_prequential,QQQ,0.6337372064590454,1,1
2023-12-07,2023-12-08,test_prequential,IWM,0.5744194984436035,1,1
2023-12-08,2023-12-11,test_prequential,SPY,0.6789247989654541,1,1
2023-12-08,2023-12-11,test_prequential,QQQ,0.619124710559845,1,1
2023-12-08,2023-12-11,test_prequential,IWM,0.5762320160865784,1,1
2023-12-11,2023-12-12,test_prequential,SPY,0.6625447869300842,1,1
2023-12-11,2023-12-12,test_prequential,QQQ,0.629267692565918,1,1
2023-12-11,2023-12-12,test_prequential,IWM,0.583145022392273,0,0
2023-12-12,2023-12-13,test_prequential,SPY,0.6702624559402466,1,1
2023-12-12,2023-12-13,test_prequential,QQQ,0.6296583414077759,1,1
2023-12-12,2023-12-13,test_prequential,IWM,0.6040495038032532,1,1
2023-12-13,2023-12-14,test_prequential,SPY,0.6783819198608398,1,1
2023-12-13,2023-12-14,test_prequential,QQQ,0.6378898024559021,0,0
2023-12-13,2023-12-14,test_prequential,IWM,0.5963733792304993,1,1
2023-12-14,2023-12-15,test_prequential,SPY,0.6968145966529846,0,0
2023-12-14,2023-12-15,test_prequential,QQQ,0.6437667012214661,1,1
2023-12-14,2023-12-15,test_prequential,IWM,0.5929819345474243,0,0
2023-12-15,2023-12-18,test_prequential,SPY,0.7007702589035034,1,1
2023-12-15,2023-12-18,test_prequential,QQQ,0.6509150862693787,1,1
2023-12-15,2023-12-18,test_prequential,IWM,0.6020607948303223,1,1
2023-12-18,2023-12-19,test_prequential,SPY,0.6844339370727539,1,1
2023-12-18,2023-12-19,test_prequential,QQQ,0.6428381204605103,1,1
2023-12-18,2023-12-19,test_prequential,IWM,0.6187572479248047,1,1
2023-12-19,2023-12-20,test_prequential,SPY,0.6907119750976562,0,0
2023-12-19,2023-12-20,test_prequential,QQQ,0.5989974141120911,0,0
2023-12-19,2023-12-20,test_prequential,IWM,0.6265111565589905,0,0
2023-12-20,2023-12-21,test_prequential,SPY,0.6962981224060059,1,1
2023-12-20,2023-12-21,test_prequential,QQQ,0.6129420399665833,1,1
2023-12-20,2023-12-21,test_prequential,IWM,0.6324868202209473,1,1
2023-12-21,2023-12-22,test_prequential,SPY,0.6977298855781555,1,1
2023-12-21,2023-12-22,test_prequential,QQQ,0.6090796589851379,1,1
2023-12-21,2023-12-22,test_prequential,IWM,0.6339495182037354,1,1
2023-12-22,2023-12-26,test_prequential,SPY,0.7006539702415466,1,1
2023-12-22,2023-12-26,test_prequential,QQQ,0.6175947785377502,1,1
2023-12-22,2023-12-26,test_prequential,IWM,0.6494559645652771,1,1
2023-12-26,2023-12-27,test_prequential,SPY,0.7056084871292114,1,1
2023-12-26,2023-12-27,test_prequential,QQQ,0.6231939792633057,1,1
2023-12-26,2023-12-27,test_prequential,IWM,0.6637976765632629,1,1
2023-12-27,2023-12-28,test_prequential,SPY,0.7116734385490417,1,1
2023-12-27,2023-12-28,test_prequential,QQQ,0.6450798511505127,0,0
2023-12-27,2023-12-28,test_prequential,IWM,0.6733953356742859,0,0
2023-12-28,2023-12-29,test_prequential,SPY,0.7235344648361206,0,0
2023-12-28,2023-12-29,test_prequential,QQQ,0.6496566534042358,0,0
2023-12-28,2023-12-29,test_prequential,IWM,0.6841834187507629,0,0
