issue_date,label_date,split,ticker,prob_up,actual_up,correct
2018-02-28,2018-03-01,train_in_sample,SPY,0.6492918729782104,0,0
2018-02-28,2018-03-01,train_in_sample,QQQ,0.5011957287788391,0,0
2018-02-28,2018-03-01,train_in_sample,IWM,0.6227498054504395,0,0
2018-03-01,2018-03-02,train_in_sample,SPY,0.6457266807556152,1,1
2018-03-01,2018-03-02,train_in_sample,QQQ,0.5371755957603455,1,1
2018-03-01,2018-03-02,train_in_sample,IWM,0.5974051356315613,1,1
2018-03-02,2018-03-05,train_in_sample,SPY,0.6105508804321289,1,1
2018-03-02,2018-03-05,train_in_sample,QQQ,0.5373854041099548,1,1
2018-03-02,2018-03-05,train_in_sample,IWM,0.5831530690193176,1,1
2018-03-05,2018-03-06,train_in_sample,SPY,0.6104674935340881,1,1
2018-03-05,2018-03-06,train_in_sample,QQQ,0.5084227919578552,1,1
2018-03-05,2018-03-06,train_in_sample,IWM,0.6054940223693848,1,1
2018-03-06,2018-03-07,train_in_sample,SPY,0.6360095739364624,0,0
2018-03-06,2018-03-07,train_in_sample,QQQ,0.5167647004127502,1,1
2018-03-06,2018-03-07,train_in_sample,IWM,0.5822439789772034,1,1
2018-03-07,2018-03-08,train_in_sample,SPY,0.6230545043945312,1,1
2018-03-07,2018-03-08,train_in_sample,QQQ,0.49581560492515564,1,0
2018-03-07,2018-03-08,train_in_sample,IWM,0.5832304358482361,0,0
2018-03-08,2018-03-09,train_in_sample,SPY,0.6390816569328308,1,1
2018-03-08,2018-03-09,train_in_sample,QQQ,0.5112230777740479,1,1
2018-03-08,2018-03-09,train_in_sample,IWM,0.6189361214637756,1,1
2018-03-09,2018-03-12,train_in_sample,SPY,0.6242548227310181,0,0
2018-03-09,2018-03-12,train_in_sample,QQQ,0.48524191975593567,1,0
2018-03-09,2018-03-12,train_in_sample,IWM,0.5996254086494446,1,1
2018-03-12,2018-03-13,train_in_sample,SPY,0.6227884292602539,0,0
2018-03-12,2018-03-13,train_in_sample,QQQ,0.5085959434509277,0,0
2018-03-12,2018-03-13,train_in_sample,IWM,0.5832216143608093,0,0
2018-03-13,2018-03-14,train_in_sample,SPY,0.5897406339645386,0,0
2018-03-13,2018-03-14,train_in_sample,QQQ,0.5305623412132263,0,0
2018-03-13,2018-03-14,train_in_sample,IWM,0.5761824250221252,0,0
2018-03-14,2018-03-15,train_in_sample,SPY,0.6534897685050964,0,0
2018-03-14,2018-03-15,train_in_sample,QQQ,0.4752126634120941,0,1
2018-03-14,2018-03-15,train_in_sample,IWM,0.5562306642532349,0,0
2018-03-15,2018-03-16,train_in_sample,SPY,0.61467444896698,1,1
2018-03-15,2018-03-16,train_in_sample,QQQ,0.5079463124275208,0,0
2018-03-15,2018-03-16,train_in_sample,IWM,0.6361727714538574,1,1
2018-03-16,2018-03-19,train_in_sample,SPY,0.6533312797546387,0,0
2018-03-16,2018-03-19,train_in_sample,QQQ,0.5156599879264832,0,0
2018-03-16,2018-03-19,train_in_sample,IWM,0.5843175053596497,0,0
2018-03-19,2018-03-20,train_in_sample,SPY,0.6152791976928711,1,1
2018-03-19,2018-03-20,train_in_sample,QQQ,0.5333110094070435,1,1
2018-03-19,2018-03-20,train_in_sample,IWM,0.5930343270301819,0,0
2018-03-20,2018-03-21,train_in_sample,SPY,0.6205160021781921,0,0
2018-03-20,2018-03-21,train_in_sample,QQQ,0.5049905776977539,0,0
2018-03-20,2018-03-21,train_in_sample,IWM,0.6357848048210144,1,1
2018-03-21,2018-03-22,train_in_sample,SPY,0.6199527978897095,0,0
2018-03-21,2018-03-22,train_in_sample,QQQ,0.5118634104728699,0,0
2018-03-21,2018-03-22,train_in_sample,IWM,0.5952443480491638,0,0
2018-03-22,2018-03-23,train_in_sample,SPY,0.6380260586738586,0,0
2018-03-22,2018-03-23,train_in_sample,QQQ,0.5136218667030334,0,0
2018-03-22,2018-03-23,train_in_sample,IWM,0.5850106477737427,0,0
2018-03-23,2018-03-26,train_in_sample,SPY,0.6297155022621155,1,1
2018-03-23,2018-03-26,train_in_sample,QQQ,0.5320855975151062,1,1
2018-03-23,2018-03-26,train_in_sample,IWM,0.5682845711708069,1,1
2018-03-26,2018-03-27,train_in_sample,SPY,0.5811521410942078,0,0
2018-03-26,2018-03-27,train_in_sample,QQQ,0.4832366704940796,0,1
2018-03-26,2018-03-27,train_in_sample,IWM,0.5630591511726379,0,0
2018-03-27,2018-03-28,train_in_sample,SPY,0.5917540788650513,0,0
2018-03-27,2018-03-28,train_in_sample,QQQ,0.5212600827217102,0,0
2018-03-27,2018-03-28,train_in_sample,IWM,0.5441703796386719,0,0
2018-03-28,2018-03-29,train_in_sample,SPY,0.600009560585022,1,1
2018-03-28,2018-03-29,train_in_sample,QQQ,0.5290139317512512,1,1
2018-03-28,2018-03-29,train_in_sample,IWM,0.5859789848327637,1,1
2018-03-29,2018-04-02,train_in_sample,SPY,0.567880392074585,0,0
2018-03-29,2018-04-02,train_in_sample,QQQ,0.50783371925354,0,0
2018-03-29,2018-04-02,train_in_sample,IWM,0.5696936249732971,0,0
2018-04-02,2018-04-03,train_in_sample,SPY,0.638673722743988,1,1
2018-04-02,2018-04-03,train_in_sample,QQQ,0.48006996512413025,1,0
2018-04-02,2018-04-03,train_in_sample,IWM,0.5432249307632446,1,1
2018-04-03,2018-04-04,train_in_sample,SPY,0.603807806968689,1,1
2018-04-03,2018-04-04,train_in_sample,QQQ,0.5178325176239014,1,1
2018-04-03,2018-04-04,train_in_sample,IWM,0.5966729521751404,1,1
2018-04-04,2018-04-05,train_in_sample,SPY,0.5628889799118042,1,1
2018-04-04,2018-04-05,train_in_sample,QQQ,0.49461254477500916,1,0
2018-04-04,2018-04-05,train_in_sample,IWM,0.5682973265647888,1,1
2018-04-05,2018-04-06,train_in_sample,SPY,0.6163080930709839,0,0
2018-04-05,2018-04-06,train_in_sample,QQQ,0.5048677325248718,0,0
2018-04-05,2018-04-06,train_in_sample,IWM,0.5933571457862854,0,0
2018-04-06,2018-04-09,train_in_sample,SPY,0.6390535235404968,1,1
2018-04-06,2018-04-09,train_in_sample,QQQ,0.513921320438385,1,1
2018-04-06,2018-04-09,train_in_sample,IWM,0.5819281935691833,1,1
2018-04-09,2018-04-10,train_in_sample,SPY,0.6124865412712097,1,1
2018-04-09,2018-04-10,train_in_sample,QQQ,0.4641745090484619,1,0
2018-04-09,2018-04-10,train_in_sample,IWM,0.5754873752593994,1,1
2018-04-10,2018-04-11,train_in_sample,SPY,0.605682909488678,0,0
2018-04-10,2018-04-11,train_in_sample,QQQ,0.49627912044525146,0,1
2018-04-10,2018-04-11,train_in_sample,IWM,0.5624330043792725,1,1
2018-04-11,2018-04-12,train_in_sample,SPY,0.6349354982376099,1,1
2018-04-11,2018-04-12,train_in_sample,QQQ,0.5121409296989441,1,1
2018-04-11,2018-04-12,train_in_sample,IWM,0.5869762301445007,1,1
2018-04-12,2018-04-13,train_in_sample,SPY,0.6401189565658569,0,0
2018-04-12,2018-04-13,train_in_sample,QQQ,0.4986473023891449,0,1
2018-04-12,2018-04-13,train_in_sample,IWM,0.6142686605453491,0,0
2018-04-13,2018-04-16,train_in_sample,SPY,0.624644935131073,1,1
2018-04-13,2018-04-16,train_in_sample,QQQ,0.4804811477661133,1,0
2018-04-13,2018-04-16,train_in_sample,IWM,0.5787214636802673,1,1
2018-04-16,2018-04-17,train_in_sample,SPY,0.6406583189964294,1,1
2018-04-16,2018-04-17,train_in_sample,QQQ,0.4635401964187622,1,0
2018-04-16,2018-04-17,train_in_sample,IWM,0.5632074475288391,1,1
2018-04-17,2018-04-18,train_in_sample,SPY,0.5858914852142334,1,1
2018-04-17,2018-04-18,train_in_sample,QQQ,0.4910036027431488,1,0
2018-04-17,2018-04-18,train_in_sample,IWM,0.572943925857544,1,1
2018-04-18,2018-04-19,train_in_sample,SPY,0.5991767644882202,0,0
2018-04-18,2018-04-19,train_in_sample,QQQ,0.49892935156822205,0,1
2018-04-18,2018-04-19,train_in_sample,IWM,0.5755506157875061,0,0
2018-04-19,2018-04-20,train_in_sample,SPY,0.5999090671539307,0,0
2018-04-19,2018-04-20,train_in_sample,QQQ,0.49895480275154114,0,1
2018-04-19,2018-04-20,train_in_sample,IWM,0.5702872276306152,0,0
2018-04-20,2018-04-23,train_in_sample,SPY,0.6331992745399475,0,0
2018-04-20,2018-04-23,train_in_sample,QQQ,0.535834789276123,0,0
2018-04-20,2018-04-23,train_in_sample,IWM,0.5859991312026978,0,0
2018-04-23,2018-04-24,train_in_sample,SPY,0.602005124092102,0,0
2018-04-23,2018-04-24,train_in_sample,QQQ,0.5023955702781677,0,0
2018-04-23,2018-04-24,train_in_sample,IWM,0.5900213718414307,0,0
2018-04-24,2018-04-25,train_in_sample,SPY,0.5987949967384338,1,1
2018-04-24,2018-04-25,train_in_sample,QQQ,0.5246763825416565,1,1
2018-04-24,2018-04-25,train_in_sample,IWM,0.5699555277824402,0,0
2018-04-25,2018-04-26,train_in_sample,SPY,0.6030468940734863,1,1
2018-04-25,2018-04-26,train_in_sample,QQQ,0.5420143008232117,1,1
2018-04-25,2018-04-26,train_in_sample,IWM,0.5976008176803589,1,1
2018-04-26,2018-04-27,train_in_sample,SPY,0.5866543650627136,1,1
2018-04-26,2018-04-27,train_in_sample,QQQ,0.5176113247871399,1,1
2018-04-26,2018-04-27,train_in_sample,IWM,0.5840194821357727,0,0
2018-04-27,2018-04-30,train_in_sample,SPY,0.5784481167793274,0,0
2018-04-27,2018-04-30,train_in_sample,QQQ,0.5269914269447327,0,0
2018-04-27,2018-04-30,train_in_sample,IWM,0.5868714451789856,0,0
2018-04-30,2018-05-01,train_in_sample,SPY,0.6195339560508728,1,1
2018-04-30,2018-05-01,train_in_sample,QQQ,0.5088095664978027,1,1
2018-04-30,2018-05-01,train_in_sample,IWM,0.6111186146736145,1,1
2018-05-01,2018-05-02,train_in_sample,SPY,0.6143826842308044,0,0
2018-05-01,2018-05-02,train_in_sample,QQQ,0.5384829640388489,0,0
2018-05-01,2018-05-02,train_in_sample,IWM,0.6270492076873779,1,1
2018-05-02,2018-05-03,train_in_sample,SPY,0.6098271608352661,0,0
2018-05-02,2018-05-03,train_in_sample,QQQ,0.5547950267791748,0,0
2018-05-02,2018-05-03,train_in_sample,IWM,0.6069082617759705,0,0
2018-05-03,2018-05-04,train_in_sample,SPY,0.6087537407875061,1,1
2018-05-03,2018-05-04,train_in_sample,QQQ,0.5511117577552795,1,1
2018-05-03,2018-05-04,train_in_sample,IWM,0.6056832671165466,1,1
2018-05-04,2018-05-07,train_in_sample,SPY,0.5948870182037354,1,1
2018-05-04,2018-05-07,train_in_sample,QQQ,0.5297802090644836,1,1
2018-05-04,2018-05-07,train_in_sample,IWM,0.6019402742385864,1,1
2018-05-07,2018-05-08,train_in_sample,SPY,0.6103973388671875,0,0
2018-05-07,2018-05-08,train_in_sample,QQQ,0.5045173764228821,0,0
2018-05-07,2018-05-08,train_in_sample,IWM,0.604631781578064,1,1
2018-05-08,2018-05-09,train_in_sample,SPY,0.6024577021598816,1,1
2018-05-08,2018-05-09,train_in_sample,QQQ,0.5079228281974792,1,1
2018-05-08,2018-05-09,train_in_sample,IWM,0.5838265419006348,1,1
2018-05-09,2018-05-10,train_in_sample,SPY,0.5846592783927917,1,1
2018-05-09,2018-05-10,train_in_sample,QQQ,0.524888813495636,1,1
2018-05-09,2018-05-10,train_in_sample,IWM,0.6019508242607117,1,1
2018-05-10,2018-05-11,train_in_sample,SPY,0.6022018790245056,1,1
2018-05-10,2018-05-11,train_in_sample,QQQ,0.5282871127128601,0,0
2018-05-10,2018-05-11,train_in_sample,IWM,0.5959359407424927,1,1
2018-05-11,2018-05-14,train_in_sample,SPY,0.6204942464828491,1,1
2018-05-11,2018-05-14,train_in_sample,QQQ,0.5175437927246094,1,1
2018-05-11,2018-05-14,train_in_sample,IWM,0.601762592792511,0,0
2018-05-14,2018-05-15,train_in_sample,SPY,0.6102016568183899,0,0
2018-05-14,2018-05-15,train_in_sample,QQQ,0.4946303367614746,0,1
2018-05-14,2018-05-15,train_in_sample,IWM,0.5979710221290588,1,1
2018-05-15,2018-05-16,train_in_sample,SPY,0.6393895745277405,1,1
2018-05-15,2018-05-16,train_in_sample,QQQ,0.5290862917900085,1,1
2018-05-15,2018-05-16,train_in_sample,IWM,0.5855584144592285,1,1
2018-05-16,2018-05-17,train_in_sample,SPY,0.5938489437103271,0,0
2018-05-16,2018-05-17,train_in_sample,QQQ,0.5243964195251465,0,0
2018-05-16,2018-05-17,train_in_sample,IWM,0.6232110857963562,1,1
2018-05-17,2018-05-18,train_in_sample,SPY,0.6346874833106995,0,0
2018-05-17,2018-05-18,train_in_sample,QQQ,0.5063056945800781,0,0
2018-05-17,2018-05-18,train_in_sample,IWM,0.6239264607429504,1,1
2018-05-18,2018-05-21,train_in_sample,SPY,0.6272924542427063,1,1
2018-05-18,2018-05-21,train_in_sample,QQQ,0.4950912296772003,1,0
2018-05-18,2018-05-21,train_in_sample,IWM,0.5935032963752747,1,1
2018-05-21,2018-05-22,train_in_sample,SPY,0.5991944074630737,0,0
2018-05-21,2018-05-22,train_in_sample,QQQ,0.48199376463890076,0,1
2018-05-21,2018-05-22,train_in_sample,IWM,0.6124202609062195,0,0
2018-05-22,2018-05-23,train_in_sample,SPY,0.6169683933258057,1,1
2018-05-22,2018-05-23,train_in_sample,QQQ,0.46976175904273987,1,0
2018-05-22,2018-05-23,train_in_sample,IWM,0.5740326642990112,1,1
2018-05-23,2018-05-24,train_in_sample,SPY,0.5901076197624207,0,0
2018-05-23,2018-05-24,train_in_sample,QQQ,0.5299332737922668,0,0
2018-05-23,2018-05-24,train_in_sample,IWM,0.5857926607131958,1,1
2018-05-24,2018-05-25,train_in_sample,SPY,0.6184322237968445,0,0
2018-05-24,2018-05-25,train_in_sample,QQQ,0.5395735502243042,1,1
2018-05-24,2018-05-25,train_in_sample,IWM,0.6025430560112,0,0
2018-05-25,2018-05-29,train_in_sample,SPY,0.6080870032310486,0,0
2018-05-25,2018-05-29,train_in_sample,QQQ,0.5331723690032959,0,0
2018-05-25,2018-05-29,train_in_sample,IWM,0.6127959489822388,0,0
2018-05-29,2018-05-30,train_in_sample,SPY,0.6430239081382751,1,1
2018-05-29,2018-05-30,train_in_sample,QQQ,0.5080487728118896,1,1
2018-05-29,2018-05-30,train_in_sample,IWM,0.595472514629364,1,1
2018-05-30,2018-05-31,train_in_sample,SPY,0.6195865869522095,0,0
2018-05-30,2018-05-31,train_in_sample,QQQ,0.5376477837562561,0,0
2018-05-30,2018-05-31,train_in_sample,IWM,0.618082582950592,0,0
2018-05-31,2018-06-01,train_in_sample,SPY,0.6397120952606201,1,1
2018-05-31,2018-06-01,train_in_sample,QQQ,0.4917142689228058,1,0
2018-05-31,2018-06-01,train_in_sample,IWM,0.5665669441223145,1,1
2018-06-01,2018-06-04,train_in_sample,SPY,0.5987688302993774,1,1
2018-06-01,2018-06-04,train_in_sample,QQQ,0.5622892379760742,1,1
2018-06-01,2018-06-04,train_in_sample,IWM,0.5928818583488464,1,1
2018-06-04,2018-06-05,train_in_sample,SPY,0.6130914688110352,1,1
2018-06-04,2018-06-05,train_in_sample,QQQ,0.4952406585216522,1,0
2018-06-04,2018-06-05,train_in_sample,IWM,0.58017498254776,1,1
2018-06-05,2018-06-06,train_in_sample,SPY,0.6201658248901367,1,1
2018-06-05,2018-06-06,train_in_sample,QQQ,0.5460233688354492,1,1
2018-06-05,2018-06-06,train_in_sample,IWM,0.6086713671684265,1,1
2018-06-06,2018-06-07,train_in_sample,SPY,0.59510338306427,0,0
2018-06-06,2018-06-07,train_in_sample,QQQ,0.5457139611244202,0,0
2018-06-06,2018-06-07,train_in_sample,IWM,0.6125587224960327,0,0
2018-06-07,2018-06-08,train_in_sample,SPY,0.6005872488021851,1,1
2018-06-07,2018-06-08,train_in_sample,QQQ,0.5559576749801636,1,1
2018-06-07,2018-06-08,train_in_sample,IWM,0.6001672148704529,1,1
2018-06-08,2018-06-11,train_in_sample,SPY,0.6179189085960388,1,1
2018-06-08,2018-06-11,train_in_sample,QQQ,0.5262381434440613,1,1
2018-06-08,2018-06-11,train_in_sample,IWM,0.5917792916297913,1,1
2018-06-11,2018-06-12,train_in_sample,SPY,0.6456512212753296,1,1
2018-06-11,2018-06-12,train_in_sample,QQQ,0.4885161519050598,1,0
2018-06-11,2018-06-12,train_in_sample,IWM,0.604546308517456,1,1
2018-06-12,2018-06-13,train_in_sample,SPY,0.6432053446769714,0,0
2018-06-12,2018-06-13,train_in_sample,QQQ,0.4974539577960968,0,1
2018-06-12,2018-06-13,train_in_sample,IWM,0.61393803358078,0,0
2018-06-13,2018-06-14,train_in_sample,SPY,0.6084294319152832,1,1
2018-06-13,2018-06-14,train_in_sample,QQQ,0.4759501516819,1,0
2018-06-13,2018-06-14,train_in_sample,IWM,0.5978522300720215,1,1
2018-06-14,2018-06-15,train_in_sample,SPY,0.6197522282600403,0,0
2018-06-14,2018-06-15,train_in_sample,QQQ,0.5117540955543518,0,0
2018-06-14,2018-06-15,train_in_sample,IWM,0.5893696546554565,0,0
2018-06-15,2018-06-18,train_in_sample,SPY,0.6387290954589844,0,0
2018-06-15,2018-06-18,train_in_sample,QQQ,0.4942502975463867,0,1
2018-06-15,2018-06-18,train_in_sample,IWM,0.548841655254364,1,1
2018-06-18,2018-06-19,train_in_sample,SPY,0.6117124557495117,0,0
2018-06-18,2018-06-19,train_in_sample,QQQ,0.5153000354766846,0,0
2018-06-18,2018-06-19,train_in_sample,IWM,0.6260972619056702,1,1
2018-06-19,2018-06-20,train_in_sample,SPY,0.5985543727874756,1,1
2018-06-19,2018-06-20,train_in_sample,QQQ,0.4809589087963104,1,0
2018-06-19,2018-06-20,train_in_sample,IWM,0.576705813407898,1,1
2018-06-20,2018-06-21,train_in_sample,SPY,0.6079789996147156,0,0
2018-06-20,2018-06-21,train_in_sample,QQQ,0.5351812243461609,0,0
2018-06-20,2018-06-21,train_in_sample,IWM,0.5880053639411926,0,0
2018-06-21,2018-06-22,train_in_sample,SPY,0.6092296838760376,1,1
2018-06-21,2018-06-22,train_in_sample,QQQ,0.5194690823554993,0,0
2018-06-21,2018-06-22,train_in_sample,IWM,0.6165904998779297,0,0
2018-06-22,2018-06-25,train_in_sample,SPY,0.6027705073356628,0,0
2018-06-22,2018-06-25,train_in_sample,QQQ,0.5529971122741699,0,0
2018-06-22,2018-06-25,train_in_sample,IWM,0.6048260927200317,0,0
2018-06-25,2018-06-26,train_in_sample,SPY,0.6329260468482971,1,1
2018-06-25,2018-06-26,train_in_sample,QQQ,0.5030671954154968,1,1
2018-06-25,2018-06-26,train_in_sample,IWM,0.5624322295188904,1,1
2018-06-26,2018-06-27,train_in_sample,SPY,0.6081183552742004,0,0
2018-06-26,2018-06-27,train_in_sample,QQQ,0.5626412034034729,0,0
2018-06-26,2018-06-27,train_in_sample,IWM,0.60785973072052,0,0
2018-06-27,2018-06-28,train_in_sample,SPY,0.6111634373664856,1,1
2018-06-27,2018-06-28,train_in_sample,QQQ,0.5506318211555481,1,1
2018-06-27,2018-06-28,train_in_sample,IWM,0.5976675152778625,1,1
2018-06-28,2018-06-29,train_in_sample,SPY,0.600986659526825,1,1
2018-06-28,2018-06-29,train_in_sample,QQQ,0.5588185787200928,1,1
2018-06-28,2018-06-29,train_in_sample,IWM,0.6095232963562012,0,0
2018-06-29,2018-07-02,train_in_sample,SPY,0.6140837073326111,1,1
2018-06-29,2018-07-02,train_in_sample,QQQ,0.553182065486908,1,1
2018-06-29,2018-07-02,train_in_sample,IWM,0.5846961736679077,1,1
2018-07-02,2018-07-03,train_in_sample,SPY,0.601500928401947,0,0
2018-07-02,2018-07-03,train_in_sample,QQQ,0.5239025950431824,0,0
2018-07-02,2018-07-03,train_in_sample,IWM,0.5952019095420837,1,1
2018-07-03,2018-07-05,train_in_sample,SPY,0.5935236215591431,1,1
2018-07-03,2018-07-05,train_in_sample,QQQ,0.5342199802398682,1,1
2018-07-03,2018-07-05,train_in_sample,IWM,0.6064658761024475,1,1
2018-07-05,2018-07-06,train_in_sample,SPY,0.5880661010742188,1,1
2018-07-05,2018-07-06,train_in_sample,QQQ,0.4824393391609192,1,0
2018-07-05,2018-07-06,train_in_sample,IWM,0.5578508973121643,1,1
2018-07-06,2018-07-09,train_in_sample,SPY,0.5893061757087708,1,1
2018-07-06,2018-07-09,train_in_sample,QQQ,0.5217021703720093,1,1
2018-07-06,2018-07-09,train_in_sample,IWM,0.5767626762390137,1,1
2018-07-09,2018-07-10,train_in_sample,SPY,0.5814470648765564,1,1
2018-07-09,2018-07-10,train_in_sample,QQQ,0.51777583360672,1,1
2018-07-09,2018-07-10,train_in_sample,IWM,0.5722345113754272,0,0
2018-07-10,2018-07-11,train_in_sample,SPY,0.612397313117981,0,0
2018-07-10,2018-07-11,train_in_sample,QQQ,0.54854816198349,0,0
2018-07-10,2018-07-11,train_in_sample,IWM,0.6189007759094238,0,0
2018-07-11,2018-07-12,train_in_sample,SPY,0.6136475801467896,1,1
2018-07-11,2018-07-12,train_in_sample,QQQ,0.5420144200325012,1,1
2018-07-11,2018-07-12,train_in_sample,IWM,0.5966424942016602,1,1
2018-07-12,2018-07-13,train_in_sample,SPY,0.5728911757469177,1,1
2018-07-12,2018-07-13,train_in_sample,QQQ,0.5125598907470703,1,1
2018-07-12,2018-07-13,train_in_sample,IWM,0.5882973074913025,0,0
2018-07-13,2018-07-16,train_in_sample,SPY,0.5900281667709351,0,0
2018-07-13,2018-07-16,train_in_sample,QQQ,0.5399787425994873,0,0
2018-07-13,2018-07-16,train_in_sample,IWM,0.5985050797462463,0,0
2018-07-16,2018-07-17,train_in_sample,SPY,0.5992269515991211,1,1
2018-07-16,2018-07-17,train_in_sample,QQQ,0.4840197265148163,1,0
2018-07-16,2018-07-17,train_in_sample,IWM,0.5733343362808228,1,1
2018-07-17,2018-07-18,train_in_sample,SPY,0.6097575426101685,1,1
2018-07-17,2018-07-18,train_in_sample,QQQ,0.5032830238342285,0,0
2018-07-17,2018-07-18,train_in_sample,IWM,0.5898150205612183,1,1
2018-07-18,2018-07-19,train_in_sample,SPY,0.6085888147354126,0,0
2018-07-18,2018-07-19,train_in_sample,QQQ,0.5169589519500732,0,0
2018-07-18,2018-07-19,train_in_sample,IWM,0.6098507642745972,1,1
2018-07-19,2018-07-20,train_in_sample,SPY,0.6346799731254578,0,0
2018-07-19,2018-07-20,train_in_sample,QQQ,0.5143439173698425,0,0
2018-07-19,2018-07-20,train_in_sample,IWM,0.5734256505966187,0,0
2018-07-20,2018-07-23,train_in_sample,SPY,0.6175126433372498,1,1
2018-07-20,2018-07-23,train_in_sample,QQQ,0.5340615510940552,1,1
2018-07-20,2018-07-23,train_in_sample,IWM,0.583449125289917,1,1
2018-07-23,2018-07-24,train_in_sample,SPY,0.5821580290794373,1,1
2018-07-23,2018-07-24,train_in_sample,QQQ,0.48329660296440125,1,0
2018-07-23,2018-07-24,train_in_sample,IWM,0.5897759795188904,0,0
2018-07-24,2018-07-25,train_in_sample,SPY,0.5756964683532715,1,1
2018-07-24,2018-07-25,train_in_sample,QQQ,0.5368489623069763,1,1
2018-07-24,2018-07-25,train_in_sample,IWM,0.5782831907272339,1,1
2018-07-25,2018-07-26,train_in_sample,SPY,0.5812035202980042,0,0
2018-07-25,2018-07-26,train_in_sample,QQQ,0.5521216988563538,0,0
2018-07-25,2018-07-26,train_in_sample,IWM,0.5868968367576599,1,1
2018-07-26,2018-07-27,train_in_sample,SPY,0.6116424798965454,0,0
2018-07-26,2018-07-27,train_in_sample,QQQ,0.5773189067840576,0,0
2018-07-26,2018-07-27,train_in_sample,IWM,0.5935101509094238,0,0
2018-07-27,2018-07-30,train_in_sample,SPY,0.5582142472267151,0,0
2018-07-27,2018-07-30,train_in_sample,QQQ,0.5381619334220886,0,0
2018-07-27,2018-07-30,train_in_sample,IWM,0.5730928182601929,0,0
2018-07-30,2018-07-31,train_in_sample,SPY,0.5832969546318054,1,1
2018-07-30,2018-07-31,train_in_sample,QQQ,0.5719414949417114,1,1
2018-07-30,2018-07-31,train_in_sample,IWM,0.587985634803772,1,1
2018-07-31,2018-08-01,train_in_sample,SPY,0.6032127737998962,0,0
2018-07-31,2018-08-01,train_in_sample,QQQ,0.5637035369873047,1,1
2018-07-31,2018-08-01,train_in_sample,IWM,0.5926571488380432,0,0
2018-08-01,2018-08-02,train_in_sample,SPY,0.5990235209465027,1,1
2018-08-01,2018-08-02,train_in_sample,QQQ,0.5457081198692322,1,1
2018-08-01,2018-08-02,train_in_sample,IWM,0.5928774476051331,1,1
2018-08-02,2018-08-03,train_in_sample,SPY,0.5734590291976929,1,1
2018-08-02,2018-08-03,train_in_sample,QQQ,0.5616541504859924,1,1
2018-08-02,2018-08-03,train_in_sample,IWM,0.6089679002761841,0,0
2018-08-03,2018-08-06,train_in_sample,SPY,0.5874524116516113,1,1
2018-08-03,2018-08-06,train_in_sample,QQQ,0.5707421898841858,1,1
2018-08-03,2018-08-06,train_in_sample,IWM,0.59520024061203,1,1
2018-08-06,2018-08-07,train_in_sample,SPY,0.5958415865898132,1,1
2018-08-06,2018-08-07,train_in_sample,QQQ,0.533467710018158,1,1
2018-08-06,2018-08-07,train_in_sample,IWM,0.5992723107337952,1,1
2018-08-07,2018-08-08,train_in_sample,SPY,0.5714139342308044,0,0
2018-08-07,2018-08-08,train_in_sample,QQQ,0.5233632326126099,1,1
2018-08-07,2018-08-08,train_in_sample,IWM,0.5876643061637878,0,0
2018-08-08,2018-08-09,train_in_sample,SPY,0.5760672092437744,0,0
2018-08-08,2018-08-09,train_in_sample,QQQ,0.5560277104377747,0,0
2018-08-08,2018-08-09,train_in_sample,IWM,0.5843014717102051,1,1
2018-08-09,2018-08-10,train_in_sample,SPY,0.6096246242523193,0,0
2018-08-09,2018-08-10,train_in_sample,QQQ,0.5573418736457825,0,0
2018-08-09,2018-08-10,train_in_sample,IWM,0.6193141937255859,0,0
2018-08-10,2018-08-13,train_in_sample,SPY,0.5929251909255981,0,0
2018-08-10,2018-08-13,train_in_sample,QQQ,0.5511980652809143,0,0
2018-08-10,2018-08-13,train_in_sample,IWM,0.5936798453330994,0,0
2018-08-13,2018-08-14,train_in_sample,SPY,0.6203980445861816,1,1
2018-08-13,2018-08-14,train_in_sample,QQQ,0.530517041683197,1,1
2018-08-13,2018-08-14,train_in_sample,IWM,0.5962554216384888,1,1
2018-08-14,2018-08-15,train_in_sample,SPY,0.5841172933578491,0,0
2018-08-14,2018-08-15,train_in_sample,QQQ,0.5331107378005981,0,0
2018-08-14,2018-08-15,train_in_sample,IWM,0.5865144729614258,0,0
2018-08-15,2018-08-16,train_in_sample,SPY,0.6138879656791687,1,1
2018-08-15,2018-08-16,train_in_sample,QQQ,0.5850937366485596,1,1
2018-08-15,2018-08-16,train_in_sample,IWM,0.5952949523925781,1,1
2018-08-16,2018-08-17,train_in_sample,SPY,0.6135806441307068,1,1
2018-08-16,2018-08-17,train_in_sample,QQQ,0.554494321346283,1,1
2018-08-16,2018-08-17,train_in_sample,IWM,0.603206217288971,1,1
2018-08-17,2018-08-20,train_in_sample,SPY,0.5968925356864929,1,1
2018-08-17,2018-08-20,train_in_sample,QQQ,0.5348067283630371,0,0
2018-08-17,2018-08-20,train_in_sample,IWM,0.5632098317146301,1,1
2018-08-20,2018-08-21,train_in_sample,SPY,0.6019190549850464,1,1
2018-08-20,2018-08-21,train_in_sample,QQQ,0.5318616032600403,1,1
2018-08-20,2018-08-21,train_in_sample,IWM,0.607418954372406,1,1
2018-08-21,2018-08-22,train_in_sample,SPY,0.616386353969574,0,0
2018-08-21,2018-08-22,train_in_sample,QQQ,0.5188605189323425,1,1
2018-08-21,2018-08-22,train_in_sample,IWM,0.5592763423919678,1,1
2018-08-22,2018-08-23,train_in_sample,SPY,0.5766175985336304,0,0
2018-08-22,2018-08-23,train_in_sample,QQQ,0.47431012988090515,0,1
2018-08-22,2018-08-23,train_in_sample,IWM,0.5832056999206543,0,0
2018-08-23,2018-08-24,train_in_sample,SPY,0.6062548160552979,1,1
2018-08-23,2018-08-24,train_in_sample,QQQ,0.5101936459541321,1,1
2018-08-23,2018-08-24,train_in_sample,IWM,0.6087766289710999,1,1
2018-08-24,2018-08-27,train_in_sample,SPY,0.6275073289871216,1,1
2018-08-24,2018-08-27,train_in_sample,QQQ,0.5438059568405151,1,1
2018-08-24,2018-08-27,train_in_sample,IWM,0.6104881763458252,1,1
2018-08-27,2018-08-28,train_in_sample,SPY,0.6246397495269775,1,1
2018-08-27,2018-08-28,train_in_sample,QQQ,0.49559783935546875,1,0
2018-08-27,2018-08-28,train_in_sample,IWM,0.5829275250434875,1,1
2018-08-28,2018-08-29,train_in_sample,SPY,0.6155521273612976,1,1
2018-08-28,2018-08-29,train_in_sample,QQQ,0.5164799690246582,1,1
2018-08-28,2018-08-29,train_in_sample,IWM,0.6102853417396545,1,1
2018-08-29,2018-08-30,train_in_sample,SPY,0.5919413566589355,0,0
2018-08-29,2018-08-30,train_in_sample,QQQ,0.49404481053352356,0,1
2018-08-29,2018-08-30,train_in_sample,IWM,0.5770794153213501,0,0
2018-08-30,2018-08-31,train_in_sample,SPY,0.6248903274536133,0,0
2018-08-30,2018-08-31,train_in_sample,QQQ,0.5104063749313354,1,1
2018-08-30,2018-08-31,train_in_sample,IWM,0.5783033967018127,1,1
2018-08-31,2018-09-04,train_in_sample,SPY,0.6252572536468506,0,0
2018-08-31,2018-09-04,train_in_sample,QQQ,0.5363150835037231,0,0
2018-08-31,2018-09-04,train_in_sample,IWM,0.5656094551086426,0,0
2018-09-04,2018-09-05,train_in_sample,SPY,0.5838396549224854,0,0
2018-09-04,2018-09-05,train_in_sample,QQQ,0.5308939814567566,0,0
2018-09-04,2018-09-05,train_in_sample,IWM,0.55778568983078,0,0
2018-09-05,2018-09-06,train_in_sample,SPY,0.5961122512817383,0,0
2018-09-05,2018-09-06,train_in_sample,QQQ,0.5683557987213135,0,0
2018-09-05,2018-09-06,train_in_sample,IWM,0.6057695150375366,0,0
2018-09-06,2018-09-07,train_in_sample,SPY,0.5900262594223022,0,0
2018-09-06,2018-09-07,train_in_sample,QQQ,0.56779944896698,0,0
2018-09-06,2018-09-07,train_in_sample,IWM,0.5706340670585632,0,0
2018-09-07,2018-09-10,train_in_sample,SPY,0.5977053642272949,1,1
2018-09-07,2018-09-10,train_in_sample,QQQ,0.5645688772201538,1,1
2018-09-07,2018-09-10,train_in_sample,IWM,0.5872438549995422,1,1
2018-09-10,2018-09-11,train_in_sample,SPY,0.6052765846252441,1,1
2018-09-10,2018-09-11,train_in_sample,QQQ,0.5402765274047852,1,1
2018-09-10,2018-09-11,train_in_sample,IWM,0.5966271162033081,1,1
2018-09-11,2018-09-12,train_in_sample,SPY,0.5758156180381775,1,1
2018-09-11,2018-09-12,train_in_sample,QQQ,0.5637655258178711,0,0
2018-09-11,2018-09-12,train_in_sample,IWM,0.6068686246871948,0,0
2018-09-12,2018-09-13,train_in_sample,SPY,0.5999752879142761,1,1
2018-09-12,2018-09-13,train_in_sample,QQQ,0.5679183006286621,1,1
2018-09-12,2018-09-13,train_in_sample,IWM,0.598689615726471,1,1
2018-09-13,2018-09-14,train_in_sample,SPY,0.6019865274429321,1,1
2018-09-13,2018-09-14,train_in_sample,QQQ,0.5179556012153625,0,0
2018-09-13,2018-09-14,train_in_sample,IWM,0.568114161491394,1,1
2018-09-14,2018-09-17,train_in_sample,SPY,0.6016928553581238,0,0
2018-09-14,2018-09-17,train_in_sample,QQQ,0.5537062287330627,0,0
2018-09-14,2018-09-17,train_in_sample,IWM,0.5905548334121704,0,0
2018-09-17,2018-09-18,train_in_sample,SPY,0.6079126000404358,1,1
2018-09-17,2018-09-18,train_in_sample,QQQ,0.5382448434829712,1,1
2018-09-17,2018-09-18,train_in_sample,IWM,0.5674276351928711,1,1
2018-09-18,2018-09-19,train_in_sample,SPY,0.5974380373954773,1,1
2018-09-18,2018-09-19,train_in_sample,QQQ,0.5754175782203674,0,0
2018-09-18,2018-09-19,train_in_sample,IWM,0.5896942615509033,0,0
2018-09-19,2018-09-20,train_in_sample,SPY,0.5884948372840881,1,1
2018-09-19,2018-09-20,train_in_sample,QQQ,0.5499783158302307,1,1
2018-09-19,2018-09-20,train_in_sample,IWM,0.5806925296783447,1,1
2018-09-20,2018-09-21,train_in_sample,SPY,0.6163479685783386,0,0
2018-09-20,2018-09-21,train_in_sample,QQQ,0.5633134245872498,0,0
2018-09-20,2018-09-21,train_in_sample,IWM,0.5886134505271912,0,0
2018-09-21,2018-09-24,train_in_sample,SPY,0.6272603273391724,0,0
2018-09-21,2018-09-24,train_in_sample,QQQ,0.5384092926979065,1,1
2018-09-21,2018-09-24,train_in_sample,IWM,0.5664578080177307,0,0
2018-09-24,2018-09-25,train_in_sample,SPY,0.5763119459152222,0,0
2018-09-24,2018-09-25,train_in_sample,QQQ,0.5582019686698914,1,1
2018-09-24,2018-09-25,train_in_sample,IWM,0.6037909388542175,1,1
2018-09-25,2018-09-26,train_in_sample,SPY,0.5982136130332947,0,0
2018-09-25,2018-09-26,train_in_sample,QQQ,0.5526105165481567,1,1
2018-09-25,2018-09-26,train_in_sample,IWM,0.5925270915031433,0,0
2018-09-26,2018-09-27,train_in_sample,SPY,0.6018258333206177,1,1
2018-09-26,2018-09-27,train_in_sample,QQQ,0.5602905750274658,1,1
2018-09-26,2018-09-27,train_in_sample,IWM,0.5974283218383789,1,1
2018-09-27,2018-09-28,train_in_sample,SPY,0.6150250434875488,0,0
2018-09-27,2018-09-28,train_in_sample,QQQ,0.5360824465751648,0,0
2018-09-27,2018-09-28,train_in_sample,IWM,0.5898535251617432,1,1
2018-09-28,2018-10-01,train_in_sample,SPY,0.6294284462928772,1,1
2018-09-28,2018-10-01,train_in_sample,QQQ,0.5493941307067871,1,1
2018-09-28,2018-10-01,train_in_sample,IWM,0.5798608660697937,0,0
2018-10-01,2018-10-02,train_in_sample,SPY,0.5904830098152161,0,0
2018-10-01,2018-10-02,train_in_sample,QQQ,0.5533583164215088,0,0
2018-10-01,2018-10-02,train_in_sample,IWM,0.6030977964401245,0,0
2018-10-02,2018-10-03,train_in_sample,SPY,0.5817564725875854,1,1
2018-10-02,2018-10-03,train_in_sample,QQQ,0.5579341650009155,1,1
2018-10-02,2018-10-03,train_in_sample,IWM,0.6000707745552063,1,1
2018-10-03,2018-10-04,train_in_sample,SPY,0.6165058016777039,0,0
2018-10-03,2018-10-04,train_in_sample,QQQ,0.557702898979187,0,0
2018-10-03,2018-10-04,train_in_sample,IWM,0.5966853499412537,0,0
2018-10-04,2018-10-05,train_in_sample,SPY,0.5759974718093872,0,0
2018-10-04,2018-10-05,train_in_sample,QQQ,0.6015682220458984,0,0
2018-10-04,2018-10-05,train_in_sample,IWM,0.5691332817077637,0,0
2018-10-05,2018-10-08,train_in_sample,SPY,0.5801520347595215,0,0
2018-10-05,2018-10-08,train_in_sample,QQQ,0.5726238489151001,0,0
2018-10-05,2018-10-08,train_in_sample,IWM,0.5756920576095581,0,0
2018-10-08,2018-10-09,train_in_sample,SPY,0.580734133720398,0,0
2018-10-08,2018-10-09,train_in_sample,QQQ,0.5661078095436096,1,1
2018-10-08,2018-10-09,train_in_sample,IWM,0.5842540264129639,0,0
2018-10-09,2018-10-10,train_in_sample,SPY,0.5832632780075073,0,0
2018-10-09,2018-10-10,train_in_sample,QQQ,0.5820475816726685,0,0
2018-10-09,2018-10-10,train_in_sample,IWM,0.59360671043396,0,0
2018-10-10,2018-10-11,train_in_sample,SPY,0.5992403626441956,0,0
2018-10-10,2018-10-11,train_in_sample,QQQ,0.5755944848060608,0,0
2018-10-10,2018-10-11,train_in_sample,IWM,0.5612707138061523,0,0
2018-10-11,2018-10-12,train_in_sample,SPY,0.6008607149124146,1,1
2018-10-11,2018-10-12,train_in_sample,QQQ,0.5668266415596008,1,1
2018-10-11,2018-10-12,train_in_sample,IWM,0.5700328350067139,1,1
2018-10-12,2018-10-15,train_in_sample,SPY,0.5784333348274231,0,0
2018-10-12,2018-10-15,train_in_sample,QQQ,0.5467115640640259,0,0
2018-10-12,2018-10-15,train_in_sample,IWM,0.5554467439651489,1,1
2018-10-15,2018-10-16,train_in_sample,SPY,0.5878241658210754,1,1
2018-10-15,2018-10-16,train_in_sample,QQQ,0.5822666883468628,1,1
2018-10-15,2018-10-16,train_in_sample,IWM,0.5774520039558411,1,1
2018-10-16,2018-10-17,train_in_sample,SPY,0.5711072683334351,1,1
2018-10-16,2018-10-17,train_in_sample,QQQ,0.5345003008842468,1,1
2018-10-16,2018-10-17,train_in_sample,IWM,0.5640066862106323,0,0
2018-10-17,2018-10-18,train_in_sample,SPY,0.5668445825576782,0,0
2018-10-17,2018-10-18,train_in_sample,QQQ,0.5091829895973206,0,0
2018-10-17,2018-10-18,train_in_sample,IWM,0.5531938076019287,0,0
2018-10-18,2018-10-19,train_in_sample,SPY,0.6018638610839844,0,0
2018-10-18,2018-10-19,train_in_sample,QQQ,0.5721524953842163,0,0
2018-10-18,2018-10-19,train_in_sample,IWM,0.5592796802520752,0,0
2018-10-19,2018-10-22,train_in_sample,SPY,0.5782841444015503,0,0
2018-10-19,2018-10-22,train_in_sample,QQQ,0.5502828359603882,1,1
2018-10-19,2018-10-22,train_in_sample,IWM,0.5335215926170349,0,0
2018-10-22,2018-10-23,train_in_sample,SPY,0.5733674168586731,0,0
2018-10-22,2018-10-23,train_in_sample,QQQ,0.5575066208839417,0,0
2018-10-22,2018-10-23,train_in_sample,IWM,0.5591982007026672,0,0
2018-10-23,2018-10-24,train_in_sample,SPY,0.5687341690063477,0,0
2018-10-23,2018-10-24,train_in_sample,QQQ,0.5330133438110352,0,0
2018-10-23,2018-10-24,train_in_sample,IWM,0.5772678256034851,0,0
2018-10-24,2018-10-25,train_in_sample,SPY,0.5816940069198608,1,1
2018-10-24,2018-10-25,train_in_sample,QQQ,0.5600060820579529,1,1
2018-10-24,2018-10-25,train_in_sample,IWM,0.543670654296875,1,1
2018-10-25,2018-10-26,train_in_sample,SPY,0.5890210270881653,0,0
2018-10-25,2018-10-26,train_in_sample,QQQ,0.5497041940689087,0,0
2018-10-25,2018-10-26,train_in_sample,IWM,0.5622568726539612,0,0
2018-10-26,2018-10-29,train_in_sample,SPY,0.6136592626571655,0,0
2018-10-26,2018-10-29,train_in_sample,QQQ,0.5656086206436157,0,0
2018-10-26,2018-10-29,train_in_sample,IWM,0.5815666317939758,0,0
2018-10-29,2018-10-30,train_in_sample,SPY,0.5627420544624329,1,1
2018-10-29,2018-10-30,train_in_sample,QQQ,0.5560899376869202,1,1
2018-10-29,2018-10-30,train_in_sample,IWM,0.5289181470870972,1,1
2018-10-30,2018-10-31,train_in_sample,SPY,0.5898007750511169,1,1
2018-10-30,2018-10-31,train_in_sample,QQQ,0.5553762316703796,1,1
2018-10-30,2018-10-31,train_in_sample,IWM,0.5405790209770203,1,1
2018-10-31,2018-11-01,train_in_sample,SPY,0.5750269293785095,1,1
2018-10-31,2018-11-01,train_in_sample,QQQ,0.5438907146453857,1,1
2018-10-31,2018-11-01,train_in_sample,IWM,0.5179086327552795,1,1
2018-11-01,2018-11-02,train_in_sample,SPY,0.6120227575302124,0,0
2018-11-01,2018-11-02,train_in_sample,QQQ,0.553132176399231,0,0
2018-11-01,2018-11-02,train_in_sample,IWM,0.5576539039611816,1,1
2018-11-02,2018-11-05,train_in_sample,SPY,0.5969933867454529,1,1
2018-11-02,2018-11-05,train_in_sample,QQQ,0.5205759406089783,0,0
2018-11-02,2018-11-05,train_in_sample,IWM,0.5376827716827393,0,0
2018-11-05,2018-11-06,train_in_sample,SPY,0.5970956683158875,1,1
2018-11-05,2018-11-06,train_in_sample,QQQ,0.572493314743042,1,1
2018-11-05,2018-11-06,train_in_sample,IWM,0.579408586025238,1,1
2018-11-06,2018-11-07,train_in_sample,SPY,0.6008973717689514,1,1
2018-11-06,2018-11-07,train_in_sample,QQQ,0.5459991693496704,1,1
2018-11-06,2018-11-07,train_in_sample,IWM,0.5703039765357971,1,1
2018-11-07,2018-11-08,train_in_sample,SPY,0.5615281462669373,0,0
2018-11-07,2018-11-08,train_in_sample,QQQ,0.49203693866729736,0,1
2018-11-07,2018-11-08,train_in_sample,IWM,0.4963570535182953,0,1
2018-11-08,2018-11-09,train_in_sample,SPY,0.6082829236984253,0,0
2018-11-08,2018-11-09,train_in_sample,QQQ,0.4965245723724365,0,1
2018-11-08,2018-11-09,train_in_sample,IWM,0.5346500277519226,0,0
2018-11-09,2018-11-12,train_in_sample,SPY,0.5831694602966309,0,0
2018-11-09,2018-11-12,train_in_sample,QQQ,0.5428939461708069,0,0
2018-11-09,2018-11-12,train_in_sample,IWM,0.4780731499195099,0,1
2018-11-12,2018-11-13,train_in_sample,SPY,0.5784003138542175,0,0
2018-11-12,2018-11-13,train_in_sample,QQQ,0.49526989459991455,1,0
2018-11-12,2018-11-13,train_in_sample,IWM,0.5022402405738831,0,0
2018-11-13,2018-11-14,train_in_sample,SPY,0.6201376914978027,0,0
2018-11-13,2018-11-14,train_in_sample,QQQ,0.45827072858810425,0,1
2018-11-13,2018-11-14,train_in_sample,IWM,0.5343912839889526,0,0
2018-11-14,2018-11-15,train_in_sample,SPY,0.5604181289672852,1,1
2018-11-14,2018-11-15,train_in_sample,QQQ,0.5138283967971802,1,1
2018-11-14,2018-11-15,train_in_sample,IWM,0.5204236507415771,1,1
2018-11-15,2018-11-16,train_in_sample,SPY,0.5658368468284607,1,1
2018-11-15,2018-11-16,train_in_sample,QQQ,0.5176056623458862,0,0
2018-11-15,2018-11-16,train_in_sample,IWM,0.4960458278656006,1,0
2018-11-16,2018-11-19,train_in_sample,SPY,0.6225404739379883,0,0
2018-11-16,2018-11-19,train_in_sample,QQQ,0.522534191608429,0,0
2018-11-16,2018-11-19,train_in_sample,IWM,0.5136751532554626,0,0
2018-11-19,2018-11-20,train_in_sample,SPY,0.5954775810241699,0,0
2018-11-19,2018-11-20,train_in_sample,QQQ,0.4618898630142212,0,1
2018-11-19,2018-11-20,train_in_sample,IWM,0.49269840121269226,0,1
2018-11-20,2018-11-21,train_in_sample,SPY,0.6056826710700989,1,1
2018-11-20,2018-11-21,train_in_sample,QQQ,0.49827292561531067,1,0
2018-11-20,2018-11-21,train_in_sample,IWM,0.5090234875679016,1,1
2018-11-21,2018-11-23,train_in_sample,SPY,0.6134691834449768,0,0
2018-11-21,2018-11-23,train_in_sample,QQQ,0.466916561126709,0,1
2018-11-21,2018-11-23,train_in_sample,IWM,0.5315601229667664,0,0
2018-11-23,2018-11-26,train_in_sample,SPY,0.6340702176094055,1,1
2018-11-23,2018-11-26,train_in_sample,QQQ,0.5098425149917603,1,1
2018-11-23,2018-11-26,train_in_sample,IWM,0.5716615319252014,1,1
2018-11-26,2018-11-27,train_in_sample,SPY,0.5626530051231384,1,1
2018-11-26,2018-11-27,train_in_sample,QQQ,0.5327961444854736,1,1
2018-11-26,2018-11-27,train_in_sample,IWM,0.5350849628448486,0,0
2018-11-27,2018-11-28,train_in_sample,SPY,0.5666024088859558,1,1
2018-11-27,2018-11-28,train_in_sample,QQQ,0.5288206934928894,1,1
2018-11-27,2018-11-28,train_in_sample,IWM,0.5674003958702087,1,1
2018-11-28,2018-11-29,train_in_sample,SPY,0.5928646326065063,0,0
2018-11-28,2018-11-29,train_in_sample,QQQ,0.47467517852783203,0,1
2018-11-28,2018-11-29,train_in_sample,IWM,0.53240567445755,0,0
2018-11-29,2018-11-30,train_in_sample,SPY,0.6416593790054321,1,1
2018-11-29,2018-11-30,train_in_sample,QQQ,0.5353174805641174,1,1
2018-11-29,2018-11-30,train_in_sample,IWM,0.5671852231025696,1,1
2018-11-30,2018-12-03,train_in_sample,SPY,0.637772798538208,1,1
2018-11-30,2018-12-03,train_in_sample,QQQ,0.45713773369789124,1,0
2018-11-30,2018-12-03,train_in_sample,IWM,0.5239620804786682,1,1
2018-12-03,2018-12-04,train_in_sample,SPY,0.573872983455658,0,0
2018-12-03,2018-12-04,train_in_sample,QQQ,0.5373311042785645,0,0
2018-12-03,2018-12-04,train_in_sample,IWM,0.5383104085922241,0,0
2018-12-04,2018-12-06,train_in_sample,SPY,0.6133142709732056,0,0
2018-12-04,2018-12-06,train_in_sample,QQQ,0.535169243812561,1,1
2018-12-04,2018-12-06,train_in_sample,IWM,0.5526990294456482,0,0
2018-12-06,2018-12-07,train_in_sample,SPY,0.604438304901123,0,0
2018-12-06,2018-12-07,train_in_sample,QQQ,0.522638738155365,0,0
2018-12-06,2018-12-07,train_in_sample,IWM,0.5566744208335876,0,0
2018-12-07,2018-12-10,train_in_sample,SPY,0.6235578060150146,1,1
2018-12-07,2018-12-10,train_in_sample,QQQ,0.5248493552207947,1,1
2018-12-07,2018-12-10,train_in_sample,IWM,0.5166582465171814,0,0
2018-12-10,2018-12-11,train_in_sample,SPY,0.5970863103866577,1,1
2018-12-10,2018-12-11,train_in_sample,QQQ,0.5006279349327087,1,1
2018-12-10,2018-12-11,train_in_sample,IWM,0.5654062032699585,0,0
2018-12-11,2018-12-12,train_in_sample,SPY,0.5918633937835693,1,1
2018-12-11,2018-12-12,train_in_sample,QQQ,0.5029149651527405,1,1
2018-12-11,2018-12-12,train_in_sample,IWM,0.5372129678726196,1,1
2018-12-12,2018-12-13,train_in_sample,SPY,0.6439645290374756,0,0
2018-12-12,2018-12-13,train_in_sample,QQQ,0.4740658104419708,1,0
2018-12-12,2018-12-13,train_in_sample,IWM,0.5168702602386475,0,0
2018-12-13,2018-12-14,train_in_sample,SPY,0.5859384536743164,0,0
2018-12-13,2018-12-14,train_in_sample,QQQ,0.5279420614242554,0,0
2018-12-13,2018-12-14,train_in_sample,IWM,0.591143786907196,0,0
2018-12-14,2018-12-17,train_in_sample,SPY,0.6246089339256287,0,0
2018-12-14,2018-12-17,train_in_sample,QQQ,0.5211118459701538,0,0
2018-12-14,2018-12-17,train_in_sample,IWM,0.5390311479568481,0,0
2018-12-17,2018-12-18,train_in_sample,SPY,0.5919365286827087,0,0
2018-12-17,2018-12-18,train_in_sample,QQQ,0.5448659062385559,1,1
2018-12-17,2018-12-18,train_in_sample,IWM,0.5408685207366943,0,0
2018-12-18,2018-12-19,train_in_sample,SPY,0.6120651960372925,0,0
2018-12-18,2018-12-19,train_in_sample,QQQ,0.5225023627281189,0,0
2018-12-18,2018-12-19,train_in_sample,IWM,0.5873510241508484,0,0
2018-12-19,2018-12-20,train_in_sample,SPY,0.6129651665687561,0,0
2018-12-19,2018-12-20,train_in_sample,QQQ,0.4966578185558319,0,1
2018-12-19,2018-12-20,train_in_sample,IWM,0.5393081307411194,0,0
2018-12-20,2018-12-21,train_in_sample,SPY,0.6163195967674255,0,0
2018-12-20,2018-12-21,train_in_sample,QQQ,0.5263940691947937,0,0
2018-12-20,2018-12-21,train_in_sample,IWM,0.5284432768821716,0,0
2018-12-21,2018-12-24,train_in_sample,SPY,0.5905789136886597,0,0
2018-12-21,2018-12-24,train_in_sample,QQQ,0.5303566455841064,0,0
2018-12-21,2018-12-24,train_in_sample,IWM,0.49005794525146484,0,1
2018-12-24,2018-12-26,train_in_sample,SPY,0.6391820311546326,1,1
2018-12-24,2018-12-26,train_in_sample,QQQ,0.5069037079811096,1,1
2018-12-24,2018-12-26,train_in_sample,IWM,0.5586023926734924,1,1
2018-12-26,2018-12-27,train_in_sample,SPY,0.5019509196281433,1,1
2018-12-26,2018-12-27,train_in_sample,QQQ,0.4834941029548645,1,0
2018-12-26,2018-12-27,train_in_sample,IWM,0.5075016021728516,1,1
2018-12-27,2018-12-28,train_in_sample,SPY,0.5575303435325623,0,0
2018-12-27,2018-12-28,train_in_sample,QQQ,0.5044933557510376,0,0
2018-12-27,2018-12-28,train_in_sample,IWM,0.5647016763687134,1,1
2018-12-28,2018-12-31,train_in_sample,SPY,0.6127551198005676,1,1
2018-12-28,2018-12-31,train_in_sample,QQQ,0.5276743769645691,1,1
2018-12-28,2018-12-31,train_in_sample,IWM,0.5798019170761108,1,1
2018-12-31,2019-01-02,train_in_sample,SPY,0.6338914036750793,1,1
2018-12-31,2019-01-02,train_in_sample,QQQ,0.5061023235321045,1,1
2018-12-31,2019-01-02,train_in_sample,IWM,0.5357758402824402,1,1
2019-01-02,2019-01-03,train_in_sample,SPY,0.6093789339065552,0,0
2019-01-02,2019-01-03,train_in_sample,QQQ,0.48240938782691956,0,1
2019-01-02,2019-01-03,train_in_sample,IWM,0.5787568688392639,0,0
2019-01-03,2019-01-04,train_in_sample,SPY,0.6515493392944336,1,1
2019-01-03,2019-01-04,train_in_sample,QQQ,0.5323454737663269,1,1
2019-01-03,2019-01-04,train_in_sample,IWM,0.5680394172668457,1,1
2019-01-04,2019-01-07,train_in_sample,SPY,0.5550654530525208,1,1
2019-01-04,2019-01-07,train_in_sample,QQQ,0.46026477217674255,1,0
2019-01-04,2019-01-07,train_in_sample,IWM,0.5144575238227844,1,1
2019-01-07,2019-01-08,train_in_sample,SPY,0.611301600933075,1,1
2019-01-07,2019-01-08,train_in_sample,QQQ,0.4974847733974457,1,0
2019-01-07,2019-01-08,train_in_sample,IWM,0.5462234616279602,1,1
2019-01-08,2019-01-09,train_in_sample,SPY,0.5978385210037231,1,1
2019-01-08,2019-01-09,train_in_sample,QQQ,0.5299251675605774,1,1
2019-01-08,2019-01-09,train_in_sample,IWM,0.5714777708053589,1,1
2019-01-09,2019-01-10,train_in_sample,SPY,0.6580476760864258,1,1
2019-01-09,2019-01-10,train_in_sample,QQQ,0.4954555928707123,1,0
2019-01-09,2019-01-10,train_in_sample,IWM,0.5941448211669922,1,1
2019-01-10,2019-01-11,train_in_sample,SPY,0.6072405576705933,0,0
2019-01-10,2019-01-11,train_in_sample,QQQ,0.4992579519748688,0,1
2019-01-10,2019-01-11,train_in_sample,IWM,0.5893694758415222,1,1
2019-01-11,2019-01-14,train_in_sample,SPY,0.6310808658599854,0,0
2019-01-11,2019-01-14,train_in_sample,QQQ,0.5257084369659424,0,0
2019-01-11,2019-01-14,train_in_sample,IWM,0.5839731097221375,0,0
2019-01-14,2019-01-15,train_in_sample,SPY,0.6298473477363586,1,1
2019-01-14,2019-01-15,train_in_sample,QQQ,0.5303328037261963,1,1
2019-01-14,2019-01-15,train_in_sample,IWM,0.6015669703483582,1,1
2019-01-15,2019-01-16,train_in_sample,SPY,0.5996308326721191,1,1
2019-01-15,2019-01-16,train_in_sample,QQQ,0.520965039730072,0,0
2019-01-15,2019-01-16,train_in_sample,IWM,0.5701377391815186,1,1
2019-01-16,2019-01-17,train_in_sample,SPY,0.6190873980522156,1,1
2019-01-16,2019-01-17,train_in_sample,QQQ,0.530594527721405,1,1
2019-01-16,2019-01-17,train_in_sample,IWM,0.5423394441604614,1,1
2019-01-17,2019-01-18,train_in_sample,SPY,0.6036788821220398,1,1
2019-01-17,2019-01-18,train_in_sample,QQQ,0.5455500483512878,1,1
2019-01-17,2019-01-18,train_in_sample,IWM,0.584429919719696,1,1
2019-01-18,2019-01-22,train_in_sample,SPY,0.5625894069671631,0,0
2019-01-18,2019-01-22,train_in_sample,QQQ,0.5713785290718079,0,0
2019-01-18,2019-01-22,train_in_sample,IWM,0.5827986598014832,0,0
2019-01-22,2019-01-23,train_in_sample,SPY,0.6167814135551453,1,1
2019-01-22,2019-01-23,train_in_sample,QQQ,0.5660310387611389,1,1
2019-01-22,2019-01-23,train_in_sample,IWM,0.5855345129966736,0,0
2019-01-23,2019-01-24,train_in_sample,SPY,0.6203771829605103,1,1
2019-01-23,2019-01-24,train_in_sample,QQQ,0.4822883903980255,1,0
2019-01-23,2019-01-24,train_in_sample,IWM,0.5818732976913452,1,1
2019-01-24,2019-01-25,train_in_sample,SPY,0.6122453212738037,1,1
2019-01-24,2019-01-25,train_in_sample,QQQ,0.5476498007774353,1,1
2019-01-24,2019-01-25,train_in_sample,IWM,0.6036961674690247,1,1
2019-01-25,2019-01-28,train_in_sample,SPY,0.5955541133880615,0,0
2019-01-25,2019-01-28,train_in_sample,QQQ,0.5318882465362549,0,0
2019-01-25,2019-01-28,train_in_sample,IWM,0.5553995966911316,0,0
2019-01-28,2019-01-29,train_in_sample,SPY,0.6590195894241333,0,0
2019-01-28,2019-01-29,train_in_sample,QQQ,0.5152215957641602,0,0
2019-01-28,2019-01-29,train_in_sample,IWM,0.594062864780426,0,0
2019-01-29,2019-01-30,train_in_sample,SPY,0.6095336675643921,1,1
2019-01-29,2019-01-30,train_in_sample,QQQ,0.5144873261451721,1,1
2019-01-29,2019-01-30,train_in_sample,IWM,0.5781998634338379,1,1
2019-01-30,2019-01-31,train_in_sample,SPY,0.5792503356933594,1,1
2019-01-30,2019-01-31,train_in_sample,QQQ,0.4633984863758087,1,0
2019-01-30,2019-01-31,train_in_sample,IWM,0.5259445309638977,1,1
2019-01-31,2019-02-01,train_in_sample,SPY,0.590386152267456,1,1
2019-01-31,2019-02-01,train_in_sample,QQQ,0.5033891797065735,0,0
2019-01-31,2019-02-01,train_in_sample,IWM,0.569657027721405,1,1
2019-02-01,2019-02-04,train_in_sample,SPY,0.6388555765151978,1,1
2019-02-01,2019-02-04,train_in_sample,QQQ,0.523496687412262,1,1
2019-02-01,2019-02-04,train_in_sample,IWM,0.5715277194976807,1,1
2019-02-04,2019-02-05,train_in_sample,SPY,0.5857109427452087,1,1
2019-02-04,2019-02-05,train_in_sample,QQQ,0.5060645937919617,1,1
2019-02-04,2019-02-05,train_in_sample,IWM,0.5977395176887512,1,1
2019-02-05,2019-02-06,train_in_sample,SPY,0.6345033049583435,0,0
2019-02-05,2019-02-06,train_in_sample,QQQ,0.46899402141571045,0,1
2019-02-05,2019-02-06,train_in_sample,IWM,0.5620928406715393,0,0
2019-02-06,2019-02-07,train_in_sample,SPY,0.5593719482421875,0,0
2019-02-06,2019-02-07,train_in_sample,QQQ,0.5250577926635742,0,0
2019-02-06,2019-02-07,train_in_sample,IWM,0.5508992075920105,0,0
2019-02-07,2019-02-08,train_in_sample,SPY,0.6081076860427856,1,1
2019-02-07,2019-02-08,train_in_sample,QQQ,0.5597534775733948,1,1
2019-02-07,2019-02-08,train_in_sample,IWM,0.5846054553985596,1,1
2019-02-08,2019-02-11,train_in_sample,SPY,0.5936163663864136,1,1
2019-02-08,2019-02-11,train_in_sample,QQQ,0.5111916661262512,0,0
2019-02-08,2019-02-11,train_in_sample,IWM,0.5821500420570374,1,1
2019-02-11,2019-02-12,train_in_sample,SPY,0.6212210655212402,1,1
2019-02-11,2019-02-12,train_in_sample,QQQ,0.4945632517337799,1,0
2019-02-11,2019-02-12,train_in_sample,IWM,0.5518143773078918,1,1
2019-02-12,2019-02-13,train_in_sample,SPY,0.5952488780021667,1,1
2019-02-12,2019-02-13,train_in_sample,QQQ,0.5149363279342651,1,1
2019-02-12,2019-02-13,train_in_sample,IWM,0.5338705778121948,1,1
2019-02-13,2019-02-14,train_in_sample,SPY,0.6141915321350098,0,0
2019-02-13,2019-02-14,train_in_sample,QQQ,0.49745383858680725,1,0
2019-02-13,2019-02-14,train_in_sample,IWM,0.5715489387512207,1,1
2019-02-14,2019-02-15,train_in_sample,SPY,0.5988872051239014,1,1
2019-02-14,2019-02-15,train_in_sample,QQQ,0.5279788374900818,1,1
2019-02-14,2019-02-15,train_in_sample,IWM,0.5582818984985352,1,1
2019-02-15,2019-02-19,train_in_sample,SPY,0.6166019439697266,1,1
2019-02-15,2019-02-19,train_in_sample,QQQ,0.5265842080116272,1,1
2019-02-15,2019-02-19,train_in_sample,IWM,0.5585892200469971,1,1
2019-02-19,2019-02-20,train_in_sample,SPY,0.6042320132255554,1,1
2019-02-19,2019-02-20,train_in_sample,QQQ,0.508563756942749,0,0
2019-02-19,2019-02-20,train_in_sample,IWM,0.5992502570152283,1,1
2019-02-20,2019-02-21,train_in_sample,SPY,0.5988353490829468,0,0
2019-02-20,2019-02-21,train_in_sample,QQQ,0.520577609539032,0,0
2019-02-20,2019-02-21,train_in_sample,IWM,0.5495244860649109,0,0
2019-02-21,2019-02-22,train_in_sample,SPY,0.6464985013008118,1,1
2019-02-21,2019-02-22,train_in_sample,QQQ,0.5130939483642578,1,1
2019-02-21,2019-02-22,train_in_sample,IWM,0.581015408039093,1,1
2019-02-22,2019-02-25,train_in_sample,SPY,0.6234367489814758,1,1
2019-02-22,2019-02-25,train_in_sample,QQQ,0.5406301021575928,1,1
2019-02-22,2019-02-25,train_in_sample,IWM,0.59242182970047,1,1
2019-02-25,2019-02-26,train_in_sample,SPY,0.5862386226654053,0,0
2019-02-25,2019-02-26,train_in_sample,QQQ,0.5105109214782715,1,1
2019-02-25,2019-02-26,train_in_sample,IWM,0.555946409702301,0,0
2019-02-26,2019-02-27,train_in_sample,SPY,0.6478210091590881,0,0
2019-02-26,2019-02-27,train_in_sample,QQQ,0.4949067533016205,0,1
2019-02-26,2019-02-27,train_in_sample,IWM,0.5705830454826355,1,1
2019-02-27,2019-02-28,train_in_sample,SPY,0.6120063066482544,0,0
2019-02-27,2019-02-28,train_in_sample,QQQ,0.5548073053359985,0,0
2019-02-27,2019-02-28,train_in_sample,IWM,0.5302977561950684,0,0
2019-02-28,2019-03-01,train_in_sample,SPY,0.6500855088233948,1,1
2019-02-28,2019-03-01,train_in_sample,QQQ,0.5321140885353088,1,1
2019-02-28,2019-03-01,train_in_sample,IWM,0.5664127469062805,1,1
2019-03-01,2019-03-04,train_in_sample,SPY,0.6448717713356018,0,0
2019-03-01,2019-03-04,train_in_sample,QQQ,0.5210239887237549,1,1
2019-03-01,2019-03-04,train_in_sample,IWM,0.5367494821548462,0,0
2019-03-04,2019-03-05,train_in_sample,SPY,0.635735273361206,0,0
2019-03-04,2019-03-05,train_in_sample,QQQ,0.5269708633422852,1,1
2019-03-04,2019-03-05,train_in_sample,IWM,0.5184586048126221,0,0
2019-03-05,2019-03-06,train_in_sample,SPY,0.6363893151283264,0,0
2019-03-05,2019-03-06,train_in_sample,QQQ,0.5478886365890503,0,0
2019-03-05,2019-03-06,train_in_sample,IWM,0.5978543162345886,0,0
2019-03-06,2019-03-07,train_in_sample,SPY,0.6204021573066711,0,0
2019-03-06,2019-03-07,train_in_sample,QQQ,0.5193420052528381,0,0
2019-03-06,2019-03-07,train_in_sample,IWM,0.5386452674865723,0,0
2019-03-07,2019-03-08,train_in_sample,SPY,0.6232140064239502,0,0
2019-03-07,2019-03-08,train_in_sample,QQQ,0.5459408760070801,0,0
2019-03-07,2019-03-08,train_in_sample,IWM,0.5228694677352905,0,0
2019-03-08,2019-03-11,train_in_sample,SPY,0.6175532341003418,1,1
2019-03-08,2019-03-11,train_in_sample,QQQ,0.5756850838661194,1,1
2019-03-08,2019-03-11,train_in_sample,IWM,0.53721684217453,1,1
2019-03-11,2019-03-12,train_in_sample,SPY,0.5743694305419922,1,1
2019-03-11,2019-03-12,train_in_sample,QQQ,0.5222632884979248,1,1
2019-03-11,2019-03-12,train_in_sample,IWM,0.5201507806777954,1,1
2019-03-12,2019-03-13,train_in_sample,SPY,0.6036644577980042,1,1
2019-03-12,2019-03-13,train_in_sample,QQQ,0.546968936920166,1,1
2019-03-12,2019-03-13,train_in_sample,IWM,0.5204086899757385,1,1
2019-03-13,2019-03-14,train_in_sample,SPY,0.5955408811569214,0,0
2019-03-13,2019-03-14,train_in_sample,QQQ,0.5199022889137268,0,0
2019-03-13,2019-03-14,train_in_sample,IWM,0.5670163631439209,0,0
2019-03-14,2019-03-15,train_in_sample,SPY,0.6282835602760315,1,1
2019-03-14,2019-03-15,train_in_sample,QQQ,0.5152567625045776,1,1
2019-03-14,2019-03-15,train_in_sample,IWM,0.5650597214698792,1,1
2019-03-15,2019-03-18,train_in_sample,SPY,0.5991767048835754,1,1
2019-03-15,2019-03-18,train_in_sample,QQQ,0.574765682220459,1,1
2019-03-15,2019-03-18,train_in_sample,IWM,0.5393283367156982,1,1
2019-03-18,2019-03-19,train_in_sample,SPY,0.5798938870429993,1,1
2019-03-18,2019-03-19,train_in_sample,QQQ,0.5321658849716187,1,1
2019-03-18,2019-03-19,train_in_sample,IWM,0.5637688040733337,0,0
2019-03-19,2019-03-20,train_in_sample,SPY,0.6030725836753845,0,0
2019-03-19,2019-03-20,train_in_sample,QQQ,0.4868289530277252,1,0
2019-03-19,2019-03-20,train_in_sample,IWM,0.5573533177375793,0,0
2019-03-20,2019-03-21,train_in_sample,SPY,0.6285161972045898,1,1
2019-03-20,2019-03-21,train_in_sample,QQQ,0.4892635643482208,1,0
2019-03-20,2019-03-21,train_in_sample,IWM,0.5523108243942261,1,1
2019-03-21,2019-03-22,train_in_sample,SPY,0.5830622911453247,0,0
2019-03-21,2019-03-22,train_in_sample,QQQ,0.5237394571304321,0,0
2019-03-21,2019-03-22,train_in_sample,IWM,0.5925464630126953,0,0
2019-03-22,2019-03-25,train_in_sample,SPY,0.5987655520439148,0,0
2019-03-22,2019-03-25,train_in_sample,QQQ,0.5284078121185303,0,0
2019-03-22,2019-03-25,train_in_sample,IWM,0.5569236278533936,1,1
2019-03-25,2019-03-26,train_in_sample,SPY,0.6188337206840515,1,1
2019-03-25,2019-03-26,train_in_sample,QQQ,0.5284605026245117,1,1
2019-03-25,2019-03-26,train_in_sample,IWM,0.5371127128601074,1,1
2019-03-26,2019-03-27,train_in_sample,SPY,0.6124579906463623,0,0
2019-03-26,2019-03-27,train_in_sample,QQQ,0.5194091200828552,0,0
2019-03-26,2019-03-27,train_in_sample,IWM,0.5579351782798767,0,0
2019-03-27,2019-03-28,train_in_sample,SPY,0.6170380711555481,1,1
2019-03-27,2019-03-28,train_in_sample,QQQ,0.5165744423866272,1,1
2019-03-27,2019-03-28,train_in_sample,IWM,0.5321290493011475,1,1
2019-03-28,2019-03-29,train_in_sample,SPY,0.5979931950569153,1,1
2019-03-28,2019-03-29,train_in_sample,QQQ,0.5143826603889465,1,1
2019-03-28,2019-03-29,train_in_sample,IWM,0.5529332756996155,1,1
2019-03-29,2019-04-01,train_in_sample,SPY,0.6676366925239563,1,1
2019-03-29,2019-04-01,train_in_sample,QQQ,0.5062065720558167,1,1
2019-03-29,2019-04-01,train_in_sample,IWM,0.534228503704071,1,1
2019-04-01,2019-04-02,train_in_sample,SPY,0.645180344581604,1,1
2019-04-01,2019-04-02,train_in_sample,QQQ,0.5081185102462769,1,1
2019-04-01,2019-04-02,train_in_sample,IWM,0.5607292056083679,0,0
2019-04-02,2019-04-03,train_in_sample,SPY,0.6328108310699463,1,1
2019-04-02,2019-04-03,train_in_sample,QQQ,0.49015259742736816,1,0
2019-04-02,2019-04-03,train_in_sample,IWM,0.6235426664352417,1,1
2019-04-03,2019-04-04,train_in_sample,SPY,0.6179430484771729,1,1
2019-04-03,2019-04-04,train_in_sample,QQQ,0.47685402631759644,0,1
2019-04-03,2019-04-04,train_in_sample,IWM,0.5317507386207581,1,1
2019-04-04,2019-04-05,train_in_sample,SPY,0.6422997117042542,1,1
2019-04-04,2019-04-05,train_in_sample,QQQ,0.5188041925430298,1,1
2019-04-04,2019-04-05,train_in_sample,IWM,0.56699538230896,1,1
2019-04-05,2019-04-08,train_in_sample,SPY,0.6970532536506653,1,1
2019-04-05,2019-04-08,train_in_sample,QQQ,0.50684654712677,1,1
2019-04-05,2019-04-08,train_in_sample,IWM,0.5586604475975037,0,0
2019-04-08,2019-04-09,train_in_sample,SPY,0.5944966077804565,0,0
2019-04-08,2019-04-09,train_in_sample,QQQ,0.5363088846206665,0,0
2019-04-08,2019-04-09,train_in_sample,IWM,0.5777668952941895,0,0
2019-04-09,2019-04-10,train_in_sample,SPY,0.5786468386650085,1,1
2019-04-09,2019-04-10,train_in_sample,QQQ,0.544237494468689,1,1
2019-04-09,2019-04-10,train_in_sample,IWM,0.6138713359832764,1,1
2019-04-10,2019-04-11,train_in_sample,SPY,0.6262586712837219,0,0
2019-04-10,2019-04-11,train_in_sample,QQQ,0.46775129437446594,0,1
2019-04-10,2019-04-11,train_in_sample,IWM,0.5909923315048218,0,0
2019-04-11,2019-04-12,train_in_sample,SPY,0.6395273804664612,1,1
2019-04-11,2019-04-12,train_in_sample,QQQ,0.49758803844451904,1,0
2019-04-11,2019-04-12,train_in_sample,IWM,0.57285475730896,1,1
2019-04-12,2019-04-15,train_in_sample,SPY,0.6495453119277954,0,0
2019-04-12,2019-04-15,train_in_sample,QQQ,0.5485954880714417,1,1
2019-04-12,2019-04-15,train_in_sample,IWM,0.6875975728034973,0,0
2019-04-15,2019-04-16,train_in_sample,SPY,0.6273482441902161,1,1
2019-04-15,2019-04-16,train_in_sample,QQQ,0.5426328182220459,1,1
2019-04-15,2019-04-16,train_in_sample,IWM,0.5895861983299255,1,1
2019-04-16,2019-04-17,train_in_sample,SPY,0.6226595640182495,0,0
2019-04-16,2019-04-17,train_in_sample,QQQ,0.5080806016921997,1,1
2019-04-16,2019-04-17,train_in_sample,IWM,0.5989390015602112,0,0
2019-04-17,2019-04-18,train_in_sample,SPY,0.594589114189148,1,1
2019-04-17,2019-04-18,train_in_sample,QQQ,0.5030620098114014,1,1
2019-04-17,2019-04-18,train_in_sample,IWM,0.5726632475852966,0,0
2019-04-18,2019-04-22,train_in_sample,SPY,0.6296482086181641,1,1
2019-04-18,2019-04-22,train_in_sample,QQQ,0.5480754971504211,1,1
2019-04-18,2019-04-22,train_in_sample,IWM,0.597841739654541,0,0
2019-04-22,2019-04-23,train_in_sample,SPY,0.5653001070022583,1,1
2019-04-22,2019-04-23,train_in_sample,QQQ,0.5275918245315552,1,1
2019-04-22,2019-04-23,train_in_sample,IWM,0.5937961339950562,1,1
2019-04-23,2019-04-24,train_in_sample,SPY,0.6062828302383423,0,0
2019-04-23,2019-04-24,train_in_sample,QQQ,0.5471229553222656,0,0
2019-04-23,2019-04-24,train_in_sample,IWM,0.5221258401870728,1,1
2019-04-24,2019-04-25,train_in_sample,SPY,0.6667684316635132,0,0
2019-04-24,2019-04-25,train_in_sample,QQQ,0.5402829647064209,1,1
2019-04-24,2019-04-25,train_in_sample,IWM,0.5862169861793518,0,0
2019-04-25,2019-04-26,train_in_sample,SPY,0.5888867378234863,1,1
2019-04-25,2019-04-26,train_in_sample,QQQ,0.48450157046318054,1,0
2019-04-25,2019-04-26,train_in_sample,IWM,0.5270001292228699,1,1
2019-04-26,2019-04-29,train_in_sample,SPY,0.604025661945343,1,1
2019-04-26,2019-04-29,train_in_sample,QQQ,0.5759915113449097,1,1
2019-04-26,2019-04-29,train_in_sample,IWM,0.5959994792938232,1,1
2019-04-29,2019-04-30,train_in_sample,SPY,0.65202397108078,1,1
2019-04-29,2019-04-30,train_in_sample,QQQ,0.4999059736728668,0,1
2019-04-29,2019-04-30,train_in_sample,IWM,0.5783543586730957,0,0
2019-04-30,2019-05-01,train_in_sample,SPY,0.6311180591583252,0,0
2019-04-30,2019-05-01,train_in_sample,QQQ,0.5497791171073914,0,0
2019-04-30,2019-05-01,train_in_sample,IWM,0.5759524703025818,0,0
2019-05-01,2019-05-02,train_in_sample,SPY,0.6142085790634155,0,0
2019-05-01,2019-05-02,train_in_sample,QQQ,0.5182912945747375,0,0
2019-05-01,2019-05-02,train_in_sample,IWM,0.5996254682540894,1,1
2019-05-02,2019-05-03,train_in_sample,SPY,0.6233440041542053,1,1
2019-05-02,2019-05-03,train_in_sample,QQQ,0.4992576539516449,1,0
2019-05-02,2019-05-03,train_in_sample,IWM,0.5712462067604065,1,1
2019-05-03,2019-05-06,train_in_sample,SPY,0.6361294984817505,0,0
2019-05-03,2019-05-06,train_in_sample,QQQ,0.46248945593833923,0,1
2019-05-03,2019-05-06,train_in_sample,IWM,0.5349022746086121,1,1
2019-05-06,2019-05-07,train_in_sample,SPY,0.6059566140174866,0,0
2019-05-06,2019-05-07,train_in_sample,QQQ,0.599086344242096,0,0
2019-05-06,2019-05-07,train_in_sample,IWM,0.6462878584861755,0,0
2019-05-07,2019-05-08,train_in_sample,SPY,0.5957664251327515,0,0
2019-05-07,2019-05-08,train_in_sample,QQQ,0.5404268503189087,0,0
2019-05-07,2019-05-08,train_in_sample,IWM,0.5299050807952881,0,0
2019-05-08,2019-05-09,train_in_sample,SPY,0.5721414089202881,0,0
2019-05-08,2019-05-09,train_in_sample,QQQ,0.5893279910087585,0,0
2019-05-08,2019-05-09,train_in_sample,IWM,0.5723438858985901,0,0
2019-05-09,2019-05-10,train_in_sample,SPY,0.6586560010910034,1,1
2019-05-09,2019-05-10,train_in_sample,QQQ,0.5294376611709595,1,1
2019-05-09,2019-05-10,train_in_sample,IWM,0.49589937925338745,1,0
2019-05-10,2019-05-13,train_in_sample,SPY,0.6823099851608276,0,0
2019-05-10,2019-05-13,train_in_sample,QQQ,0.5001659393310547,0,0
2019-05-10,2019-05-13,train_in_sample,IWM,0.543804943561554,0,0
2019-05-13,2019-05-14,train_in_sample,SPY,0.6174970865249634,1,1
2019-05-13,2019-05-14,train_in_sample,QQQ,0.5615658760070801,1,1
2019-05-13,2019-05-14,train_in_sample,IWM,0.5350712537765503,1,1
2019-05-14,2019-05-15,train_in_sample,SPY,0.6150110363960266,1,1
2019-05-14,2019-05-15,train_in_sample,QQQ,0.494064062833786,1,0
2019-05-14,2019-05-15,train_in_sample,IWM,0.5382323265075684,1,1
2019-05-15,2019-05-16,train_in_sample,SPY,0.5778682827949524,1,1
2019-05-15,2019-05-16,train_in_sample,QQQ,0.5319119095802307,1,1
2019-05-15,2019-05-16,train_in_sample,IWM,0.5131353735923767,1,1
2019-05-16,2019-05-17,train_in_sample,SPY,0.5463923811912537,0,0
2019-05-16,2019-05-17,train_in_sample,QQQ,0.5485488772392273,0,0
2019-05-16,2019-05-17,train_in_sample,IWM,0.4883272051811218,0,1
2019-05-17,2019-05-20,train_in_sample,SPY,0.6266180872917175,0,0
2019-05-17,2019-05-20,train_in_sample,QQQ,0.5353624820709229,0,0
2019-05-17,2019-05-20,train_in_sample,IWM,0.5458508133888245,0,0
2019-05-20,2019-05-21,train_in_sample,SPY,0.6145751476287842,1,1
2019-05-20,2019-05-21,train_in_sample,QQQ,0.5132395625114441,1,1
2019-05-20,2019-05-21,train_in_sample,IWM,0.6065686345100403,1,1
2019-05-21,2019-05-22,train_in_sample,SPY,0.5966601371765137,0,0
2019-05-21,2019-05-22,train_in_sample,QQQ,0.5237310528755188,0,0
2019-05-21,2019-05-22,train_in_sample,IWM,0.5430131554603577,0,0
2019-05-22,2019-05-23,train_in_sample,SPY,0.6398489475250244,0,0
2019-05-22,2019-05-23,train_in_sample,QQQ,0.5112720131874084,0,0
2019-05-22,2019-05-23,train_in_sample,IWM,0.5684215426445007,0,0
2019-05-23,2019-05-24,train_in_sample,SPY,0.6653061509132385,1,1
2019-05-23,2019-05-24,train_in_sample,QQQ,0.5398415327072144,0,0
2019-05-23,2019-05-24,train_in_sample,IWM,0.5742658376693726,1,1
2019-05-24,2019-05-28,train_in_sample,SPY,0.5952085256576538,0,0
2019-05-24,2019-05-28,train_in_sample,QQQ,0.5533156991004944,0,0
2019-05-24,2019-05-28,train_in_sample,IWM,0.5078923106193542,0,0
2019-05-28,2019-05-29,train_in_sample,SPY,0.6734054088592529,0,0
2019-05-28,2019-05-29,train_in_sample,QQQ,0.4677311182022095,0,1
2019-05-28,2019-05-29,train_in_sample,IWM,0.5710540413856506,0,0
2019-05-29,2019-05-30,train_in_sample,SPY,0.640713095664978,1,1
2019-05-29,2019-05-30,train_in_sample,QQQ,0.533545970916748,1,1
2019-05-29,2019-05-30,train_in_sample,IWM,0.5573770403862,0,0
2019-05-30,2019-05-31,train_in_sample,SPY,0.6956728100776672,0,0
2019-05-30,2019-05-31,train_in_sample,QQQ,0.485991507768631,0,1
2019-05-30,2019-05-31,train_in_sample,IWM,0.5507927536964417,0,0
2019-05-31,2019-06-03,train_in_sample,SPY,0.6290562152862549,0,0
2019-05-31,2019-06-03,train_in_sample,QQQ,0.5609151721000671,0,0
2019-05-31,2019-06-03,train_in_sample,IWM,0.5254535675048828,1,1
2019-06-03,2019-06-04,train_in_sample,SPY,0.6187616586685181,1,1
2019-06-03,2019-06-04,train_in_sample,QQQ,0.5324634313583374,1,1
2019-06-03,2019-06-04,train_in_sample,IWM,0.5263383388519287,1,1
2019-06-04,2019-06-05,train_in_sample,SPY,0.6113395690917969,1,1
2019-06-04,2019-06-05,train_in_sample,QQQ,0.5085369944572449,1,1
2019-06-04,2019-06-05,train_in_sample,IWM,0.6113866567611694,0,0
2019-06-05,2019-06-06,train_in_sample,SPY,0.6007187366485596,1,1
2019-06-05,2019-06-06,train_in_sample,QQQ,0.5452807545661926,1,1
2019-06-05,2019-06-06,train_in_sample,IWM,0.4972980320453644,0,1
2019-06-06,2019-06-07,train_in_sample,SPY,0.6105487942695618,1,1
2019-06-06,2019-06-07,train_in_sample,QQQ,0.5124812126159668,1,1
2019-06-06,2019-06-07,train_in_sample,IWM,0.6148953437805176,1,1
2019-06-07,2019-06-10,train_in_sample,SPY,0.598903238773346,1,1
2019-06-07,2019-06-10,train_in_sample,QQQ,0.45423203706741333,1,0
2019-06-07,2019-06-10,train_in_sample,IWM,0.5423703789710999,1,1
2019-06-10,2019-06-11,train_in_sample,SPY,0.6065568327903748,0,0
2019-06-10,2019-06-11,train_in_sample,QQQ,0.5033493041992188,1,1
2019-06-10,2019-06-11,train_in_sample,IWM,0.5552735924720764,0,0
2019-06-11,2019-06-12,train_in_sample,SPY,0.5854119062423706,0,0
2019-06-11,2019-06-12,train_in_sample,QQQ,0.5122714042663574,0,0
2019-06-11,2019-06-12,train_in_sample,IWM,0.5765302181243896,1,1
2019-06-12,2019-06-13,train_in_sample,SPY,0.5949389934539795,1,1
2019-06-12,2019-06-13,train_in_sample,QQQ,0.6418799161911011,1,1
2019-06-12,2019-06-13,train_in_sample,IWM,0.5969759821891785,1,1
2019-06-13,2019-06-14,train_in_sample,SPY,0.5997064113616943,0,0
2019-06-13,2019-06-14,train_in_sample,QQQ,0.4686318337917328,0,1
2019-06-13,2019-06-14,train_in_sample,IWM,0.4538273215293884,0,1
2019-06-14,2019-06-17,train_in_sample,SPY,0.629722535610199,1,1
2019-06-14,2019-06-17,train_in_sample,QQQ,0.540378749370575,1,1
2019-06-14,2019-06-17,train_in_sample,IWM,0.5278408527374268,1,1
2019-06-17,2019-06-18,train_in_sample,SPY,0.6500069499015808,1,1
2019-06-17,2019-06-18,train_in_sample,QQQ,0.4900723695755005,1,0
2019-06-17,2019-06-18,train_in_sample,IWM,0.5335077047348022,1,1
2019-06-18,2019-06-19,train_in_sample,SPY,0.6541855335235596,1,1
2019-06-18,2019-06-19,train_in_sample,QQQ,0.47513148188591003,1,0
2019-06-18,2019-06-19,train_in_sample,IWM,0.5477356314659119,1,1
2019-06-19,2019-06-20,train_in_sample,SPY,0.6272513270378113,1,1
2019-06-19,2019-06-20,train_in_sample,QQQ,0.5110725164413452,1,1
2019-06-19,2019-06-20,train_in_sample,IWM,0.5557215809822083,1,1
2019-06-20,2019-06-21,train_in_sample,SPY,0.6377342343330383,0,0
2019-06-20,2019-06-21,train_in_sample,QQQ,0.4976048171520233,0,1
2019-06-20,2019-06-21,train_in_sample,IWM,0.4916655123233795,0,1
2019-06-21,2019-06-24,train_in_sample,SPY,0.5875458121299744,0,0
2019-06-21,2019-06-24,train_in_sample,QQQ,0.5654136538505554,1,1
2019-06-21,2019-06-24,train_in_sample,IWM,0.5183526277542114,0,0
2019-06-24,2019-06-25,train_in_sample,SPY,0.6413176655769348,0,0
2019-06-24,2019-06-25,train_in_sample,QQQ,0.5255377888679504,0,0
2019-06-24,2019-06-25,train_in_sample,IWM,0.5945000052452087,0,0
2019-06-25,2019-06-26,train_in_sample,SPY,0.6480998396873474,0,0
2019-06-25,2019-06-26,train_in_sample,QQQ,0.4763646423816681,1,0
2019-06-25,2019-06-26,train_in_sample,IWM,0.5557993054389954,0,0
2019-06-26,2019-06-27,train_in_sample,SPY,0.6655382513999939,1,1
2019-06-26,2019-06-27,train_in_sample,QQQ,0.5234962701797485,1,1
2019-06-26,2019-06-27,train_in_sample,IWM,0.5854717493057251,1,1
2019-06-27,2019-06-28,train_in_sample,SPY,0.6704044342041016,1,1
2019-06-27,2019-06-28,train_in_sample,QQQ,0.49680477380752563,1,0
2019-06-27,2019-06-28,train_in_sample,IWM,0.6184195876121521,1,1
2019-06-28,2019-07-01,train_in_sample,SPY,0.6594732403755188,1,1
2019-06-28,2019-07-01,train_in_sample,QQQ,0.4665844440460205,1,0
2019-06-28,2019-07-01,train_in_sample,IWM,0.553183376789093,1,1
2019-07-01,2019-07-02,train_in_sample,SPY,0.662326455116272,1,1
2019-07-01,2019-07-02,train_in_sample,QQQ,0.5546228885650635,1,1
2019-07-01,2019-07-02,train_in_sample,IWM,0.566814124584198,0,0
2019-07-02,2019-07-03,train_in_sample,SPY,0.6440607309341431,1,1
2019-07-02,2019-07-03,train_in_sample,QQQ,0.549663245677948,1,1
2019-07-02,2019-07-03,train_in_sample,IWM,0.5871992111206055,1,1
2019-07-03,2019-07-05,train_in_sample,SPY,0.5906228423118591,0,0
2019-07-03,2019-07-05,train_in_sample,QQQ,0.4736209809780121,0,1
2019-07-03,2019-07-05,train_in_sample,IWM,0.5407403707504272,1,1
2019-07-05,2019-07-08,train_in_sample,SPY,0.5698009729385376,0,0
2019-07-05,2019-07-08,train_in_sample,QQQ,0.5780635476112366,0,0
2019-07-05,2019-07-08,train_in_sample,IWM,0.6285009384155273,0,0
2019-07-08,2019-07-09,train_in_sample,SPY,0.7059692144393921,1,1
2019-07-08,2019-07-09,train_in_sample,QQQ,0.43832528591156006,1,0
2019-07-08,2019-07-09,train_in_sample,IWM,0.6262338757514954,1,1
2019-07-09,2019-07-10,train_in_sample,SPY,0.6464041471481323,1,1
2019-07-09,2019-07-10,train_in_sample,QQQ,0.5242419838905334,1,1
2019-07-09,2019-07-10,train_in_sample,IWM,0.5950148105621338,1,1
2019-07-10,2019-07-11,train_in_sample,SPY,0.6876909732818604,1,1
2019-07-10,2019-07-11,train_in_sample,QQQ,0.4866897463798523,0,1
2019-07-10,2019-07-11,train_in_sample,IWM,0.6082471013069153,0,0
2019-07-11,2019-07-12,train_in_sample,SPY,0.630754292011261,1,1
2019-07-11,2019-07-12,train_in_sample,QQQ,0.5089661478996277,1,1
2019-07-11,2019-07-12,train_in_sample,IWM,0.5820303559303284,1,1
2019-07-12,2019-07-15,train_in_sample,SPY,0.7118169069290161,1,1
2019-07-12,2019-07-15,train_in_sample,QQQ,0.539939820766449,1,1
2019-07-12,2019-07-15,train_in_sample,IWM,0.6433364152908325,0,0
2019-07-15,2019-07-16,train_in_sample,SPY,0.6671671867370605,0,0
2019-07-15,2019-07-16,train_in_sample,QQQ,0.503976047039032,0,0
2019-07-15,2019-07-16,train_in_sample,IWM,0.6178522706031799,0,0
2019-07-16,2019-07-17,train_in_sample,SPY,0.6600737571716309,0,0
2019-07-16,2019-07-17,train_in_sample,QQQ,0.5083942413330078,0,0
2019-07-16,2019-07-17,train_in_sample,IWM,0.5811288952827454,0,0
2019-07-17,2019-07-18,train_in_sample,SPY,0.6697357296943665,1,1
2019-07-17,2019-07-18,train_in_sample,QQQ,0.4930918216705322,1,0
2019-07-17,2019-07-18,train_in_sample,IWM,0.6675493717193604,1,1
2019-07-18,2019-07-19,train_in_sample,SPY,0.5984519124031067,0,0
2019-07-18,2019-07-19,train_in_sample,QQQ,0.5108642578125,0,0
2019-07-18,2019-07-19,train_in_sample,IWM,0.5663898587226868,0,0
2019-07-19,2019-07-22,train_in_sample,SPY,0.669040858745575,1,1
2019-07-19,2019-07-22,train_in_sample,QQQ,0.47589096426963806,1,0
2019-07-19,2019-07-22,train_in_sample,IWM,0.5812197327613831,0,0
2019-07-22,2019-07-23,train_in_sample,SPY,0.6345276832580566,1,1
2019-07-22,2019-07-23,train_in_sample,QQQ,0.4989868104457855,1,0
2019-07-22,2019-07-23,train_in_sample,IWM,0.5605727434158325,1,1
2019-07-23,2019-07-24,train_in_sample,SPY,0.5746719241142273,1,1
2019-07-23,2019-07-24,train_in_sample,QQQ,0.45352789759635925,1,0
2019-07-23,2019-07-24,train_in_sample,IWM,0.5682154297828674,1,1
2019-07-24,2019-07-25,train_in_sample,SPY,0.6112043261528015,0,0
2019-07-24,2019-07-25,train_in_sample,QQQ,0.4563024640083313,0,1
2019-07-24,2019-07-25,train_in_sample,IWM,0.5878325700759888,0,0
2019-07-25,2019-07-26,train_in_sample,SPY,0.6483001112937927,1,1
2019-07-25,2019-07-26,train_in_sample,QQQ,0.5523349642753601,1,1
2019-07-25,2019-07-26,train_in_sample,IWM,0.5773847103118896,1,1
2019-07-26,2019-07-29,train_in_sample,SPY,0.586910605430603,0,0
2019-07-26,2019-07-29,train_in_sample,QQQ,0.5328041315078735,0,0
2019-07-26,2019-07-29,train_in_sample,IWM,0.5578082799911499,0,0
2019-07-29,2019-07-30,train_in_sample,SPY,0.6401423811912537,0,0
2019-07-29,2019-07-30,train_in_sample,QQQ,0.5349240899085999,0,0
2019-07-29,2019-07-30,train_in_sample,IWM,0.5931792259216309,1,1
2019-07-30,2019-07-31,train_in_sample,SPY,0.6496472358703613,0,0
2019-07-30,2019-07-31,train_in_sample,QQQ,0.5965439081192017,0,0
2019-07-30,2019-07-31,train_in_sample,IWM,0.655126690864563,0,0
2019-07-31,2019-08-01,train_in_sample,SPY,0.6197363138198853,0,0
2019-07-31,2019-08-01,train_in_sample,QQQ,0.5489290952682495,0,0
2019-07-31,2019-08-01,train_in_sample,IWM,0.5581645965576172,0,0
2019-08-01,2019-08-02,train_in_sample,SPY,0.6433797478675842,0,0
2019-08-01,2019-08-02,train_in_sample,QQQ,0.5860097408294678,0,0
2019-08-01,2019-08-02,train_in_sample,IWM,0.48025497794151306,0,1
2019-08-02,2019-08-05,train_in_sample,SPY,0.5709948539733887,0,0
2019-08-02,2019-08-05,train_in_sample,QQQ,0.5496512651443481,0,0
2019-08-02,2019-08-05,train_in_sample,IWM,0.5097925066947937,0,0
2019-08-05,2019-08-06,train_in_sample,SPY,0.6408898830413818,1,1
2019-08-05,2019-08-06,train_in_sample,QQQ,0.547667920589447,1,1
2019-08-05,2019-08-06,train_in_sample,IWM,0.5649335384368896,1,1
2019-08-06,2019-08-07,train_in_sample,SPY,0.5927497148513794,1,1
2019-08-06,2019-08-07,train_in_sample,QQQ,0.516985297203064,1,1
2019-08-06,2019-08-07,train_in_sample,IWM,0.5887179374694824,1,1
2019-08-07,2019-08-08,train_in_sample,SPY,0.591370701789856,1,1
2019-08-07,2019-08-08,train_in_sample,QQQ,0.5643759965896606,1,1
2019-08-07,2019-08-08,train_in_sample,IWM,0.6211932301521301,1,1
2019-08-08,2019-08-09,train_in_sample,SPY,0.5490967631340027,0,0
2019-08-08,2019-08-09,train_in_sample,QQQ,0.4813418984413147,0,1
2019-08-08,2019-08-09,train_in_sample,IWM,0.5732317566871643,0,0
2019-08-09,2019-08-12,train_in_sample,SPY,0.6395118236541748,0,0
2019-08-09,2019-08-12,train_in_sample,QQQ,0.5111618638038635,0,0
2019-08-09,2019-08-12,train_in_sample,IWM,0.5409119129180908,0,0
2019-08-12,2019-08-13,train_in_sample,SPY,0.6399887800216675,1,1
2019-08-12,2019-08-13,train_in_sample,QQQ,0.5426832437515259,1,1
2019-08-12,2019-08-13,train_in_sample,IWM,0.6061554551124573,1,1
2019-08-13,2019-08-14,train_in_sample,SPY,0.5774049758911133,0,0
2019-08-13,2019-08-14,train_in_sample,QQQ,0.5215976238250732,0,0
2019-08-13,2019-08-14,train_in_sample,IWM,0.5358493328094482,0,0
2019-08-14,2019-08-15,train_in_sample,SPY,0.6299110054969788,1,1
2019-08-14,2019-08-15,train_in_sample,QQQ,0.5505015254020691,0,0
2019-08-14,2019-08-15,train_in_sample,IWM,0.5540015697479248,0,0
2019-08-15,2019-08-16,train_in_sample,SPY,0.6364912986755371,1,1
2019-08-15,2019-08-16,train_in_sample,QQQ,0.549931526184082,1,1
2019-08-15,2019-08-16,train_in_sample,IWM,0.4945949912071228,1,0
2019-08-16,2019-08-19,train_in_sample,SPY,0.6277123689651489,1,1
2019-08-16,2019-08-19,train_in_sample,QQQ,0.4244970679283142,1,0
2019-08-16,2019-08-19,train_in_sample,IWM,0.5275040864944458,1,1
2019-08-19,2019-08-20,train_in_sample,SPY,0.6154663562774658,0,0
2019-08-19,2019-08-20,train_in_sample,QQQ,0.5143995881080627,0,0
2019-08-19,2019-08-20,train_in_sample,IWM,0.5233814120292664,0,0
2019-08-20,2019-08-21,train_in_sample,SPY,0.7038229703903198,1,1
2019-08-20,2019-08-21,train_in_sample,QQQ,0.4432432949542999,1,0
2019-08-20,2019-08-21,train_in_sample,IWM,0.585185706615448,1,1
2019-08-21,2019-08-22,train_in_sample,SPY,0.6467210650444031,0,0
2019-08-21,2019-08-22,train_in_sample,QQQ,0.5316591262817383,0,0
2019-08-21,2019-08-22,train_in_sample,IWM,0.5525064468383789,0,0
2019-08-22,2019-08-23,train_in_sample,SPY,0.603331983089447,0,0
2019-08-22,2019-08-23,train_in_sample,QQQ,0.4759501516819,0,1
2019-08-22,2019-08-23,train_in_sample,IWM,0.5850185751914978,0,0
2019-08-23,2019-08-26,train_in_sample,SPY,0.566470742225647,1,1
2019-08-23,2019-08-26,train_in_sample,QQQ,0.5277426838874817,1,1
2019-08-23,2019-08-26,train_in_sample,IWM,0.4649081826210022,1,0
2019-08-26,2019-08-27,train_in_sample,SPY,0.6271080374717712,0,0
2019-08-26,2019-08-27,train_in_sample,QQQ,0.4852067232131958,0,1
2019-08-26,2019-08-27,train_in_sample,IWM,0.509304404258728,0,0
2019-08-27,2019-08-28,train_in_sample,SPY,0.6423813700675964,1,1
2019-08-27,2019-08-28,train_in_sample,QQQ,0.4960203468799591,1,0
2019-08-27,2019-08-28,train_in_sample,IWM,0.5745747685432434,1,1
2019-08-28,2019-08-29,train_in_sample,SPY,0.6516879200935364,1,1
2019-08-28,2019-08-29,train_in_sample,QQQ,0.49984973669052124,1,0
2019-08-28,2019-08-29,train_in_sample,IWM,0.6470783352851868,1,1
2019-08-29,2019-08-30,train_in_sample,SPY,0.6033372282981873,0,0
2019-08-29,2019-08-30,train_in_sample,QQQ,0.449643611907959,0,1
2019-08-29,2019-08-30,train_in_sample,IWM,0.5266963839530945,0,0
2019-08-30,2019-09-03,train_in_sample,SPY,0.5338471531867981,0,0
2019-08-30,2019-09-03,train_in_sample,QQQ,0.5570684671401978,0,0
2019-08-30,2019-09-03,train_in_sample,IWM,0.49546027183532715,0,1
2019-09-03,2019-09-04,train_in_sample,SPY,0.6115817427635193,1,1
2019-09-03,2019-09-04,train_in_sample,QQQ,0.5322217345237732,1,1
2019-09-03,2019-09-04,train_in_sample,IWM,0.5644728541374207,1,1
2019-09-04,2019-09-05,train_in_sample,SPY,0.6267690658569336,1,1
2019-09-04,2019-09-05,train_in_sample,QQQ,0.49799710512161255,1,0
2019-09-04,2019-09-05,train_in_sample,IWM,0.6364628076553345,1,1
2019-09-05,2019-09-06,train_in_sample,SPY,0.6310505270957947,1,1
2019-09-05,2019-09-06,train_in_sample,QQQ,0.5156091451644897,0,0
2019-09-05,2019-09-06,train_in_sample,IWM,0.5764136910438538,0,0
2019-09-06,2019-09-09,train_in_sample,SPY,0.6092418432235718,1,1
2019-09-06,2019-09-09,train_in_sample,QQQ,0.5149381756782532,0,0
2019-09-06,2019-09-09,train_in_sample,IWM,0.6064096689224243,1,1
2019-09-09,2019-09-10,train_in_sample,SPY,0.645990788936615,0,0
2019-09-09,2019-09-10,train_in_sample,QQQ,0.5318446755409241,0,0
2019-09-09,2019-09-10,train_in_sample,IWM,0.6113524436950684,1,1
2019-09-10,2019-09-11,train_in_sample,SPY,0.6352783441543579,1,1
2019-09-10,2019-09-11,train_in_sample,QQQ,0.49638861417770386,1,0
2019-09-10,2019-09-11,train_in_sample,IWM,0.5284727215766907,1,1
2019-09-11,2019-09-12,train_in_sample,SPY,0.6208382248878479,1,1
2019-09-11,2019-09-12,train_in_sample,QQQ,0.5333744883537292,1,1
2019-09-11,2019-09-12,train_in_sample,IWM,0.5599406957626343,1,1
2019-09-12,2019-09-13,train_in_sample,SPY,0.6158008575439453,0,0
2019-09-12,2019-09-13,train_in_sample,QQQ,0.5192298293113708,0,0
2019-09-12,2019-09-13,train_in_sample,IWM,0.5713509917259216,1,1
2019-09-13,2019-09-16,train_in_sample,SPY,0.624248743057251,0,0
2019-09-13,2019-09-16,train_in_sample,QQQ,0.49088647961616516,0,1
2019-09-13,2019-09-16,train_in_sample,IWM,0.5658765435218811,1,1
2019-09-16,2019-09-17,train_in_sample,SPY,0.6526387333869934,1,1
2019-09-16,2019-09-17,train_in_sample,QQQ,0.4969457983970642,1,0
2019-09-16,2019-09-17,train_in_sample,IWM,0.6032509207725525,0,0
2019-09-17,2019-09-18,train_in_sample,SPY,0.6191393733024597,1,1
2019-09-17,2019-09-18,train_in_sample,QQQ,0.48283159732818604,0,1
2019-09-17,2019-09-18,train_in_sample,IWM,0.6008233428001404,0,0
2019-09-18,2019-09-19,train_in_sample,SPY,0.6265482902526855,0,0
2019-09-18,2019-09-19,train_in_sample,QQQ,0.5039306879043579,1,1
2019-09-18,2019-09-19,train_in_sample,IWM,0.5522375106811523,0,0
2019-09-19,2019-09-20,train_in_sample,SPY,0.6014325618743896,0,0
2019-09-19,2019-09-20,train_in_sample,QQQ,0.5234589576721191,0,0
2019-09-19,2019-09-20,train_in_sample,IWM,0.5659208297729492,0,0
2019-09-20,2019-09-23,train_in_sample,SPY,0.6347517967224121,1,1
2019-09-20,2019-09-23,train_in_sample,QQQ,0.5256651639938354,1,1
2019-09-20,2019-09-23,train_in_sample,IWM,0.5510074496269226,0,0
2019-09-23,2019-09-24,train_in_sample,SPY,0.6110415458679199,0,0
2019-09-23,2019-09-24,train_in_sample,QQQ,0.5137697458267212,0,0
2019-09-23,2019-09-24,train_in_sample,IWM,0.5878645181655884,0,0
2019-09-24,2019-09-25,train_in_sample,SPY,0.6163933873176575,1,1
2019-09-24,2019-09-25,train_in_sample,QQQ,0.5126891136169434,1,1
2019-09-24,2019-09-25,train_in_sample,IWM,0.5908815860748291,1,1
2019-09-25,2019-09-26,train_in_sample,SPY,0.5864308476448059,0,0
2019-09-25,2019-09-26,train_in_sample,QQQ,0.4792032539844513,0,1
2019-09-25,2019-09-26,train_in_sample,IWM,0.5436541438102722,0,0
2019-09-26,2019-09-27,train_in_sample,SPY,0.6395144462585449,0,0
2019-09-26,2019-09-27,train_in_sample,QQQ,0.43838414549827576,0,1
2019-09-26,2019-09-27,train_in_sample,IWM,0.5746989250183105,0,0
2019-09-27,2019-09-30,train_in_sample,SPY,0.5609633922576904,1,1
2019-09-27,2019-09-30,train_in_sample,QQQ,0.4942599833011627,1,0
2019-09-27,2019-09-30,train_in_sample,IWM,0.5024809837341309,1,1
2019-09-30,2019-10-01,train_in_sample,SPY,0.6354488730430603,0,0
2019-09-30,2019-10-01,train_in_sample,QQQ,0.45483794808387756,0,1
2019-09-30,2019-10-01,train_in_sample,IWM,0.5013381838798523,0,0
2019-10-01,2019-10-02,train_in_sample,SPY,0.6543248295783997,0,0
2019-10-01,2019-10-02,train_in_sample,QQQ,0.5325397253036499,0,0
2019-10-01,2019-10-02,train_in_sample,IWM,0.5928370952606201,0,0
2019-10-02,2019-10-03,train_in_sample,SPY,0.6256698966026306,1,1
2019-10-02,2019-10-03,train_in_sample,QQQ,0.514275312423706,1,1
2019-10-02,2019-10-03,train_in_sample,IWM,0.5403573513031006,1,1
2019-10-03,2019-10-04,train_in_sample,SPY,0.6223405599594116,1,1
2019-10-03,2019-10-04,train_in_sample,QQQ,0.5276707410812378,1,1
2019-10-03,2019-10-04,train_in_sample,IWM,0.5908021330833435,1,1
2019-10-04,2019-10-07,train_in_sample,SPY,0.6051310300827026,0,0
2019-10-04,2019-10-07,train_in_sample,QQQ,0.48644161224365234,0,1
2019-10-04,2019-10-07,train_in_sample,IWM,0.540314257144928,0,0
2019-10-07,2019-10-08,train_in_sample,SPY,0.6245144605636597,0,0
2019-10-07,2019-10-08,train_in_sample,QQQ,0.5087131857872009,0,0
2019-10-07,2019-10-08,train_in_sample,IWM,0.5779423713684082,0,0
2019-10-08,2019-10-09,train_in_sample,SPY,0.6257831454277039,1,1
2019-10-08,2019-10-09,train_in_sample,QQQ,0.5358147025108337,1,1
2019-10-08,2019-10-09,train_in_sample,IWM,0.5821303725242615,1,1
2019-10-09,2019-10-10,train_in_sample,SPY,0.6225883960723877,1,1
2019-10-09,2019-10-10,train_in_sample,QQQ,0.460405170917511,1,0
2019-10-09,2019-10-10,train_in_sample,IWM,0.5562351942062378,1,1
2019-10-10,2019-10-11,train_in_sample,SPY,0.6348625421524048,1,1
2019-10-10,2019-10-11,train_in_sample,QQQ,0.515296459197998,1,1
2019-10-10,2019-10-11,train_in_sample,IWM,0.6482160687446594,1,1
2019-10-11,2019-10-14,train_in_sample,SPY,0.6238576173782349,0,0
2019-10-11,2019-10-14,train_in_sample,QQQ,0.43426501750946045,0,1
2019-10-11,2019-10-14,train_in_sample,IWM,0.5032169818878174,0,0
2019-10-14,2019-10-15,train_in_sample,SPY,0.6166951656341553,1,1
2019-10-14,2019-10-15,train_in_sample,QQQ,0.4465663731098175,1,0
2019-10-14,2019-10-15,train_in_sample,IWM,0.5529615879058838,1,1
2019-10-15,2019-10-16,train_in_sample,SPY,0.6142457723617554,0,0
2019-10-15,2019-10-16,train_in_sample,QQQ,0.5327938199043274,0,0
2019-10-15,2019-10-16,train_in_sample,IWM,0.5557796359062195,1,1
2019-10-16,2019-10-17,train_in_sample,SPY,0.6338155269622803,1,1
2019-10-16,2019-10-17,train_in_sample,QQQ,0.5196266174316406,1,1
2019-10-16,2019-10-17,train_in_sample,IWM,0.5761699676513672,1,1
2019-10-17,2019-10-18,train_in_sample,SPY,0.602039635181427,0,0
2019-10-17,2019-10-18,train_in_sample,QQQ,0.5008857250213623,0,0
2019-10-17,2019-10-18,train_in_sample,IWM,0.557714581489563,0,0
2019-10-18,2019-10-21,train_in_sample,SPY,0.6694808602333069,1,1
2019-10-18,2019-10-21,train_in_sample,QQQ,0.517996609210968,1,1
2019-10-18,2019-10-21,train_in_sample,IWM,0.5907620787620544,1,1
2019-10-21,2019-10-22,train_in_sample,SPY,0.6304908990859985,0,0
2019-10-21,2019-10-22,train_in_sample,QQQ,0.4773729741573334,0,1
2019-10-21,2019-10-22,train_in_sample,IWM,0.5538628697395325,1,1
2019-10-22,2019-10-23,train_in_sample,SPY,0.6469130516052246,1,1
2019-10-22,2019-10-23,train_in_sample,QQQ,0.4807758629322052,1,0
2019-10-22,2019-10-23,train_in_sample,IWM,0.6069034934043884,1,1
2019-10-23,2019-10-24,train_in_sample,SPY,0.6196309328079224,1,1
2019-10-23,2019-10-24,train_in_sample,QQQ,0.4653926193714142,1,0
2019-10-23,2019-10-24,train_in_sample,IWM,0.5826398730278015,0,0
2019-10-24,2019-10-25,train_in_sample,SPY,0.6348922848701477,1,1
2019-10-24,2019-10-25,train_in_sample,QQQ,0.48764511942863464,1,0
2019-10-24,2019-10-25,train_in_sample,IWM,0.5962773561477661,1,1
2019-10-25,2019-10-28,train_in_sample,SPY,0.6107555031776428,1,1
2019-10-25,2019-10-28,train_in_sample,QQQ,0.4881921708583832,1,0
2019-10-25,2019-10-28,train_in_sample,IWM,0.5715563297271729,1,1
2019-10-28,2019-10-29,train_in_sample,SPY,0.6386709809303284,0,0
2019-10-28,2019-10-29,train_in_sample,QQQ,0.5115504860877991,0,0
2019-10-28,2019-10-29,train_in_sample,IWM,0.5800482630729675,1,1
2019-10-29,2019-10-30,train_in_sample,SPY,0.5986725091934204,1,1
2019-10-29,2019-10-30,train_in_sample,QQQ,0.504063606262207,1,1
2019-10-29,2019-10-30,train_in_sample,IWM,0.5382135510444641,0,0
2019-10-30,2019-10-31,train_in_sample,SPY,0.5721865296363831,0,0
2019-10-30,2019-10-31,train_in_sample,QQQ,0.49244773387908936,1,0
2019-10-30,2019-10-31,train_in_sample,IWM,0.6325926780700684,0,0
2019-10-31,2019-11-01,train_in_sample,SPY,0.5748540759086609,1,1
2019-10-31,2019-11-01,train_in_sample,QQQ,0.5380672216415405,1,1
2019-10-31,2019-11-01,train_in_sample,IWM,0.5202784538269043,1,1
2019-11-01,2019-11-04,train_in_sample,SPY,0.6129777431488037,1,1
2019-11-01,2019-11-04,train_in_sample,QQQ,0.4933081269264221,1,0
2019-11-01,2019-11-04,train_in_sample,IWM,0.49499738216400146,1,0
2019-11-04,2019-11-05,train_in_sample,SPY,0.6336317658424377,0,0
2019-11-04,2019-11-05,train_in_sample,QQQ,0.5223097801208496,1,1
2019-11-04,2019-11-05,train_in_sample,IWM,0.5682427883148193,1,1
2019-11-05,2019-11-06,train_in_sample,SPY,0.633433997631073,1,1
2019-11-05,2019-11-06,train_in_sample,QQQ,0.514448344707489,0,0
2019-11-05,2019-11-06,train_in_sample,IWM,0.611862063407898,0,0
2019-11-06,2019-11-07,train_in_sample,SPY,0.6402372717857361,1,1
2019-11-06,2019-11-07,train_in_sample,QQQ,0.5254613757133484,1,1
2019-11-06,2019-11-07,train_in_sample,IWM,0.5669916868209839,1,1
2019-11-07,2019-11-08,train_in_sample,SPY,0.6158886551856995,1,1
2019-11-07,2019-11-08,train_in_sample,QQQ,0.5561349987983704,1,1
2019-11-07,2019-11-08,train_in_sample,IWM,0.6084284782409668,1,1
2019-11-08,2019-11-11,train_in_sample,SPY,0.6327009201049805,0,0
2019-11-08,2019-11-11,train_in_sample,QQQ,0.5032650828361511,0,0
2019-11-08,2019-11-11,train_in_sample,IWM,0.6071065068244934,0,0
2019-11-11,2019-11-12,train_in_sample,SPY,0.6572539210319519,1,1
2019-11-11,2019-11-12,train_in_sample,QQQ,0.47839993238449097,1,0
2019-11-11,2019-11-12,train_in_sample,IWM,0.5827042460441589,1,1
2019-11-12,2019-11-13,train_in_sample,SPY,0.5936124324798584,1,1
2019-11-12,2019-11-13,train_in_sample,QQQ,0.5114172697067261,1,1
2019-11-12,2019-11-13,train_in_sample,IWM,0.5933060050010681,0,0
2019-11-13,2019-11-14,train_in_sample,SPY,0.6356589794158936,1,1
2019-11-13,2019-11-14,train_in_sample,QQQ,0.47438403964042664,0,1
2019-11-13,2019-11-14,train_in_sample,IWM,0.5883342623710632,0,0
2019-11-14,2019-11-15,train_in_sample,SPY,0.6543994545936584,1,1
2019-11-14,2019-11-15,train_in_sample,QQQ,0.5028114318847656,1,1
2019-11-14,2019-11-15,train_in_sample,IWM,0.5615720152854919,1,1
2019-11-15,2019-11-18,train_in_sample,SPY,0.6473515033721924,1,1
2019-11-15,2019-11-18,train_in_sample,QQQ,0.4626510739326477,1,0
2019-11-15,2019-11-18,train_in_sample,IWM,0.5473469495773315,0,0
2019-11-18,2019-11-19,train_in_sample,SPY,0.6101076602935791,0,0
2019-11-18,2019-11-19,train_in_sample,QQQ,0.46980273723602295,1,0
2019-11-18,2019-11-19,train_in_sample,IWM,0.5946342945098877,1,1
2019-11-19,2019-11-20,train_in_sample,SPY,0.6456778645515442,0,0
2019-11-19,2019-11-20,train_in_sample,QQQ,0.4963381886482239,0,1
2019-11-19,2019-11-20,train_in_sample,IWM,0.5513779520988464,0,0
2019-11-20,2019-11-21,train_in_sample,SPY,0.6117836236953735,0,0
2019-11-20,2019-11-21,train_in_sample,QQQ,0.5210060477256775,0,0
2019-11-20,2019-11-21,train_in_sample,IWM,0.505054771900177,0,0
2019-11-21,2019-11-22,train_in_sample,SPY,0.6319167613983154,1,1
2019-11-21,2019-11-22,train_in_sample,QQQ,0.4652833938598633,1,0
2019-11-21,2019-11-22,train_in_sample,IWM,0.5792129039764404,1,1
2019-11-22,2019-11-25,train_in_sample,SPY,0.6237761378288269,1,1
2019-11-22,2019-11-25,train_in_sample,QQQ,0.5103400945663452,1,1
2019-11-22,2019-11-25,train_in_sample,IWM,0.5569598078727722,1,1
2019-11-25,2019-11-26,train_in_sample,SPY,0.63724684715271,1,1
2019-11-25,2019-11-26,train_in_sample,QQQ,0.5017240643501282,1,1
2019-11-25,2019-11-26,train_in_sample,IWM,0.6191638708114624,1,1
2019-11-26,2019-11-27,train_in_sample,SPY,0.6502965092658997,1,1
2019-11-26,2019-11-27,train_in_sample,QQQ,0.47617417573928833,1,0
2019-11-26,2019-11-27,train_in_sample,IWM,0.6307891011238098,1,1
2019-11-27,2019-11-29,train_in_sample,SPY,0.6002647876739502,0,0
2019-11-27,2019-11-29,train_in_sample,QQQ,0.5127814412117004,0,0
2019-11-27,2019-11-29,train_in_sample,IWM,0.5735329985618591,0,0
2019-11-29,2019-12-02,train_in_sample,SPY,0.644152820110321,0,0
2019-11-29,2019-12-02,train_in_sample,QQQ,0.5142166018486023,0,0
2019-11-29,2019-12-02,train_in_sample,IWM,0.5678002238273621,0,0
2019-12-02,2019-12-03,train_in_sample,SPY,0.5929795503616333,0,0
2019-12-02,2019-12-03,train_in_sample,QQQ,0.5457318425178528,0,0
2019-12-02,2019-12-03,train_in_sample,IWM,0.5674788951873779,0,0
2019-12-03,2019-12-04,train_in_sample,SPY,0.6287062764167786,1,1
2019-12-03,2019-12-04,train_in_sample,QQQ,0.5247487425804138,1,1
2019-12-03,2019-12-04,train_in_sample,IWM,0.5805191397666931,1,1
2019-12-04,2019-12-05,train_in_sample,SPY,0.6095030903816223,1,1
2019-12-04,2019-12-05,train_in_sample,QQQ,0.5348566174507141,1,1
2019-12-04,2019-12-05,train_in_sample,IWM,0.6145609617233276,1,1
2019-12-05,2019-12-06,train_in_sample,SPY,0.6271622776985168,1,1
2019-12-05,2019-12-06,train_in_sample,QQQ,0.5150273442268372,1,1
2019-12-05,2019-12-06,train_in_sample,IWM,0.5819902420043945,1,1
2019-12-06,2019-12-09,train_in_sample,SPY,0.5762779116630554,0,0
2019-12-06,2019-12-09,train_in_sample,QQQ,0.4864410161972046,0,1
2019-12-06,2019-12-09,train_in_sample,IWM,0.5305944085121155,0,0
2019-12-09,2019-12-10,train_in_sample,SPY,0.6093109250068665,0,0
2019-12-09,2019-12-10,train_in_sample,QQQ,0.5172344446182251,0,0
2019-12-09,2019-12-10,train_in_sample,IWM,0.6222849488258362,1,1
2019-12-10,2019-12-11,train_in_sample,SPY,0.6221751570701599,1,1
2019-12-10,2019-12-11,train_in_sample,QQQ,0.5159800052642822,1,1
2019-12-10,2019-12-11,train_in_sample,IWM,0.5856235027313232,0,0
2019-12-11,2019-12-12,train_in_sample,SPY,0.6591494083404541,1,1
2019-12-11,2019-12-12,train_in_sample,QQQ,0.47126758098602295,1,0
2019-12-11,2019-12-12,train_in_sample,IWM,0.5959752798080444,1,1
2019-12-12,2019-12-13,train_in_sample,SPY,0.6167888045310974,1,1
2019-12-12,2019-12-13,train_in_sample,QQQ,0.5093332529067993,1,1
2019-12-12,2019-12-13,train_in_sample,IWM,0.4919179677963257,0,1
2019-12-13,2019-12-16,train_in_sample,SPY,0.6713355183601379,1,1
2019-12-13,2019-12-16,train_in_sample,QQQ,0.521279513835907,1,1
2019-12-13,2019-12-16,train_in_sample,IWM,0.60833740234375,1,1
2019-12-16,2019-12-17,train_in_sample,SPY,0.6366093158721924,1,1
2019-12-16,2019-12-17,train_in_sample,QQQ,0.49598100781440735,1,0
2019-12-16,2019-12-17,train_in_sample,IWM,0.5819014310836792,1,1
2019-12-17,2019-12-18,train_in_sample,SPY,0.643998384475708,1,1
2019-12-17,2019-12-18,train_in_sample,QQQ,0.5034094452857971,1,1
2019-12-17,2019-12-18,train_in_sample,IWM,0.5726372003555298,1,1
2019-12-18,2019-12-19,train_in_sample,SPY,0.6356594562530518,1,1
2019-12-18,2019-12-19,train_in_sample,QQQ,0.4730250835418701,1,0
2019-12-18,2019-12-19,train_in_sample,IWM,0.5512151718139648,1,1
2019-12-19,2019-12-20,train_in_sample,SPY,0.6392565369606018,1,1
2019-12-19,2019-12-20,train_in_sample,QQQ,0.4644507169723511,1,0
2019-12-19,2019-12-20,train_in_sample,IWM,0.5507472157478333,1,1
2019-12-20,2019-12-23,train_in_sample,SPY,0.6920123100280762,1,1
2019-12-20,2019-12-23,train_in_sample,QQQ,0.5006510615348816,1,1
2019-12-20,2019-12-23,train_in_sample,IWM,0.586333692073822,1,1
2019-12-23,2019-12-24,train_in_sample,SPY,0.6569825410842896,0,0
2019-12-23,2019-12-24,train_in_sample,QQQ,0.5361846685409546,1,1
2019-12-23,2019-12-24,train_in_sample,IWM,0.5897690057754517,1,1
2019-12-24,2019-12-26,train_in_sample,SPY,0.6265171766281128,1,1
2019-12-24,2019-12-26,train_in_sample,QQQ,0.5013078451156616,1,1
2019-12-24,2019-12-26,train_in_sample,IWM,0.6179237961769104,0,0
2019-12-26,2019-12-27,train_in_sample,SPY,0.5462036728858948,0,0
2019-12-26,2019-12-27,train_in_sample,QQQ,0.5064088702201843,0,0
2019-12-26,2019-12-27,train_in_sample,IWM,0.6048324704170227,0,0
2019-12-27,2019-12-30,train_in_sample,SPY,0.6038957834243774,0,0
2019-12-27,2019-12-30,train_in_sample,QQQ,0.49844086170196533,0,1
2019-12-27,2019-12-30,train_in_sample,IWM,0.5494834184646606,0,0
2019-12-30,2019-12-31,train_in_sample,SPY,0.6134310960769653,1,1
2019-12-30,2019-12-31,train_in_sample,QQQ,0.5010521411895752,1,1
2019-12-30,2019-12-31,train_in_sample,IWM,0.5921974182128906,1,1
2019-12-31,2020-01-02,train_in_sample,SPY,0.6220076084136963,1,1
2019-12-31,2020-01-02,train_in_sample,QQQ,0.48885059356689453,1,0
2019-12-31,2020-01-02,train_in_sample,IWM,0.5721126198768616,1,1
2020-01-02,2020-01-03,train_in_sample,SPY,0.5896039605140686,0,0
2020-01-02,2020-01-03,train_in_sample,QQQ,0.5512392520904541,0,0
2020-01-02,2020-01-03,train_in_sample,IWM,0.5701396465301514,0,0
2020-01-03,2020-01-06,train_in_sample,SPY,0.6345758438110352,1,1
2020-01-03,2020-01-06,train_in_sample,QQQ,0.5215247869491577,1,1
2020-01-03,2020-01-06,train_in_sample,IWM,0.5596792697906494,1,1
2020-01-06,2020-01-07,train_in_sample,SPY,0.6441242694854736,0,0
2020-01-06,2020-01-07,train_in_sample,QQQ,0.5152831673622131,0,0
2020-01-06,2020-01-07,train_in_sample,IWM,0.6107134819030762,0,0
2020-01-07,2020-01-08,train_in_sample,SPY,0.6120237112045288,1,1
2020-01-07,2020-01-08,train_in_sample,QQQ,0.508881151676178,1,1
2020-01-07,2020-01-08,train_in_sample,IWM,0.571583092212677,1,1
2020-01-08,2020-01-09,train_in_sample,SPY,0.6396819353103638,1,1
2020-01-08,2020-01-09,train_in_sample,QQQ,0.5020701289176941,1,1
2020-01-08,2020-01-09,train_in_sample,IWM,0.5795527100563049,1,1
2020-01-09,2020-01-10,train_in_sample,SPY,0.5754337310791016,0,0
2020-01-09,2020-01-10,train_in_sample,QQQ,0.5360516309738159,0,0
2020-01-09,2020-01-10,train_in_sample,IWM,0.5603609681129456,0,0
2020-01-10,2020-01-13,train_in_sample,SPY,0.6206821203231812,1,1
2020-01-10,2020-01-13,train_in_sample,QQQ,0.5150366425514221,1,1
2020-01-10,2020-01-13,train_in_sample,IWM,0.5540570020675659,1,1
2020-01-13,2020-01-14,train_in_sample,SPY,0.5970069766044617,0,0
2020-01-13,2020-01-14,train_in_sample,QQQ,0.4931143522262573,0,1
2020-01-13,2020-01-14,train_in_sample,IWM,0.5593005418777466,1,1
2020-01-14,2020-01-15,train_in_sample,SPY,0.628337562084198,1,1
2020-01-14,2020-01-15,train_in_sample,QQQ,0.5382848381996155,1,1
2020-01-14,2020-01-15,train_in_sample,IWM,0.6124797463417053,1,1
2020-01-15,2020-01-16,train_in_sample,SPY,0.5978338718414307,1,1
2020-01-15,2020-01-16,train_in_sample,QQQ,0.5471859574317932,1,1
2020-01-15,2020-01-16,train_in_sample,IWM,0.5126604437828064,1,1
2020-01-16,2020-01-17,train_in_sample,SPY,0.6308791637420654,1,1
2020-01-16,2020-01-17,train_in_sample,QQQ,0.47330906987190247,1,0
2020-01-16,2020-01-17,train_in_sample,IWM,0.5374450087547302,0,0
2020-01-17,2020-01-21,train_in_sample,SPY,0.6629040241241455,0,0
2020-01-17,2020-01-21,train_in_sample,QQQ,0.4896739423274994,0,1
2020-01-17,2020-01-21,train_in_sample,IWM,0.543621838092804,0,0
2020-01-21,2020-01-22,train_in_sample,SPY,0.6262978911399841,1,1
2020-01-21,2020-01-22,train_in_sample,QQQ,0.4881812632083893,1,0
2020-01-21,2020-01-22,train_in_sample,IWM,0.5484055876731873,0,0
2020-01-22,2020-01-23,train_in_sample,SPY,0.6322289705276489,1,1
2020-01-22,2020-01-23,train_in_sample,QQQ,0.551801323890686,1,1
2020-01-22,2020-01-23,train_in_sample,IWM,0.6208920478820801,0,0
2020-01-23,2020-01-24,train_in_sample,SPY,0.6119719743728638,0,0
2020-01-23,2020-01-24,train_in_sample,QQQ,0.5841819643974304,0,0
2020-01-23,2020-01-24,train_in_sample,IWM,0.6132981181144714,0,0
2020-01-24,2020-01-27,train_in_sample,SPY,0.6397097110748291,0,0
2020-01-24,2020-01-27,train_in_sample,QQQ,0.46223288774490356,0,1
2020-01-24,2020-01-27,train_in_sample,IWM,0.5360637307167053,0,0
2020-01-27,2020-01-28,train_in_sample,SPY,0.6417543888092041,1,1
2020-01-27,2020-01-28,train_in_sample,QQQ,0.5501205325126648,1,1
2020-01-27,2020-01-28,train_in_sample,IWM,0.5874612331390381,1,1
2020-01-28,2020-01-29,train_in_sample,SPY,0.6072895526885986,0,0
2020-01-28,2020-01-29,train_in_sample,QQQ,0.4890214800834656,1,0
2020-01-28,2020-01-29,train_in_sample,IWM,0.5508005023002625,0,0
2020-01-29,2020-01-30,train_in_sample,SPY,0.5699578523635864,1,1
2020-01-29,2020-01-30,train_in_sample,QQQ,0.522937536239624,1,1
2020-01-29,2020-01-30,train_in_sample,IWM,0.5255003571510315,0,0
2020-01-30,2020-01-31,train_in_sample,SPY,0.6251957416534424,0,0
2020-01-30,2020-01-31,train_in_sample,QQQ,0.49512794613838196,0,1
2020-01-30,2020-01-31,train_in_sample,IWM,0.5911595225334167,0,0
2020-01-31,2020-02-03,train_in_sample,SPY,0.6226665377616882,1,1
2020-01-31,2020-02-03,train_in_sample,QQQ,0.488291472196579,1,0
2020-01-31,2020-02-03,train_in_sample,IWM,0.5315649509429932,1,1
2020-02-03,2020-02-04,train_in_sample,SPY,0.5941686630249023,1,1
2020-02-03,2020-02-04,train_in_sample,QQQ,0.5430915355682373,1,1
2020-02-03,2020-02-04,train_in_sample,IWM,0.5471633672714233,1,1
2020-02-04,2020-02-05,train_in_sample,SPY,0.6110127568244934,1,1
2020-02-04,2020-02-05,train_in_sample,QQQ,0.5143439769744873,1,1
2020-02-04,2020-02-05,train_in_sample,IWM,0.5057629346847534,1,1
2020-02-05,2020-02-06,train_in_sample,SPY,0.6258518695831299,1,1
2020-02-05,2020-02-06,train_in_sample,QQQ,0.5147176384925842,1,1
2020-02-05,2020-02-06,train_in_sample,IWM,0.5247715711593628,0,0
2020-02-06,2020-02-07,train_in_sample,SPY,0.624483585357666,0,0
2020-02-06,2020-02-07,train_in_sample,QQQ,0.5299448370933533,0,0
2020-02-06,2020-02-07,train_in_sample,IWM,0.586093544960022,0,0
2020-02-07,2020-02-10,train_in_sample,SPY,0.6347694396972656,1,1
2020-02-07,2020-02-10,train_in_sample,QQQ,0.5532746315002441,1,1
2020-02-07,2020-02-10,train_in_sample,IWM,0.5474595427513123,1,1
2020-02-10,2020-02-11,train_in_sample,SPY,0.5814054608345032,1,1
2020-02-10,2020-02-11,train_in_sample,QQQ,0.4247337579727173,1,0
2020-02-10,2020-02-11,train_in_sample,IWM,0.49885666370391846,1,0
2020-02-11,2020-02-12,train_in_sample,SPY,0.5763593316078186,1,1
2020-02-11,2020-02-12,train_in_sample,QQQ,0.5364097356796265,1,1
2020-02-11,2020-02-12,train_in_sample,IWM,0.5652791261672974,1,1
2020-02-12,2020-02-13,train_in_sample,SPY,0.5833498239517212,0,0
2020-02-12,2020-02-13,train_in_sample,QQQ,0.49425041675567627,0,1
2020-02-12,2020-02-13,train_in_sample,IWM,0.5348816514015198,1,1
2020-02-13,2020-02-14,train_in_sample,SPY,0.5906749963760376,1,1
2020-02-13,2020-02-14,train_in_sample,QQQ,0.5496426224708557,1,1
2020-02-13,2020-02-14,train_in_sample,IWM,0.5887020230293274,0,0
2020-02-14,2020-02-18,train_in_sample,SPY,0.6435434222221375,0,0
2020-02-14,2020-02-18,train_in_sample,QQQ,0.48239022493362427,1,0
2020-02-14,2020-02-18,train_in_sample,IWM,0.5323328375816345,0,0
2020-02-18,2020-02-19,train_in_sample,SPY,0.6308245658874512,1,1
2020-02-18,2020-02-19,train_in_sample,QQQ,0.4953230619430542,1,0
2020-02-18,2020-02-19,train_in_sample,IWM,0.57666015625,1,1
2020-02-19,2020-02-20,train_in_sample,SPY,0.5613963603973389,0,0
2020-02-19,2020-02-20,train_in_sample,QQQ,0.500539243221283,0,0
2020-02-19,2020-02-20,train_in_sample,IWM,0.52649986743927,1,1
2020-02-20,2020-02-21,train_in_sample,SPY,0.5945728421211243,0,0
2020-02-20,2020-02-21,train_in_sample,QQQ,0.4793778955936432,0,1
2020-02-20,2020-02-21,train_in_sample,IWM,0.5210833549499512,0,0
2020-02-21,2020-02-24,train_in_sample,SPY,0.6048488020896912,0,0
2020-02-21,2020-02-24,train_in_sample,QQQ,0.5493684411048889,0,0
2020-02-21,2020-02-24,train_in_sample,IWM,0.5273001194000244,0,0
2020-02-24,2020-02-25,train_in_sample,SPY,0.6419265866279602,0,0
2020-02-24,2020-02-25,train_in_sample,QQQ,0.48931723833084106,0,1
2020-02-24,2020-02-25,train_in_sample,IWM,0.48226261138916016,0,1
2020-02-25,2020-02-26,train_in_sample,SPY,0.6048264503479004,0,0
2020-02-25,2020-02-26,train_in_sample,QQQ,0.48810824751853943,1,0
2020-02-25,2020-02-26,train_in_sample,IWM,0.487612247467041,0,1
2020-02-26,2020-02-27,train_in_sample,SPY,0.600805401802063,0,0
2020-02-26,2020-02-27,train_in_sample,QQQ,0.5553489327430725,0,0
2020-02-26,2020-02-27,train_in_sample,IWM,0.5129938721656799,0,0
2020-02-27,2020-02-28,train_in_sample,SPY,0.6290847659111023,0,0
2020-02-27,2020-02-28,train_in_sample,QQQ,0.5431061387062073,1,1
2020-02-27,2020-02-28,train_in_sample,IWM,0.520918071269989,0,0
2020-02-28,2020-03-02,train_in_sample,SPY,0.6095255017280579,1,1
2020-02-28,2020-03-02,train_in_sample,QQQ,0.5473657846450806,1,1
2020-02-28,2020-03-02,train_in_sample,IWM,0.5173471570014954,1,1
2020-03-02,2020-03-03,train_in_sample,SPY,0.5360910892486572,0,0
2020-03-02,2020-03-03,train_in_sample,QQQ,0.4762016832828522,0,1
2020-03-02,2020-03-03,train_in_sample,IWM,0.5041372179985046,0,0
2020-03-03,2020-03-04,train_in_sample,SPY,0.5729764103889465,1,1
2020-03-03,2020-03-04,train_in_sample,QQQ,0.5239086747169495,1,1
2020-03-03,2020-03-04,train_in_sample,IWM,0.5052762031555176,1,1
2020-03-04,2020-03-05,train_in_sample,SPY,0.5345622897148132,0,0
2020-03-04,2020-03-05,train_in_sample,QQQ,0.5076808929443359,0,0
2020-03-04,2020-03-05,train_in_sample,IWM,0.5152883529663086,0,0
2020-03-05,2020-03-06,train_in_sample,SPY,0.6068094372749329,0,0
2020-03-05,2020-03-06,train_in_sample,QQQ,0.6018303036689758,0,0
2020-03-05,2020-03-06,train_in_sample,IWM,0.5176802277565002,0,0
2020-03-06,2020-03-09,train_in_sample,SPY,0.6156351566314697,0,0
2020-03-06,2020-03-09,train_in_sample,QQQ,0.5976342558860779,0,0
2020-03-06,2020-03-09,train_in_sample,IWM,0.5748844146728516,0,0
2020-03-09,2020-03-10,train_in_sample,SPY,0.5866381525993347,1,1
2020-03-09,2020-03-10,train_in_sample,QQQ,0.6423843502998352,1,1
2020-03-09,2020-03-10,train_in_sample,IWM,0.48450830578804016,1,0
2020-03-10,2020-03-11,train_in_sample,SPY,0.5535622239112854,0,0
2020-03-10,2020-03-11,train_in_sample,QQQ,0.4707585275173187,0,1
2020-03-10,2020-03-11,train_in_sample,IWM,0.516234278678894,0,0
2020-03-11,2020-03-12,train_in_sample,SPY,0.6280279159545898,0,0
2020-03-11,2020-03-12,train_in_sample,QQQ,0.5461690425872803,0,0
2020-03-11,2020-03-12,train_in_sample,IWM,0.5011757016181946,0,0
2020-03-12,2020-03-13,train_in_sample,SPY,0.5701756477355957,1,1
2020-03-12,2020-03-13,train_in_sample,QQQ,0.6275856494903564,1,1
2020-03-12,2020-03-13,train_in_sample,IWM,0.4808773398399353,1,0
2020-03-13,2020-03-16,train_in_sample,SPY,0.49473005533218384,0,1
2020-03-13,2020-03-16,train_in_sample,QQQ,0.39015668630599976,0,1
2020-03-13,2020-03-16,train_in_sample,IWM,0.47478747367858887,0,1
2020-03-16,2020-03-17,train_in_sample,SPY,0.5936802625656128,1,1
2020-03-16,2020-03-17,train_in_sample,QQQ,0.5943649411201477,1,1
2020-03-16,2020-03-17,train_in_sample,IWM,0.49796998500823975,1,0
2020-03-17,2020-03-18,train_in_sample,SPY,0.4729619324207306,0,1
2020-03-17,2020-03-18,train_in_sample,QQQ,0.4604385197162628,0,1
2020-03-17,2020-03-18,train_in_sample,IWM,0.4775455892086029,0,1
2020-03-18,2020-03-19,train_in_sample,SPY,0.5910483002662659,1,1
2020-03-18,2020-03-19,train_in_sample,QQQ,0.5526931285858154,1,1
2020-03-18,2020-03-19,train_in_sample,IWM,0.48934587836265564,1,0
2020-03-19,2020-03-20,train_in_sample,SPY,0.570018470287323,0,0
2020-03-19,2020-03-20,train_in_sample,QQQ,0.5585667490959167,0,0
2020-03-19,2020-03-20,train_in_sample,IWM,0.5623562335968018,0,0
2020-03-20,2020-03-23,train_in_sample,SPY,0.6051636934280396,0,0
2020-03-20,2020-03-23,train_in_sample,QQQ,0.5431718230247498,1,1
2020-03-20,2020-03-23,train_in_sample,IWM,0.4538397192955017,0,1
2020-03-23,2020-03-24,train_in_sample,SPY,0.6010067462921143,1,1
2020-03-23,2020-03-24,train_in_sample,QQQ,0.5277171730995178,1,1
2020-03-23,2020-03-24,train_in_sample,IWM,0.4911501705646515,1,0
2020-03-24,2020-03-25,train_in_sample,SPY,0.514200747013092,1,1
2020-03-24,2020-03-25,train_in_sample,QQQ,0.45041170716285706,0,1
2020-03-24,2020-03-25,train_in_sample,IWM,0.5027869343757629,1,1
2020-03-25,2020-03-26,train_in_sample,SPY,0.5677698850631714,1,1
2020-03-25,2020-03-26,train_in_sample,QQQ,0.48930802941322327,1,0
2020-03-25,2020-03-26,train_in_sample,IWM,0.5049489140510559,1,1
2020-03-26,2020-03-27,train_in_sample,SPY,0.5340445041656494,0,0
2020-03-26,2020-03-27,train_in_sample,QQQ,0.4777217209339142,0,1
2020-03-26,2020-03-27,train_in_sample,IWM,0.519720733165741,0,0
2020-03-27,2020-03-30,train_in_sample,SPY,0.632491409778595,1,1
2020-03-27,2020-03-30,train_in_sample,QQQ,0.5548769235610962,1,1
2020-03-27,2020-03-30,train_in_sample,IWM,0.4999430775642395,1,0
2020-03-30,2020-03-31,train_in_sample,SPY,0.577204704284668,0,0
2020-03-30,2020-03-31,train_in_sample,QQQ,0.5019317269325256,0,0
2020-03-30,2020-03-31,train_in_sample,IWM,0.5123486518859863,0,0
2020-03-31,2020-04-01,train_in_sample,SPY,0.628726065158844,0,0
2020-03-31,2020-04-01,train_in_sample,QQQ,0.49631059169769287,0,1
2020-03-31,2020-04-01,train_in_sample,IWM,0.5432607531547546,0,0
2020-04-01,2020-04-02,train_in_sample,SPY,0.6378757953643799,1,1
2020-04-01,2020-04-02,train_in_sample,QQQ,0.540744423866272,1,1
2020-04-01,2020-04-02,train_in_sample,IWM,0.5459558367729187,1,1
2020-04-02,2020-04-03,train_in_sample,SPY,0.5896950364112854,0,0
2020-04-02,2020-04-03,train_in_sample,QQQ,0.5470656156539917,0,0
2020-04-02,2020-04-03,train_in_sample,IWM,0.5634428262710571,0,0
2020-04-03,2020-04-06,train_in_sample,SPY,0.6076362729072571,1,1
2020-04-03,2020-04-06,train_in_sample,QQQ,0.5351723432540894,1,1
2020-04-03,2020-04-06,train_in_sample,IWM,0.5531070828437805,1,1
2020-04-06,2020-04-07,train_in_sample,SPY,0.5327285528182983,1,1
2020-04-06,2020-04-07,train_in_sample,QQQ,0.42965608835220337,0,1
2020-04-06,2020-04-07,train_in_sample,IWM,0.5224235653877258,1,1
2020-04-07,2020-04-08,train_in_sample,SPY,0.5920836329460144,1,1
2020-04-07,2020-04-08,train_in_sample,QQQ,0.48339909315109253,1,0
2020-04-07,2020-04-08,train_in_sample,IWM,0.5276557803153992,1,1
2020-04-08,2020-04-09,train_in_sample,SPY,0.5737268924713135,1,1
2020-04-08,2020-04-09,train_in_sample,QQQ,0.49840879440307617,1,0
2020-04-08,2020-04-09,train_in_sample,IWM,0.521602213382721,1,1
2020-04-09,2020-04-13,train_in_sample,SPY,0.6465233564376831,0,0
2020-04-09,2020-04-13,train_in_sample,QQQ,0.5399676561355591,1,1
2020-04-09,2020-04-13,train_in_sample,IWM,0.5017098784446716,0,0
2020-04-13,2020-04-14,train_in_sample,SPY,0.6264336705207825,1,1
2020-04-13,2020-04-14,train_in_sample,QQQ,0.5178460478782654,1,1
2020-04-13,2020-04-14,train_in_sample,IWM,0.5704861283302307,1,1
2020-04-14,2020-04-15,train_in_sample,SPY,0.5736340880393982,0,0
2020-04-14,2020-04-15,train_in_sample,QQQ,0.4573138654232025,0,1
2020-04-14,2020-04-15,train_in_sample,IWM,0.5234580039978027,0,0
2020-04-15,2020-04-16,train_in_sample,SPY,0.6038336753845215,1,1
2020-04-15,2020-04-16,train_in_sample,QQQ,0.5423052906990051,1,1
2020-04-15,2020-04-16,train_in_sample,IWM,0.5752837061882019,0,0
2020-04-16,2020-04-17,train_in_sample,SPY,0.6034864783287048,1,1
2020-04-16,2020-04-17,train_in_sample,QQQ,0.4964369535446167,1,0
2020-04-16,2020-04-17,train_in_sample,IWM,0.5295290350914001,1,1
2020-04-17,2020-04-20,train_in_sample,SPY,0.6050683856010437,0,0
2020-04-17,2020-04-20,train_in_sample,QQQ,0.5380133390426636,0,0
2020-04-17,2020-04-20,train_in_sample,IWM,0.534624457359314,0,0
2020-04-20,2020-04-21,train_in_sample,SPY,0.6257757544517517,0,0
2020-04-20,2020-04-21,train_in_sample,QQQ,0.5366347432136536,0,0
2020-04-20,2020-04-21,train_in_sample,IWM,0.5785509943962097,0,0
2020-04-21,2020-04-22,train_in_sample,SPY,0.6346567869186401,1,1
2020-04-21,2020-04-22,train_in_sample,QQQ,0.5366781949996948,1,1
2020-04-21,2020-04-22,train_in_sample,IWM,0.5403452515602112,1,1
2020-04-22,2020-04-23,train_in_sample,SPY,0.5792990922927856,0,0
2020-04-22,2020-04-23,train_in_sample,QQQ,0.507073700428009,0,0
2020-04-22,2020-04-23,train_in_sample,IWM,0.5329352617263794,1,1
2020-04-23,2020-04-24,train_in_sample,SPY,0.6538406610488892,1,1
2020-04-23,2020-04-24,train_in_sample,QQQ,0.5164122581481934,1,1
2020-04-23,2020-04-24,train_in_sample,IWM,0.5580273270606995,1,1
2020-04-24,2020-04-27,train_in_sample,SPY,0.6180365085601807,1,1
2020-04-24,2020-04-27,train_in_sample,QQQ,0.4705825448036194,1,0
2020-04-24,2020-04-27,train_in_sample,IWM,0.5182482600212097,1,1
2020-04-27,2020-04-28,train_in_sample,SPY,0.6087300181388855,0,0
2020-04-27,2020-04-28,train_in_sample,QQQ,0.5049349665641785,0,0
2020-04-27,2020-04-28,train_in_sample,IWM,0.5365446209907532,1,1
2020-04-28,2020-04-29,train_in_sample,SPY,0.6277292966842651,1,1
2020-04-28,2020-04-29,train_in_sample,QQQ,0.5258846282958984,1,1
2020-04-28,2020-04-29,train_in_sample,IWM,0.49504342675209045,1,0
2020-04-29,2020-04-30,train_in_sample,SPY,0.5974528193473816,0,0
2020-04-29,2020-04-30,train_in_sample,QQQ,0.5066737532615662,0,0
2020-04-29,2020-04-30,train_in_sample,IWM,0.5384844541549683,0,0
2020-04-30,2020-05-01,train_in_sample,SPY,0.5979544520378113,0,0
2020-04-30,2020-05-01,train_in_sample,QQQ,0.5206108093261719,0,0
2020-04-30,2020-05-01,train_in_sample,IWM,0.46903833746910095,0,1
2020-05-01,2020-05-04,train_in_sample,SPY,0.6632511615753174,1,1
2020-05-01,2020-05-04,train_in_sample,QQQ,0.5190010070800781,1,1
2020-05-01,2020-05-04,train_in_sample,IWM,0.5804256796836853,1,1
2020-05-04,2020-05-05,train_in_sample,SPY,0.6415622234344482,1,1
2020-05-04,2020-05-05,train_in_sample,QQQ,0.5048803687095642,1,1
2020-05-04,2020-05-05,train_in_sample,IWM,0.5760164260864258,1,1
2020-05-05,2020-05-06,train_in_sample,SPY,0.6363504528999329,0,0
2020-05-05,2020-05-06,train_in_sample,QQQ,0.481521874666214,1,0
2020-05-05,2020-05-06,train_in_sample,IWM,0.5449479222297668,0,0
2020-05-06,2020-05-07,train_in_sample,SPY,0.5898832678794861,1,1
2020-05-06,2020-05-07,train_in_sample,QQQ,0.5026548504829407,1,1
2020-05-06,2020-05-07,train_in_sample,IWM,0.4869443476200104,1,0
2020-05-07,2020-05-08,train_in_sample,SPY,0.6512240171432495,1,1
2020-05-07,2020-05-08,train_in_sample,QQQ,0.4518575370311737,1,0
2020-05-07,2020-05-08,train_in_sample,IWM,0.5344721078872681,1,1
2020-05-08,2020-05-11,train_in_sample,SPY,0.635076642036438,1,1
2020-05-08,2020-05-11,train_in_sample,QQQ,0.48320138454437256,1,0
2020-05-08,2020-05-11,train_in_sample,IWM,0.5225182771682739,0,0
2020-05-11,2020-05-12,train_in_sample,SPY,0.643636167049408,0,0
2020-05-11,2020-05-12,train_in_sample,QQQ,0.4933341145515442,0,1
2020-05-11,2020-05-12,train_in_sample,IWM,0.5428037643432617,0,0
2020-05-12,2020-05-13,train_in_sample,SPY,0.629222571849823,0,0
2020-05-12,2020-05-13,train_in_sample,QQQ,0.5111579298973083,0,0
2020-05-12,2020-05-13,train_in_sample,IWM,0.5177752375602722,0,0
2020-05-13,2020-05-14,train_in_sample,SPY,0.6183010935783386,1,1
2020-05-13,2020-05-14,train_in_sample,QQQ,0.49450016021728516,1,0
2020-05-13,2020-05-14,train_in_sample,IWM,0.514098048210144,1,1
2020-05-14,2020-05-15,train_in_sample,SPY,0.6120631098747253,1,1
2020-05-14,2020-05-15,train_in_sample,QQQ,0.5032762289047241,1,1
2020-05-14,2020-05-15,train_in_sample,IWM,0.5755000710487366,1,1
2020-05-15,2020-05-18,train_in_sample,SPY,0.622820258140564,1,1
2020-05-15,2020-05-18,train_in_sample,QQQ,0.5298615097999573,1,1
2020-05-15,2020-05-18,train_in_sample,IWM,0.48628777265548706,1,0
2020-05-18,2020-05-19,train_in_sample,SPY,0.6385661363601685,0,0
2020-05-18,2020-05-19,train_in_sample,QQQ,0.4932503402233124,0,1
2020-05-18,2020-05-19,train_in_sample,IWM,0.5049380660057068,0,0
2020-05-19,2020-05-20,train_in_sample,SPY,0.6491703391075134,1,1
2020-05-19,2020-05-20,train_in_sample,QQQ,0.5057647824287415,1,1
2020-05-19,2020-05-20,train_in_sample,IWM,0.5239899754524231,1,1
2020-05-20,2020-05-21,train_in_sample,SPY,0.6136490106582642,0,0
2020-05-20,2020-05-21,train_in_sample,QQQ,0.4743008315563202,0,1
2020-05-20,2020-05-21,train_in_sample,IWM,0.5038659572601318,1,1
2020-05-21,2020-05-22,train_in_sample,SPY,0.6203927993774414,1,1
2020-05-21,2020-05-22,train_in_sample,QQQ,0.4783357083797455,1,0
2020-05-21,2020-05-22,train_in_sample,IWM,0.5500075817108154,1,1
2020-05-22,2020-05-26,train_in_sample,SPY,0.6462835669517517,1,1
2020-05-22,2020-05-26,train_in_sample,QQQ,0.4739220440387726,0,1
2020-05-22,2020-05-26,train_in_sample,IWM,0.5511233806610107,1,1
2020-05-26,2020-05-27,train_in_sample,SPY,0.6522035002708435,1,1
2020-05-26,2020-05-27,train_in_sample,QQQ,0.49059078097343445,1,0
2020-05-26,2020-05-27,train_in_sample,IWM,0.538950502872467,1,1
2020-05-27,2020-05-28,train_in_sample,SPY,0.6164208054542542,0,0
2020-05-27,2020-05-28,train_in_sample,QQQ,0.48714467883110046,0,1
2020-05-27,2020-05-28,train_in_sample,IWM,0.5101150870323181,0,0
2020-05-28,2020-05-29,train_in_sample,SPY,0.606351912021637,1,1
2020-05-28,2020-05-29,train_in_sample,QQQ,0.5066352486610413,1,1
2020-05-28,2020-05-29,train_in_sample,IWM,0.5163313150405884,0,0
2020-05-29,2020-06-01,train_in_sample,SPY,0.6185533404350281,1,1
2020-05-29,2020-06-01,train_in_sample,QQQ,0.47507691383361816,1,0
2020-05-29,2020-06-01,train_in_sample,IWM,0.5514009594917297,1,1
2020-06-01,2020-06-02,train_in_sample,SPY,0.6344479918479919,1,1
2020-06-01,2020-06-02,train_in_sample,QQQ,0.47243422269821167,1,0
2020-06-01,2020-06-02,train_in_sample,IWM,0.5472100973129272,1,1
2020-06-02,2020-06-03,train_in_sample,SPY,0.6250247955322266,1,1
2020-06-02,2020-06-03,train_in_sample,QQQ,0.5019049644470215,1,1
2020-06-02,2020-06-03,train_in_sample,IWM,0.5456157326698303,1,1
2020-06-03,2020-06-04,train_in_sample,SPY,0.6511104702949524,0,0
2020-06-03,2020-06-04,train_in_sample,QQQ,0.5086860656738281,0,0
2020-06-03,2020-06-04,train_in_sample,IWM,0.5114349722862244,0,0
2020-06-04,2020-06-05,train_in_sample,SPY,0.6487637162208557,1,1
2020-06-04,2020-06-05,train_in_sample,QQQ,0.5055619478225708,1,1
2020-06-04,2020-06-05,train_in_sample,IWM,0.5605805516242981,1,1
2020-06-05,2020-06-08,train_in_sample,SPY,0.6036055684089661,1,1
2020-06-05,2020-06-08,train_in_sample,QQQ,0.5337368845939636,1,1
2020-06-05,2020-06-08,train_in_sample,IWM,0.47344037890434265,1,0
2020-06-08,2020-06-09,train_in_sample,SPY,0.6149637699127197,0,0
2020-06-08,2020-06-09,train_in_sample,QQQ,0.5046266317367554,1,1
2020-06-08,2020-06-09,train_in_sample,IWM,0.4810013771057129,0,1
2020-06-09,2020-06-10,train_in_sample,SPY,0.5847611427307129,0,0
2020-06-09,2020-06-10,train_in_sample,QQQ,0.527927041053772,1,1
2020-06-09,2020-06-10,train_in_sample,IWM,0.5025954246520996,0,0
2020-06-10,2020-06-11,train_in_sample,SPY,0.6302642822265625,0,0
2020-06-10,2020-06-11,train_in_sample,QQQ,0.4916694164276123,0,1
2020-06-10,2020-06-11,train_in_sample,IWM,0.5061659812927246,0,0
2020-06-11,2020-06-12,train_in_sample,SPY,0.6539141535758972,1,1
2020-06-11,2020-06-12,train_in_sample,QQQ,0.5228245258331299,1,1
2020-06-11,2020-06-12,train_in_sample,IWM,0.508510172367096,1,1
2020-06-12,2020-06-15,train_in_sample,SPY,0.6171333193778992,1,1
2020-06-12,2020-06-15,train_in_sample,QQQ,0.4957823157310486,1,0
2020-06-12,2020-06-15,train_in_sample,IWM,0.4969819486141205,1,0
2020-06-15,2020-06-16,train_in_sample,SPY,0.6320717930793762,1,1
2020-06-15,2020-06-16,train_in_sample,QQQ,0.505393922328949,1,1
2020-06-15,2020-06-16,train_in_sample,IWM,0.5529643297195435,1,1
2020-06-16,2020-06-17,train_in_sample,SPY,0.6245516538619995,0,0
2020-06-16,2020-06-17,train_in_sample,QQQ,0.46683719754219055,1,0
2020-06-16,2020-06-17,train_in_sample,IWM,0.4998355507850647,0,1
2020-06-17,2020-06-18,train_in_sample,SPY,0.6245784163475037,1,1
2020-06-17,2020-06-18,train_in_sample,QQQ,0.49225544929504395,1,0
2020-06-17,2020-06-18,train_in_sample,IWM,0.4951447546482086,1,0
2020-06-18,2020-06-19,train_in_sample,SPY,0.6598254442214966,0,0
2020-06-18,2020-06-19,train_in_sample,QQQ,0.5256493091583252,0,0
2020-06-18,2020-06-19,train_in_sample,IWM,0.5424842834472656,0,0
2020-06-19,2020-06-22,train_in_sample,SPY,0.6659698486328125,1,1
2020-06-19,2020-06-22,train_in_sample,QQQ,0.48890912532806396,1,0
2020-06-19,2020-06-22,train_in_sample,IWM,0.5304310917854309,1,1
2020-06-22,2020-06-23,train_in_sample,SPY,0.6436206102371216,1,1
2020-06-22,2020-06-23,train_in_sample,QQQ,0.538094699382782,1,1
2020-06-22,2020-06-23,train_in_sample,IWM,0.5547852516174316,1,1
2020-06-23,2020-06-24,train_in_sample,SPY,0.6476427316665649,0,0
2020-06-23,2020-06-24,train_in_sample,QQQ,0.4756760597229004,0,1
2020-06-23,2020-06-24,train_in_sample,IWM,0.5139225721359253,0,0
2020-06-24,2020-06-25,train_in_sample,SPY,0.63523930311203,1,1
2020-06-24,2020-06-25,train_in_sample,QQQ,0.4856904149055481,1,0
2020-06-24,2020-06-25,train_in_sample,IWM,0.5266975164413452,1,1
2020-06-25,2020-06-26,train_in_sample,SPY,0.6243308782577515,0,0
2020-06-25,2020-06-26,train_in_sample,QQQ,0.5021899342536926,0,0
2020-06-25,2020-06-26,train_in_sample,IWM,0.5455988645553589,0,0
2020-06-26,2020-06-29,train_in_sample,SPY,0.6393862366676331,1,1
2020-06-26,2020-06-29,train_in_sample,QQQ,0.5192369818687439,1,1
2020-06-26,2020-06-29,train_in_sample,IWM,0.4924541711807251,1,0
2020-06-29,2020-06-30,train_in_sample,SPY,0.6415897011756897,1,1
2020-06-29,2020-06-30,train_in_sample,QQQ,0.4844270348548889,1,0
2020-06-29,2020-06-30,train_in_sample,IWM,0.5476857423782349,1,1
2020-06-30,2020-07-01,train_in_sample,SPY,0.5777143239974976,1,1
2020-06-30,2020-07-01,train_in_sample,QQQ,0.4810357987880707,1,0
2020-06-30,2020-07-01,train_in_sample,IWM,0.49000319838523865,0,1
2020-07-01,2020-07-02,train_in_sample,SPY,0.6110557913780212,1,1
2020-07-01,2020-07-02,train_in_sample,QQQ,0.5032774806022644,1,1
2020-07-01,2020-07-02,train_in_sample,IWM,0.4932926893234253,1,0
2020-07-02,2020-07-06,train_in_sample,SPY,0.5995954871177673,1,1
2020-07-02,2020-07-06,train_in_sample,QQQ,0.4982783794403076,1,0
2020-07-02,2020-07-06,train_in_sample,IWM,0.5296635031700134,1,1
2020-07-06,2020-07-07,train_in_sample,SPY,0.5863110423088074,0,0
2020-07-06,2020-07-07,train_in_sample,QQQ,0.4793301224708557,0,1
2020-07-06,2020-07-07,train_in_sample,IWM,0.5045621991157532,0,0
2020-07-07,2020-07-08,train_in_sample,SPY,0.6510311365127563,1,1
2020-07-07,2020-07-08,train_in_sample,QQQ,0.47142308950424194,1,0
2020-07-07,2020-07-08,train_in_sample,IWM,0.5003416538238525,1,1
2020-07-08,2020-07-09,train_in_sample,SPY,0.6172721982002258,0,0
2020-07-08,2020-07-09,train_in_sample,QQQ,0.4775889813899994,1,0
2020-07-08,2020-07-09,train_in_sample,IWM,0.5712241530418396,0,0
2020-07-09,2020-07-10,train_in_sample,SPY,0.6210209131240845,1,1
2020-07-09,2020-07-10,train_in_sample,QQQ,0.4707033634185791,1,0
2020-07-09,2020-07-10,train_in_sample,IWM,0.5546404719352722,1,1
2020-07-10,2020-07-13,train_in_sample,SPY,0.6238957643508911,0,0
2020-07-10,2020-07-13,train_in_sample,QQQ,0.475582093000412,0,1
2020-07-10,2020-07-13,train_in_sample,IWM,0.5674900412559509,0,0
2020-07-13,2020-07-14,train_in_sample,SPY,0.5583568811416626,1,1
2020-07-13,2020-07-14,train_in_sample,QQQ,0.5118509531021118,1,1
2020-07-13,2020-07-14,train_in_sample,IWM,0.5191688537597656,1,1
2020-07-14,2020-07-15,train_in_sample,SPY,0.5870878100395203,1,1
2020-07-14,2020-07-15,train_in_sample,QQQ,0.4916001558303833,1,0
2020-07-14,2020-07-15,train_in_sample,IWM,0.5367600917816162,1,1
2020-07-15,2020-07-16,train_in_sample,SPY,0.638516366481781,0,0
2020-07-15,2020-07-16,train_in_sample,QQQ,0.48382699489593506,0,1
2020-07-15,2020-07-16,train_in_sample,IWM,0.5334962010383606,0,0
2020-07-16,2020-07-17,train_in_sample,SPY,0.5956547260284424,1,1
2020-07-16,2020-07-17,train_in_sample,QQQ,0.5422569513320923,1,1
2020-07-16,2020-07-17,train_in_sample,IWM,0.5502618551254272,1,1
2020-07-17,2020-07-20,train_in_sample,SPY,0.6322689652442932,1,1
2020-07-17,2020-07-20,train_in_sample,QQQ,0.5330353379249573,1,1
2020-07-17,2020-07-20,train_in_sample,IWM,0.5574489831924438,0,0
2020-07-20,2020-07-21,train_in_sample,SPY,0.5530597567558289,1,1
2020-07-20,2020-07-21,train_in_sample,QQQ,0.5100144147872925,0,0
2020-07-20,2020-07-21,train_in_sample,IWM,0.5848068594932556,1,1
2020-07-21,2020-07-22,train_in_sample,SPY,0.604188859462738,1,1
2020-07-21,2020-07-22,train_in_sample,QQQ,0.49053236842155457,1,0
2020-07-21,2020-07-22,train_in_sample,IWM,0.5016847252845764,1,1
2020-07-22,2020-07-23,train_in_sample,SPY,0.6199095249176025,0,0
2020-07-22,2020-07-23,train_in_sample,QQQ,0.5007104873657227,0,0
2020-07-22,2020-07-23,train_in_sample,IWM,0.556635320186615,1,1
2020-07-23,2020-07-24,train_in_sample,SPY,0.6393995881080627,0,0
2020-07-23,2020-07-24,train_in_sample,QQQ,0.4560387134552002,0,1
2020-07-23,2020-07-24,train_in_sample,IWM,0.532966136932373,0,0
2020-07-24,2020-07-27,train_in_sample,SPY,0.5882329940795898,1,1
2020-07-24,2020-07-27,train_in_sample,QQQ,0.5554392337799072,1,1
2020-07-24,2020-07-27,train_in_sample,IWM,0.5663482546806335,1,1
2020-07-27,2020-07-28,train_in_sample,SPY,0.6122188568115234,0,0
2020-07-27,2020-07-28,train_in_sample,QQQ,0.5144270658493042,0,0
2020-07-27,2020-07-28,train_in_sample,IWM,0.5409577488899231,0,0
2020-07-28,2020-07-29,train_in_sample,SPY,0.6307675838470459,1,1
2020-07-28,2020-07-29,train_in_sample,QQQ,0.534794807434082,1,1
2020-07-28,2020-07-29,train_in_sample,IWM,0.5807708501815796,1,1
2020-07-29,2020-07-30,train_in_sample,SPY,0.5763444900512695,0,0
2020-07-29,2020-07-30,train_in_sample,QQQ,0.48936668038368225,1,0
2020-07-29,2020-07-30,train_in_sample,IWM,0.5828871130943298,0,0
2020-07-30,2020-07-31,train_in_sample,SPY,0.5889623761177063,1,1
2020-07-30,2020-07-31,train_in_sample,QQQ,0.5082992911338806,1,1
2020-07-30,2020-07-31,train_in_sample,IWM,0.5110106468200684,0,0
2020-07-31,2020-08-03,train_in_sample,SPY,0.6013439297676086,1,1
2020-07-31,2020-08-03,train_in_sample,QQQ,0.47643283009529114,1,0
2020-07-31,2020-08-03,train_in_sample,IWM,0.5150198936462402,1,1
2020-08-03,2020-08-04,train_in_sample,SPY,0.5937590599060059,1,1
2020-08-03,2020-08-04,train_in_sample,QQQ,0.5227407813072205,1,1
2020-08-03,2020-08-04,train_in_sample,IWM,0.5439040064811707,1,1
2020-08-04,2020-08-05,train_in_sample,SPY,0.5634846091270447,1,1
2020-08-04,2020-08-05,train_in_sample,QQQ,0.4924466013908386,1,0
2020-08-04,2020-08-05,train_in_sample,IWM,0.5160266160964966,1,1
2020-08-05,2020-08-06,train_in_sample,SPY,0.6285215616226196,1,1
2020-08-05,2020-08-06,train_in_sample,QQQ,0.48854780197143555,1,0
2020-08-05,2020-08-06,train_in_sample,IWM,0.569661557674408,1,1
2020-08-06,2020-08-07,train_in_sample,SPY,0.5858078598976135,1,1
2020-08-06,2020-08-07,train_in_sample,QQQ,0.49257150292396545,0,1
2020-08-06,2020-08-07,train_in_sample,IWM,0.5507813692092896,1,1
2020-08-07,2020-08-10,train_in_sample,SPY,0.6313910484313965,1,1
2020-08-07,2020-08-10,train_in_sample,QQQ,0.4974393844604492,0,1
2020-08-07,2020-08-10,train_in_sample,IWM,0.5451051592826843,1,1
2020-08-10,2020-08-11,train_in_sample,SPY,0.5985687375068665,0,0
2020-08-10,2020-08-11,train_in_sample,QQQ,0.5048134326934814,0,0
2020-08-10,2020-08-11,train_in_sample,IWM,0.5318874716758728,0,0
2020-08-11,2020-08-12,train_in_sample,SPY,0.6573696732521057,1,1
2020-08-11,2020-08-12,train_in_sample,QQQ,0.5358303189277649,1,1
2020-08-11,2020-08-12,train_in_sample,IWM,0.5537369847297668,1,1
2020-08-12,2020-08-13,train_in_sample,SPY,0.568328320980072,0,0
2020-08-12,2020-08-13,train_in_sample,QQQ,0.5162917971611023,1,1
2020-08-12,2020-08-13,train_in_sample,IWM,0.5811598896980286,0,0
2020-08-13,2020-08-14,train_in_sample,SPY,0.5904929637908936,1,1
2020-08-13,2020-08-14,train_in_sample,QQQ,0.5185598134994507,0,0
2020-08-13,2020-08-14,train_in_sample,IWM,0.6146121621131897,0,0
2020-08-14,2020-08-17,train_in_sample,SPY,0.5886325240135193,1,1
2020-08-14,2020-08-17,train_in_sample,QQQ,0.4996139407157898,1,0
2020-08-14,2020-08-17,train_in_sample,IWM,0.5252010226249695,1,1
2020-08-17,2020-08-18,train_in_sample,SPY,0.6119633913040161,1,1
2020-08-17,2020-08-18,train_in_sample,QQQ,0.497993141412735,1,0
2020-08-17,2020-08-18,train_in_sample,IWM,0.5616528987884521,0,0
2020-08-18,2020-08-19,train_in_sample,SPY,0.591772198677063,0,0
2020-08-18,2020-08-19,train_in_sample,QQQ,0.49397405982017517,0,1
2020-08-18,2020-08-19,train_in_sample,IWM,0.5883843898773193,0,0
2020-08-19,2020-08-20,train_in_sample,SPY,0.6051181554794312,1,1
2020-08-19,2020-08-20,train_in_sample,QQQ,0.4830505847930908,1,0
2020-08-19,2020-08-20,train_in_sample,IWM,0.5425176024436951,0,0
2020-08-20,2020-08-21,train_in_sample,SPY,0.5965206027030945,1,1
2020-08-20,2020-08-21,train_in_sample,QQQ,0.47112900018692017,1,0
2020-08-20,2020-08-21,train_in_sample,IWM,0.5461192727088928,0,0
2020-08-21,2020-08-24,train_in_sample,SPY,0.6045781970024109,1,1
2020-08-21,2020-08-24,train_in_sample,QQQ,0.4957466125488281,1,0
2020-08-21,2020-08-24,train_in_sample,IWM,0.5762178897857666,1,1
2020-08-24,2020-08-25,train_in_sample,SPY,0.5971074104309082,1,1
2020-08-24,2020-08-25,train_in_sample,QQQ,0.4790874123573303,1,0
2020-08-24,2020-08-25,train_in_sample,IWM,0.5021952986717224,1,1
2020-08-25,2020-08-26,train_in_sample,SPY,0.5841361880302429,1,1
2020-08-25,2020-08-26,train_in_sample,QQQ,0.5075064301490784,1,1
2020-08-25,2020-08-26,train_in_sample,IWM,0.5137386322021484,0,0
2020-08-26,2020-08-27,train_in_sample,SPY,0.5315464735031128,1,1
2020-08-26,2020-08-27,train_in_sample,QQQ,0.47970402240753174,0,1
2020-08-26,2020-08-27,train_in_sample,IWM,0.4860098659992218,1,0
2020-08-27,2020-08-28,train_in_sample,SPY,0.5804125070571899,1,1
2020-08-27,2020-08-28,train_in_sample,QQQ,0.5184689164161682,1,1
2020-08-27,2020-08-28,train_in_sample,IWM,0.5780569911003113,1,1
2020-08-28,2020-08-31,train_in_sample,SPY,0.6173250675201416,0,0
2020-08-28,2020-08-31,train_in_sample,QQQ,0.5066292881965637,1,1
2020-08-28,2020-08-31,train_in_sample,IWM,0.5629361867904663,0,0
2020-08-31,2020-09-01,train_in_sample,SPY,0.5955289602279663,1,1
2020-08-31,2020-09-01,train_in_sample,QQQ,0.5270954370498657,1,1
2020-08-31,2020-09-01,train_in_sample,IWM,0.546441376209259,1,1
2020-09-01,2020-09-02,train_in_sample,SPY,0.5961878895759583,1,1
2020-09-01,2020-09-02,train_in_sample,QQQ,0.5216081142425537,1,1
2020-09-01,2020-09-02,train_in_sample,IWM,0.5349013805389404,1,1
2020-09-02,2020-09-03,train_in_sample,SPY,0.5740011930465698,0,0
2020-09-02,2020-09-03,train_in_sample,QQQ,0.4970909059047699,0,1
2020-09-02,2020-09-03,train_in_sample,IWM,0.5260622501373291,0,0
2020-09-03,2020-09-04,train_in_sample,SPY,0.5765299797058105,0,0
2020-09-03,2020-09-04,train_in_sample,QQQ,0.5451929569244385,0,0
2020-09-03,2020-09-04,train_in_sample,IWM,0.5032382011413574,0,0
2020-09-04,2020-09-08,train_in_sample,SPY,0.5892587304115295,0,0
2020-09-04,2020-09-08,train_in_sample,QQQ,0.4926730990409851,0,1
2020-09-04,2020-09-08,train_in_sample,IWM,0.5516008734703064,0,0
2020-09-08,2020-09-09,train_in_sample,SPY,0.6127932667732239,1,1
2020-09-08,2020-09-09,train_in_sample,QQQ,0.5688689947128296,1,1
2020-09-08,2020-09-09,train_in_sample,IWM,0.5563318729400635,1,1
2020-09-09,2020-09-10,train_in_sample,SPY,0.5968506336212158,0,0
2020-09-09,2020-09-10,train_in_sample,QQQ,0.46892160177230835,0,1
2020-09-09,2020-09-10,train_in_sample,IWM,0.49233463406562805,0,1
2020-09-10,2020-09-11,train_in_sample,SPY,0.5513902902603149,0,0
2020-09-10,2020-09-11,train_in_sample,QQQ,0.5134006142616272,0,0
2020-09-10,2020-09-11,train_in_sample,IWM,0.5399657487869263,0,0
2020-09-11,2020-09-14,train_in_sample,SPY,0.5657034516334534,1,1
2020-09-11,2020-09-14,train_in_sample,QQQ,0.5437706112861633,1,1
2020-09-11,2020-09-14,train_in_sample,IWM,0.5278096795082092,1,1
2020-09-14,2020-09-15,train_in_sample,SPY,0.6141409873962402,1,1
2020-09-14,2020-09-15,train_in_sample,QQQ,0.4795745611190796,1,0
2020-09-14,2020-09-15,train_in_sample,IWM,0.555672287940979,1,1
2020-09-15,2020-09-16,train_in_sample,SPY,0.567680299282074,0,0
2020-09-15,2020-09-16,train_in_sample,QQQ,0.5123606324195862,0,0
2020-09-15,2020-09-16,train_in_sample,IWM,0.563239574432373,1,1
2020-09-16,2020-09-17,train_in_sample,SPY,0.5965376496315002,0,0
2020-09-16,2020-09-17,train_in_sample,QQQ,0.5145422220230103,0,0
2020-09-16,2020-09-17,train_in_sample,IWM,0.574657142162323,0,0
2020-09-17,2020-09-18,train_in_sample,SPY,0.6272013187408447,0,0
2020-09-17,2020-09-18,train_in_sample,QQQ,0.5633737444877625,0,0
2020-09-17,2020-09-18,train_in_sample,IWM,0.5386906266212463,0,0
2020-09-18,2020-09-21,train_in_sample,SPY,0.585448145866394,0,0
2020-09-18,2020-09-21,train_in_sample,QQQ,0.5158542990684509,1,1
2020-09-18,2020-09-21,train_in_sample,IWM,0.5135355591773987,0,0
2020-09-21,2020-09-22,train_in_sample,SPY,0.5616227388381958,1,1
2020-09-21,2020-09-22,train_in_sample,QQQ,0.5668500065803528,1,1
2020-09-21,2020-09-22,train_in_sample,IWM,0.5509411692619324,1,1
2020-09-22,2020-09-23,train_in_sample,SPY,0.5730174779891968,0,0
2020-09-22,2020-09-23,train_in_sample,QQQ,0.485058069229126,0,1
2020-09-22,2020-09-23,train_in_sample,IWM,0.5285252928733826,0,0
2020-09-23,2020-09-24,train_in_sample,SPY,0.5761511325836182,1,1
2020-09-23,2020-09-24,train_in_sample,QQQ,0.5330896377563477,1,1
2020-09-23,2020-09-24,train_in_sample,IWM,0.526738166809082,0,0
2020-09-24,2020-09-25,train_in_sample,SPY,0.542378842830658,1,1
2020-09-24,2020-09-25,train_in_sample,QQQ,0.5424910187721252,1,1
2020-09-24,2020-09-25,train_in_sample,IWM,0.5478178262710571,1,1
2020-09-25,2020-09-28,train_in_sample,SPY,0.5560371279716492,1,1
2020-09-25,2020-09-28,train_in_sample,QQQ,0.5053163766860962,1,1
2020-09-25,2020-09-28,train_in_sample,IWM,0.553837239742279,1,1
2020-09-28,2020-09-29,train_in_sample,SPY,0.5604020357131958,0,0
2020-09-28,2020-09-29,train_in_sample,QQQ,0.5121392011642456,0,0
2020-09-28,2020-09-29,train_in_sample,IWM,0.530450701713562,0,0
2020-09-29,2020-09-30,train_in_sample,SPY,0.6174906492233276,1,1
2020-09-29,2020-09-30,train_in_sample,QQQ,0.5017610788345337,1,1
2020-09-29,2020-09-30,train_in_sample,IWM,0.5478817820549011,1,1
2020-09-30,2020-10-01,train_in_sample,SPY,0.6023513078689575,1,1
2020-09-30,2020-10-01,train_in_sample,QQQ,0.512140154838562,1,1
2020-09-30,2020-10-01,train_in_sample,IWM,0.5581687688827515,1,1
2020-10-01,2020-10-02,train_in_sample,SPY,0.5893484950065613,0,0
2020-10-01,2020-10-02,train_in_sample,QQQ,0.49397382140159607,0,1
2020-10-01,2020-10-02,train_in_sample,IWM,0.465758353471756,1,0
2020-10-02,2020-10-05,train_in_sample,SPY,0.5886161923408508,1,1
2020-10-02,2020-10-05,train_in_sample,QQQ,0.5503323078155518,1,1
2020-10-02,2020-10-05,train_in_sample,IWM,0.5247123837471008,1,1
2020-10-05,2020-10-06,train_in_sample,SPY,0.5603543519973755,0,0
2020-10-05,2020-10-06,train_in_sample,QQQ,0.49938729405403137,0,1
2020-10-05,2020-10-06,train_in_sample,IWM,0.5566620826721191,0,0
2020-10-06,2020-10-07,train_in_sample,SPY,0.6009310483932495,1,1
2020-10-06,2020-10-07,train_in_sample,QQQ,0.4908313453197479,1,0
2020-10-06,2020-10-07,train_in_sample,IWM,0.5068804025650024,1,1
2020-10-07,2020-10-08,train_in_sample,SPY,0.5584350228309631,1,1
2020-10-07,2020-10-08,train_in_sample,QQQ,0.506625235080719,1,1
2020-10-07,2020-10-08,train_in_sample,IWM,0.5673050284385681,1,1
2020-10-08,2020-10-09,train_in_sample,SPY,0.5879485011100769,1,1
2020-10-08,2020-10-09,train_in_sample,QQQ,0.5008437037467957,1,1
2020-10-08,2020-10-09,train_in_sample,IWM,0.5502122044563293,1,1
2020-10-09,2020-10-12,train_in_sample,SPY,0.6217935681343079,1,1
2020-10-09,2020-10-12,train_in_sample,QQQ,0.5082933306694031,1,1
2020-10-09,2020-10-12,train_in_sample,IWM,0.5862131118774414,1,1
2020-10-12,2020-10-13,train_in_sample,SPY,0.5406782031059265,0,0
2020-10-12,2020-10-13,train_in_sample,QQQ,0.5242557525634766,0,0
2020-10-12,2020-10-13,train_in_sample,IWM,0.5350955724716187,0,0
2020-10-13,2020-10-14,train_in_sample,SPY,0.5732093453407288,0,0
2020-10-13,2020-10-14,train_in_sample,QQQ,0.5010793805122375,0,0
2020-10-13,2020-10-14,train_in_sample,IWM,0.5194761753082275,0,0
2020-10-14,2020-10-15,train_in_sample,SPY,0.5557437539100647,0,0
2020-10-14,2020-10-15,train_in_sample,QQQ,0.46390244364738464,0,1
2020-10-14,2020-10-15,train_in_sample,IWM,0.5587279796600342,1,1
2020-10-15,2020-10-16,train_in_sample,SPY,0.5902331471443176,0,0
2020-10-15,2020-10-16,train_in_sample,QQQ,0.5207314491271973,0,0
2020-10-15,2020-10-16,train_in_sample,IWM,0.553119957447052,0,0
2020-10-16,2020-10-19,train_in_sample,SPY,0.5963714122772217,0,0
2020-10-16,2020-10-19,train_in_sample,QQQ,0.48941850662231445,0,1
2020-10-16,2020-10-19,train_in_sample,IWM,0.5238815546035767,0,0
2020-10-19,2020-10-20,train_in_sample,SPY,0.5694217681884766,1,1
2020-10-19,2020-10-20,train_in_sample,QQQ,0.48976942896842957,1,0
2020-10-19,2020-10-20,train_in_sample,IWM,0.49085891246795654,1,0
2020-10-20,2020-10-21,train_in_sample,SPY,0.606208324432373,0,0
2020-10-20,2020-10-21,train_in_sample,QQQ,0.5002413988113403,0,0
2020-10-20,2020-10-21,train_in_sample,IWM,0.5577930212020874,0,0
2020-10-21,2020-10-22,train_in_sample,SPY,0.5820776224136353,1,1
2020-10-21,2020-10-22,train_in_sample,QQQ,0.5066953301429749,0,0
2020-10-21,2020-10-22,train_in_sample,IWM,0.5687907338142395,1,1
2020-10-22,2020-10-23,train_in_sample,SPY,0.5888274312019348,1,1
2020-10-22,2020-10-23,train_in_sample,QQQ,0.512447714805603,1,1
2020-10-22,2020-10-23,train_in_sample,IWM,0.5417668223381042,1,1
2020-10-23,2020-10-26,train_in_sample,SPY,0.5988221764564514,0,0
2020-10-23,2020-10-26,train_in_sample,QQQ,0.47333693504333496,0,1
2020-10-23,2020-10-26,train_in_sample,IWM,0.573293149471283,0,0
2020-10-26,2020-10-27,train_in_sample,SPY,0.5948393940925598,0,0
2020-10-26,2020-10-27,train_in_sample,QQQ,0.4881865978240967,1,0
2020-10-26,2020-10-27,train_in_sample,IWM,0.5031330585479736,0,0
2020-10-27,2020-10-28,train_in_sample,SPY,0.5868372917175293,0,0
2020-10-27,2020-10-28,train_in_sample,QQQ,0.5139353275299072,0,0
2020-10-27,2020-10-28,train_in_sample,IWM,0.5665627121925354,0,0
2020-10-28,2020-10-29,train_in_sample,SPY,0.5973782539367676,1,1
2020-10-28,2020-10-29,train_in_sample,QQQ,0.5308759808540344,1,1
2020-10-28,2020-10-29,train_in_sample,IWM,0.5573647618293762,1,1
2020-10-29,2020-10-30,train_in_sample,SPY,0.5865518450737,0,0
2020-10-29,2020-10-30,train_in_sample,QQQ,0.4659518301486969,0,1
2020-10-29,2020-10-30,train_in_sample,IWM,0.5047188401222229,0,0
2020-10-30,2020-11-02,train_in_sample,SPY,0.5835946202278137,1,1
2020-10-30,2020-11-02,train_in_sample,QQQ,0.5316141843795776,1,1
2020-10-30,2020-11-02,train_in_sample,IWM,0.5257667303085327,1,1
2020-11-02,2020-11-03,train_in_sample,SPY,0.58592289686203,1,1
2020-11-02,2020-11-03,train_in_sample,QQQ,0.5298415422439575,1,1
2020-11-02,2020-11-03,train_in_sample,IWM,0.5345212817192078,1,1
2020-11-03,2020-11-04,train_in_sample,SPY,0.5893228650093079,1,1
2020-11-03,2020-11-04,train_in_sample,QQQ,0.45678579807281494,1,0
2020-11-03,2020-11-04,train_in_sample,IWM,0.5147846937179565,1,1
2020-11-04,2020-11-05,train_in_sample,SPY,0.5408746004104614,1,1
2020-11-04,2020-11-05,train_in_sample,QQQ,0.43925851583480835,1,0
2020-11-04,2020-11-05,train_in_sample,IWM,0.4882681965827942,1,0
2020-11-05,2020-11-06,train_in_sample,SPY,0.5837786793708801,0,0
2020-11-05,2020-11-06,train_in_sample,QQQ,0.4566732347011566,1,0
2020-11-05,2020-11-06,train_in_sample,IWM,0.49483877420425415,0,1
2020-11-06,2020-11-09,train_in_sample,SPY,0.574890673160553,1,1
2020-11-06,2020-11-09,train_in_sample,QQQ,0.4924950897693634,0,1
2020-11-06,2020-11-09,train_in_sample,IWM,0.5460195541381836,1,1
2020-11-09,2020-11-10,train_in_sample,SPY,0.5803473591804504,0,0
2020-11-09,2020-11-10,train_in_sample,QQQ,0.5696495771408081,0,0
2020-11-09,2020-11-10,train_in_sample,IWM,0.49354287981987,1,0
2020-11-10,2020-11-11,train_in_sample,SPY,0.6189365983009338,1,1
2020-11-10,2020-11-11,train_in_sample,QQQ,0.5490511059761047,1,1
2020-11-10,2020-11-11,train_in_sample,IWM,0.540826141834259,1,1
2020-11-11,2020-11-12,train_in_sample,SPY,0.5733792781829834,0,0
2020-11-11,2020-11-12,train_in_sample,QQQ,0.49289119243621826,0,1
2020-11-11,2020-11-12,train_in_sample,IWM,0.5381474494934082,0,0
2020-11-12,2020-11-13,train_in_sample,SPY,0.5987584590911865,1,1
2020-11-12,2020-11-13,train_in_sample,QQQ,0.5103870034217834,1,1
2020-11-12,2020-11-13,train_in_sample,IWM,0.5457645654678345,1,1
2020-11-13,2020-11-16,train_in_sample,SPY,0.6144701242446899,1,1
2020-11-13,2020-11-16,train_in_sample,QQQ,0.48878300189971924,1,0
2020-11-13,2020-11-16,train_in_sample,IWM,0.5570316910743713,1,1
2020-11-16,2020-11-17,train_in_sample,SPY,0.6307503581047058,0,0
2020-11-16,2020-11-17,train_in_sample,QQQ,0.5129831433296204,0,0
2020-11-16,2020-11-17,train_in_sample,IWM,0.5383117198944092,1,1
2020-11-17,2020-11-18,train_in_sample,SPY,0.6497603058815002,0,0
2020-11-17,2020-11-18,train_in_sample,QQQ,0.4878913164138794,0,1
2020-11-17,2020-11-18,train_in_sample,IWM,0.5770976543426514,0,0
2020-11-18,2020-11-19,train_in_sample,SPY,0.6092184782028198,1,1
2020-11-18,2020-11-19,train_in_sample,QQQ,0.4859258532524109,1,0
2020-11-18,2020-11-19,train_in_sample,IWM,0.543078601360321,1,1
2020-11-19,2020-11-20,train_in_sample,SPY,0.6259779930114746,0,0
2020-11-19,2020-11-20,train_in_sample,QQQ,0.4920597970485687,0,1
2020-11-19,2020-11-20,train_in_sample,IWM,0.5696370005607605,1,1
2020-11-20,2020-11-23,train_in_sample,SPY,0.626794159412384,1,1
2020-11-20,2020-11-23,train_in_sample,QQQ,0.5051757097244263,1,1
2020-11-20,2020-11-23,train_in_sample,IWM,0.5445277690887451,1,1
2020-11-23,2020-11-24,train_in_sample,SPY,0.6148563623428345,1,1
2020-11-23,2020-11-24,train_in_sample,QQQ,0.527449905872345,1,1
2020-11-23,2020-11-24,train_in_sample,IWM,0.5423339605331421,1,1
2020-11-24,2020-11-25,train_in_sample,SPY,0.6369198560714722,0,0
2020-11-24,2020-11-25,train_in_sample,QQQ,0.4673881530761719,1,0
2020-11-24,2020-11-25,train_in_sample,IWM,0.5355643630027771,0,0
2020-11-25,2020-11-27,train_in_sample,SPY,0.5908637046813965,1,1
2020-11-25,2020-11-27,train_in_sample,QQQ,0.49761515855789185,1,0
2020-11-25,2020-11-27,train_in_sample,IWM,0.5652198791503906,1,1
2020-11-27,2020-11-30,train_in_sample,SPY,0.6129573583602905,0,0
2020-11-27,2020-11-30,train_in_sample,QQQ,0.4764399230480194,1,0
2020-11-27,2020-11-30,train_in_sample,IWM,0.5591369867324829,0,0
2020-11-30,2020-12-01,train_in_sample,SPY,0.5983418822288513,1,1
2020-11-30,2020-12-01,train_in_sample,QQQ,0.5180767774581909,1,1
2020-11-30,2020-12-01,train_in_sample,IWM,0.5393450856208801,1,1
2020-12-01,2020-12-02,train_in_sample,SPY,0.6021634340286255,1,1
2020-12-01,2020-12-02,train_in_sample,QQQ,0.5091272592544556,1,1
2020-12-01,2020-12-02,train_in_sample,IWM,0.5492268800735474,1,1
2020-12-02,2020-12-03,train_in_sample,SPY,0.6142163872718811,0,0
2020-12-02,2020-12-03,train_in_sample,QQQ,0.4924357831478119,1,0
2020-12-02,2020-12-03,train_in_sample,IWM,0.5821135640144348,1,1
2020-12-03,2020-12-04,train_in_sample,SPY,0.6397685408592224,1,1
2020-12-03,2020-12-04,train_in_sample,QQQ,0.4738573729991913,1,0
2020-12-03,2020-12-04,train_in_sample,IWM,0.5876702070236206,1,1
2020-12-04,2020-12-07,train_in_sample,SPY,0.6459925770759583,0,0
2020-12-04,2020-12-07,train_in_sample,QQQ,0.47106993198394775,1,0
2020-12-04,2020-12-07,train_in_sample,IWM,0.5791052579879761,1,1
2020-12-07,2020-12-08,train_in_sample,SPY,0.6318365335464478,1,1
2020-12-07,2020-12-08,train_in_sample,QQQ,0.49124017357826233,1,0
2020-12-07,2020-12-08,train_in_sample,IWM,0.5538285374641418,1,1
2020-12-08,2020-12-09,train_in_sample,SPY,0.6193608045578003,0,0
2020-12-08,2020-12-09,train_in_sample,QQQ,0.49974632263183594,0,1
2020-12-08,2020-12-09,train_in_sample,IWM,0.568982720375061,0,0
2020-12-09,2020-12-10,train_in_sample,SPY,0.5956181883811951,1,1
2020-12-09,2020-12-10,train_in_sample,QQQ,0.5232607126235962,1,1
2020-12-09,2020-12-10,train_in_sample,IWM,0.5357616543769836,1,1
2020-12-10,2020-12-11,train_in_sample,SPY,0.6246381402015686,0,0
2020-12-10,2020-12-11,train_in_sample,QQQ,0.49131786823272705,0,1
2020-12-10,2020-12-11,train_in_sample,IWM,0.5586528182029724,0,0
2020-12-11,2020-12-14,train_in_sample,SPY,0.6000991463661194,0,0
2020-12-11,2020-12-14,train_in_sample,QQQ,0.4991147220134735,1,0
2020-12-11,2020-12-14,train_in_sample,IWM,0.5475582480430603,1,1
2020-12-14,2020-12-15,train_in_sample,SPY,0.6133092045783997,1,1
2020-12-14,2020-12-15,train_in_sample,QQQ,0.45905351638793945,1,0
2020-12-14,2020-12-15,train_in_sample,IWM,0.5211899876594543,1,1
2020-12-15,2020-12-16,train_in_sample,SPY,0.6022989749908447,1,1
2020-12-15,2020-12-16,train_in_sample,QQQ,0.5260897874832153,1,1
2020-12-15,2020-12-16,train_in_sample,IWM,0.5380749106407166,0,0
2020-12-16,2020-12-17,train_in_sample,SPY,0.6081676483154297,1,1
2020-12-16,2020-12-17,train_in_sample,QQQ,0.5292614698410034,1,1
2020-12-16,2020-12-17,train_in_sample,IWM,0.5723457336425781,1,1
2020-12-17,2020-12-18,train_in_sample,SPY,0.6504278182983398,0,0
2020-12-17,2020-12-18,train_in_sample,QQQ,0.49857184290885925,0,1
2020-12-17,2020-12-18,train_in_sample,IWM,0.5510078072547913,0,0
2020-12-18,2020-12-21,train_in_sample,SPY,0.6368764042854309,0,0
2020-12-18,2020-12-21,train_in_sample,QQQ,0.4813673496246338,0,1
2020-12-18,2020-12-21,train_in_sample,IWM,0.5553523898124695,0,0
2020-12-21,2020-12-22,train_in_sample,SPY,0.6270260214805603,0,0
2020-12-21,2020-12-22,train_in_sample,QQQ,0.464358925819397,1,0
2020-12-21,2020-12-22,train_in_sample,IWM,0.5971381068229675,1,1
2020-12-22,2020-12-23,train_in_sample,SPY,0.6191835999488831,1,1
2020-12-22,2020-12-23,train_in_sample,QQQ,0.46234130859375,0,1
2020-12-22,2020-12-23,train_in_sample,IWM,0.5401710271835327,1,1
2020-12-23,2020-12-24,train_in_sample,SPY,0.6370176076889038,1,1
2020-12-23,2020-12-24,train_in_sample,QQQ,0.5056765675544739,1,1
2020-12-23,2020-12-24,train_in_sample,IWM,0.533464789390564,0,0
2020-12-24,2020-12-28,train_in_sample,SPY,0.5730384588241577,1,1
2020-12-24,2020-12-28,train_in_sample,QQQ,0.49660617113113403,1,0
2020-12-24,2020-12-28,train_in_sample,IWM,0.5521519780158997,0,0
2020-12-28,2020-12-29,train_in_sample,SPY,0.583086371421814,0,0
2020-12-28,2020-12-29,train_in_sample,QQQ,0.5050478577613831,1,1
2020-12-28,2020-12-29,train_in_sample,IWM,0.555565595626831,0,0
2020-12-29,2020-12-30,train_in_sample,SPY,0.586184024810791,1,1
2020-12-29,2020-12-30,train_in_sample,QQQ,0.4867210388183594,1,0
2020-12-29,2020-12-30,train_in_sample,IWM,0.530612587928772,1,1
2020-12-30,2020-12-31,train_in_sample,SPY,0.6222841143608093,1,1
2020-12-30,2020-12-31,train_in_sample,QQQ,0.48407498002052307,1,0
2020-12-30,2020-12-31,train_in_sample,IWM,0.5313394069671631,0,0
2020-12-31,2021-01-04,train_in_sample,SPY,0.6487390398979187,0,0
2020-12-31,2021-01-04,train_in_sample,QQQ,0.4803428053855896,0,1
2020-12-31,2021-01-04,train_in_sample,IWM,0.5270190834999084,0,0
2021-01-04,2021-01-05,train_in_sample,SPY,0.6272069811820984,1,1
2021-01-04,2021-01-05,train_in_sample,QQQ,0.4796031415462494,1,0
2021-01-04,2021-01-05,train_in_sample,IWM,0.5185031294822693,1,1
2021-01-05,2021-01-06,train_in_sample,SPY,0.6051129102706909,1,1
2021-01-05,2021-01-06,train_in_sample,QQQ,0.48301631212234497,0,1
2021-01-05,2021-01-06,train_in_sample,IWM,0.5078825354576111,1,1
2021-01-06,2021-01-07,train_in_sample,SPY,0.6264863014221191,1,1
2021-01-06,2021-01-07,train_in_sample,QQQ,0.5352981686592102,1,1
2021-01-06,2021-01-07,train_in_sample,IWM,0.5513191223144531,1,1
2021-01-07,2021-01-08,train_in_sample,SPY,0.6013197898864746,1,1
2021-01-07,2021-01-08,train_in_sample,QQQ,0.45177194476127625,1,0
2021-01-07,2021-01-08,train_in_sample,IWM,0.4931690990924835,0,1
2021-01-08,2021-01-11,train_in_sample,SPY,0.6042482256889343,0,0
2021-01-08,2021-01-11,train_in_sample,QQQ,0.4293159246444702,0,1
2021-01-08,2021-01-11,train_in_sample,IWM,0.5259756445884705,0,0
2021-01-11,2021-01-12,train_in_sample,SPY,0.6183204054832458,0,0
2021-01-11,2021-01-12,train_in_sample,QQQ,0.5241515040397644,0,0
2021-01-11,2021-01-12,train_in_sample,IWM,0.5485301613807678,1,1
2021-01-12,2021-01-13,train_in_sample,SPY,0.6104444265365601,1,1
2021-01-12,2021-01-13,train_in_sample,QQQ,0.500992476940155,1,1
2021-01-12,2021-01-13,train_in_sample,IWM,0.5108903646469116,0,0
2021-01-13,2021-01-14,train_in_sample,SPY,0.5674560070037842,0,0
2021-01-13,2021-01-14,train_in_sample,QQQ,0.49228164553642273,0,1
2021-01-13,2021-01-14,train_in_sample,IWM,0.5096887946128845,1,1
2021-01-14,2021-01-15,train_in_sample,SPY,0.6447553038597107,0,0
2021-01-14,2021-01-15,train_in_sample,QQQ,0.4810871481895447,0,1
2021-01-14,2021-01-15,train_in_sample,IWM,0.5397459864616394,0,0
2021-01-15,2021-01-19,train_in_sample,SPY,0.6626752614974976,1,1
2021-01-15,2021-01-19,train_in_sample,QQQ,0.500918447971344,1,1
2021-01-15,2021-01-19,train_in_sample,IWM,0.590537428855896,1,1
2021-01-19,2021-01-20,train_in_sample,SPY,0.5735738277435303,1,1
2021-01-19,2021-01-20,train_in_sample,QQQ,0.4749591052532196,1,0
2021-01-19,2021-01-20,train_in_sample,IWM,0.5270174145698547,1,1
2021-01-20,2021-01-21,train_in_sample,SPY,0.5583917498588562,1,1
2021-01-20,2021-01-21,train_in_sample,QQQ,0.48182034492492676,1,0
2021-01-20,2021-01-21,train_in_sample,IWM,0.5356594324111938,0,0
2021-01-21,2021-01-22,train_in_sample,SPY,0.6173564791679382,0,0
2021-01-21,2021-01-22,train_in_sample,QQQ,0.47443926334381104,0,1
2021-01-21,2021-01-22,train_in_sample,IWM,0.5482833981513977,1,1
2021-01-22,2021-01-25,train_in_sample,SPY,0.6160436868667603,1,1
2021-01-22,2021-01-25,train_in_sample,QQQ,0.5001814365386963,1,1
2021-01-22,2021-01-25,train_in_sample,IWM,0.5002187490463257,0,0
2021-01-25,2021-01-26,train_in_sample,SPY,0.565325140953064,0,0
2021-01-25,2021-01-26,train_in_sample,QQQ,0.5361198782920837,1,1
2021-01-25,2021-01-26,train_in_sample,IWM,0.5343841314315796,0,0
2021-01-26,2021-01-27,train_in_sample,SPY,0.5972477197647095,0,0
2021-01-26,2021-01-27,train_in_sample,QQQ,0.48473137617111206,0,1
2021-01-26,2021-01-27,train_in_sample,IWM,0.5491774678230286,0,0
2021-01-27,2021-01-28,train_in_sample,SPY,0.5798595547676086,1,1
2021-01-27,2021-01-28,train_in_sample,QQQ,0.5212976336479187,1,1
2021-01-27,2021-01-28,train_in_sample,IWM,0.4687008559703827,0,1
2021-01-28,2021-01-29,train_in_sample,SPY,0.5590745806694031,0,0
2021-01-28,2021-01-29,train_in_sample,QQQ,0.5324715375900269,0,0
2021-01-28,2021-01-29,train_in_sample,IWM,0.49224865436553955,0,1
2021-01-29,2021-02-01,train_in_sample,SPY,0.6478053331375122,1,1
2021-01-29,2021-02-01,train_in_sample,QQQ,0.521126925945282,1,1
2021-01-29,2021-02-01,train_in_sample,IWM,0.5170086026191711,1,1
2021-02-01,2021-02-02,train_in_sample,SPY,0.5842037796974182,1,1
2021-02-01,2021-02-02,train_in_sample,QQQ,0.47922393679618835,1,0
2021-02-01,2021-02-02,train_in_sample,IWM,0.5105106234550476,1,1
2021-02-02,2021-02-03,train_in_sample,SPY,0.5743908286094666,1,1
2021-02-02,2021-02-03,train_in_sample,QQQ,0.47755223512649536,0,1
2021-02-02,2021-02-03,train_in_sample,IWM,0.5105100274085999,1,1
2021-02-03,2021-02-04,train_in_sample,SPY,0.5935912728309631,1,1
2021-02-03,2021-02-04,train_in_sample,QQQ,0.5273395776748657,1,1
2021-02-03,2021-02-04,train_in_sample,IWM,0.5437193512916565,1,1
2021-02-04,2021-02-05,train_in_sample,SPY,0.6064692139625549,1,1
2021-02-04,2021-02-05,train_in_sample,QQQ,0.4964008331298828,1,0
2021-02-04,2021-02-05,train_in_sample,IWM,0.5568931698799133,1,1
2021-02-05,2021-02-08,train_in_sample,SPY,0.6219714283943176,1,1
2021-02-05,2021-02-08,train_in_sample,QQQ,0.5089465975761414,1,1
2021-02-05,2021-02-08,train_in_sample,IWM,0.5360887050628662,1,1
2021-02-08,2021-02-09,train_in_sample,SPY,0.5832875370979309,0,0
2021-02-08,2021-02-09,train_in_sample,QQQ,0.4966529309749603,0,1
2021-02-08,2021-02-09,train_in_sample,IWM,0.535996675491333,1,1
2021-02-09,2021-02-10,train_in_sample,SPY,0.5896879434585571,0,0
2021-02-09,2021-02-10,train_in_sample,QQQ,0.49004924297332764,0,1
2021-02-09,2021-02-10,train_in_sample,IWM,0.5440229773521423,0,0
2021-02-10,2021-02-11,train_in_sample,SPY,0.582280695438385,1,1
2021-02-10,2021-02-11,train_in_sample,QQQ,0.48839056491851807,1,0
2021-02-10,2021-02-11,train_in_sample,IWM,0.546049177646637,0,0
2021-02-11,2021-02-12,train_in_sample,SPY,0.5711137056350708,1,1
2021-02-11,2021-02-12,train_in_sample,QQQ,0.479469358921051,1,0
2021-02-11,2021-02-12,train_in_sample,IWM,0.5123640894889832,1,1
2021-02-12,2021-02-16,train_in_sample,SPY,0.6064130663871765,0,0
2021-02-12,2021-02-16,train_in_sample,QQQ,0.5002996325492859,0,0
2021-02-12,2021-02-16,train_in_sample,IWM,0.5219078660011292,0,0
2021-02-16,2021-02-17,train_in_sample,SPY,0.581149697303772,1,1
2021-02-16,2021-02-17,train_in_sample,QQQ,0.5231641530990601,0,0
2021-02-16,2021-02-17,train_in_sample,IWM,0.5295361280441284,0,0
2021-02-17,2021-02-18,train_in_sample,SPY,0.5975642204284668,0,0
2021-02-17,2021-02-18,train_in_sample,QQQ,0.5343014001846313,0,0
2021-02-17,2021-02-18,train_in_sample,IWM,0.5614982843399048,0,0
2021-02-18,2021-02-19,train_in_sample,SPY,0.5770284533500671,0,0
2021-02-18,2021-02-19,train_in_sample,QQQ,0.5167052149772644,0,0
2021-02-18,2021-02-19,train_in_sample,IWM,0.5452432036399841,1,1
2021-02-19,2021-02-22,train_in_sample,SPY,0.6173223257064819,0,0
2021-02-19,2021-02-22,train_in_sample,QQQ,0.4975525140762329,0,1
2021-02-19,2021-02-22,train_in_sample,IWM,0.5142577886581421,0,0
2021-02-22,2021-02-23,train_in_sample,SPY,0.5668405294418335,1,1
2021-02-22,2021-02-23,train_in_sample,QQQ,0.5235192775726318,0,0
2021-02-22,2021-02-23,train_in_sample,IWM,0.4759981036186218,0,1
2021-02-23,2021-02-24,train_in_sample,SPY,0.586456298828125,1,1
2021-02-23,2021-02-24,train_in_sample,QQQ,0.5528836250305176,1,1
2021-02-23,2021-02-24,train_in_sample,IWM,0.5555247664451599,1,1
2021-02-24,2021-02-25,train_in_sample,SPY,0.5792502164840698,0,0
2021-02-24,2021-02-25,train_in_sample,QQQ,0.4865013659000397,0,1
2021-02-24,2021-02-25,train_in_sample,IWM,0.5120986104011536,0,0
2021-02-25,2021-02-26,train_in_sample,SPY,0.5631600022315979,0,0
2021-02-25,2021-02-26,train_in_sample,QQQ,0.5372627377510071,1,1
2021-02-25,2021-02-26,train_in_sample,IWM,0.49414584040641785,0,1
2021-02-26,2021-03-01,train_in_sample,SPY,0.5840303897857666,1,1
2021-02-26,2021-03-01,train_in_sample,QQQ,0.4949604868888855,1,0
2021-02-26,2021-03-01,train_in_sample,IWM,0.4696614444255829,1,0
2021-03-01,2021-03-02,train_in_sample,SPY,0.5777698159217834,0,0
2021-03-01,2021-03-02,train_in_sample,QQQ,0.4982679486274719,0,1
2021-03-01,2021-03-02,train_in_sample,IWM,0.49174660444259644,0,1
2021-03-02,2021-03-03,train_in_sample,SPY,0.5566396713256836,0,0
2021-03-02,2021-03-03,train_in_sample,QQQ,0.5612350106239319,0,0
2021-03-02,2021-03-03,train_in_sample,IWM,0.5224806666374207,0,0
2021-03-03,2021-03-04,train_in_sample,SPY,0.603001058101654,0,0
2021-03-03,2021-03-04,train_in_sample,QQQ,0.5240834355354309,0,0
2021-03-03,2021-03-04,train_in_sample,IWM,0.48310989141464233,0,1
2021-03-04,2021-03-05,train_in_sample,SPY,0.5567987561225891,1,1
2021-03-04,2021-03-05,train_in_sample,QQQ,0.5302169322967529,1,1
2021-03-04,2021-03-05,train_in_sample,IWM,0.4849627912044525,1,0
2021-03-05,2021-03-08,train_in_sample,SPY,0.5706387162208557,0,0
2021-03-05,2021-03-08,train_in_sample,QQQ,0.5356255173683167,0,0
2021-03-05,2021-03-08,train_in_sample,IWM,0.5234518647193909,1,1
2021-03-08,2021-03-09,train_in_sample,SPY,0.6096360683441162,1,1
2021-03-08,2021-03-09,train_in_sample,QQQ,0.548344075679779,1,1
2021-03-08,2021-03-09,train_in_sample,IWM,0.48230859637260437,1,0
2021-03-09,2021-03-10,train_in_sample,SPY,0.570074200630188,1,1
2021-03-09,2021-03-10,train_in_sample,QQQ,0.4729790985584259,0,1
2021-03-09,2021-03-10,train_in_sample,IWM,0.47973358631134033,1,0
2021-03-10,2021-03-11,train_in_sample,SPY,0.5977094173431396,1,1
2021-03-10,2021-03-11,train_in_sample,QQQ,0.5108637809753418,1,1
2021-03-10,2021-03-11,train_in_sample,IWM,0.5041812062263489,1,1
2021-03-11,2021-03-12,train_in_sample,SPY,0.5913121700286865,1,1
2021-03-11,2021-03-12,train_in_sample,QQQ,0.4794224500656128,0,1
2021-03-11,2021-03-12,train_in_sample,IWM,0.47984570264816284,1,0
2021-03-12,2021-03-15,train_in_sample,SPY,0.5744097232818604,1,1
2021-03-12,2021-03-15,train_in_sample,QQQ,0.5439040064811707,1,1
2021-03-12,2021-03-15,train_in_sample,IWM,0.5398750901222229,1,1
2021-03-15,2021-03-16,train_in_sample,SPY,0.5801637768745422,0,0
2021-03-15,2021-03-16,train_in_sample,QQQ,0.5265864729881287,1,1
2021-03-15,2021-03-16,train_in_sample,IWM,0.5102537274360657,0,0
2021-03-16,2021-03-17,train_in_sample,SPY,0.587383508682251,1,1
2021-03-16,2021-03-17,train_in_sample,QQQ,0.5160629749298096,1,1
2021-03-16,2021-03-17,train_in_sample,IWM,0.5294367074966431,1,1
2021-03-17,2021-03-18,train_in_sample,SPY,0.5954962372779846,0,0
2021-03-17,2021-03-18,train_in_sample,QQQ,0.4982423782348633,0,1
2021-03-17,2021-03-18,train_in_sample,IWM,0.5298742651939392,0,0
2021-03-18,2021-03-19,train_in_sample,SPY,0.6077369451522827,0,0
2021-03-18,2021-03-19,train_in_sample,QQQ,0.5083891749382019,1,1
2021-03-18,2021-03-19,train_in_sample,IWM,0.5117769837379456,1,1
2021-03-19,2021-03-22,train_in_sample,SPY,0.6102855205535889,1,1
2021-03-19,2021-03-22,train_in_sample,QQQ,0.5214450359344482,1,1
2021-03-19,2021-03-22,train_in_sample,IWM,0.49341803789138794,0,1
2021-03-22,2021-03-23,train_in_sample,SPY,0.5846324563026428,0,0
2021-03-22,2021-03-23,train_in_sample,QQQ,0.5051708221435547,0,0
2021-03-22,2021-03-23,train_in_sample,IWM,0.5341266393661499,0,0
2021-03-23,2021-03-24,train_in_sample,SPY,0.5955321192741394,0,0
2021-03-23,2021-03-24,train_in_sample,QQQ,0.511092483997345,0,0
2021-03-23,2021-03-24,train_in_sample,IWM,0.5112612843513489,0,0
2021-03-24,2021-03-25,train_in_sample,SPY,0.5752708911895752,1,1
2021-03-24,2021-03-25,train_in_sample,QQQ,0.5184741616249084,0,0
2021-03-24,2021-03-25,train_in_sample,IWM,0.45789384841918945,1,0
2021-03-25,2021-03-26,train_in_sample,SPY,0.5794408917427063,1,1
2021-03-25,2021-03-26,train_in_sample,QQQ,0.52799391746521,1,1
2021-03-25,2021-03-26,train_in_sample,IWM,0.47076934576034546,1,0
2021-03-26,2021-03-29,train_in_sample,SPY,0.6094515323638916,0,0
2021-03-26,2021-03-29,train_in_sample,QQQ,0.4896943271160126,0,1
2021-03-26,2021-03-29,train_in_sample,IWM,0.5134317278862,0,0
2021-03-29,2021-03-30,train_in_sample,SPY,0.5945481061935425,0,0
2021-03-29,2021-03-30,train_in_sample,QQQ,0.484020859003067,0,1
2021-03-29,2021-03-30,train_in_sample,IWM,0.5130105018615723,1,1
2021-03-30,2021-03-31,train_in_sample,SPY,0.6336238980293274,1,1
2021-03-30,2021-03-31,train_in_sample,QQQ,0.49745243787765503,1,0
2021-03-30,2021-03-31,train_in_sample,IWM,0.5154595375061035,1,1
2021-03-31,2021-04-01,train_in_sample,SPY,0.5922093391418457,1,1
2021-03-31,2021-04-01,train_in_sample,QQQ,0.5068519711494446,1,1
2021-03-31,2021-04-01,train_in_sample,IWM,0.5045657157897949,1,1
2021-04-01,2021-04-05,train_in_sample,SPY,0.5738215446472168,1,1
2021-04-01,2021-04-05,train_in_sample,QQQ,0.5153870582580566,1,1
2021-04-01,2021-04-05,train_in_sample,IWM,0.5063082575798035,1,1
2021-04-05,2021-04-06,train_in_sample,SPY,0.5895365476608276,0,0
2021-04-05,2021-04-06,train_in_sample,QQQ,0.49109363555908203,0,1
2021-04-05,2021-04-06,train_in_sample,IWM,0.5025138258934021,0,0
2021-04-06,2021-04-07,train_in_sample,SPY,0.6204453706741333,1,1
2021-04-06,2021-04-07,train_in_sample,QQQ,0.4924864172935486,1,0
2021-04-06,2021-04-07,train_in_sample,IWM,0.5666835308074951,0,0
2021-04-07,2021-04-08,train_in_sample,SPY,0.6157503128051758,1,1
2021-04-07,2021-04-08,train_in_sample,QQQ,0.5116289258003235,1,1
2021-04-07,2021-04-08,train_in_sample,IWM,0.5520699620246887,1,1
2021-04-08,2021-04-09,train_in_sample,SPY,0.6215115785598755,1,1
2021-04-08,2021-04-09,train_in_sample,QQQ,0.445974737405777,1,0
2021-04-08,2021-04-09,train_in_sample,IWM,0.49919793009757996,1,0
2021-04-09,2021-04-12,train_in_sample,SPY,0.5755537748336792,1,1
2021-04-09,2021-04-12,train_in_sample,QQQ,0.5282782316207886,0,0
2021-04-09,2021-04-12,train_in_sample,IWM,0.5229256749153137,0,0
2021-04-12,2021-04-13,train_in_sample,SPY,0.6197289824485779,1,1
2021-04-12,2021-04-13,train_in_sample,QQQ,0.507793664932251,1,1
2021-04-12,2021-04-13,train_in_sample,IWM,0.5226298570632935,0,0
2021-04-13,2021-04-14,train_in_sample,SPY,0.622596800327301,0,0
2021-04-13,2021-04-14,train_in_sample,QQQ,0.47973620891571045,0,1
2021-04-13,2021-04-14,train_in_sample,IWM,0.5586438775062561,1,1
2021-04-14,2021-04-15,train_in_sample,SPY,0.6169930696487427,1,1
2021-04-14,2021-04-15,train_in_sample,QQQ,0.5092738270759583,1,1
2021-04-14,2021-04-15,train_in_sample,IWM,0.5568705797195435,1,1
2021-04-15,2021-04-16,train_in_sample,SPY,0.6006506681442261,1,1
2021-04-15,2021-04-16,train_in_sample,QQQ,0.4992392361164093,1,0
2021-04-15,2021-04-16,train_in_sample,IWM,0.5072968006134033,1,1
2021-04-16,2021-04-19,train_in_sample,SPY,0.5944127440452576,0,0
2021-04-16,2021-04-19,train_in_sample,QQQ,0.49884217977523804,0,1
2021-04-16,2021-04-19,train_in_sample,IWM,0.5039364099502563,0,0
2021-04-19,2021-04-20,train_in_sample,SPY,0.6076734066009521,0,0
2021-04-19,2021-04-20,train_in_sample,QQQ,0.5022327899932861,0,0
2021-04-19,2021-04-20,train_in_sample,IWM,0.5381355285644531,0,0
2021-04-20,2021-04-21,train_in_sample,SPY,0.5423482656478882,1,1
2021-04-20,2021-04-21,train_in_sample,QQQ,0.5434229969978333,1,1
2021-04-20,2021-04-21,train_in_sample,IWM,0.5005706548690796,1,1
2021-04-21,2021-04-22,train_in_sample,SPY,0.5880416631698608,0,0
2021-04-21,2021-04-22,train_in_sample,QQQ,0.5232704877853394,0,0
2021-04-21,2021-04-22,train_in_sample,IWM,0.5702923536300659,0,0
2021-04-22,2021-04-23,train_in_sample,SPY,0.6026650667190552,1,1
2021-04-22,2021-04-23,train_in_sample,QQQ,0.48823103308677673,1,0
2021-04-22,2021-04-23,train_in_sample,IWM,0.5409926772117615,1,1
2021-04-23,2021-04-26,train_in_sample,SPY,0.5951557755470276,1,1
2021-04-23,2021-04-26,train_in_sample,QQQ,0.5313310623168945,1,1
2021-04-23,2021-04-26,train_in_sample,IWM,0.5222932696342468,1,1
2021-04-26,2021-04-27,train_in_sample,SPY,0.5805674195289612,0,0
2021-04-26,2021-04-27,train_in_sample,QQQ,0.5009719729423523,0,0
2021-04-26,2021-04-27,train_in_sample,IWM,0.49701032042503357,1,0
2021-04-27,2021-04-28,train_in_sample,SPY,0.6233024597167969,0,0
2021-04-27,2021-04-28,train_in_sample,QQQ,0.4657101035118103,0,1
2021-04-27,2021-04-28,train_in_sample,IWM,0.5212336182594299,1,1
2021-04-28,2021-04-29,train_in_sample,SPY,0.5950254201889038,1,1
2021-04-28,2021-04-29,train_in_sample,QQQ,0.5064963698387146,1,1
2021-04-28,2021-04-29,train_in_sample,IWM,0.5365096926689148,0,0
2021-04-29,2021-04-30,train_in_sample,SPY,0.6023218035697937,0,0
2021-04-29,2021-04-30,train_in_sample,QQQ,0.5031914114952087,0,0
2021-04-29,2021-04-30,train_in_sample,IWM,0.5148559212684631,0,0
2021-04-30,2021-05-03,train_in_sample,SPY,0.6221898198127747,1,1
2021-04-30,2021-05-03,train_in_sample,QQQ,0.4985581040382385,0,1
2021-04-30,2021-05-03,train_in_sample,IWM,0.5378075242042542,1,1
2021-05-03,2021-05-04,train_in_sample,SPY,0.6046690940856934,0,0
2021-05-03,2021-05-04,train_in_sample,QQQ,0.5172398090362549,0,0
2021-05-03,2021-05-04,train_in_sample,IWM,0.510621964931488,0,0
2021-05-04,2021-05-05,train_in_sample,SPY,0.5866585373878479,1,1
2021-05-04,2021-05-05,train_in_sample,QQQ,0.5444481372833252,0,0
2021-05-04,2021-05-05,train_in_sample,IWM,0.5459117889404297,0,0
2021-05-05,2021-05-06,train_in_sample,SPY,0.5565652251243591,1,1
2021-05-05,2021-05-06,train_in_sample,QQQ,0.5606537461280823,1,1
2021-05-05,2021-05-06,train_in_sample,IWM,0.5238005518913269,1,1
2021-05-06,2021-05-07,train_in_sample,SPY,0.5547128915786743,1,1
2021-05-06,2021-05-07,train_in_sample,QQQ,0.5036131739616394,1,1
2021-05-06,2021-05-07,train_in_sample,IWM,0.5159916877746582,1,1
2021-05-07,2021-05-10,train_in_sample,SPY,0.5831270217895508,0,0
2021-05-07,2021-05-10,train_in_sample,QQQ,0.4967767596244812,0,1
2021-05-07,2021-05-10,train_in_sample,IWM,0.506510317325592,0,0
2021-05-10,2021-05-11,train_in_sample,SPY,0.5994621515274048,0,0
2021-05-10,2021-05-11,train_in_sample,QQQ,0.5392289161682129,0,0
2021-05-10,2021-05-11,train_in_sample,IWM,0.5503506660461426,0,0
2021-05-11,2021-05-12,train_in_sample,SPY,0.5986506938934326,0,0
2021-05-11,2021-05-12,train_in_sample,QQQ,0.5207915902137756,0,0
2021-05-11,2021-05-12,train_in_sample,IWM,0.5037971138954163,0,0
2021-05-12,2021-05-13,train_in_sample,SPY,0.6260935068130493,1,1
2021-05-12,2021-05-13,train_in_sample,QQQ,0.505874514579773,1,1
2021-05-12,2021-05-13,train_in_sample,IWM,0.5174795985221863,1,1
2021-05-13,2021-05-14,train_in_sample,SPY,0.6223002076148987,1,1
2021-05-13,2021-05-14,train_in_sample,QQQ,0.5056151151657104,1,1
2021-05-13,2021-05-14,train_in_sample,IWM,0.5023584961891174,1,1
2021-05-14,2021-05-17,train_in_sample,SPY,0.6026999950408936,0,0
2021-05-14,2021-05-17,train_in_sample,QQQ,0.4708356261253357,0,1
2021-05-14,2021-05-17,train_in_sample,IWM,0.5570537447929382,1,1
2021-05-17,2021-05-18,train_in_sample,SPY,0.5957362651824951,0,0
2021-05-17,2021-05-18,train_in_sample,QQQ,0.508939802646637,0,0
2021-05-17,2021-05-18,train_in_sample,IWM,0.5017892122268677,0,0
2021-05-18,2021-05-19,train_in_sample,SPY,0.6047661304473877,0,0
2021-05-18,2021-05-19,train_in_sample,QQQ,0.48137161135673523,1,0
2021-05-18,2021-05-19,train_in_sample,IWM,0.5143840909004211,0,0
2021-05-19,2021-05-20,train_in_sample,SPY,0.57794588804245,1,1
2021-05-19,2021-05-20,train_in_sample,QQQ,0.5355033278465271,1,1
2021-05-19,2021-05-20,train_in_sample,IWM,0.5652976632118225,1,1
2021-05-20,2021-05-21,train_in_sample,SPY,0.5756837725639343,0,0
2021-05-20,2021-05-21,train_in_sample,QQQ,0.4980411231517792,0,1
2021-05-20,2021-05-21,train_in_sample,IWM,0.49900373816490173,1,0
2021-05-21,2021-05-24,train_in_sample,SPY,0.5914983153343201,1,1
2021-05-21,2021-05-24,train_in_sample,QQQ,0.5091829895973206,1,1
2021-05-21,2021-05-24,train_in_sample,IWM,0.559340238571167,1,1
2021-05-24,2021-05-25,train_in_sample,SPY,0.5520526766777039,0,0
2021-05-24,2021-05-25,train_in_sample,QQQ,0.486836701631546,1,0
2021-05-24,2021-05-25,train_in_sample,IWM,0.5187215209007263,0,0
2021-05-25,2021-05-26,train_in_sample,SPY,0.5544170141220093,1,1
2021-05-25,2021-05-26,train_in_sample,QQQ,0.5002504587173462,1,1
2021-05-25,2021-05-26,train_in_sample,IWM,0.5109347105026245,1,1
2021-05-26,2021-05-27,train_in_sample,SPY,0.6375302672386169,1,1
2021-05-26,2021-05-27,train_in_sample,QQQ,0.48607486486434937,0,1
2021-05-26,2021-05-27,train_in_sample,IWM,0.552001416683197,1,1
2021-05-27,2021-05-28,train_in_sample,SPY,0.6046702861785889,1,1
2021-05-27,2021-05-28,train_in_sample,QQQ,0.5268262028694153,1,1
2021-05-27,2021-05-28,train_in_sample,IWM,0.5282527208328247,1,1
2021-05-28,2021-06-01,train_in_sample,SPY,0.6026838421821594,0,0
2021-05-28,2021-06-01,train_in_sample,QQQ,0.5219029784202576,0,0
2021-05-28,2021-06-01,train_in_sample,IWM,0.5405115485191345,1,1
2021-06-01,2021-06-02,train_in_sample,SPY,0.6153696179389954,1,1
2021-06-01,2021-06-02,train_in_sample,QQQ,0.5318874716758728,1,1
2021-06-01,2021-06-02,train_in_sample,IWM,0.5654603242874146,1,1
2021-06-02,2021-06-03,train_in_sample,SPY,0.5935286283493042,0,0
2021-06-02,2021-06-03,train_in_sample,QQQ,0.5185825824737549,0,0
2021-06-02,2021-06-03,train_in_sample,IWM,0.5404559373855591,0,0
2021-06-03,2021-06-04,train_in_sample,SPY,0.6089221835136414,1,1
2021-06-03,2021-06-04,train_in_sample,QQQ,0.5266735553741455,1,1
2021-06-03,2021-06-04,train_in_sample,IWM,0.5610311627388,1,1
2021-06-04,2021-06-07,train_in_sample,SPY,0.5738863945007324,0,0
2021-06-04,2021-06-07,train_in_sample,QQQ,0.4778320789337158,1,0
2021-06-04,2021-06-07,train_in_sample,IWM,0.48990219831466675,1,0
2021-06-07,2021-06-08,train_in_sample,SPY,0.6070709228515625,1,1
2021-06-07,2021-06-08,train_in_sample,QQQ,0.5150103569030762,1,1
2021-06-07,2021-06-08,train_in_sample,IWM,0.5271598100662231,1,1
2021-06-08,2021-06-09,train_in_sample,SPY,0.6151180267333984,0,0
2021-06-08,2021-06-09,train_in_sample,QQQ,0.49164441227912903,1,0
2021-06-08,2021-06-09,train_in_sample,IWM,0.5818737745285034,0,0
2021-06-09,2021-06-10,train_in_sample,SPY,0.6066688299179077,1,1
2021-06-09,2021-06-10,train_in_sample,QQQ,0.5036168098449707,1,1
2021-06-09,2021-06-10,train_in_sample,IWM,0.5897178649902344,0,0
2021-06-10,2021-06-11,train_in_sample,SPY,0.5862376689910889,1,1
2021-06-10,2021-06-11,train_in_sample,QQQ,0.5143783688545227,1,1
2021-06-10,2021-06-11,train_in_sample,IWM,0.5672895312309265,1,1
2021-06-11,2021-06-14,train_in_sample,SPY,0.6417534351348877,1,1
2021-06-11,2021-06-14,train_in_sample,QQQ,0.45826029777526855,1,0
2021-06-11,2021-06-14,train_in_sample,IWM,0.5691779851913452,0,0
2021-06-14,2021-06-15,train_in_sample,SPY,0.5785306692123413,0,0
2021-06-14,2021-06-15,train_in_sample,QQQ,0.5295016765594482,0,0
2021-06-14,2021-06-15,train_in_sample,IWM,0.5394964218139648,0,0
2021-06-15,2021-06-16,train_in_sample,SPY,0.6336370706558228,0,0
2021-06-15,2021-06-16,train_in_sample,QQQ,0.49926260113716125,0,1
2021-06-15,2021-06-16,train_in_sample,IWM,0.5644684433937073,0,0
2021-06-16,2021-06-17,train_in_sample,SPY,0.5717819333076477,0,0
2021-06-16,2021-06-17,train_in_sample,QQQ,0.5195782780647278,1,1
2021-06-16,2021-06-17,train_in_sample,IWM,0.5327428579330444,0,0
2021-06-17,2021-06-18,train_in_sample,SPY,0.5824395418167114,0,0
2021-06-17,2021-06-18,train_in_sample,QQQ,0.5130979418754578,0,0
2021-06-17,2021-06-18,train_in_sample,IWM,0.5264437794685364,0,0
2021-06-18,2021-06-21,train_in_sample,SPY,0.6228804588317871,1,1
2021-06-18,2021-06-21,train_in_sample,QQQ,0.5247568488121033,1,1
2021-06-18,2021-06-21,train_in_sample,IWM,0.5006636381149292,1,1
2021-06-21,2021-06-22,train_in_sample,SPY,0.592987596988678,1,1
2021-06-21,2021-06-22,train_in_sample,QQQ,0.5037591457366943,1,1
2021-06-21,2021-06-22,train_in_sample,IWM,0.49864500761032104,1,0
2021-06-22,2021-06-23,train_in_sample,SPY,0.5960994958877563,0,0
2021-06-22,2021-06-23,train_in_sample,QQQ,0.5100072026252747,1,1
2021-06-22,2021-06-23,train_in_sample,IWM,0.5394423604011536,1,1
2021-06-23,2021-06-24,train_in_sample,SPY,0.5808324217796326,1,1
2021-06-23,2021-06-24,train_in_sample,QQQ,0.5278265476226807,1,1
2021-06-23,2021-06-24,train_in_sample,IWM,0.5468413233757019,1,1
2021-06-24,2021-06-25,train_in_sample,SPY,0.6124691963195801,1,1
2021-06-24,2021-06-25,train_in_sample,QQQ,0.47459134459495544,0,1
2021-06-24,2021-06-25,train_in_sample,IWM,0.5085946917533875,1,1
2021-06-25,2021-06-28,train_in_sample,SPY,0.6257513165473938,1,1
2021-06-25,2021-06-28,train_in_sample,QQQ,0.5390327572822571,1,1
2021-06-25,2021-06-28,train_in_sample,IWM,0.6006081104278564,0,0
2021-06-28,2021-06-29,train_in_sample,SPY,0.5842592716217041,1,1
2021-06-28,2021-06-29,train_in_sample,QQQ,0.4875629246234894,1,0
2021-06-28,2021-06-29,train_in_sample,IWM,0.536757230758667,0,0
2021-06-29,2021-06-30,train_in_sample,SPY,0.6401525139808655,1,1
2021-06-29,2021-06-30,train_in_sample,QQQ,0.4829246699810028,0,1
2021-06-29,2021-06-30,train_in_sample,IWM,0.5216434001922607,1,1
2021-06-30,2021-07-01,train_in_sample,SPY,0.6136791706085205,1,1
2021-06-30,2021-07-01,train_in_sample,QQQ,0.5032029747962952,1,1
2021-06-30,2021-07-01,train_in_sample,IWM,0.5300660133361816,1,1
2021-07-01,2021-07-02,train_in_sample,SPY,0.5879427194595337,1,1
2021-07-01,2021-07-02,train_in_sample,QQQ,0.513482928276062,1,1
2021-07-01,2021-07-02,train_in_sample,IWM,0.5346665382385254,0,0
2021-07-02,2021-07-06,train_in_sample,SPY,0.6195034384727478,0,0
2021-07-02,2021-07-06,train_in_sample,QQQ,0.4946105480194092,1,0
2021-07-02,2021-07-06,train_in_sample,IWM,0.5629300475120544,0,0
2021-07-06,2021-07-07,train_in_sample,SPY,0.6068640351295471,1,1
2021-07-06,2021-07-07,train_in_sample,QQQ,0.5324254631996155,1,1
2021-07-06,2021-07-07,train_in_sample,IWM,0.5551304817199707,0,0
2021-07-07,2021-07-08,train_in_sample,SPY,0.6059228777885437,0,0
2021-07-07,2021-07-08,train_in_sample,QQQ,0.45953553915023804,0,1
2021-07-07,2021-07-08,train_in_sample,IWM,0.46608033776283264,0,1
2021-07-08,2021-07-09,train_in_sample,SPY,0.6176317930221558,1,1
2021-07-08,2021-07-09,train_in_sample,QQQ,0.5240224599838257,1,1
2021-07-08,2021-07-09,train_in_sample,IWM,0.5172642469406128,1,1
2021-07-09,2021-07-12,train_in_sample,SPY,0.6285943984985352,1,1
2021-07-09,2021-07-12,train_in_sample,QQQ,0.4912794232368469,1,0
2021-07-09,2021-07-12,train_in_sample,IWM,0.5241344571113586,1,1
2021-07-12,2021-07-13,train_in_sample,SPY,0.6114305257797241,0,0
2021-07-12,2021-07-13,train_in_sample,QQQ,0.5174575448036194,0,0
2021-07-12,2021-07-13,train_in_sample,IWM,0.5287445187568665,0,0
2021-07-13,2021-07-14,train_in_sample,SPY,0.5939599871635437,1,1
2021-07-13,2021-07-14,train_in_sample,QQQ,0.5223857164382935,1,1
2021-07-13,2021-07-14,train_in_sample,IWM,0.5692558884620667,0,0
2021-07-14,2021-07-15,train_in_sample,SPY,0.6341020464897156,0,0
2021-07-14,2021-07-15,train_in_sample,QQQ,0.4437277913093567,0,1
2021-07-14,2021-07-15,train_in_sample,IWM,0.5112647414207458,0,0
2021-07-15,2021-07-16,train_in_sample,SPY,0.60775226354599,0,0
2021-07-15,2021-07-16,train_in_sample,QQQ,0.530735194683075,0,0
2021-07-15,2021-07-16,train_in_sample,IWM,0.5433342456817627,0,0
2021-07-16,2021-07-19,train_in_sample,SPY,0.5817829370498657,0,0
2021-07-16,2021-07-19,train_in_sample,QQQ,0.4964110553264618,0,1
2021-07-16,2021-07-19,train_in_sample,IWM,0.5436534285545349,0,0
2021-07-19,2021-07-20,train_in_sample,SPY,0.637969970703125,1,1
2021-07-19,2021-07-20,train_in_sample,QQQ,0.5123335719108582,1,1
2021-07-19,2021-07-20,train_in_sample,IWM,0.4898480176925659,1,0
2021-07-20,2021-07-21,train_in_sample,SPY,0.5974603891372681,1,1
2021-07-20,2021-07-21,train_in_sample,QQQ,0.49742552638053894,1,0
2021-07-20,2021-07-21,train_in_sample,IWM,0.4796220064163208,1,0
2021-07-21,2021-07-22,train_in_sample,SPY,0.6371935606002808,1,1
2021-07-21,2021-07-22,train_in_sample,QQQ,0.4759625792503357,1,0
2021-07-21,2021-07-22,train_in_sample,IWM,0.539509117603302,0,0
2021-07-22,2021-07-23,train_in_sample,SPY,0.5657752156257629,1,1
2021-07-22,2021-07-23,train_in_sample,QQQ,0.5133713483810425,1,1
2021-07-22,2021-07-23,train_in_sample,IWM,0.4840083420276642,1,0
2021-07-23,2021-07-26,train_in_sample,SPY,0.5729989409446716,1,1
2021-07-23,2021-07-26,train_in_sample,QQQ,0.5048167705535889,1,1
2021-07-23,2021-07-26,train_in_sample,IWM,0.49660158157348633,1,0
2021-07-26,2021-07-27,train_in_sample,SPY,0.601311206817627,0,0
2021-07-26,2021-07-27,train_in_sample,QQQ,0.48242029547691345,0,1
2021-07-26,2021-07-27,train_in_sample,IWM,0.503091037273407,0,0
2021-07-27,2021-07-28,train_in_sample,SPY,0.564427375793457,0,0
2021-07-27,2021-07-28,train_in_sample,QQQ,0.5470646023750305,1,1
2021-07-27,2021-07-28,train_in_sample,IWM,0.5559760928153992,1,1
2021-07-28,2021-07-29,train_in_sample,SPY,0.546954333782196,1,1
2021-07-28,2021-07-29,train_in_sample,QQQ,0.5107089877128601,1,1
2021-07-28,2021-07-29,train_in_sample,IWM,0.533223569393158,1,1
2021-07-29,2021-07-30,train_in_sample,SPY,0.5821847319602966,0,0
2021-07-29,2021-07-30,train_in_sample,QQQ,0.511459469795227,0,0
2021-07-29,2021-07-30,train_in_sample,IWM,0.5206952691078186,0,0
2021-07-30,2021-08-02,train_in_sample,SPY,0.6337868571281433,0,0
2021-07-30,2021-08-02,train_in_sample,QQQ,0.5156203508377075,1,1
2021-07-30,2021-08-02,train_in_sample,IWM,0.5690069198608398,0,0
2021-08-02,2021-08-03,train_in_sample,SPY,0.5899910926818848,1,1
2021-08-02,2021-08-03,train_in_sample,QQQ,0.5028018355369568,1,1
2021-08-02,2021-08-03,train_in_sample,IWM,0.5699469447135925,1,1
2021-08-03,2021-08-04,train_in_sample,SPY,0.5719479322433472,0,0
2021-08-03,2021-08-04,train_in_sample,QQQ,0.4785432815551758,1,0
2021-08-03,2021-08-04,train_in_sample,IWM,0.5213872790336609,0,0
2021-08-04,2021-08-05,train_in_sample,SPY,0.596969485282898,1,1
2021-08-04,2021-08-05,train_in_sample,QQQ,0.4941186010837555,1,0
2021-08-04,2021-08-05,train_in_sample,IWM,0.5858915448188782,1,1
2021-08-05,2021-08-06,train_in_sample,SPY,0.5649799704551697,1,1
2021-08-05,2021-08-06,train_in_sample,QQQ,0.5070756673812866,0,0
2021-08-05,2021-08-06,train_in_sample,IWM,0.5731737017631531,1,1
2021-08-06,2021-08-09,train_in_sample,SPY,0.5954046845436096,0,0
2021-08-06,2021-08-09,train_in_sample,QQQ,0.5350459814071655,1,1
2021-08-06,2021-08-09,train_in_sample,IWM,0.5459367036819458,0,0
2021-08-09,2021-08-10,train_in_sample,SPY,0.5727550387382507,1,1
2021-08-09,2021-08-10,train_in_sample,QQQ,0.4714507460594177,0,1
2021-08-09,2021-08-10,train_in_sample,IWM,0.5294793844223022,1,1
2021-08-10,2021-08-11,train_in_sample,SPY,0.5915250182151794,1,1
2021-08-10,2021-08-11,train_in_sample,QQQ,0.5264008045196533,0,0
2021-08-10,2021-08-11,train_in_sample,IWM,0.5311382412910461,1,1
2021-08-11,2021-08-12,train_in_sample,SPY,0.6062755584716797,1,1
2021-08-11,2021-08-12,train_in_sample,QQQ,0.5279414057731628,1,1
2021-08-11,2021-08-12,train_in_sample,IWM,0.5719165205955505,0,0
2021-08-12,2021-08-13,train_in_sample,SPY,0.5776891708374023,1,1
2021-08-12,2021-08-13,train_in_sample,QQQ,0.47215017676353455,1,0
2021-08-12,2021-08-13,train_in_sample,IWM,0.533718466758728,0,0
2021-08-13,2021-08-16,train_in_sample,SPY,0.6140193939208984,1,1
2021-08-13,2021-08-16,train_in_sample,QQQ,0.5090495347976685,1,1
2021-08-13,2021-08-16,train_in_sample,IWM,0.5414822697639465,0,0
2021-08-16,2021-08-17,train_in_sample,SPY,0.5962093472480774,0,0
2021-08-16,2021-08-17,train_in_sample,QQQ,0.5107520818710327,0,0
2021-08-16,2021-08-17,train_in_sample,IWM,0.5623994469642639,0,0
2021-08-17,2021-08-18,train_in_sample,SPY,0.6167352795600891,0,0
2021-08-17,2021-08-18,train_in_sample,QQQ,0.5289033651351929,0,0
2021-08-17,2021-08-18,train_in_sample,IWM,0.5472671985626221,0,0
2021-08-18,2021-08-19,train_in_sample,SPY,0.6222386360168457,1,1
2021-08-18,2021-08-19,train_in_sample,QQQ,0.49575066566467285,1,0
2021-08-18,2021-08-19,train_in_sample,IWM,0.5397640466690063,0,0
2021-08-19,2021-08-20,train_in_sample,SPY,0.5901136994361877,1,1
2021-08-19,2021-08-20,train_in_sample,QQQ,0.5089355707168579,1,1
2021-08-19,2021-08-20,train_in_sample,IWM,0.5326409935951233,1,1
2021-08-20,2021-08-23,train_in_sample,SPY,0.6128310561180115,1,1
2021-08-20,2021-08-23,train_in_sample,QQQ,0.48450425267219543,1,0
2021-08-20,2021-08-23,train_in_sample,IWM,0.5141900777816772,1,1
2021-08-23,2021-08-24,train_in_sample,SPY,0.5917137861251831,1,1
2021-08-23,2021-08-24,train_in_sample,QQQ,0.4978218078613281,1,0
2021-08-23,2021-08-24,train_in_sample,IWM,0.5516997575759888,1,1
2021-08-24,2021-08-25,train_in_sample,SPY,0.628830075263977,1,1
2021-08-24,2021-08-25,train_in_sample,QQQ,0.49932676553726196,1,0
2021-08-24,2021-08-25,train_in_sample,IWM,0.5293511152267456,1,1
2021-08-25,2021-08-26,train_in_sample,SPY,0.5953667759895325,0,0
2021-08-25,2021-08-26,train_in_sample,QQQ,0.49763911962509155,0,1
2021-08-25,2021-08-26,train_in_sample,IWM,0.5389119386672974,0,0
2021-08-26,2021-08-27,train_in_sample,SPY,0.5946699976921082,1,1
2021-08-26,2021-08-27,train_in_sample,QQQ,0.503362774848938,1,1
2021-08-26,2021-08-27,train_in_sample,IWM,0.5886933207511902,1,1
2021-08-27,2021-08-30,train_in_sample,SPY,0.6347423195838928,1,1
2021-08-27,2021-08-30,train_in_sample,QQQ,0.4779869616031647,1,0
2021-08-27,2021-08-30,train_in_sample,IWM,0.5446719527244568,0,0
2021-08-30,2021-08-31,train_in_sample,SPY,0.5760570764541626,0,0
2021-08-30,2021-08-31,train_in_sample,QQQ,0.4840458333492279,0,1
2021-08-30,2021-08-31,train_in_sample,IWM,0.5378392338752747,1,1
2021-08-31,2021-09-01,train_in_sample,SPY,0.6240546107292175,1,1
2021-08-31,2021-09-01,train_in_sample,QQQ,0.5209781527519226,1,1
2021-08-31,2021-09-01,train_in_sample,IWM,0.5629032850265503,1,1
2021-09-01,2021-09-02,train_in_sample,SPY,0.6468978524208069,1,1
2021-09-01,2021-09-02,train_in_sample,QQQ,0.47497642040252686,0,1
2021-09-01,2021-09-02,train_in_sample,IWM,0.5960893630981445,1,1
2021-09-02,2021-09-03,train_in_sample,SPY,0.5821501016616821,0,0
2021-09-02,2021-09-03,train_in_sample,QQQ,0.47911161184310913,1,0
2021-09-02,2021-09-03,train_in_sample,IWM,0.5609984993934631,0,0
2021-09-03,2021-09-07,train_in_sample,SPY,0.5974728465080261,0,0
2021-09-03,2021-09-07,train_in_sample,QQQ,0.49925652146339417,1,0
2021-09-03,2021-09-07,train_in_sample,IWM,0.5306993722915649,0,0
2021-09-07,2021-09-08,train_in_sample,SPY,0.6104698181152344,0,0
2021-09-07,2021-09-08,train_in_sample,QQQ,0.49055206775665283,0,1
2021-09-07,2021-09-08,train_in_sample,IWM,0.5196643471717834,0,0
2021-09-08,2021-09-09,train_in_sample,SPY,0.5568941235542297,0,0
2021-09-08,2021-09-09,train_in_sample,QQQ,0.5313988924026489,0,0
2021-09-08,2021-09-09,train_in_sample,IWM,0.505338191986084,0,0
2021-09-09,2021-09-10,train_in_sample,SPY,0.6358137726783752,0,0
2021-09-09,2021-09-10,train_in_sample,QQQ,0.5133294463157654,0,0
2021-09-09,2021-09-10,train_in_sample,IWM,0.5499171018600464,0,0
2021-09-10,2021-09-13,train_in_sample,SPY,0.6082092523574829,1,1
2021-09-10,2021-09-13,train_in_sample,QQQ,0.5135999917984009,0,0
2021-09-10,2021-09-13,train_in_sample,IWM,0.5328076481819153,1,1
2021-09-13,2021-09-14,train_in_sample,SPY,0.6215624809265137,0,0
2021-09-13,2021-09-14,train_in_sample,QQQ,0.5085986256599426,0,0
2021-09-13,2021-09-14,train_in_sample,IWM,0.47615915536880493,0,1
2021-09-14,2021-09-15,train_in_sample,SPY,0.6111902594566345,1,1
2021-09-14,2021-09-15,train_in_sample,QQQ,0.5071329474449158,1,1
2021-09-14,2021-09-15,train_in_sample,IWM,0.5525231957435608,1,1
2021-09-15,2021-09-16,train_in_sample,SPY,0.6144992709159851,0,0
2021-09-15,2021-09-16,train_in_sample,QQQ,0.4981415569782257,1,0
2021-09-15,2021-09-16,train_in_sample,IWM,0.5275343060493469,1,1
2021-09-16,2021-09-17,train_in_sample,SPY,0.6376532316207886,0,0
2021-09-16,2021-09-17,train_in_sample,QQQ,0.49010786414146423,0,1
2021-09-16,2021-09-17,train_in_sample,IWM,0.5231413245201111,1,1
2021-09-17,2021-09-20,train_in_sample,SPY,0.6178752183914185,0,0
2021-09-17,2021-09-20,train_in_sample,QQQ,0.4929015040397644,0,1
2021-09-17,2021-09-20,train_in_sample,IWM,0.471758097410202,0,1
2021-09-20,2021-09-21,train_in_sample,SPY,0.6103126406669617,0,0
2021-09-20,2021-09-21,train_in_sample,QQQ,0.5339935421943665,1,1
2021-09-20,2021-09-21,train_in_sample,IWM,0.5344437956809998,1,1
2021-09-21,2021-09-22,train_in_sample,SPY,0.6361671090126038,1,1
2021-09-21,2021-09-22,train_in_sample,QQQ,0.48709002137184143,1,0
2021-09-21,2021-09-22,train_in_sample,IWM,0.5116549730300903,1,1
2021-09-22,2021-09-23,train_in_sample,SPY,0.6365271806716919,1,1
2021-09-22,2021-09-23,train_in_sample,QQQ,0.48593631386756897,1,0
2021-09-22,2021-09-23,train_in_sample,IWM,0.5382901430130005,1,1
2021-09-23,2021-09-24,train_in_sample,SPY,0.5551575422286987,1,1
2021-09-23,2021-09-24,train_in_sample,QQQ,0.5046272873878479,1,1
2021-09-23,2021-09-24,train_in_sample,IWM,0.4713834524154663,0,1
2021-09-24,2021-09-27,train_in_sample,SPY,0.6249620318412781,0,0
2021-09-24,2021-09-27,train_in_sample,QQQ,0.4701942205429077,0,1
2021-09-24,2021-09-27,train_in_sample,IWM,0.5544344186782837,1,1
2021-09-27,2021-09-28,train_in_sample,SPY,0.6185005903244019,0,0
2021-09-27,2021-09-28,train_in_sample,QQQ,0.5015416741371155,0,0
2021-09-27,2021-09-28,train_in_sample,IWM,0.5076754093170166,0,0
2021-09-28,2021-09-29,train_in_sample,SPY,0.6015934348106384,1,1
2021-09-28,2021-09-29,train_in_sample,QQQ,0.5302509665489197,0,0
2021-09-28,2021-09-29,train_in_sample,IWM,0.515856146812439,0,0
2021-09-29,2021-09-30,train_in_sample,SPY,0.593704104423523,0,0
2021-09-29,2021-09-30,train_in_sample,QQQ,0.5006812214851379,0,0
2021-09-29,2021-09-30,train_in_sample,IWM,0.5279348492622375,0,0
2021-09-30,2021-10-01,train_in_sample,SPY,0.634063184261322,1,1
2021-09-30,2021-10-01,train_in_sample,QQQ,0.4724803566932678,1,0
2021-09-30,2021-10-01,train_in_sample,IWM,0.5016180872917175,1,1
2021-10-01,2021-10-04,train_in_sample,SPY,0.6283035278320312,0,0
2021-10-01,2021-10-04,train_in_sample,QQQ,0.4836995601654053,0,1
2021-10-01,2021-10-04,train_in_sample,IWM,0.5236423015594482,0,0
2021-10-04,2021-10-05,train_in_sample,SPY,0.6132610440254211,1,1
2021-10-04,2021-10-05,train_in_sample,QQQ,0.507439374923706,1,1
2021-10-04,2021-10-05,train_in_sample,IWM,0.5267314314842224,1,1
2021-10-05,2021-10-06,train_in_sample,SPY,0.5970429182052612,1,1
2021-10-05,2021-10-06,train_in_sample,QQQ,0.5084146857261658,1,1
2021-10-05,2021-10-06,train_in_sample,IWM,0.537024199962616,0,0
2021-10-06,2021-10-07,train_in_sample,SPY,0.5959174633026123,1,1
2021-10-06,2021-10-07,train_in_sample,QQQ,0.5297316312789917,1,1
2021-10-06,2021-10-07,train_in_sample,IWM,0.5452405214309692,1,1
2021-10-07,2021-10-08,train_in_sample,SPY,0.581581175327301,0,0
2021-10-07,2021-10-08,train_in_sample,QQQ,0.5143501162528992,0,0
2021-10-07,2021-10-08,train_in_sample,IWM,0.5261024236679077,0,0
2021-10-08,2021-10-11,train_in_sample,SPY,0.6072108149528503,0,0
2021-10-08,2021-10-11,train_in_sample,QQQ,0.5132743120193481,0,0
2021-10-08,2021-10-11,train_in_sample,IWM,0.5296619534492493,0,0
2021-10-11,2021-10-12,train_in_sample,SPY,0.6117684245109558,0,0
2021-10-11,2021-10-12,train_in_sample,QQQ,0.4570019841194153,0,1
2021-10-11,2021-10-12,train_in_sample,IWM,0.5200610160827637,1,1
2021-10-12,2021-10-13,train_in_sample,SPY,0.5957854390144348,1,1
2021-10-12,2021-10-13,train_in_sample,QQQ,0.4645549952983856,1,0
2021-10-12,2021-10-13,train_in_sample,IWM,0.5131165981292725,1,1
2021-10-13,2021-10-14,train_in_sample,SPY,0.6272140145301819,1,1
2021-10-13,2021-10-14,train_in_sample,QQQ,0.48602113127708435,1,0
2021-10-13,2021-10-14,train_in_sample,IWM,0.542644739151001,1,1
2021-10-14,2021-10-15,train_in_sample,SPY,0.582253634929657,1,1
2021-10-14,2021-10-15,train_in_sample,QQQ,0.4523904323577881,1,0
2021-10-14,2021-10-15,train_in_sample,IWM,0.4821791648864746,0,1
2021-10-15,2021-10-18,train_in_sample,SPY,0.5898162722587585,1,1
2021-10-15,2021-10-18,train_in_sample,QQQ,0.5021929740905762,1,1
2021-10-15,2021-10-18,train_in_sample,IWM,0.5057368278503418,0,0
2021-10-18,2021-10-19,train_in_sample,SPY,0.6070818305015564,1,1
2021-10-18,2021-10-19,train_in_sample,QQQ,0.47836530208587646,1,0
2021-10-18,2021-10-19,train_in_sample,IWM,0.518892228603363,1,1
2021-10-19,2021-10-20,train_in_sample,SPY,0.6210420727729797,1,1
2021-10-19,2021-10-20,train_in_sample,QQQ,0.4790624678134918,0,1
2021-10-19,2021-10-20,train_in_sample,IWM,0.568043053150177,1,1
2021-10-20,2021-10-21,train_in_sample,SPY,0.5666669011116028,1,1
2021-10-20,2021-10-21,train_in_sample,QQQ,0.5310879349708557,1,1
2021-10-20,2021-10-21,train_in_sample,IWM,0.5516418218612671,1,1
2021-10-21,2021-10-22,train_in_sample,SPY,0.5799471139907837,0,0
2021-10-21,2021-10-22,train_in_sample,QQQ,0.49798843264579773,0,1
2021-10-21,2021-10-22,train_in_sample,IWM,0.5495052337646484,0,0
2021-10-22,2021-10-25,train_in_sample,SPY,0.6059948205947876,1,1
2021-10-22,2021-10-25,train_in_sample,QQQ,0.5229200124740601,1,1
2021-10-22,2021-10-25,train_in_sample,IWM,0.5626776814460754,1,1
2021-10-25,2021-10-26,train_in_sample,SPY,0.5925251841545105,1,1
2021-10-25,2021-10-26,train_in_sample,QQQ,0.4856777787208557,1,0
2021-10-25,2021-10-26,train_in_sample,IWM,0.52190101146698,0,0
2021-10-26,2021-10-27,train_in_sample,SPY,0.5591949224472046,0,0
2021-10-26,2021-10-27,train_in_sample,QQQ,0.5025174617767334,1,1
2021-10-26,2021-10-27,train_in_sample,IWM,0.5086603760719299,0,0
2021-10-27,2021-10-28,train_in_sample,SPY,0.5899292230606079,1,1
2021-10-27,2021-10-28,train_in_sample,QQQ,0.5333003401756287,1,1
2021-10-27,2021-10-28,train_in_sample,IWM,0.5320296287536621,1,1
2021-10-28,2021-10-29,train_in_sample,SPY,0.5744333863258362,1,1
2021-10-28,2021-10-29,train_in_sample,QQQ,0.5284010171890259,1,1
2021-10-28,2021-10-29,train_in_sample,IWM,0.5480936169624329,0,0
2021-10-29,2021-11-01,train_in_sample,SPY,0.5692998170852661,1,1
2021-10-29,2021-11-01,train_in_sample,QQQ,0.49699974060058594,1,0
2021-10-29,2021-11-01,train_in_sample,IWM,0.5437340140342712,1,1
2021-11-01,2021-11-02,train_in_sample,SPY,0.6148413419723511,1,1
2021-11-01,2021-11-02,train_in_sample,QQQ,0.492522269487381,1,0
2021-11-01,2021-11-02,train_in_sample,IWM,0.5364695191383362,1,1
2021-11-02,2021-11-03,train_in_sample,SPY,0.6200108528137207,1,1
2021-11-02,2021-11-03,train_in_sample,QQQ,0.5068996548652649,1,1
2021-11-02,2021-11-03,train_in_sample,IWM,0.5563476085662842,1,1
2021-11-03,2021-11-04,train_in_sample,SPY,0.6159799098968506,1,1
2021-11-03,2021-11-04,train_in_sample,QQQ,0.47933071851730347,1,0
2021-11-03,2021-11-04,train_in_sample,IWM,0.5406594276428223,0,0
2021-11-04,2021-11-05,train_in_sample,SPY,0.554582953453064,1,1
2021-11-04,2021-11-05,train_in_sample,QQQ,0.47651785612106323,1,0
2021-11-04,2021-11-05,train_in_sample,IWM,0.5026143789291382,1,1
2021-11-05,2021-11-08,train_in_sample,SPY,0.6236663460731506,1,1
2021-11-05,2021-11-08,train_in_sample,QQQ,0.4951432943344116,0,1
2021-11-05,2021-11-08,train_in_sample,IWM,0.4948023557662964,1,0
2021-11-08,2021-11-09,train_in_sample,SPY,0.6226019859313965,0,0
2021-11-08,2021-11-09,train_in_sample,QQQ,0.500569224357605,0,0
2021-11-08,2021-11-09,train_in_sample,IWM,0.5300262570381165,0,0
2021-11-09,2021-11-10,train_in_sample,SPY,0.5853930115699768,0,0
2021-11-09,2021-11-10,train_in_sample,QQQ,0.48482567071914673,0,1
2021-11-09,2021-11-10,train_in_sample,IWM,0.5460594296455383,0,0
2021-11-10,2021-11-11,train_in_sample,SPY,0.5792336463928223,1,1
2021-11-10,2021-11-11,train_in_sample,QQQ,0.5052453875541687,1,1
2021-11-10,2021-11-11,train_in_sample,IWM,0.5523967742919922,1,1
2021-11-11,2021-11-12,train_in_sample,SPY,0.5939993858337402,1,1
2021-11-11,2021-11-12,train_in_sample,QQQ,0.49241548776626587,1,0
2021-11-11,2021-11-12,train_in_sample,IWM,0.5295906662940979,1,1
2021-11-12,2021-11-15,train_in_sample,SPY,0.6156556606292725,1,1
2021-11-12,2021-11-15,train_in_sample,QQQ,0.4911220371723175,0,1
2021-11-12,2021-11-15,train_in_sample,IWM,0.5393757820129395,0,0
2021-11-15,2021-11-16,train_in_sample,SPY,0.600078821182251,1,1
2021-11-15,2021-11-16,train_in_sample,QQQ,0.45375949144363403,1,0
2021-11-15,2021-11-16,train_in_sample,IWM,0.5344796180725098,1,1
2021-11-16,2021-11-17,train_in_sample,SPY,0.6155445575714111,0,0
2021-11-16,2021-11-17,train_in_sample,QQQ,0.4641285836696625,1,0
2021-11-16,2021-11-17,train_in_sample,IWM,0.5336266756057739,0,0
2021-11-17,2021-11-18,train_in_sample,SPY,0.5976870059967041,1,1
2021-11-17,2021-11-18,train_in_sample,QQQ,0.4930693209171295,1,0
2021-11-17,2021-11-18,train_in_sample,IWM,0.5372511744499207,0,0
2021-11-18,2021-11-19,train_in_sample,SPY,0.557104766368866,0,0
2021-11-18,2021-11-19,train_in_sample,QQQ,0.48175472021102905,1,0
2021-11-18,2021-11-19,train_in_sample,IWM,0.5193919539451599,0,0
2021-11-19,2021-11-22,train_in_sample,SPY,0.603387176990509,0,0
2021-11-19,2021-11-22,train_in_sample,QQQ,0.5004773139953613,0,0
2021-11-19,2021-11-22,train_in_sample,IWM,0.5258321166038513,0,0
2021-11-22,2021-11-23,train_in_sample,SPY,0.5708207488059998,1,1
2021-11-22,2021-11-23,train_in_sample,QQQ,0.5034802556037903,0,0
2021-11-22,2021-11-23,train_in_sample,IWM,0.491921067237854,0,1
2021-11-23,2021-11-24,train_in_sample,SPY,0.6040673851966858,1,1
2021-11-23,2021-11-24,train_in_sample,QQQ,0.5002449154853821,1,1
2021-11-23,2021-11-24,train_in_sample,IWM,0.5242275595664978,1,1
2021-11-24,2021-11-26,train_in_sample,SPY,0.5660238265991211,0,0
2021-11-24,2021-11-26,train_in_sample,QQQ,0.5094729661941528,0,0
2021-11-24,2021-11-26,train_in_sample,IWM,0.530232846736908,0,0
2021-11-26,2021-11-29,train_in_sample,SPY,0.6514520049095154,1,1
2021-11-26,2021-11-29,train_in_sample,QQQ,0.4993630349636078,1,0
2021-11-26,2021-11-29,train_in_sample,IWM,0.49409961700439453,0,1
2021-11-29,2021-11-30,train_in_sample,SPY,0.5912825465202332,0,0
2021-11-29,2021-11-30,train_in_sample,QQQ,0.4507191479206085,0,1
2021-11-29,2021-11-30,train_in_sample,IWM,0.44963401556015015,0,1
2021-11-30,2021-12-01,train_in_sample,SPY,0.5872097015380859,0,0
2021-11-30,2021-12-01,train_in_sample,QQQ,0.5076338052749634,0,0
2021-11-30,2021-12-01,train_in_sample,IWM,0.5040984749794006,0,0
2021-12-01,2021-12-02,train_in_sample,SPY,0.5899655222892761,1,1
2021-12-01,2021-12-02,train_in_sample,QQQ,0.45792683959007263,1,0
2021-12-01,2021-12-02,train_in_sample,IWM,0.4982301890850067,1,0
2021-12-02,2021-12-03,train_in_sample,SPY,0.6193110346794128,0,0
2021-12-02,2021-12-03,train_in_sample,QQQ,0.5236875414848328,0,0
2021-12-02,2021-12-03,train_in_sample,IWM,0.497873455286026,0,1
2021-12-03,2021-12-06,train_in_sample,SPY,0.5816875696182251,1,1
2021-12-03,2021-12-06,train_in_sample,QQQ,0.5203924775123596,1,1
2021-12-03,2021-12-06,train_in_sample,IWM,0.4912044107913971,1,0
2021-12-06,2021-12-07,train_in_sample,SPY,0.5888776183128357,1,1
2021-12-06,2021-12-07,train_in_sample,QQQ,0.4886076748371124,1,0
2021-12-06,2021-12-07,train_in_sample,IWM,0.503414511680603,1,1
2021-12-07,2021-12-08,train_in_sample,SPY,0.6027783155441284,1,1
2021-12-07,2021-12-08,train_in_sample,QQQ,0.4561633765697479,1,0
2021-12-07,2021-12-08,train_in_sample,IWM,0.486622154712677,1,0
2021-12-08,2021-12-09,train_in_sample,SPY,0.6157554984092712,0,0
2021-12-08,2021-12-09,train_in_sample,QQQ,0.4853964149951935,0,1
2021-12-08,2021-12-09,train_in_sample,IWM,0.46991148591041565,0,1
2021-12-09,2021-12-10,train_in_sample,SPY,0.5826302170753479,1,1
2021-12-09,2021-12-10,train_in_sample,QQQ,0.5184435248374939,1,1
2021-12-09,2021-12-10,train_in_sample,IWM,0.5116762518882751,0,0
2021-12-10,2021-12-13,train_in_sample,SPY,0.6004064083099365,0,0
2021-12-10,2021-12-13,train_in_sample,QQQ,0.4946216940879822,0,1
2021-12-10,2021-12-13,train_in_sample,IWM,0.49653246998786926,0,1
2021-12-13,2021-12-14,train_in_sample,SPY,0.6190930604934692,0,0
2021-12-13,2021-12-14,train_in_sample,QQQ,0.5085294246673584,0,0
2021-12-13,2021-12-14,train_in_sample,IWM,0.5129825472831726,0,0
2021-12-14,2021-12-15,train_in_sample,SPY,0.6225576996803284,1,1
2021-12-14,2021-12-15,train_in_sample,QQQ,0.5205029845237732,1,1
2021-12-14,2021-12-15,train_in_sample,IWM,0.5552510619163513,1,1
2021-12-15,2021-12-16,train_in_sample,SPY,0.5822252035140991,0,0
2021-12-15,2021-12-16,train_in_sample,QQQ,0.5242555141448975,0,0
2021-12-15,2021-12-16,train_in_sample,IWM,0.5984615683555603,0,0
2021-12-16,2021-12-17,train_in_sample,SPY,0.57723468542099,0,0
2021-12-16,2021-12-17,train_in_sample,QQQ,0.4873756170272827,0,1
2021-12-16,2021-12-17,train_in_sample,IWM,0.41246068477630615,1,0
2021-12-17,2021-12-20,train_in_sample,SPY,0.6215148568153381,0,0
2021-12-17,2021-12-20,train_in_sample,QQQ,0.517726480960846,0,0
2021-12-17,2021-12-20,train_in_sample,IWM,0.5292648673057556,0,0
2021-12-20,2021-12-21,train_in_sample,SPY,0.6454888582229614,1,1
2021-12-20,2021-12-21,train_in_sample,QQQ,0.4710138738155365,1,0
2021-12-20,2021-12-21,train_in_sample,IWM,0.5190813541412354,1,1
2021-12-21,2021-12-22,train_in_sample,SPY,0.5806645154953003,1,1
2021-12-21,2021-12-22,train_in_sample,QQQ,0.4919761121273041,1,0
2021-12-21,2021-12-22,train_in_sample,IWM,0.5060560703277588,1,1
2021-12-22,2021-12-23,train_in_sample,SPY,0.5957801342010498,1,1
2021-12-22,2021-12-23,train_in_sample,QQQ,0.4615860879421234,1,0
2021-12-22,2021-12-23,train_in_sample,IWM,0.5557701587677002,1,1
2021-12-23,2021-12-27,train_in_sample,SPY,0.624224066734314,1,1
2021-12-23,2021-12-27,train_in_sample,QQQ,0.4765201807022095,1,0
2021-12-23,2021-12-27,train_in_sample,IWM,0.5499245524406433,1,1
2021-12-27,2021-12-28,train_in_sample,SPY,0.5699631571769714,0,0
2021-12-27,2021-12-28,train_in_sample,QQQ,0.4693911373615265,0,1
2021-12-27,2021-12-28,train_in_sample,IWM,0.5004993081092834,0,0
2021-12-28,2021-12-29,train_in_sample,SPY,0.595413863658905,1,1
2021-12-28,2021-12-29,train_in_sample,QQQ,0.46652519702911377,0,1
2021-12-28,2021-12-29,train_in_sample,IWM,0.5417472720146179,1,1
2021-12-29,2021-12-30,train_in_sample,SPY,0.6209390163421631,0,0
2021-12-29,2021-12-30,train_in_sample,QQQ,0.47016260027885437,0,1
2021-12-29,2021-12-30,train_in_sample,IWM,0.5216634273529053,0,0
2021-12-30,2021-12-31,train_in_sample,SPY,0.6479195356369019,0,0
2021-12-30,2021-12-31,train_in_sample,QQQ,0.47159165143966675,0,1
2021-12-30,2021-12-31,train_in_sample,IWM,0.5656412839889526,0,0
2021-12-31,2022-01-03,train_in_sample,SPY,0.6238812208175659,1,1
2021-12-31,2022-01-03,train_in_sample,QQQ,0.49424901604652405,1,0
2021-12-31,2022-01-03,train_in_sample,IWM,0.5308371782302856,1,1
2022-01-03,2022-01-04,train_in_sample,SPY,0.6058058738708496,0,0
2022-01-03,2022-01-04,train_in_sample,QQQ,0.5036318302154541,0,0
2022-01-03,2022-01-04,train_in_sample,IWM,0.5193735957145691,0,0
2022-01-04,2022-01-05,train_in_sample,SPY,0.5777063965797424,0,0
2022-01-04,2022-01-05,train_in_sample,QQQ,0.48930808901786804,0,1
2022-01-04,2022-01-05,train_in_sample,IWM,0.4974643588066101,0,1
2022-01-05,2022-01-06,train_in_sample,SPY,0.5839212536811829,0,0
2022-01-05,2022-01-06,train_in_sample,QQQ,0.5017780065536499,0,0
2022-01-05,2022-01-06,train_in_sample,IWM,0.4872053265571594,1,0
2022-01-06,2022-01-07,train_in_sample,SPY,0.5849369764328003,0,0
2022-01-06,2022-01-07,train_in_sample,QQQ,0.508367657661438,0,0
2022-01-06,2022-01-07,train_in_sample,IWM,0.4815559387207031,0,1
2022-01-07,2022-01-10,train_in_sample,SPY,0.607946515083313,0,0
2022-01-07,2022-01-10,train_in_sample,QQQ,0.5181092023849487,1,1
2022-01-07,2022-01-10,train_in_sample,IWM,0.5364536046981812,0,0
2022-01-10,2022-01-11,train_in_sample,SPY,0.5847259163856506,1,1
2022-01-10,2022-01-11,train_in_sample,QQQ,0.4786880612373352,1,0
2022-01-10,2022-01-11,train_in_sample,IWM,0.5086506605148315,1,1
2022-01-11,2022-01-12,train_in_sample,SPY,0.594691276550293,1,1
2022-01-11,2022-01-12,train_in_sample,QQQ,0.47420668601989746,1,0
2022-01-11,2022-01-12,train_in_sample,IWM,0.5074003338813782,0,0
2022-01-12,2022-01-13,train_in_sample,SPY,0.5805725455284119,0,0
2022-01-12,2022-01-13,train_in_sample,QQQ,0.49358293414115906,0,1
2022-01-12,2022-01-13,train_in_sample,IWM,0.5299916863441467,0,0
2022-01-13,2022-01-14,train_in_sample,SPY,0.5783082842826843,1,1
2022-01-13,2022-01-14,train_in_sample,QQQ,0.5121793150901794,1,1
2022-01-13,2022-01-14,train_in_sample,IWM,0.4982655346393585,1,0
2022-01-14,2022-01-18,train_in_sample,SPY,0.5926427245140076,0,0
2022-01-14,2022-01-18,train_in_sample,QQQ,0.4883941411972046,0,1
2022-01-14,2022-01-18,train_in_sample,IWM,0.5169455409049988,0,0
2022-01-18,2022-01-19,train_in_sample,SPY,0.5955297350883484,0,0
2022-01-18,2022-01-19,train_in_sample,QQQ,0.5238999724388123,0,0
2022-01-18,2022-01-19,train_in_sample,IWM,0.5123435854911804,0,0
2022-01-19,2022-01-20,train_in_sample,SPY,0.5981494188308716,0,0
2022-01-19,2022-01-20,train_in_sample,QQQ,0.492236852645874,0,1
2022-01-19,2022-01-20,train_in_sample,IWM,0.5360267758369446,0,0
2022-01-20,2022-01-21,train_in_sample,SPY,0.5709943771362305,0,0
2022-01-20,2022-01-21,train_in_sample,QQQ,0.4931565523147583,0,1
2022-01-20,2022-01-21,train_in_sample,IWM,0.5029187798500061,0,0
2022-01-21,2022-01-24,train_in_sample,SPY,0.6167172789573669,1,1
2022-01-21,2022-01-24,train_in_sample,QQQ,0.5051921010017395,1,1
2022-01-21,2022-01-24,train_in_sample,IWM,0.4735330641269684,1,0
2022-01-24,2022-01-25,train_in_sample,SPY,0.5522997975349426,0,0
2022-01-24,2022-01-25,train_in_sample,QQQ,0.5189688801765442,0,0
2022-01-24,2022-01-25,train_in_sample,IWM,0.5298594832420349,0,0
2022-01-25,2022-01-26,train_in_sample,SPY,0.6149067282676697,0,0
2022-01-25,2022-01-26,train_in_sample,QQQ,0.4978905916213989,0,1
2022-01-25,2022-01-26,train_in_sample,IWM,0.5187734365463257,0,0
2022-01-26,2022-01-27,train_in_sample,SPY,0.5217733979225159,0,0
2022-01-26,2022-01-27,train_in_sample,QQQ,0.5015121698379517,0,0
2022-01-26,2022-01-27,train_in_sample,IWM,0.4823959469795227,0,1
2022-01-27,2022-01-28,train_in_sample,SPY,0.5670709609985352,1,1
2022-01-27,2022-01-28,train_in_sample,QQQ,0.510209858417511,1,1
2022-01-27,2022-01-28,train_in_sample,IWM,0.481329083442688,1,0
2022-01-28,2022-01-31,train_in_sample,SPY,0.5493230819702148,1,1
2022-01-28,2022-01-31,train_in_sample,QQQ,0.45445552468299866,1,0
2022-01-28,2022-01-31,train_in_sample,IWM,0.49048298597335815,1,0
2022-01-31,2022-02-01,train_in_sample,SPY,0.5555163621902466,1,1
2022-01-31,2022-02-01,train_in_sample,QQQ,0.4982888996601105,1,0
2022-01-31,2022-02-01,train_in_sample,IWM,0.48608770966529846,1,0
2022-02-01,2022-02-02,train_in_sample,SPY,0.5985701084136963,1,1
2022-02-01,2022-02-02,train_in_sample,QQQ,0.5025104284286499,1,1
2022-02-01,2022-02-02,train_in_sample,IWM,0.5084648132324219,0,0
2022-02-02,2022-02-03,train_in_sample,SPY,0.5678848624229431,0,0
2022-02-02,2022-02-03,train_in_sample,QQQ,0.5303458571434021,0,0
2022-02-02,2022-02-03,train_in_sample,IWM,0.49299952387809753,0,1
2022-02-03,2022-02-04,train_in_sample,SPY,0.5755542516708374,1,1
2022-02-03,2022-02-04,train_in_sample,QQQ,0.5485020875930786,1,1
2022-02-03,2022-02-04,train_in_sample,IWM,0.49389204382896423,1,0
2022-02-04,2022-02-07,train_in_sample,SPY,0.5700191259384155,0,0
2022-02-04,2022-02-07,train_in_sample,QQQ,0.4853766858577728,0,1
2022-02-04,2022-02-07,train_in_sample,IWM,0.5292548537254333,1,1
2022-02-07,2022-02-08,train_in_sample,SPY,0.5971922874450684,1,1
2022-02-07,2022-02-08,train_in_sample,QQQ,0.4967094361782074,1,0
2022-02-07,2022-02-08,train_in_sample,IWM,0.492453008890152,1,0
2022-02-08,2022-02-09,train_in_sample,SPY,0.5761765837669373,1,1
2022-02-08,2022-02-09,train_in_sample,QQQ,0.5013941526412964,1,1
2022-02-08,2022-02-09,train_in_sample,IWM,0.520383894443512,1,1
2022-02-09,2022-02-10,train_in_sample,SPY,0.5870972275733948,0,0
2022-02-09,2022-02-10,train_in_sample,QQQ,0.49965882301330566,0,1
2022-02-09,2022-02-10,train_in_sample,IWM,0.5135681629180908,0,0
2022-02-10,2022-02-11,train_in_sample,SPY,0.5860709547996521,0,0
2022-02-10,2022-02-11,train_in_sample,QQQ,0.5232760310173035,0,0
2022-02-10,2022-02-11,train_in_sample,IWM,0.5013466477394104,0,0
2022-02-11,2022-02-14,train_in_sample,SPY,0.5893219709396362,0,0
2022-02-11,2022-02-14,train_in_sample,QQQ,0.5403274893760681,1,1
2022-02-11,2022-02-14,train_in_sample,IWM,0.5275254845619202,0,0
2022-02-14,2022-02-15,train_in_sample,SPY,0.5844632387161255,1,1
2022-02-14,2022-02-15,train_in_sample,QQQ,0.48998671770095825,1,0
2022-02-14,2022-02-15,train_in_sample,IWM,0.5226361155509949,1,1
2022-02-15,2022-02-16,train_in_sample,SPY,0.6010316014289856,1,1
2022-02-15,2022-02-16,train_in_sample,QQQ,0.48672884702682495,0,1
2022-02-15,2022-02-16,train_in_sample,IWM,0.5384542346000671,1,1
2022-02-16,2022-02-17,train_in_sample,SPY,0.5791960954666138,0,0
2022-02-16,2022-02-17,train_in_sample,QQQ,0.5137279033660889,0,0
2022-02-16,2022-02-17,train_in_sample,IWM,0.5306607484817505,0,0
2022-02-17,2022-02-18,train_in_sample,SPY,0.5774664282798767,0,0
2022-02-17,2022-02-18,train_in_sample,QQQ,0.5269734859466553,0,0
2022-02-17,2022-02-18,train_in_sample,IWM,0.5397962331771851,0,0
2022-02-18,2022-02-22,train_in_sample,SPY,0.5858542323112488,0,0
2022-02-18,2022-02-22,train_in_sample,QQQ,0.5179617404937744,0,0
2022-02-18,2022-02-22,train_in_sample,IWM,0.5012404918670654,0,0
2022-02-22,2022-02-23,train_in_sample,SPY,0.5696995854377747,0,0
2022-02-22,2022-02-23,train_in_sample,QQQ,0.5043622255325317,0,0
2022-02-22,2022-02-23,train_in_sample,IWM,0.5100420713424683,0,0
2022-02-23,2022-02-24,train_in_sample,SPY,0.5643301606178284,1,1
2022-02-23,2022-02-24,train_in_sample,QQQ,0.5221991539001465,1,1
2022-02-23,2022-02-24,train_in_sample,IWM,0.4998440146446228,1,0
2022-02-24,2022-02-25,train_in_sample,SPY,0.517123281955719,1,1
2022-02-24,2022-02-25,train_in_sample,QQQ,0.5164373517036438,1,1
2022-02-24,2022-02-25,train_in_sample,IWM,0.5290170907974243,1,1
2022-02-25,2022-02-28,train_in_sample,SPY,0.5746557712554932,0,0
2022-02-25,2022-02-28,train_in_sample,QQQ,0.49525415897369385,1,0
2022-02-25,2022-02-28,train_in_sample,IWM,0.5341516137123108,1,1
2022-02-28,2022-03-01,train_in_sample,SPY,0.5799224376678467,0,0
2022-02-28,2022-03-01,train_in_sample,QQQ,0.5173678398132324,0,0
2022-02-28,2022-03-01,train_in_sample,IWM,0.5198084712028503,0,0
2022-03-01,2022-03-02,train_in_sample,SPY,0.6218348145484924,1,1
2022-03-01,2022-03-02,train_in_sample,QQQ,0.5382834076881409,1,1
2022-03-01,2022-03-02,train_in_sample,IWM,0.5334636569023132,1,1
2022-03-02,2022-03-03,train_in_sample,SPY,0.5809381008148193,0,0
2022-03-02,2022-03-03,train_in_sample,QQQ,0.5229507088661194,0,0
2022-03-02,2022-03-03,train_in_sample,IWM,0.5276110768318176,0,0
2022-03-03,2022-03-04,train_in_sample,SPY,0.5684923529624939,0,0
2022-03-03,2022-03-04,train_in_sample,QQQ,0.5151306986808777,0,0
2022-03-03,2022-03-04,train_in_sample,IWM,0.5180144309997559,0,0
2022-03-04,2022-03-07,train_in_sample,SPY,0.5826811194419861,0,0
2022-03-04,2022-03-07,train_in_sample,QQQ,0.5327693819999695,0,0
2022-03-04,2022-03-07,train_in_sample,IWM,0.4827352464199066,0,1
2022-03-07,2022-03-08,train_in_sample,SPY,0.6008368730545044,0,0
2022-03-07,2022-03-08,train_in_sample,QQQ,0.5204079151153564,0,0
2022-03-07,2022-03-08,train_in_sample,IWM,0.48062601685523987,1,0
2022-03-08,2022-03-09,train_in_sample,SPY,0.5751980543136597,1,1
2022-03-08,2022-03-09,train_in_sample,QQQ,0.5301339030265808,1,1
2022-03-08,2022-03-09,train_in_sample,IWM,0.4852299094200134,1,0
2022-03-09,2022-03-10,train_in_sample,SPY,0.549585223197937,0,0
2022-03-09,2022-03-10,train_in_sample,QQQ,0.4841538369655609,0,1
2022-03-09,2022-03-10,train_in_sample,IWM,0.5039345026016235,0,0
2022-03-10,2022-03-11,train_in_sample,SPY,0.6008392572402954,0,0
2022-03-10,2022-03-11,train_in_sample,QQQ,0.527817964553833,0,0
2022-03-10,2022-03-11,train_in_sample,IWM,0.5586168766021729,0,0
2022-03-11,2022-03-14,train_in_sample,SPY,0.5743727087974548,0,0
2022-03-11,2022-03-14,train_in_sample,QQQ,0.5350281000137329,0,0
2022-03-11,2022-03-14,train_in_sample,IWM,0.507270097732544,0,0
2022-03-14,2022-03-15,train_in_sample,SPY,0.557403028011322,1,1
2022-03-14,2022-03-15,train_in_sample,QQQ,0.5303980708122253,1,1
2022-03-14,2022-03-15,train_in_sample,IWM,0.4808019995689392,1,0
2022-03-15,2022-03-16,train_in_sample,SPY,0.5312028527259827,1,1
2022-03-15,2022-03-16,train_in_sample,QQQ,0.4573296904563904,1,0
2022-03-15,2022-03-16,train_in_sample,IWM,0.5293689966201782,1,1
2022-03-16,2022-03-17,train_in_sample,SPY,0.5528668165206909,1,1
2022-03-16,2022-03-17,train_in_sample,QQQ,0.5040858387947083,1,1
2022-03-16,2022-03-17,train_in_sample,IWM,0.4858114421367645,1,0
2022-03-17,2022-03-18,train_in_sample,SPY,0.6005097031593323,1,1
2022-03-17,2022-03-18,train_in_sample,QQQ,0.4858011305332184,1,0
2022-03-17,2022-03-18,train_in_sample,IWM,0.5224324464797974,1,1
2022-03-18,2022-03-21,train_in_sample,SPY,0.5704590082168579,0,0
2022-03-18,2022-03-21,train_in_sample,QQQ,0.499825656414032,0,1
2022-03-18,2022-03-21,train_in_sample,IWM,0.5361979007720947,0,0
2022-03-21,2022-03-22,train_in_sample,SPY,0.5830827355384827,1,1
2022-03-21,2022-03-22,train_in_sample,QQQ,0.4827516973018646,1,0
2022-03-21,2022-03-22,train_in_sample,IWM,0.49409031867980957,1,0
2022-03-22,2022-03-23,train_in_sample,SPY,0.5554814338684082,0,0
2022-03-22,2022-03-23,train_in_sample,QQQ,0.48355066776275635,0,1
2022-03-22,2022-03-23,train_in_sample,IWM,0.534558117389679,0,0
2022-03-23,2022-03-24,train_in_sample,SPY,0.5947704315185547,1,1
2022-03-23,2022-03-24,train_in_sample,QQQ,0.5125120878219604,1,1
2022-03-23,2022-03-24,train_in_sample,IWM,0.5532545447349548,1,1
2022-03-24,2022-03-25,train_in_sample,SPY,0.5980188846588135,1,1
2022-03-24,2022-03-25,train_in_sample,QQQ,0.47339946031570435,0,1
2022-03-24,2022-03-25,train_in_sample,IWM,0.501663863658905,1,1
2022-03-25,2022-03-28,train_in_sample,SPY,0.6085121631622314,1,1
2022-03-25,2022-03-28,train_in_sample,QQQ,0.5009421110153198,1,1
2022-03-25,2022-03-28,train_in_sample,IWM,0.5233924388885498,1,1
2022-03-28,2022-03-29,train_in_sample,SPY,0.5841584205627441,1,1
2022-03-28,2022-03-29,train_in_sample,QQQ,0.47807052731513977,1,0
2022-03-28,2022-03-29,train_in_sample,IWM,0.5094326138496399,1,1
2022-03-29,2022-03-30,train_in_sample,SPY,0.5821517109870911,0,0
2022-03-29,2022-03-30,train_in_sample,QQQ,0.4941295385360718,0,1
2022-03-29,2022-03-30,train_in_sample,IWM,0.4969821274280548,0,1
2022-03-30,2022-03-31,train_in_sample,SPY,0.571615993976593,0,0
2022-03-30,2022-03-31,train_in_sample,QQQ,0.49601051211357117,0,1
2022-03-30,2022-03-31,train_in_sample,IWM,0.5194571018218994,0,0
2022-03-31,2022-04-01,train_in_sample,SPY,0.6149901151657104,1,1
2022-03-31,2022-04-01,train_in_sample,QQQ,0.49238651990890503,0,1
2022-03-31,2022-04-01,train_in_sample,IWM,0.5138623118400574,1,1
2022-04-01,2022-04-04,train_in_sample,SPY,0.6228941679000854,1,1
2022-04-01,2022-04-04,train_in_sample,QQQ,0.5102537870407104,1,1
2022-04-01,2022-04-04,train_in_sample,IWM,0.5000239014625549,1,1
2022-04-04,2022-04-05,train_in_sample,SPY,0.5705602169036865,0,0
2022-04-04,2022-04-05,train_in_sample,QQQ,0.4800967872142792,0,1
2022-04-04,2022-04-05,train_in_sample,IWM,0.5149459838867188,0,0
2022-04-05,2022-04-06,train_in_sample,SPY,0.5659944415092468,0,0
2022-04-05,2022-04-06,train_in_sample,QQQ,0.5358332991600037,0,0
2022-04-05,2022-04-06,train_in_sample,IWM,0.5167974233627319,0,0
2022-04-06,2022-04-07,train_in_sample,SPY,0.5994216799736023,1,1
2022-04-06,2022-04-07,train_in_sample,QQQ,0.5207147598266602,1,1
2022-04-06,2022-04-07,train_in_sample,IWM,0.4970194101333618,0,1
2022-04-07,2022-04-08,train_in_sample,SPY,0.545505702495575,0,0
2022-04-07,2022-04-08,train_in_sample,QQQ,0.4740656018257141,0,1
2022-04-07,2022-04-08,train_in_sample,IWM,0.4966466426849365,0,1
2022-04-08,2022-04-11,train_in_sample,SPY,0.6001536250114441,0,0
2022-04-08,2022-04-11,train_in_sample,QQQ,0.5017406344413757,0,0
2022-04-08,2022-04-11,train_in_sample,IWM,0.47527384757995605,0,1
2022-04-11,2022-04-12,train_in_sample,SPY,0.6266365647315979,0,0
2022-04-11,2022-04-12,train_in_sample,QQQ,0.5030943155288696,0,0
2022-04-11,2022-04-12,train_in_sample,IWM,0.48940104246139526,1,0
2022-04-12,2022-04-13,train_in_sample,SPY,0.5822811722755432,1,1
2022-04-12,2022-04-13,train_in_sample,QQQ,0.4726022183895111,1,0
2022-04-12,2022-04-13,train_in_sample,IWM,0.49813008308410645,1,0
2022-04-13,2022-04-14,train_in_sample,SPY,0.5336259007453918,0,0
2022-04-13,2022-04-14,train_in_sample,QQQ,0.48955288529396057,0,1
2022-04-13,2022-04-14,train_in_sample,IWM,0.5286629796028137,0,0
2022-04-14,2022-04-18,train_in_sample,SPY,0.5967243909835815,1,1
2022-04-14,2022-04-18,train_in_sample,QQQ,0.5132930278778076,1,1
2022-04-14,2022-04-18,train_in_sample,IWM,0.4747886657714844,0,1
2022-04-18,2022-04-19,train_in_sample,SPY,0.5798697471618652,1,1
2022-04-18,2022-04-19,train_in_sample,QQQ,0.5043280720710754,1,1
2022-04-18,2022-04-19,train_in_sample,IWM,0.48491188883781433,1,0
2022-04-19,2022-04-20,train_in_sample,SPY,0.5694347023963928,0,0
2022-04-19,2022-04-20,train_in_sample,QQQ,0.47791674733161926,0,1
2022-04-19,2022-04-20,train_in_sample,IWM,0.5235450267791748,1,1
2022-04-20,2022-04-21,train_in_sample,SPY,0.5726336240768433,0,0
2022-04-20,2022-04-21,train_in_sample,QQQ,0.5184293985366821,0,0
2022-04-20,2022-04-21,train_in_sample,IWM,0.5396312475204468,0,0
2022-04-21,2022-04-22,train_in_sample,SPY,0.5635296702384949,0,0
2022-04-21,2022-04-22,train_in_sample,QQQ,0.4803670644760132,0,1
2022-04-21,2022-04-22,train_in_sample,IWM,0.48363274335861206,0,1
2022-04-22,2022-04-25,train_in_sample,SPY,0.6154261231422424,1,1
2022-04-22,2022-04-25,train_in_sample,QQQ,0.5093822479248047,1,1
2022-04-22,2022-04-25,train_in_sample,IWM,0.5399567484855652,1,1
2022-04-25,2022-04-26,train_in_sample,SPY,0.5681625604629517,0,0
2022-04-25,2022-04-26,train_in_sample,QQQ,0.4610922932624817,0,1
2022-04-25,2022-04-26,train_in_sample,IWM,0.4749622344970703,0,1
2022-04-26,2022-04-27,train_in_sample,SPY,0.5612438917160034,1,1
2022-04-26,2022-04-27,train_in_sample,QQQ,0.5619364976882935,0,0
2022-04-26,2022-04-27,train_in_sample,IWM,0.495916485786438,0,1
2022-04-27,2022-04-28,train_in_sample,SPY,0.5846167802810669,1,1
2022-04-27,2022-04-28,train_in_sample,QQQ,0.5041442513465881,1,1
2022-04-27,2022-04-28,train_in_sample,IWM,0.49232351779937744,1,0
2022-04-28,2022-04-29,train_in_sample,SPY,0.5010009407997131,0,0
2022-04-28,2022-04-29,train_in_sample,QQQ,0.4878455698490143,0,1
2022-04-28,2022-04-29,train_in_sample,IWM,0.49843859672546387,0,1
2022-04-29,2022-05-02,train_in_sample,SPY,0.5743222832679749,1,1
2022-04-29,2022-05-02,train_in_sample,QQQ,0.5194968581199646,1,1
2022-04-29,2022-05-02,train_in_sample,IWM,0.49742990732192993,1,0
2022-05-02,2022-05-03,train_in_sample,SPY,0.5760194659233093,1,1
2022-05-02,2022-05-03,train_in_sample,QQQ,0.47676143050193787,1,0
2022-05-02,2022-05-03,train_in_sample,IWM,0.5020431280136108,1,1
2022-05-03,2022-05-04,train_in_sample,SPY,0.5958513617515564,1,1
2022-05-03,2022-05-04,train_in_sample,QQQ,0.5026149153709412,1,1
2022-05-03,2022-05-04,train_in_sample,IWM,0.5112481713294983,1,1
2022-05-04,2022-05-05,train_in_sample,SPY,0.4996289312839508,0,1
2022-05-04,2022-05-05,train_in_sample,QQQ,0.47717735171318054,0,1
2022-05-04,2022-05-05,train_in_sample,IWM,0.4938034117221832,0,1
2022-05-05,2022-05-06,train_in_sample,SPY,0.5766390562057495,0,0
2022-05-05,2022-05-06,train_in_sample,QQQ,0.5213897228240967,0,0
2022-05-05,2022-05-06,train_in_sample,IWM,0.47840064764022827,0,1
2022-05-06,2022-05-09,train_in_sample,SPY,0.5677823424339294,0,0
2022-05-06,2022-05-09,train_in_sample,QQQ,0.5249043703079224,0,0
2022-05-06,2022-05-09,train_in_sample,IWM,0.49684855341911316,0,1
2022-05-09,2022-05-10,train_in_sample,SPY,0.5611879825592041,1,1
2022-05-09,2022-05-10,train_in_sample,QQQ,0.5582967400550842,1,1
2022-05-09,2022-05-10,train_in_sample,IWM,0.4562560021877289,1,0
2022-05-10,2022-05-11,train_in_sample,SPY,0.5456444621086121,0,0
2022-05-10,2022-05-11,train_in_sample,QQQ,0.48732343316078186,0,1
2022-05-10,2022-05-11,train_in_sample,IWM,0.4869800806045532,0,1
2022-05-11,2022-05-12,train_in_sample,SPY,0.5287356376647949,0,0
2022-05-11,2022-05-12,train_in_sample,QQQ,0.5186992287635803,0,0
2022-05-11,2022-05-12,train_in_sample,IWM,0.44821417331695557,1,0
2022-05-12,2022-05-13,train_in_sample,SPY,0.5646315217018127,1,1
2022-05-12,2022-05-13,train_in_sample,QQQ,0.507596492767334,1,1
2022-05-12,2022-05-13,train_in_sample,IWM,0.5000283718109131,1,1
2022-05-13,2022-05-16,train_in_sample,SPY,0.5510950088500977,0,0
2022-05-13,2022-05-16,train_in_sample,QQQ,0.4838736653327942,0,1
2022-05-13,2022-05-16,train_in_sample,IWM,0.4889218509197235,0,1
2022-05-16,2022-05-17,train_in_sample,SPY,0.5965810418128967,1,1
2022-05-16,2022-05-17,train_in_sample,QQQ,0.4990171492099762,1,0
2022-05-16,2022-05-17,train_in_sample,IWM,0.5022269487380981,1,1
2022-05-17,2022-05-18,train_in_sample,SPY,0.5592204928398132,0,0
2022-05-17,2022-05-18,train_in_sample,QQQ,0.48143288493156433,0,1
2022-05-17,2022-05-18,train_in_sample,IWM,0.4812910258769989,0,1
2022-05-18,2022-05-19,train_in_sample,SPY,0.5769595503807068,0,0
2022-05-18,2022-05-19,train_in_sample,QQQ,0.553133487701416,0,0
2022-05-18,2022-05-19,train_in_sample,IWM,0.5103057026863098,1,1
2022-05-19,2022-05-20,train_in_sample,SPY,0.578127920627594,1,1
2022-05-19,2022-05-20,train_in_sample,QQQ,0.4894979000091553,0,1
2022-05-19,2022-05-20,train_in_sample,IWM,0.5083196759223938,0,0
2022-05-20,2022-05-23,train_in_sample,SPY,0.5214236974716187,1,1
2022-05-20,2022-05-23,train_in_sample,QQQ,0.484198659658432,1,0
2022-05-20,2022-05-23,train_in_sample,IWM,0.48669761419296265,1,0
2022-05-23,2022-05-24,train_in_sample,SPY,0.5441392660140991,0,0
2022-05-23,2022-05-24,train_in_sample,QQQ,0.4790365397930145,0,1
2022-05-23,2022-05-24,train_in_sample,IWM,0.494375079870224,0,1
2022-05-24,2022-05-25,train_in_sample,SPY,0.562522828578949,1,1
2022-05-24,2022-05-25,train_in_sample,QQQ,0.5271064043045044,1,1
2022-05-24,2022-05-25,train_in_sample,IWM,0.5190179944038391,1,1
2022-05-25,2022-05-26,train_in_sample,SPY,0.5671725273132324,1,1
2022-05-25,2022-05-26,train_in_sample,QQQ,0.4982679486274719,1,0
2022-05-25,2022-05-26,train_in_sample,IWM,0.5230823755264282,1,1
2022-05-26,2022-05-27,train_in_sample,SPY,0.5360179543495178,1,1
2022-05-26,2022-05-27,train_in_sample,QQQ,0.4918093979358673,1,0
2022-05-26,2022-05-27,train_in_sample,IWM,0.5394035577774048,1,1
2022-05-27,2022-05-31,train_in_sample,SPY,0.5479198098182678,0,0
2022-05-27,2022-05-31,train_in_sample,QQQ,0.46519649028778076,0,1
2022-05-27,2022-05-31,train_in_sample,IWM,0.5045682787895203,0,0
2022-05-31,2022-06-01,train_in_sample,SPY,0.5597113966941833,0,0
2022-05-31,2022-06-01,train_in_sample,QQQ,0.48501724004745483,0,1
2022-05-31,2022-06-01,train_in_sample,IWM,0.5196208953857422,0,0
2022-06-01,2022-06-02,train_in_sample,SPY,0.573590099811554,1,1
2022-06-01,2022-06-02,train_in_sample,QQQ,0.49675068259239197,1,0
2022-06-01,2022-06-02,train_in_sample,IWM,0.520369291305542,1,1
2022-06-02,2022-06-03,train_in_sample,SPY,0.5299933552742004,0,0
2022-06-02,2022-06-03,train_in_sample,QQQ,0.4908762574195862,0,1
2022-06-02,2022-06-03,train_in_sample,IWM,0.5564874410629272,0,0
2022-06-03,2022-06-06,train_in_sample,SPY,0.6002313494682312,1,1
2022-06-03,2022-06-06,train_in_sample,QQQ,0.5318301320075989,1,1
2022-06-03,2022-06-06,train_in_sample,IWM,0.5364416837692261,1,1
2022-06-06,2022-06-07,train_in_sample,SPY,0.5435795187950134,1,1
2022-06-06,2022-06-07,train_in_sample,QQQ,0.49398452043533325,1,0
2022-06-06,2022-06-07,train_in_sample,IWM,0.5206922888755798,1,1
2022-06-07,2022-06-08,train_in_sample,SPY,0.5468670725822449,0,0
2022-06-07,2022-06-08,train_in_sample,QQQ,0.5224362015724182,0,0
2022-06-07,2022-06-08,train_in_sample,IWM,0.5541942715644836,0,0
2022-06-08,2022-06-09,train_in_sample,SPY,0.5725852251052856,0,0
2022-06-08,2022-06-09,train_in_sample,QQQ,0.512477695941925,0,0
2022-06-08,2022-06-09,train_in_sample,IWM,0.5486311316490173,0,0
2022-06-09,2022-06-10,train_in_sample,SPY,0.5761229991912842,0,0
2022-06-09,2022-06-10,train_in_sample,QQQ,0.5068512558937073,0,0
2022-06-09,2022-06-10,train_in_sample,IWM,0.5527294278144836,0,0
2022-06-10,2022-06-13,train_in_sample,SPY,0.5871265530586243,0,0
2022-06-10,2022-06-13,train_in_sample,QQQ,0.5436536073684692,0,0
2022-06-10,2022-06-13,train_in_sample,IWM,0.5343299508094788,0,0
2022-06-13,2022-06-14,train_in_sample,SPY,0.5785917043685913,0,0
2022-06-13,2022-06-14,train_in_sample,QQQ,0.5684223771095276,1,1
2022-06-13,2022-06-14,train_in_sample,IWM,0.5095178484916687,0,0
2022-06-14,2022-06-15,train_in_sample,SPY,0.5713256597518921,1,1
2022-06-14,2022-06-15,train_in_sample,QQQ,0.4842993915081024,1,0
2022-06-14,2022-06-15,train_in_sample,IWM,0.5296958684921265,1,1
2022-06-15,2022-06-16,train_in_sample,SPY,0.5136966705322266,0,0
2022-06-15,2022-06-16,train_in_sample,QQQ,0.4734136164188385,0,1
2022-06-15,2022-06-16,train_in_sample,IWM,0.5328853130340576,0,0
2022-06-16,2022-06-17,train_in_sample,SPY,0.5738742351531982,1,1
2022-06-16,2022-06-17,train_in_sample,QQQ,0.5502587556838989,1,1
2022-06-16,2022-06-17,train_in_sample,IWM,0.5021679997444153,1,1
2022-06-17,2022-06-21,train_in_sample,SPY,0.5535426735877991,1,1
2022-06-17,2022-06-21,train_in_sample,QQQ,0.4771825671195984,1,0
2022-06-17,2022-06-21,train_in_sample,IWM,0.48984286189079285,1,0
2022-06-21,2022-06-22,train_in_sample,SPY,0.5363419055938721,0,0
2022-06-21,2022-06-22,train_in_sample,QQQ,0.4907490909099579,0,1
2022-06-21,2022-06-22,train_in_sample,IWM,0.5419813394546509,0,0
2022-06-22,2022-06-23,train_in_sample,SPY,0.5258775353431702,1,1
2022-06-22,2022-06-23,train_in_sample,QQQ,0.49096664786338806,1,0
2022-06-22,2022-06-23,train_in_sample,IWM,0.5142843127250671,1,1
2022-06-23,2022-06-24,train_in_sample,SPY,0.539027214050293,1,1
2022-06-23,2022-06-24,train_in_sample,QQQ,0.5024070143699646,1,1
2022-06-23,2022-06-24,train_in_sample,IWM,0.5273526310920715,1,1
2022-06-24,2022-06-27,train_in_sample,SPY,0.5425511002540588,0,0
2022-06-24,2022-06-27,train_in_sample,QQQ,0.4944519102573395,0,1
2022-06-24,2022-06-27,train_in_sample,IWM,0.5146482586860657,1,1
2022-06-27,2022-06-28,train_in_sample,SPY,0.5807850360870361,0,0
2022-06-27,2022-06-28,train_in_sample,QQQ,0.49906572699546814,0,1
2022-06-27,2022-06-28,train_in_sample,IWM,0.5205155611038208,0,0
2022-06-28,2022-06-29,train_in_sample,SPY,0.5613782405853271,0,0
2022-06-28,2022-06-29,train_in_sample,QQQ,0.499428391456604,1,0
2022-06-28,2022-06-29,train_in_sample,IWM,0.5432509183883667,0,0
2022-06-29,2022-06-30,train_in_sample,SPY,0.5398093461990356,0,0
2022-06-29,2022-06-30,train_in_sample,QQQ,0.49208715558052063,0,1
2022-06-29,2022-06-30,train_in_sample,IWM,0.5353136658668518,0,0
2022-06-30,2022-07-01,train_in_sample,SPY,0.5657486915588379,1,1
2022-06-30,2022-07-01,train_in_sample,QQQ,0.5226170420646667,1,1
2022-06-30,2022-07-01,train_in_sample,IWM,0.5273833870887756,1,1
2022-07-01,2022-07-05,train_in_sample,SPY,0.5498074889183044,1,1
2022-07-01,2022-07-05,train_in_sample,QQQ,0.4953114092350006,1,0
2022-07-01,2022-07-05,train_in_sample,IWM,0.5357661247253418,1,1
2022-07-05,2022-07-06,train_in_sample,SPY,0.5255871415138245,1,1
2022-07-05,2022-07-06,train_in_sample,QQQ,0.5055484771728516,1,1
2022-07-05,2022-07-06,train_in_sample,IWM,0.5435346364974976,0,0
2022-07-06,2022-07-07,train_in_sample,SPY,0.5607864260673523,1,1
2022-07-06,2022-07-07,train_in_sample,QQQ,0.49364370107650757,1,0
2022-07-06,2022-07-07,train_in_sample,IWM,0.5414305925369263,1,1
2022-07-07,2022-07-08,train_in_sample,SPY,0.5460983514785767,0,0
2022-07-07,2022-07-08,train_in_sample,QQQ,0.49430784583091736,1,0
2022-07-07,2022-07-08,train_in_sample,IWM,0.5344598889350891,0,0
2022-07-08,2022-07-11,train_in_sample,SPY,0.5683535933494568,0,0
2022-07-08,2022-07-11,train_in_sample,QQQ,0.48388543725013733,0,1
2022-07-08,2022-07-11,train_in_sample,IWM,0.5398505330085754,0,0
2022-07-11,2022-07-12,train_in_sample,SPY,0.5787494778633118,0,0
2022-07-11,2022-07-12,train_in_sample,QQQ,0.5210264325141907,0,0
2022-07-11,2022-07-12,train_in_sample,IWM,0.5126951336860657,0,0
2022-07-12,2022-07-13,train_in_sample,SPY,0.5642620921134949,0,0
2022-07-12,2022-07-13,train_in_sample,QQQ,0.4978269934654236,0,1
2022-07-12,2022-07-13,train_in_sample,IWM,0.524369478225708,0,0
2022-07-13,2022-07-14,train_in_sample,SPY,0.5473806262016296,0,0
2022-07-13,2022-07-14,train_in_sample,QQQ,0.5041553378105164,1,1
2022-07-13,2022-07-14,train_in_sample,IWM,0.5481070280075073,0,0
2022-07-14,2022-07-15,train_in_sample,SPY,0.5417375564575195,1,1
2022-07-14,2022-07-15,train_in_sample,QQQ,0.5055023431777954,1,1
2022-07-14,2022-07-15,train_in_sample,IWM,0.5585205554962158,1,1
2022-07-15,2022-07-18,train_in_sample,SPY,0.5501746535301208,0,0
2022-07-15,2022-07-18,train_in_sample,QQQ,0.5036661028862,0,0
2022-07-15,2022-07-18,train_in_sample,IWM,0.5252434015274048,0,0
2022-07-18,2022-07-19,train_in_sample,SPY,0.5588895678520203,1,1
2022-07-18,2022-07-19,train_in_sample,QQQ,0.47534650564193726,1,0
2022-07-18,2022-07-19,train_in_sample,IWM,0.5136756300926208,1,1
2022-07-19,2022-07-20,train_in_sample,SPY,0.5226957201957703,1,1
2022-07-19,2022-07-20,train_in_sample,QQQ,0.49822303652763367,1,0
2022-07-19,2022-07-20,train_in_sample,IWM,0.5416085124015808,1,1
2022-07-20,2022-07-21,train_in_sample,SPY,0.5357462763786316,1,1
2022-07-20,2022-07-21,train_in_sample,QQQ,0.5139688849449158,1,1
2022-07-20,2022-07-21,train_in_sample,IWM,0.5308685302734375,1,1
2022-07-21,2022-07-22,train_in_sample,SPY,0.5399523973464966,0,0
2022-07-21,2022-07-22,train_in_sample,QQQ,0.4855191707611084,0,1
2022-07-21,2022-07-22,train_in_sample,IWM,0.5388365983963013,0,0
2022-07-22,2022-07-25,train_in_sample,SPY,0.5492711663246155,1,1
2022-07-22,2022-07-25,train_in_sample,QQQ,0.517111599445343,0,0
2022-07-22,2022-07-25,train_in_sample,IWM,0.5353906750679016,1,1
2022-07-25,2022-07-26,train_in_sample,SPY,0.5657017230987549,0,0
2022-07-25,2022-07-26,train_in_sample,QQQ,0.506790041923523,0,0
2022-07-25,2022-07-26,train_in_sample,IWM,0.5249662399291992,0,0
2022-07-26,2022-07-27,train_in_sample,SPY,0.5664852261543274,1,1
2022-07-26,2022-07-27,train_in_sample,QQQ,0.5094975829124451,1,1
2022-07-26,2022-07-27,train_in_sample,IWM,0.53447026014328,1,1
2022-07-27,2022-07-28,train_in_sample,SPY,0.5053231716156006,1,1
2022-07-27,2022-07-28,train_in_sample,QQQ,0.46439406275749207,1,0
2022-07-27,2022-07-28,train_in_sample,IWM,0.4976649284362793,1,0
2022-07-28,2022-07-29,train_in_sample,SPY,0.533344566822052,1,1
2022-07-28,2022-07-29,train_in_sample,QQQ,0.5114275217056274,1,1
2022-07-28,2022-07-29,train_in_sample,IWM,0.5107057690620422,1,1
2022-07-29,2022-08-01,train_in_sample,SPY,0.5392022132873535,0,0
2022-07-29,2022-08-01,train_in_sample,QQQ,0.503698468208313,0,0
2022-07-29,2022-08-01,train_in_sample,IWM,0.5302531719207764,0,0
2022-08-01,2022-08-02,train_in_sample,SPY,0.5630816221237183,0,0
2022-08-01,2022-08-02,train_in_sample,QQQ,0.5221472382545471,0,0
2022-08-01,2022-08-02,train_in_sample,IWM,0.538483202457428,0,0
2022-08-02,2022-08-03,train_in_sample,SPY,0.5519602298736572,1,1
2022-08-02,2022-08-03,train_in_sample,QQQ,0.4933854341506958,1,0
2022-08-02,2022-08-03,train_in_sample,IWM,0.525995671749115,1,1
2022-08-03,2022-08-04,train_in_sample,SPY,0.5279459357261658,0,0
2022-08-03,2022-08-04,train_in_sample,QQQ,0.49398526549339294,1,0
2022-08-03,2022-08-04,train_in_sample,IWM,0.5012489557266235,0,0
2022-08-04,2022-08-05,train_in_sample,SPY,0.5340689420700073,0,0
2022-08-04,2022-08-05,train_in_sample,QQQ,0.5331254601478577,0,0
2022-08-04,2022-08-05,train_in_sample,IWM,0.5401632785797119,1,1
2022-08-05,2022-08-08,train_in_sample,SPY,0.5512109398841858,0,0
2022-08-05,2022-08-08,train_in_sample,QQQ,0.5441325902938843,0,0
2022-08-05,2022-08-08,train_in_sample,IWM,0.5397670269012451,1,1
2022-08-08,2022-08-09,train_in_sample,SPY,0.5683899521827698,0,0
2022-08-08,2022-08-09,train_in_sample,QQQ,0.5106725096702576,0,0
2022-08-08,2022-08-09,train_in_sample,IWM,0.5261910557746887,0,0
2022-08-09,2022-08-10,train_in_sample,SPY,0.5715445876121521,1,1
2022-08-09,2022-08-10,train_in_sample,QQQ,0.5288711786270142,1,1
2022-08-09,2022-08-10,train_in_sample,IWM,0.5407067537307739,1,1
2022-08-10,2022-08-11,train_in_sample,SPY,0.5551779866218567,0,0
2022-08-10,2022-08-11,train_in_sample,QQQ,0.5075282454490662,0,0
2022-08-10,2022-08-11,train_in_sample,IWM,0.5291697978973389,1,1
2022-08-11,2022-08-12,train_in_sample,SPY,0.5508989095687866,1,1
2022-08-11,2022-08-12,train_in_sample,QQQ,0.5008339881896973,1,1
2022-08-11,2022-08-12,train_in_sample,IWM,0.5146757364273071,1,1
2022-08-12,2022-08-15,train_in_sample,SPY,0.551810085773468,1,1
2022-08-12,2022-08-15,train_in_sample,QQQ,0.5061065554618835,1,1
2022-08-12,2022-08-15,train_in_sample,IWM,0.5108407735824585,1,1
2022-08-15,2022-08-16,train_in_sample,SPY,0.5735671520233154,1,1
2022-08-15,2022-08-16,train_in_sample,QQQ,0.4815908670425415,0,1
2022-08-15,2022-08-16,train_in_sample,IWM,0.5264679789543152,0,0
2022-08-16,2022-08-17,train_in_sample,SPY,0.5840244889259338,0,0
2022-08-16,2022-08-17,train_in_sample,QQQ,0.5312216877937317,0,0
2022-08-16,2022-08-17,train_in_sample,IWM,0.5379279851913452,0,0
2022-08-17,2022-08-18,train_in_sample,SPY,0.5560389161109924,1,1
2022-08-17,2022-08-18,train_in_sample,QQQ,0.5180152654647827,1,1
2022-08-17,2022-08-18,train_in_sample,IWM,0.5563746094703674,1,1
2022-08-18,2022-08-19,train_in_sample,SPY,0.5730230212211609,0,0
2022-08-18,2022-08-19,train_in_sample,QQQ,0.5157344341278076,0,0
2022-08-18,2022-08-19,train_in_sample,IWM,0.5180435180664062,0,0
2022-08-19,2022-08-22,train_in_sample,SPY,0.5875129103660583,0,0
2022-08-19,2022-08-22,train_in_sample,QQQ,0.5179257988929749,0,0
2022-08-19,2022-08-22,train_in_sample,IWM,0.5232839584350586,0,0
2022-08-22,2022-08-23,train_in_sample,SPY,0.5829154253005981,0,0
2022-08-22,2022-08-23,train_in_sample,QQQ,0.5429894924163818,0,0
2022-08-22,2022-08-23,train_in_sample,IWM,0.5439308285713196,1,1
2022-08-23,2022-08-24,train_in_sample,SPY,0.5538709163665771,1,1
2022-08-23,2022-08-24,train_in_sample,QQQ,0.508036196231842,1,1
2022-08-23,2022-08-24,train_in_sample,IWM,0.5540264248847961,1,1
2022-08-24,2022-08-25,train_in_sample,SPY,0.5587176084518433,1,1
2022-08-24,2022-08-25,train_in_sample,QQQ,0.5084624886512756,1,1
2022-08-24,2022-08-25,train_in_sample,IWM,0.5508262515068054,1,1
2022-08-25,2022-08-26,train_in_sample,SPY,0.5530082583427429,0,0
2022-08-25,2022-08-26,train_in_sample,QQQ,0.510715126991272,0,0
2022-08-25,2022-08-26,train_in_sample,IWM,0.5421261191368103,0,0
2022-08-26,2022-08-29,train_in_sample,SPY,0.5731058120727539,0,0
2022-08-26,2022-08-29,train_in_sample,QQQ,0.49958252906799316,0,1
2022-08-26,2022-08-29,train_in_sample,IWM,0.507598340511322,0,0
2022-08-29,2022-08-30,train_in_sample,SPY,0.588495135307312,0,0
2022-08-29,2022-08-30,train_in_sample,QQQ,0.49962517619132996,0,1
2022-08-29,2022-08-30,train_in_sample,IWM,0.5399931073188782,0,0
2022-08-30,2022-08-31,train_in_sample,SPY,0.5596950650215149,0,0
2022-08-30,2022-08-31,train_in_sample,QQQ,0.4955950379371643,0,1
2022-08-30,2022-08-31,train_in_sample,IWM,0.5047330856323242,0,0
2022-08-31,2022-09-01,train_in_sample,SPY,0.565691351890564,1,1
2022-08-31,2022-09-01,train_in_sample,QQQ,0.489952027797699,1,0
2022-08-31,2022-09-01,train_in_sample,IWM,0.525583803653717,0,0
2022-09-01,2022-09-02,train_in_sample,SPY,0.5334688425064087,0,0
2022-09-01,2022-09-02,train_in_sample,QQQ,0.5236862897872925,0,0
2022-09-01,2022-09-02,train_in_sample,IWM,0.5443469882011414,0,0
2022-09-02,2022-09-06,train_in_sample,SPY,0.5611280202865601,0,0
2022-09-02,2022-09-06,train_in_sample,QQQ,0.5064013600349426,0,0
2022-09-02,2022-09-06,train_in_sample,IWM,0.5251766443252563,0,0
2022-09-06,2022-09-07,train_in_sample,SPY,0.5592904090881348,1,1
2022-09-06,2022-09-07,train_in_sample,QQQ,0.4992736279964447,1,0
2022-09-06,2022-09-07,train_in_sample,IWM,0.5114225149154663,1,1
2022-09-07,2022-09-08,train_in_sample,SPY,0.5498120188713074,1,1
2022-09-07,2022-09-08,train_in_sample,QQQ,0.49331846833229065,1,0
2022-09-07,2022-09-08,train_in_sample,IWM,0.5455490946769714,1,1
2022-09-08,2022-09-09,train_in_sample,SPY,0.5542282462120056,1,1
2022-09-08,2022-09-09,train_in_sample,QQQ,0.5216923356056213,1,1
2022-09-08,2022-09-09,train_in_sample,IWM,0.5368430614471436,1,1
2022-09-09,2022-09-12,train_in_sample,SPY,0.5559616088867188,1,1
2022-09-09,2022-09-12,train_in_sample,QQQ,0.4931575655937195,1,0
2022-09-09,2022-09-12,train_in_sample,IWM,0.5271016955375671,1,1
2022-09-12,2022-09-13,train_in_sample,SPY,0.5829847455024719,0,0
2022-09-12,2022-09-13,train_in_sample,QQQ,0.5095087289810181,0,0
2022-09-12,2022-09-13,train_in_sample,IWM,0.5291624665260315,0,0
2022-09-13,2022-09-14,train_in_sample,SPY,0.5963725447654724,1,1
2022-09-13,2022-09-14,train_in_sample,QQQ,0.5335067510604858,1,1
2022-09-13,2022-09-14,train_in_sample,IWM,0.536338210105896,1,1
2022-09-14,2022-09-15,train_in_sample,SPY,0.5848575830459595,0,0
2022-09-14,2022-09-15,train_in_sample,QQQ,0.48594847321510315,0,1
2022-09-14,2022-09-15,train_in_sample,IWM,0.524354875087738,0,0
2022-09-15,2022-09-16,train_in_sample,SPY,0.5708620548248291,0,0
2022-09-15,2022-09-16,train_in_sample,QQQ,0.5226050615310669,0,0
2022-09-15,2022-09-16,train_in_sample,IWM,0.5420032143592834,0,0
2022-09-16,2022-09-19,train_in_sample,SPY,0.5923126935958862,1,1
2022-09-16,2022-09-19,train_in_sample,QQQ,0.5272947549819946,1,1
2022-09-16,2022-09-19,train_in_sample,IWM,0.5191893577575684,1,1
2022-09-19,2022-09-20,train_in_sample,SPY,0.5579929947853088,0,0
2022-09-19,2022-09-20,train_in_sample,QQQ,0.5007316470146179,0,0
2022-09-19,2022-09-20,train_in_sample,IWM,0.5396827459335327,0,0
2022-09-20,2022-09-21,train_in_sample,SPY,0.5802222490310669,0,0
2022-09-20,2022-09-21,train_in_sample,QQQ,0.5002889633178711,0,0
2022-09-20,2022-09-21,train_in_sample,IWM,0.5604495406150818,0,0
2022-09-21,2022-09-22,train_in_sample,SPY,0.5480735301971436,0,0
2022-09-21,2022-09-22,train_in_sample,QQQ,0.48259177803993225,0,1
2022-09-21,2022-09-22,train_in_sample,IWM,0.5118759274482727,0,0
2022-09-22,2022-09-23,train_in_sample,SPY,0.5715901851654053,0,0
2022-09-22,2022-09-23,train_in_sample,QQQ,0.503777027130127,0,0
2022-09-22,2022-09-23,train_in_sample,IWM,0.5236868858337402,0,0
2022-09-23,2022-09-26,train_in_sample,SPY,0.5733022093772888,0,0
2022-09-23,2022-09-26,train_in_sample,QQQ,0.4982207119464874,0,1
2022-09-23,2022-09-26,train_in_sample,IWM,0.5204574465751648,0,0
2022-09-26,2022-09-27,train_in_sample,SPY,0.5677998661994934,0,0
2022-09-26,2022-09-27,train_in_sample,QQQ,0.4847438633441925,1,0
2022-09-26,2022-09-27,train_in_sample,IWM,0.5147738456726074,1,1
2022-09-27,2022-09-28,train_in_sample,SPY,0.5507517457008362,1,1
2022-09-27,2022-09-28,train_in_sample,QQQ,0.46939927339553833,1,0
2022-09-27,2022-09-28,train_in_sample,IWM,0.534548282623291,1,1
2022-09-28,2022-09-29,train_in_sample,SPY,0.5451453924179077,0,0
2022-09-28,2022-09-29,train_in_sample,QQQ,0.4984778165817261,0,1
2022-09-28,2022-09-29,train_in_sample,IWM,0.5243768095970154,0,0
2022-09-29,2022-09-30,train_in_sample,SPY,0.568147599697113,0,0
2022-09-29,2022-09-30,train_in_sample,QQQ,0.5404514074325562,0,0
2022-09-29,2022-09-30,train_in_sample,IWM,0.5145489573478699,0,0
2022-09-30,2022-10-03,train_in_sample,SPY,0.5778053998947144,1,1
2022-09-30,2022-10-03,train_in_sample,QQQ,0.5038583278656006,1,1
2022-09-30,2022-10-03,train_in_sample,IWM,0.5155905485153198,1,1
2022-10-03,2022-10-04,train_in_sample,SPY,0.5246135592460632,1,1
2022-10-03,2022-10-04,train_in_sample,QQQ,0.4874703288078308,1,0
2022-10-03,2022-10-04,train_in_sample,IWM,0.5073183178901672,1,1
2022-10-04,2022-10-05,train_in_sample,SPY,0.549254834651947,0,0
2022-10-04,2022-10-05,train_in_sample,QQQ,0.46747463941574097,0,1
2022-10-04,2022-10-05,train_in_sample,IWM,0.5106423497200012,0,0
2022-10-05,2022-10-06,train_in_sample,SPY,0.527546763420105,0,0
2022-10-05,2022-10-06,train_in_sample,QQQ,0.5221557021141052,0,0
2022-10-05,2022-10-06,train_in_sample,IWM,0.5383772253990173,0,0
2022-10-06,2022-10-07,train_in_sample,SPY,0.5604678988456726,0,0
2022-10-06,2022-10-07,train_in_sample,QQQ,0.5141134262084961,0,0
2022-10-06,2022-10-07,train_in_sample,IWM,0.5496208667755127,0,0
2022-10-07,2022-10-10,train_in_sample,SPY,0.583437979221344,0,0
2022-10-07,2022-10-10,train_in_sample,QQQ,0.5107294917106628,0,0
2022-10-07,2022-10-10,train_in_sample,IWM,0.5104078650474548,0,0
2022-10-10,2022-10-11,train_in_sample,SPY,0.5526682138442993,0,0
2022-10-10,2022-10-11,train_in_sample,QQQ,0.5101126432418823,0,0
2022-10-10,2022-10-11,train_in_sample,IWM,0.5197582840919495,1,1
2022-10-11,2022-10-12,train_in_sample,SPY,0.5361658930778503,0,0
2022-10-11,2022-10-12,train_in_sample,QQQ,0.5042401552200317,0,0
2022-10-11,2022-10-12,train_in_sample,IWM,0.5155146718025208,0,0
2022-10-12,2022-10-13,train_in_sample,SPY,0.5751667618751526,1,1
2022-10-12,2022-10-13,train_in_sample,QQQ,0.49578753113746643,1,0
2022-10-12,2022-10-13,train_in_sample,IWM,0.5377665758132935,1,1
2022-10-13,2022-10-14,train_in_sample,SPY,0.4633139669895172,0,1
2022-10-13,2022-10-14,train_in_sample,QQQ,0.4886761009693146,0,1
2022-10-13,2022-10-14,train_in_sample,IWM,0.5211122035980225,0,0
2022-10-14,2022-10-17,train_in_sample,SPY,0.5340954661369324,1,1
2022-10-14,2022-10-17,train_in_sample,QQQ,0.48404181003570557,1,0
2022-10-14,2022-10-17,train_in_sample,IWM,0.5040085911750793,1,1
2022-10-17,2022-10-18,train_in_sample,SPY,0.5492323637008667,1,1
2022-10-17,2022-10-18,train_in_sample,QQQ,0.46510744094848633,1,0
2022-10-17,2022-10-18,train_in_sample,IWM,0.5371676087379456,1,1
2022-10-18,2022-10-19,train_in_sample,SPY,0.527398943901062,0,0
2022-10-18,2022-10-19,train_in_sample,QQQ,0.49679216742515564,0,1
2022-10-18,2022-10-19,train_in_sample,IWM,0.5213948488235474,0,0
2022-10-19,2022-10-20,train_in_sample,SPY,0.5451729893684387,0,0
2022-10-19,2022-10-20,train_in_sample,QQQ,0.5150057673454285,0,0
2022-10-19,2022-10-20,train_in_sample,IWM,0.5194745063781738,0,0
2022-10-20,2022-10-21,train_in_sample,SPY,0.5568066239356995,1,1
2022-10-20,2022-10-21,train_in_sample,QQQ,0.5049996972084045,1,1
2022-10-20,2022-10-21,train_in_sample,IWM,0.5359072089195251,1,1
2022-10-21,2022-10-24,train_in_sample,SPY,0.5368403792381287,1,1
2022-10-21,2022-10-24,train_in_sample,QQQ,0.495281457901001,1,0
2022-10-21,2022-10-24,train_in_sample,IWM,0.5255692005157471,1,1
2022-10-24,2022-10-25,train_in_sample,SPY,0.5169205069541931,1,1
2022-10-24,2022-10-25,train_in_sample,QQQ,0.510026216506958,1,1
2022-10-24,2022-10-25,train_in_sample,IWM,0.5090410113334656,1,1
2022-10-25,2022-10-26,train_in_sample,SPY,0.5534651875495911,0,0
2022-10-25,2022-10-26,train_in_sample,QQQ,0.4788673222064972,0,1
2022-10-25,2022-10-26,train_in_sample,IWM,0.5335845947265625,1,1
2022-10-26,2022-10-27,train_in_sample,SPY,0.5742977261543274,0,0
2022-10-26,2022-10-27,train_in_sample,QQQ,0.530925452709198,0,0
2022-10-26,2022-10-27,train_in_sample,IWM,0.5449535250663757,1,1
2022-10-27,2022-10-28,train_in_sample,SPY,0.5611798763275146,1,1
2022-10-27,2022-10-28,train_in_sample,QQQ,0.5132556557655334,1,1
2022-10-27,2022-10-28,train_in_sample,IWM,0.5144254565238953,1,1
2022-10-28,2022-10-31,train_in_sample,SPY,0.5102790594100952,0,0
2022-10-28,2022-10-31,train_in_sample,QQQ,0.47669392824172974,0,1
2022-10-28,2022-10-31,train_in_sample,IWM,0.516002893447876,1,1
2022-10-31,2022-11-01,train_in_sample,SPY,0.5999211072921753,0,0
2022-10-31,2022-11-01,train_in_sample,QQQ,0.5059546828269958,0,0
2022-10-31,2022-11-01,train_in_sample,IWM,0.5244561433792114,1,1
2022-11-01,2022-11-02,train_in_sample,SPY,0.5632017850875854,0,0
2022-11-01,2022-11-02,train_in_sample,QQQ,0.49549806118011475,0,1
2022-11-01,2022-11-02,train_in_sample,IWM,0.5110520720481873,0,0
2022-11-02,2022-11-03,train_in_sample,SPY,0.5523248910903931,0,0
2022-11-02,2022-11-03,train_in_sample,QQQ,0.5309663414955139,0,0
2022-11-02,2022-11-03,train_in_sample,IWM,0.5033835172653198,0,0
2022-11-03,2022-11-04,train_in_sample,SPY,0.5717910528182983,1,1
2022-11-03,2022-11-04,train_in_sample,QQQ,0.5285256505012512,1,1
2022-11-03,2022-11-04,train_in_sample,IWM,0.5134530067443848,1,1
2022-11-04,2022-11-07,train_in_sample,SPY,0.5353123545646667,1,1
2022-11-04,2022-11-07,train_in_sample,QQQ,0.5035361647605896,1,1
2022-11-04,2022-11-07,train_in_sample,IWM,0.5040357112884521,1,1
2022-11-07,2022-11-08,train_in_sample,SPY,0.5288549065589905,1,1
2022-11-07,2022-11-08,train_in_sample,QQQ,0.5064705014228821,1,1
2022-11-07,2022-11-08,train_in_sample,IWM,0.5230857729911804,1,1
2022-11-08,2022-11-09,train_in_sample,SPY,0.5359774827957153,0,0
2022-11-08,2022-11-09,train_in_sample,QQQ,0.505897045135498,0,0
2022-11-08,2022-11-09,train_in_sample,IWM,0.5135544538497925,0,0
2022-11-09,2022-11-10,train_in_sample,SPY,0.5547037720680237,1,1
2022-11-09,2022-11-10,train_in_sample,QQQ,0.5310579538345337,1,1
2022-11-09,2022-11-10,train_in_sample,IWM,0.5087289810180664,1,1
2022-11-10,2022-11-11,train_in_sample,SPY,0.4879225194454193,1,0
2022-11-10,2022-11-11,train_in_sample,QQQ,0.4682312309741974,1,0
2022-11-10,2022-11-11,train_in_sample,IWM,0.4715609848499298,1,0
2022-11-11,2022-11-14,train_in_sample,SPY,0.553396463394165,0,0
2022-11-11,2022-11-14,train_in_sample,QQQ,0.5169420838356018,0,0
2022-11-11,2022-11-14,train_in_sample,IWM,0.5134651064872742,0,0
2022-11-14,2022-11-15,train_in_sample,SPY,0.5650219917297363,1,1
2022-11-14,2022-11-15,train_in_sample,QQQ,0.5020677447319031,1,1
2022-11-14,2022-11-15,train_in_sample,IWM,0.533672034740448,1,1
2022-11-15,2022-11-16,train_in_sample,SPY,0.547149121761322,0,0
2022-11-15,2022-11-16,train_in_sample,QQQ,0.4830891191959381,0,1
2022-11-15,2022-11-16,train_in_sample,IWM,0.5034663677215576,0,0
2022-11-16,2022-11-17,train_in_sample,SPY,0.5566965937614441,0,0
2022-11-16,2022-11-17,train_in_sample,QQQ,0.5242741107940674,0,0
2022-11-16,2022-11-17,train_in_sample,IWM,0.5157144069671631,0,0
2022-11-17,2022-11-18,train_in_sample,SPY,0.5477381944656372,1,1
2022-11-17,2022-11-18,train_in_sample,QQQ,0.51856529712677,1,1
2022-11-17,2022-11-18,train_in_sample,IWM,0.5353665947914124,1,1
2022-11-18,2022-11-21,train_in_sample,SPY,0.564102053642273,0,0
2022-11-18,2022-11-21,train_in_sample,QQQ,0.5174007415771484,0,0
2022-11-18,2022-11-21,train_in_sample,IWM,0.49480339884757996,0,1
2022-11-21,2022-11-22,train_in_sample,SPY,0.5607545375823975,1,1
2022-11-21,2022-11-22,train_in_sample,QQQ,0.5157039761543274,1,1
2022-11-21,2022-11-22,train_in_sample,IWM,0.5548931956291199,1,1
2022-11-22,2022-11-23,train_in_sample,SPY,0.5509061813354492,1,1
2022-11-22,2022-11-23,train_in_sample,QQQ,0.4806192219257355,1,0
2022-11-22,2022-11-23,train_in_sample,IWM,0.5365327596664429,1,1
2022-11-23,2022-11-25,train_in_sample,SPY,0.5595698952674866,0,0
2022-11-23,2022-11-25,train_in_sample,QQQ,0.5039113759994507,0,0
2022-11-23,2022-11-25,train_in_sample,IWM,0.5529673099517822,1,1
2022-11-25,2022-11-28,train_in_sample,SPY,0.5784034132957458,0,0
2022-11-25,2022-11-28,train_in_sample,QQQ,0.4885340929031372,0,1
2022-11-25,2022-11-28,train_in_sample,IWM,0.5938500165939331,0,0
2022-11-28,2022-11-29,train_in_sample,SPY,0.5681409239768982,0,0
2022-11-28,2022-11-29,train_in_sample,QQQ,0.506401777267456,0,0
2022-11-28,2022-11-29,train_in_sample,IWM,0.5425945520401001,1,1
2022-11-29,2022-11-30,train_in_sample,SPY,0.5837136507034302,1,1
2022-11-29,2022-11-30,train_in_sample,QQQ,0.5067648887634277,1,1
2022-11-29,2022-11-30,train_in_sample,IWM,0.5583517551422119,1,1
2022-11-30,2022-12-01,train_in_sample,SPY,0.48849499225616455,0,1
2022-11-30,2022-12-01,train_in_sample,QQQ,0.4862256348133087,1,0
2022-11-30,2022-12-01,train_in_sample,IWM,0.5376636385917664,0,0
2022-12-01,2022-12-02,train_in_sample,SPY,0.5909050703048706,0,0
2022-12-01,2022-12-02,train_in_sample,QQQ,0.5048052668571472,0,0
2022-12-01,2022-12-02,train_in_sample,IWM,0.5369281768798828,1,1
2022-12-02,2022-12-05,train_in_sample,SPY,0.57467120885849,0,0
2022-12-02,2022-12-05,train_in_sample,QQQ,0.5304475426673889,0,0
2022-12-02,2022-12-05,train_in_sample,IWM,0.5511220693588257,0,0
2022-12-05,2022-12-06,train_in_sample,SPY,0.5747612118721008,0,0
2022-12-05,2022-12-06,train_in_sample,QQQ,0.5098136067390442,0,0
2022-12-05,2022-12-06,train_in_sample,IWM,0.5362648963928223,0,0
2022-12-06,2022-12-07,train_in_sample,SPY,0.5577890872955322,0,0
2022-12-06,2022-12-07,train_in_sample,QQQ,0.5258061289787292,0,0
2022-12-06,2022-12-07,train_in_sample,IWM,0.5292579531669617,0,0
2022-12-07,2022-12-08,train_in_sample,SPY,0.5438985228538513,1,1
2022-12-07,2022-12-08,train_in_sample,QQQ,0.5234978199005127,1,1
2022-12-07,2022-12-08,train_in_sample,IWM,0.5571990013122559,1,1
2022-12-08,2022-12-09,train_in_sample,SPY,0.5427682399749756,0,0
2022-12-08,2022-12-09,train_in_sample,QQQ,0.47793805599212646,0,1
2022-12-08,2022-12-09,train_in_sample,IWM,0.5275213718414307,0,0
2022-12-09,2022-12-12,train_in_sample,SPY,0.5962212085723877,1,1
2022-12-09,2022-12-12,train_in_sample,QQQ,0.5072621703147888,1,1
2022-12-09,2022-12-12,train_in_sample,IWM,0.5353320837020874,1,1
2022-12-12,2022-12-13,train_in_sample,SPY,0.5600758790969849,1,1
2022-12-12,2022-12-13,train_in_sample,QQQ,0.4961685240268707,1,0
2022-12-12,2022-12-13,train_in_sample,IWM,0.515576183795929,1,1
2022-12-13,2022-12-14,train_in_sample,SPY,0.5547742247581482,0,0
2022-12-13,2022-12-14,train_in_sample,QQQ,0.4808773994445801,0,1
2022-12-13,2022-12-14,train_in_sample,IWM,0.4821661412715912,0,1
2022-12-14,2022-12-15,train_in_sample,SPY,0.5938766598701477,0,0
2022-12-14,2022-12-15,train_in_sample,QQQ,0.4903683066368103,0,1
2022-12-14,2022-12-15,train_in_sample,IWM,0.5321584939956665,0,0
2022-12-15,2022-12-16,train_in_sample,SPY,0.602824330329895,0,0
2022-12-15,2022-12-16,train_in_sample,QQQ,0.5225164890289307,0,0
2022-12-15,2022-12-16,train_in_sample,IWM,0.5211673974990845,0,0
2022-12-16,2022-12-19,train_in_sample,SPY,0.6040878295898438,0,0
2022-12-16,2022-12-19,train_in_sample,QQQ,0.5078349113464355,0,0
2022-12-16,2022-12-19,train_in_sample,IWM,0.537040650844574,0,0
2022-12-19,2022-12-20,train_in_sample,SPY,0.5788389444351196,1,1
2022-12-19,2022-12-20,train_in_sample,QQQ,0.49931809306144714,0,1
2022-12-19,2022-12-20,train_in_sample,IWM,0.5219756364822388,1,1
2022-12-20,2022-12-21,train_in_sample,SPY,0.5575551390647888,1,1
2022-12-20,2022-12-21,train_in_sample,QQQ,0.5234596729278564,1,1
2022-12-20,2022-12-21,train_in_sample,IWM,0.5376047492027283,1,1
2022-12-21,2022-12-22,train_in_sample,SPY,0.5279293656349182,0,0
2022-12-21,2022-12-22,train_in_sample,QQQ,0.5125791430473328,0,0
2022-12-21,2022-12-22,train_in_sample,IWM,0.5346454381942749,0,0
2022-12-22,2022-12-23,train_in_sample,SPY,0.5807414054870605,1,1
2022-12-22,2022-12-23,train_in_sample,QQQ,0.4969700574874878,1,0
2022-12-22,2022-12-23,train_in_sample,IWM,0.5326252579689026,1,1
2022-12-23,2022-12-27,train_in_sample,SPY,0.5625774264335632,0,0
2022-12-23,2022-12-27,train_in_sample,QQQ,0.5062536597251892,0,0
2022-12-23,2022-12-27,train_in_sample,IWM,0.5257322788238525,0,0
2022-12-27,2022-12-28,train_in_sample,SPY,0.5610251426696777,0,0
2022-12-27,2022-12-28,train_in_sample,QQQ,0.509412944316864,0,0
2022-12-27,2022-12-28,train_in_sample,IWM,0.5316596031188965,0,0
2022-12-28,2022-12-29,train_in_sample,SPY,0.559832751750946,1,1
2022-12-28,2022-12-29,train_in_sample,QQQ,0.5157411098480225,1,1
2022-12-28,2022-12-29,train_in_sample,IWM,0.5502070784568787,1,1
2022-12-29,2022-12-30,train_in_sample,SPY,0.5438888669013977,0,0
2022-12-29,2022-12-30,train_in_sample,QQQ,0.4922347664833069,0,1
2022-12-29,2022-12-30,train_in_sample,IWM,0.5431082844734192,0,0
2022-12-30,2023-01-03,train_in_sample,SPY,0.6038134098052979,0,0
2022-12-30,2023-01-03,train_in_sample,QQQ,0.5117825269699097,0,0
2022-12-30,2023-01-03,train_in_sample,IWM,0.5486105680465698,0,0
2023-01-03,2023-01-04,train_in_sample,SPY,0.5577800273895264,1,1
2023-01-03,2023-01-04,train_in_sample,QQQ,0.4935045540332794,1,0
2023-01-03,2023-01-04,train_in_sample,IWM,0.5146234631538391,1,1
2023-01-04,2023-01-05,train_in_sample,SPY,0.5697815418243408,0,0
2023-01-04,2023-01-05,train_in_sample,QQQ,0.5032598972320557,0,0
2023-01-04,2023-01-05,train_in_sample,IWM,0.5220269560813904,0,0
2023-01-05,2023-01-06,train_in_sample,SPY,0.581610918045044,1,1
2023-01-05,2023-01-06,train_in_sample,QQQ,0.5345286130905151,1,1
2023-01-05,2023-01-06,train_in_sample,IWM,0.5524070262908936,1,1
2023-01-06,2023-01-09,train_in_sample,SPY,0.5332977175712585,0,0
2023-01-06,2023-01-09,train_in_sample,QQQ,0.4810391962528229,1,0
2023-01-06,2023-01-09,train_in_sample,IWM,0.5385206341743469,1,1
2023-01-09,2023-01-10,train_in_sample,SPY,0.5735087990760803,1,1
2023-01-09,2023-01-10,train_in_sample,QQQ,0.4941726326942444,1,0
2023-01-09,2023-01-10,train_in_sample,IWM,0.5219959616661072,1,1
2023-01-10,2023-01-11,train_in_sample,SPY,0.5793569087982178,1,1
2023-01-10,2023-01-11,train_in_sample,QQQ,0.4933309853076935,1,0
2023-01-10,2023-01-11,train_in_sample,IWM,0.5536350011825562,1,1
2023-01-11,2023-01-12,train_in_sample,SPY,0.5489099621772766,1,1
2023-01-11,2023-01-12,train_in_sample,QQQ,0.4849068820476532,1,0
2023-01-11,2023-01-12,train_in_sample,IWM,0.5157239437103271,1,1
2023-01-12,2023-01-13,train_in_sample,SPY,0.5599761009216309,1,1
2023-01-12,2023-01-13,train_in_sample,QQQ,0.503044068813324,1,1
2023-01-12,2023-01-13,train_in_sample,IWM,0.536306619644165,1,1
2023-01-13,2023-01-17,train_in_sample,SPY,0.5846903920173645,0,0
2023-01-13,2023-01-17,train_in_sample,QQQ,0.4774971008300781,1,0
2023-01-13,2023-01-17,train_in_sample,IWM,0.5128893852233887,0,0
2023-01-17,2023-01-18,train_in_sample,SPY,0.5835645198822021,0,0
2023-01-17,2023-01-18,train_in_sample,QQQ,0.5235404372215271,0,0
2023-01-17,2023-01-18,train_in_sample,IWM,0.5315808653831482,0,0
2023-01-18,2023-01-19,train_in_sample,SPY,0.5731013417243958,0,0
2023-01-18,2023-01-19,train_in_sample,QQQ,0.5005879402160645,0,0
2023-01-18,2023-01-19,train_in_sample,IWM,0.5316664576530457,0,0
2023-01-19,2023-01-20,train_in_sample,SPY,0.5788769125938416,1,1
2023-01-19,2023-01-20,train_in_sample,QQQ,0.5049511194229126,1,1
2023-01-19,2023-01-20,train_in_sample,IWM,0.5384392142295837,1,1
2023-01-20,2023-01-23,train_in_sample,SPY,0.5240733027458191,1,1
2023-01-20,2023-01-23,train_in_sample,QQQ,0.49659407138824463,1,0
2023-01-20,2023-01-23,train_in_sample,IWM,0.5282398462295532,1,1
2023-01-23,2023-01-24,train_in_sample,SPY,0.5409480929374695,0,0
2023-01-23,2023-01-24,train_in_sample,QQQ,0.47954392433166504,0,1
2023-01-23,2023-01-24,train_in_sample,IWM,0.5166292786598206,0,0
2023-01-24,2023-01-25,train_in_sample,SPY,0.5649034380912781,1,1
2023-01-24,2023-01-25,train_in_sample,QQQ,0.5183996558189392,0,0
2023-01-24,2023-01-25,train_in_sample,IWM,0.5372469425201416,1,1
2023-01-25,2023-01-26,train_in_sample,SPY,0.5551392436027527,1,1
2023-01-25,2023-01-26,train_in_sample,QQQ,0.5163691639900208,1,1
2023-01-25,2023-01-26,train_in_sample,IWM,0.5377135872840881,1,1
2023-01-26,2023-01-27,train_in_sample,SPY,0.5443468689918518,1,1
2023-01-26,2023-01-27,train_in_sample,QQQ,0.48249438405036926,1,0
2023-01-26,2023-01-27,train_in_sample,IWM,0.5277286767959595,1,1
2023-01-27,2023-01-30,train_in_sample,SPY,0.5362921357154846,0,0
2023-01-27,2023-01-30,train_in_sample,QQQ,0.5156345963478088,0,0
2023-01-27,2023-01-30,train_in_sample,IWM,0.5447149276733398,0,0
2023-01-30,2023-01-31,train_in_sample,SPY,0.5665075182914734,1,1
2023-01-30,2023-01-31,train_in_sample,QQQ,0.507420003414154,1,1
2023-01-30,2023-01-31,train_in_sample,IWM,0.546721339225769,1,1
2023-01-31,2023-02-01,train_in_sample,SPY,0.5551373958587646,1,1
2023-01-31,2023-02-01,train_in_sample,QQQ,0.5111676454544067,1,1
2023-01-31,2023-02-01,train_in_sample,IWM,0.5328459143638611,1,1
2023-02-01,2023-02-02,train_in_sample,SPY,0.5320702791213989,1,1
2023-02-01,2023-02-02,train_in_sample,QQQ,0.5051933526992798,1,1
2023-02-01,2023-02-02,train_in_sample,IWM,0.5277750492095947,1,1
2023-02-02,2023-02-03,train_in_sample,SPY,0.5267590880393982,0,0
2023-02-02,2023-02-03,train_in_sample,QQQ,0.48926106095314026,0,1
2023-02-02,2023-02-03,train_in_sample,IWM,0.5113051533699036,0,0
2023-02-03,2023-02-06,train_in_sample,SPY,0.5491812229156494,0,0
2023-02-03,2023-02-06,train_in_sample,QQQ,0.5549156665802002,0,0
2023-02-03,2023-02-06,train_in_sample,IWM,0.5513752102851868,0,0
2023-02-06,2023-02-07,train_in_sample,SPY,0.5488443374633789,1,1
2023-02-06,2023-02-07,train_in_sample,QQQ,0.5142683982849121,1,1
2023-02-06,2023-02-07,train_in_sample,IWM,0.5385833382606506,1,1
2023-02-07,2023-02-08,train_in_sample,SPY,0.5322789549827576,0,0
2023-02-07,2023-02-08,train_in_sample,QQQ,0.49073514342308044,0,1
2023-02-07,2023-02-08,train_in_sample,IWM,0.529945433139801,0,0
2023-02-08,2023-02-09,train_in_sample,SPY,0.5648658275604248,0,0
2023-02-08,2023-02-09,train_in_sample,QQQ,0.5250244736671448,0,0
2023-02-08,2023-02-09,train_in_sample,IWM,0.5333510637283325,0,0
2023-02-09,2023-02-10,train_in_sample,SPY,0.5402888059616089,1,1
2023-02-09,2023-02-10,train_in_sample,QQQ,0.4938295781612396,0,1
2023-02-09,2023-02-10,train_in_sample,IWM,0.5175028443336487,1,1
2023-02-10,2023-02-13,train_in_sample,SPY,0.5651535987854004,1,1
2023-02-10,2023-02-13,train_in_sample,QQQ,0.5192504525184631,1,1
2023-02-10,2023-02-13,train_in_sample,IWM,0.5257819890975952,1,1
2023-02-13,2023-02-14,train_in_sample,SPY,0.564021110534668,0,0
2023-02-13,2023-02-14,train_in_sample,QQQ,0.4896206557750702,1,0
2023-02-13,2023-02-14,train_in_sample,IWM,0.5331189632415771,0,0
2023-02-14,2023-02-15,train_in_sample,SPY,0.5658355355262756,1,1
2023-02-14,2023-02-15,train_in_sample,QQQ,0.47930899262428284,1,0
2023-02-14,2023-02-15,train_in_sample,IWM,0.5260458588600159,1,1
2023-02-15,2023-02-16,train_in_sample,SPY,0.5921886563301086,0,0
2023-02-15,2023-02-16,train_in_sample,QQQ,0.49817508459091187,0,1
2023-02-15,2023-02-16,train_in_sample,IWM,0.5616819858551025,0,0
2023-02-16,2023-02-17,train_in_sample,SPY,0.5909368395805359,0,0
2023-02-16,2023-02-17,train_in_sample,QQQ,0.535390317440033,0,0
2023-02-16,2023-02-17,train_in_sample,IWM,0.5398052930831909,1,1
2023-02-17,2023-02-21,train_in_sample,SPY,0.6028960347175598,0,0
2023-02-17,2023-02-21,train_in_sample,QQQ,0.533363938331604,0,0
2023-02-17,2023-02-21,train_in_sample,IWM,0.5317192673683167,0,0
2023-02-21,2023-02-22,train_in_sample,SPY,0.5807697176933289,0,0
2023-02-21,2023-02-22,train_in_sample,QQQ,0.5236223936080933,1,1
2023-02-21,2023-02-22,train_in_sample,IWM,0.5327165722846985,1,1
2023-02-22,2023-02-23,train_in_sample,SPY,0.5917277932167053,1,1
2023-02-22,2023-02-23,train_in_sample,QQQ,0.5005626082420349,1,1
2023-02-22,2023-02-23,train_in_sample,IWM,0.5308175086975098,1,1
2023-02-23,2023-02-24,train_in_sample,SPY,0.575008749961853,0,0
2023-02-23,2023-02-24,train_in_sample,QQQ,0.4767814874649048,0,1
2023-02-23,2023-02-24,train_in_sample,IWM,0.48598068952560425,0,1
2023-02-24,2023-02-27,train_in_sample,SPY,0.600750207901001,1,1
2023-02-24,2023-02-27,train_in_sample,QQQ,0.5365317463874817,1,1
2023-02-24,2023-02-27,train_in_sample,IWM,0.5152415633201599,1,1
2023-02-27,2023-02-28,train_in_sample,SPY,0.592552661895752,0,0
2023-02-27,2023-02-28,train_in_sample,QQQ,0.5001193881034851,0,0
2023-02-27,2023-02-28,train_in_sample,IWM,0.5225929021835327,1,1
2023-02-28,2023-03-01,train_in_sample,SPY,0.5940055251121521,0,0
2023-02-28,2023-03-01,train_in_sample,QQQ,0.4993801712989807,0,1
2023-02-28,2023-03-01,train_in_sample,IWM,0.5228478312492371,1,1
2023-03-01,2023-03-02,train_in_sample,SPY,0.5817617177963257,1,1
2023-03-01,2023-03-02,train_in_sample,QQQ,0.536312997341156,1,1
2023-03-01,2023-03-02,train_in_sample,IWM,0.5230829119682312,1,1
2023-03-02,2023-03-03,train_in_sample,SPY,0.5723673701286316,1,1
2023-03-02,2023-03-03,train_in_sample,QQQ,0.5023307800292969,1,1
2023-03-02,2023-03-03,train_in_sample,IWM,0.5401609539985657,1,1
2023-03-03,2023-03-06,train_in_sample,SPY,0.5808838605880737,1,1
2023-03-03,2023-03-06,train_in_sample,QQQ,0.48367056250572205,1,0
2023-03-03,2023-03-06,train_in_sample,IWM,0.5142208933830261,0,0
2023-03-06,2023-03-07,train_in_sample,SPY,0.556328296661377,0,0
2023-03-06,2023-03-07,train_in_sample,QQQ,0.5149959325790405,0,0
2023-03-06,2023-03-07,train_in_sample,IWM,0.5099976658821106,0,0
2023-03-07,2023-03-08,train_in_sample,SPY,0.5817179679870605,1,1
2023-03-07,2023-03-08,train_in_sample,QQQ,0.512395977973938,1,1
2023-03-07,2023-03-08,train_in_sample,IWM,0.4966224730014801,1,0
2023-03-08,2023-03-09,train_in_sample,SPY,0.5656673908233643,0,0
2023-03-08,2023-03-09,train_in_sample,QQQ,0.5298242568969727,0,0
2023-03-08,2023-03-09,train_in_sample,IWM,0.5352182984352112,0,0
2023-03-09,2023-03-10,train_in_sample,SPY,0.5676354765892029,0,0
2023-03-09,2023-03-10,train_in_sample,QQQ,0.4886939823627472,0,1
2023-03-09,2023-03-10,train_in_sample,IWM,0.5061230063438416,0,0
2023-03-10,2023-03-13,train_in_sample,SPY,0.574645459651947,0,0
2023-03-10,2023-03-13,train_in_sample,QQQ,0.5253996253013611,1,1
2023-03-10,2023-03-13,train_in_sample,IWM,0.4821118414402008,0,1
2023-03-13,2023-03-14,train_in_sample,SPY,0.5509508848190308,1,1
2023-03-13,2023-03-14,train_in_sample,QQQ,0.5393945574760437,1,1
2023-03-13,2023-03-14,train_in_sample,IWM,0.5015127062797546,1,1
2023-03-14,2023-03-15,train_in_sample,SPY,0.572575569152832,0,0
2023-03-14,2023-03-15,train_in_sample,QQQ,0.48936712741851807,1,0
2023-03-14,2023-03-15,train_in_sample,IWM,0.4897165894508362,0,1
2023-03-15,2023-03-16,train_in_sample,SPY,0.5651729702949524,1,1
2023-03-15,2023-03-16,train_in_sample,QQQ,0.5166124105453491,1,1
2023-03-15,2023-03-16,train_in_sample,IWM,0.5162272453308105,1,1
2023-03-16,2023-03-17,train_in_sample,SPY,0.5320143699645996,0,0
2023-03-16,2023-03-17,train_in_sample,QQQ,0.5039289593696594,0,0
2023-03-16,2023-03-17,train_in_sample,IWM,0.5180942416191101,0,0
2023-03-17,2023-03-20,train_in_sample,SPY,0.5900614261627197,1,1
2023-03-17,2023-03-20,train_in_sample,QQQ,0.5215865969657898,1,1
2023-03-17,2023-03-20,train_in_sample,IWM,0.509387195110321,1,1
2023-03-20,2023-03-21,train_in_sample,SPY,0.5849641561508179,1,1
2023-03-20,2023-03-21,train_in_sample,QQQ,0.5028567314147949,1,1
2023-03-20,2023-03-21,train_in_sample,IWM,0.5140469074249268,1,1
2023-03-21,2023-03-22,train_in_sample,SPY,0.5793079733848572,0,0
2023-03-21,2023-03-22,train_in_sample,QQQ,0.49792900681495667,0,1
2023-03-21,2023-03-22,train_in_sample,IWM,0.49328920245170593,0,1
2023-03-22,2023-03-23,train_in_sample,SPY,0.5566186904907227,1,1
2023-03-22,2023-03-23,train_in_sample,QQQ,0.4872856140136719,1,0
2023-03-22,2023-03-23,train_in_sample,IWM,0.5213392972946167,0,0
2023-03-23,2023-03-24,train_in_sample,SPY,0.5720770955085754,1,1
2023-03-23,2023-03-24,train_in_sample,QQQ,0.47432541847229004,1,0
2023-03-23,2023-03-24,train_in_sample,IWM,0.5304555296897888,1,1
2023-03-24,2023-03-27,train_in_sample,SPY,0.5996090769767761,1,1
2023-03-24,2023-03-27,train_in_sample,QQQ,0.49356216192245483,0,1
2023-03-24,2023-03-27,train_in_sample,IWM,0.5210068821907043,1,1
2023-03-27,2023-03-28,train_in_sample,SPY,0.5928918719291687,0,0
2023-03-27,2023-03-28,train_in_sample,QQQ,0.49984031915664673,0,1
2023-03-27,2023-03-28,train_in_sample,IWM,0.49261993169784546,0,1
2023-03-28,2023-03-29,train_in_sample,SPY,0.574407160282135,1,1
2023-03-28,2023-03-29,train_in_sample,QQQ,0.5120738744735718,1,1
2023-03-28,2023-03-29,train_in_sample,IWM,0.5212364792823792,1,1
2023-03-29,2023-03-30,train_in_sample,SPY,0.5629488229751587,1,1
2023-03-29,2023-03-30,train_in_sample,QQQ,0.48696285486221313,1,0
2023-03-29,2023-03-30,train_in_sample,IWM,0.516704261302948,0,0
2023-03-30,2023-03-31,train_in_sample,SPY,0.5551941394805908,1,1
2023-03-30,2023-03-31,train_in_sample,QQQ,0.4939686954021454,1,0
2023-03-30,2023-03-31,train_in_sample,IWM,0.5114470720291138,1,1
2023-03-31,2023-04-03,train_in_sample,SPY,0.5576522350311279,1,1
2023-03-31,2023-04-03,train_in_sample,QQQ,0.4937984049320221,0,1
2023-03-31,2023-04-03,train_in_sample,IWM,0.5012198090553284,1,1
2023-04-03,2023-04-04,train_in_sample,SPY,0.5797314643859863,0,0
2023-04-03,2023-04-04,train_in_sample,QQQ,0.506633996963501,0,0
2023-04-03,2023-04-04,train_in_sample,IWM,0.5225392580032349,0,0
2023-04-04,2023-04-05,train_in_sample,SPY,0.5606222152709961,0,0
2023-04-04,2023-04-05,train_in_sample,QQQ,0.5221176743507385,0,0
2023-04-04,2023-04-05,train_in_sample,IWM,0.5071395635604858,0,0
2023-04-05,2023-04-06,train_in_sample,SPY,0.5449570417404175,1,1
2023-04-05,2023-04-06,train_in_sample,QQQ,0.526221752166748,1,1
2023-04-05,2023-04-06,train_in_sample,IWM,0.5186890363693237,1,1
2023-04-06,2023-04-10,train_in_sample,SPY,0.5604126453399658,1,1
2023-04-06,2023-04-10,train_in_sample,QQQ,0.4990958273410797,0,1
2023-04-06,2023-04-10,train_in_sample,IWM,0.5386722087860107,1,1
2023-04-10,2023-04-11,train_in_sample,SPY,0.5736117959022522,1,1
2023-04-10,2023-04-11,train_in_sample,QQQ,0.5106891393661499,0,0
2023-04-10,2023-04-11,train_in_sample,IWM,0.5314945578575134,1,1
2023-04-11,2023-04-12,train_in_sample,SPY,0.5909838080406189,0,0
2023-04-11,2023-04-12,train_in_sample,QQQ,0.5139695405960083,0,0
2023-04-11,2023-04-12,train_in_sample,IWM,0.5252516865730286,0,0
2023-04-12,2023-04-13,train_in_sample,SPY,0.5548637509346008,1,1
2023-04-12,2023-04-13,train_in_sample,QQQ,0.5118875503540039,1,1
2023-04-12,2023-04-13,train_in_sample,IWM,0.5112527012825012,1,1
2023-04-13,2023-04-14,train_in_sample,SPY,0.5661064386367798,0,0
2023-04-13,2023-04-14,train_in_sample,QQQ,0.48014897108078003,0,1
2023-04-13,2023-04-14,train_in_sample,IWM,0.5323458313941956,0,0
2023-04-14,2023-04-17,train_in_sample,SPY,0.5534747242927551,1,1
2023-04-14,2023-04-17,train_in_sample,QQQ,0.5176384449005127,1,1
2023-04-14,2023-04-17,train_in_sample,IWM,0.5476244688034058,1,1
2023-04-17,2023-04-18,train_in_sample,SPY,0.5729485154151917,1,1
2023-04-17,2023-04-18,train_in_sample,QQQ,0.5295538902282715,1,1
2023-04-17,2023-04-18,train_in_sample,IWM,0.5235114097595215,0,0
2023-04-18,2023-04-19,train_in_sample,SPY,0.5723339319229126,0,0
2023-04-18,2023-04-19,train_in_sample,QQQ,0.5116897225379944,0,0
2023-04-18,2023-04-19,train_in_sample,IWM,0.5155699253082275,1,1
2023-04-19,2023-04-20,train_in_sample,SPY,0.5725134015083313,0,0
2023-04-19,2023-04-20,train_in_sample,QQQ,0.49917489290237427,0,1
2023-04-19,2023-04-20,train_in_sample,IWM,0.5430842638015747,0,0
2023-04-20,2023-04-21,train_in_sample,SPY,0.5668023824691772,1,1
2023-04-20,2023-04-21,train_in_sample,QQQ,0.5180176496505737,1,1
2023-04-20,2023-04-21,train_in_sample,IWM,0.5424047112464905,1,1
2023-04-21,2023-04-24,train_in_sample,SPY,0.5787303447723389,1,1
2023-04-21,2023-04-24,train_in_sample,QQQ,0.5180132985115051,0,0
2023-04-21,2023-04-24,train_in_sample,IWM,0.5255877375602722,0,0
2023-04-24,2023-04-25,train_in_sample,SPY,0.5727325081825256,0,0
2023-04-24,2023-04-25,train_in_sample,QQQ,0.519437849521637,0,0
2023-04-24,2023-04-25,train_in_sample,IWM,0.5226698517799377,0,0
2023-04-25,2023-04-26,train_in_sample,SPY,0.5902507305145264,0,0
2023-04-25,2023-04-26,train_in_sample,QQQ,0.5178700089454651,1,1
2023-04-25,2023-04-26,train_in_sample,IWM,0.5169904232025146,0,0
2023-04-26,2023-04-27,train_in_sample,SPY,0.5693824887275696,1,1
2023-04-26,2023-04-27,train_in_sample,QQQ,0.49261924624443054,1,0
2023-04-26,2023-04-27,train_in_sample,IWM,0.5249791145324707,1,1
2023-04-27,2023-04-28,train_in_sample,SPY,0.5454192757606506,1,1
2023-04-27,2023-04-28,train_in_sample,QQQ,0.47315123677253723,1,0
2023-04-27,2023-04-28,train_in_sample,IWM,0.5246742963790894,1,1
2023-04-28,2023-05-01,train_in_sample,SPY,0.5807082056999207,0,0
2023-04-28,2023-05-01,train_in_sample,QQQ,0.5149238109588623,0,0
2023-04-28,2023-05-01,train_in_sample,IWM,0.509075403213501,1,1
2023-05-01,2023-05-02,train_in_sample,SPY,0.5767499208450317,0,0
2023-05-01,2023-05-02,train_in_sample,QQQ,0.5145191550254822,0,0
2023-05-01,2023-05-02,train_in_sample,IWM,0.5310361981391907,0,0
2023-05-02,2023-05-03,train_in_sample,SPY,0.5748515129089355,0,0
2023-05-02,2023-05-03,train_in_sample,QQQ,0.518346905708313,0,0
2023-05-02,2023-05-03,train_in_sample,IWM,0.5118998289108276,1,1
2023-05-03,2023-05-04,train_in_sample,SPY,0.5819500088691711,0,0
2023-05-03,2023-05-04,train_in_sample,QQQ,0.5291419625282288,0,0
2023-05-03,2023-05-04,train_in_sample,IWM,0.52944016456604,0,0
2023-05-04,2023-05-05,train_in_sample,SPY,0.5898575782775879,1,1
2023-05-04,2023-05-05,train_in_sample,QQQ,0.5165073871612549,1,1
2023-05-04,2023-05-05,train_in_sample,IWM,0.5213226079940796,1,1
2023-05-05,2023-05-08,train_in_sample,SPY,0.5380181074142456,1,1
2023-05-05,2023-05-08,train_in_sample,QQQ,0.5113491415977478,1,1
2023-05-05,2023-05-08,train_in_sample,IWM,0.517595648765564,0,0
2023-05-08,2023-05-09,train_in_sample,SPY,0.5558144450187683,0,0
2023-05-08,2023-05-09,train_in_sample,QQQ,0.5183255672454834,0,0
2023-05-08,2023-05-09,train_in_sample,IWM,0.5525550842285156,0,0
2023-05-09,2023-05-10,train_in_sample,SPY,0.5749883651733398,1,1
2023-05-09,2023-05-10,train_in_sample,QQQ,0.5203853249549866,1,1
2023-05-09,2023-05-10,train_in_sample,IWM,0.5474778413772583,1,1
2023-05-10,2023-05-11,train_in_sample,SPY,0.5499385595321655,0,0
2023-05-10,2023-05-11,train_in_sample,QQQ,0.5038771629333496,1,1
2023-05-10,2023-05-11,train_in_sample,IWM,0.5108495354652405,0,0
2023-05-11,2023-05-12,train_in_sample,SPY,0.579177737236023,0,0
2023-05-11,2023-05-12,train_in_sample,QQQ,0.5210046172142029,0,0
2023-05-11,2023-05-12,train_in_sample,IWM,0.5487644672393799,0,0
2023-05-12,2023-05-15,train_in_sample,SPY,0.5708208680152893,1,1
2023-05-12,2023-05-15,train_in_sample,QQQ,0.4982433319091797,1,0
2023-05-12,2023-05-15,train_in_sample,IWM,0.5231598019599915,1,1
2023-05-15,2023-05-16,train_in_sample,SPY,0.5683427453041077,0,0
2023-05-15,2023-05-16,train_in_sample,QQQ,0.4920105040073395,1,0
2023-05-15,2023-05-16,train_in_sample,IWM,0.5255420207977295,0,0
2023-05-16,2023-05-17,train_in_sample,SPY,0.5471947193145752,1,1
2023-05-16,2023-05-17,train_in_sample,QQQ,0.49747544527053833,1,0
2023-05-16,2023-05-17,train_in_sample,IWM,0.5455397963523865,1,1
2023-05-17,2023-05-18,train_in_sample,SPY,0.565399169921875,1,1
2023-05-17,2023-05-18,train_in_sample,QQQ,0.515548825263977,1,1
2023-05-17,2023-05-18,train_in_sample,IWM,0.5329643487930298,1,1
2023-05-18,2023-05-19,train_in_sample,SPY,0.5379406809806824,0,0
2023-05-18,2023-05-19,train_in_sample,QQQ,0.5081706047058105,0,0
2023-05-18,2023-05-19,train_in_sample,IWM,0.5001640319824219,0,0
2023-05-19,2023-05-22,train_in_sample,SPY,0.5895731449127197,1,1
2023-05-19,2023-05-22,train_in_sample,QQQ,0.5133361220359802,1,1
2023-05-19,2023-05-22,train_in_sample,IWM,0.5181447863578796,1,1
2023-05-22,2023-05-23,train_in_sample,SPY,0.577749490737915,0,0
2023-05-22,2023-05-23,train_in_sample,QQQ,0.5079659223556519,0,0
2023-05-22,2023-05-23,train_in_sample,IWM,0.5400955080986023,0,0
2023-05-23,2023-05-24,train_in_sample,SPY,0.5988373160362244,0,0
2023-05-23,2023-05-24,train_in_sample,QQQ,0.5073890686035156,0,0
2023-05-23,2023-05-24,train_in_sample,IWM,0.5443784594535828,0,0
2023-05-24,2023-05-25,train_in_sample,SPY,0.5687385201454163,1,1
2023-05-24,2023-05-25,train_in_sample,QQQ,0.5276612043380737,1,1
2023-05-24,2023-05-25,train_in_sample,IWM,0.5360479950904846,0,0
2023-05-25,2023-05-26,train_in_sample,SPY,0.5373016595840454,1,1
2023-05-25,2023-05-26,train_in_sample,QQQ,0.4960291087627411,1,0
2023-05-25,2023-05-26,train_in_sample,IWM,0.5152155160903931,1,1
2023-05-26,2023-05-30,train_in_sample,SPY,0.542419970035553,1,1
2023-05-26,2023-05-30,train_in_sample,QQQ,0.49428001046180725,1,0
2023-05-26,2023-05-30,train_in_sample,IWM,0.538748562335968,0,0
2023-05-30,2023-05-31,train_in_sample,SPY,0.5420907139778137,0,0
2023-05-30,2023-05-31,train_in_sample,QQQ,0.49585822224617004,0,1
2023-05-30,2023-05-31,train_in_sample,IWM,0.5181146860122681,0,0
2023-05-31,2023-06-01,train_in_sample,SPY,0.5733885765075684,1,1
2023-05-31,2023-06-01,train_in_sample,QQQ,0.5149217247962952,1,1
2023-05-31,2023-06-01,train_in_sample,IWM,0.5282773375511169,1,1
2023-06-01,2023-06-02,train_in_sample,SPY,0.5799925923347473,1,1
2023-06-01,2023-06-02,train_in_sample,QQQ,0.4882507026195526,1,0
2023-06-01,2023-06-02,train_in_sample,IWM,0.5395035743713379,1,1
2023-06-02,2023-06-05,train_in_sample,SPY,0.594628095626831,0,0
2023-06-02,2023-06-05,train_in_sample,QQQ,0.513584554195404,1,1
2023-06-02,2023-06-05,train_in_sample,IWM,0.5266547799110413,0,0
2023-06-05,2023-06-06,train_in_sample,SPY,0.5577184557914734,1,1
2023-06-05,2023-06-06,train_in_sample,QQQ,0.5101543664932251,0,0
2023-06-05,2023-06-06,train_in_sample,IWM,0.5310024619102478,1,1
2023-06-06,2023-06-07,train_in_sample,SPY,0.5953342318534851,0,0
2023-06-06,2023-06-07,train_in_sample,QQQ,0.5107244849205017,0,0
2023-06-06,2023-06-07,train_in_sample,IWM,0.5439099073410034,1,1
2023-06-07,2023-06-08,train_in_sample,SPY,0.5782458782196045,1,1
2023-06-07,2023-06-08,train_in_sample,QQQ,0.5363367199897766,1,1
2023-06-07,2023-06-08,train_in_sample,IWM,0.5390031337738037,0,0
2023-06-08,2023-06-09,train_in_sample,SPY,0.532024085521698,1,1
2023-06-08,2023-06-09,train_in_sample,QQQ,0.5015422701835632,1,1
2023-06-08,2023-06-09,train_in_sample,IWM,0.5314070582389832,0,0
2023-06-09,2023-06-12,train_in_sample,SPY,0.5826454758644104,1,1
2023-06-09,2023-06-12,train_in_sample,QQQ,0.4835769832134247,1,0
2023-06-09,2023-06-12,train_in_sample,IWM,0.5223195552825928,1,1
2023-06-12,2023-06-13,train_in_sample,SPY,0.5647600889205933,1,1
2023-06-12,2023-06-13,train_in_sample,QQQ,0.5060826539993286,1,1
2023-06-12,2023-06-13,train_in_sample,IWM,0.5269166827201843,1,1
2023-06-13,2023-06-14,train_in_sample,SPY,0.5982869863510132,1,1
2023-06-13,2023-06-14,train_in_sample,QQQ,0.5093092322349548,1,1
2023-06-13,2023-06-14,train_in_sample,IWM,0.5177792310714722,0,0
2023-06-14,2023-06-15,train_in_sample,SPY,0.5644752383232117,1,1
2023-06-14,2023-06-15,train_in_sample,QQQ,0.5041426420211792,1,1
2023-06-14,2023-06-15,train_in_sample,IWM,0.5224838256835938,1,1
2023-06-15,2023-06-16,train_in_sample,SPY,0.564105212688446,0,0
2023-06-15,2023-06-16,train_in_sample,QQQ,0.4862191081047058,0,1
2023-06-15,2023-06-16,train_in_sample,IWM,0.5224803686141968,0,0
2023-06-16,2023-06-20,train_in_sample,SPY,0.5823572278022766,0,0
2023-06-16,2023-06-20,train_in_sample,QQQ,0.5229918956756592,0,0
2023-06-16,2023-06-20,train_in_sample,IWM,0.5177745223045349,0,0
2023-06-20,2023-06-21,train_in_sample,SPY,0.5833491086959839,0,0
2023-06-20,2023-06-21,train_in_sample,QQQ,0.5179264545440674,0,0
2023-06-20,2023-06-21,train_in_sample,IWM,0.532132625579834,0,0
2023-06-21,2023-06-22,train_in_sample,SPY,0.5764623880386353,1,1
2023-06-21,2023-06-22,train_in_sample,QQQ,0.516009509563446,1,1
2023-06-21,2023-06-22,train_in_sample,IWM,0.5256491899490356,0,0
2023-06-22,2023-06-23,train_in_sample,SPY,0.5547529458999634,0,0
2023-06-22,2023-06-23,train_in_sample,QQQ,0.5061997771263123,0,0
2023-06-22,2023-06-23,train_in_sample,IWM,0.5488250851631165,0,0
2023-06-23,2023-06-26,train_in_sample,SPY,0.5962359309196472,0,0
2023-06-23,2023-06-26,train_in_sample,QQQ,0.5361486077308655,0,0
2023-06-23,2023-06-26,train_in_sample,IWM,0.5398516058921814,1,1
2023-06-26,2023-06-27,train_in_sample,SPY,0.5791417360305786,1,1
2023-06-26,2023-06-27,train_in_sample,QQQ,0.5333107709884644,1,1
2023-06-26,2023-06-27,train_in_sample,IWM,0.5119693875312805,1,1
2023-06-27,2023-06-28,train_in_sample,SPY,0.5536330342292786,1,1
2023-06-27,2023-06-28,train_in_sample,QQQ,0.5030911564826965,1,1
2023-06-27,2023-06-28,train_in_sample,IWM,0.5372194647789001,1,1
2023-06-28,2023-06-29,train_in_sample,SPY,0.5846387147903442,1,1
2023-06-28,2023-06-29,train_in_sample,QQQ,0.5084229707717896,0,0
2023-06-28,2023-06-29,train_in_sample,IWM,0.5399539470672607,1,1
2023-06-29,2023-06-30,train_in_sample,SPY,0.5988271236419678,1,1
2023-06-29,2023-06-30,train_in_sample,QQQ,0.5068152546882629,1,1
2023-06-29,2023-06-30,train_in_sample,IWM,0.5245223045349121,1,1
2023-06-30,2023-07-03,train_in_sample,SPY,0.578111469745636,1,1
2023-06-30,2023-07-03,train_in_sample,QQQ,0.5031763315200806,1,1
2023-06-30,2023-07-03,train_in_sample,IWM,0.484659343957901,1,0
2023-07-03,2023-07-05,train_in_sample,SPY,0.5878016352653503,0,0
2023-07-03,2023-07-05,train_in_sample,QQQ,0.4981652796268463,0,1
2023-07-03,2023-07-05,train_in_sample,IWM,0.5518550276756287,0,0
2023-07-05,2023-07-06,train_in_sample,SPY,0.563916802406311,0,0
2023-07-05,2023-07-06,train_in_sample,QQQ,0.5259076356887817,0,0
2023-07-05,2023-07-06,train_in_sample,IWM,0.5499091744422913,0,0
2023-07-06,2023-07-07,train_in_sample,SPY,0.5861096978187561,0,0
2023-07-06,2023-07-07,train_in_sample,QQQ,0.5245097279548645,0,0
2023-07-06,2023-07-07,train_in_sample,IWM,0.5454183220863342,1,1
2023-07-07,2023-07-10,train_in_sample,SPY,0.5962020754814148,1,1
2023-07-07,2023-07-10,train_in_sample,QQQ,0.5102365612983704,1,1
2023-07-07,2023-07-10,train_in_sample,IWM,0.5248222947120667,1,1
2023-07-10,2023-07-11,train_in_sample,SPY,0.5723180770874023,1,1
2023-07-10,2023-07-11,train_in_sample,QQQ,0.5232101082801819,1,1
2023-07-10,2023-07-11,train_in_sample,IWM,0.5234150290489197,1,1
2023-07-11,2023-07-12,train_in_sample,SPY,0.5885059833526611,1,1
2023-07-11,2023-07-12,train_in_sample,QQQ,0.5117754936218262,1,1
2023-07-11,2023-07-12,train_in_sample,IWM,0.5444654822349548,1,1
2023-07-12,2023-07-13,train_in_sample,SPY,0.5632908344268799,1,1
2023-07-12,2023-07-13,train_in_sample,QQQ,0.5082066059112549,1,1
2023-07-12,2023-07-13,train_in_sample,IWM,0.5041749477386475,1,1
2023-07-13,2023-07-14,train_in_sample,SPY,0.5735758543014526,0,0
2023-07-13,2023-07-14,train_in_sample,QQQ,0.5026429295539856,0,0
2023-07-13,2023-07-14,train_in_sample,IWM,0.5243769884109497,0,0
2023-07-14,2023-07-17,train_in_sample,SPY,0.5566096305847168,1,1
2023-07-14,2023-07-17,train_in_sample,QQQ,0.5140128135681152,1,1
2023-07-14,2023-07-17,train_in_sample,IWM,0.5146328806877136,1,1
2023-07-17,2023-07-18,train_in_sample,SPY,0.5724016427993774,1,1
2023-07-17,2023-07-18,train_in_sample,QQQ,0.5033336877822876,1,1
2023-07-17,2023-07-18,train_in_sample,IWM,0.5404632091522217,1,1
2023-07-18,2023-07-19,train_in_sample,SPY,0.5569697022438049,1,1
2023-07-18,2023-07-19,train_in_sample,QQQ,0.5254082083702087,0,0
2023-07-18,2023-07-19,train_in_sample,IWM,0.5276734828948975,1,1
2023-07-19,2023-07-20,train_in_sample,SPY,0.5747144222259521,0,0
2023-07-19,2023-07-20,train_in_sample,QQQ,0.5229868292808533,0,0
2023-07-19,2023-07-20,train_in_sample,IWM,0.5234540700912476,0,0
2023-07-20,2023-07-21,train_in_sample,SPY,0.5446527600288391,0,0
2023-07-20,2023-07-21,train_in_sample,QQQ,0.5522571802139282,0,0
2023-07-20,2023-07-21,train_in_sample,IWM,0.5233471989631653,0,0
2023-07-21,2023-07-24,train_in_sample,SPY,0.5661306977272034,1,1
2023-07-21,2023-07-24,train_in_sample,QQQ,0.5295859575271606,1,1
2023-07-21,2023-07-24,train_in_sample,IWM,0.5169108510017395,1,1
2023-07-24,2023-07-25,train_in_sample,SPY,0.5617613792419434,1,1
2023-07-24,2023-07-25,train_in_sample,QQQ,0.5056056976318359,1,1
2023-07-24,2023-07-25,train_in_sample,IWM,0.5157912969589233,0,0
2023-07-25,2023-07-26,train_in_sample,SPY,0.5688475966453552,1,1
2023-07-25,2023-07-26,train_in_sample,QQQ,0.4906727373600006,0,1
2023-07-25,2023-07-26,train_in_sample,IWM,0.5421628952026367,1,1
2023-07-26,2023-07-27,train_in_sample,SPY,0.6021954417228699,0,0
2023-07-26,2023-07-27,train_in_sample,QQQ,0.5043439865112305,0,0
2023-07-26,2023-07-27,train_in_sample,IWM,0.5101441144943237,0,0
2023-07-27,2023-07-28,train_in_sample,SPY,0.5517200827598572,1,1
2023-07-27,2023-07-28,train_in_sample,QQQ,0.4993572235107422,1,0
2023-07-27,2023-07-28,train_in_sample,IWM,0.5240878462791443,1,1
2023-07-28,2023-07-31,train_in_sample,SPY,0.5918346047401428,1,1
2023-07-28,2023-07-31,train_in_sample,QQQ,0.4913170635700226,1,0
2023-07-28,2023-07-31,train_in_sample,IWM,0.5275071263313293,1,1
2023-07-31,2023-08-01,train_in_sample,SPY,0.5926882028579712,0,0
2023-07-31,2023-08-01,train_in_sample,QQQ,0.5128142833709717,0,0
2023-07-31,2023-08-01,train_in_sample,IWM,0.517905592918396,0,0
2023-08-01,2023-08-02,train_in_sample,SPY,0.5677805542945862,0,0
2023-08-01,2023-08-02,train_in_sample,QQQ,0.5152453780174255,0,0
2023-08-01,2023-08-02,train_in_sample,IWM,0.5351232290267944,0,0
2023-08-02,2023-08-03,train_in_sample,SPY,0.5717767477035522,0,0
2023-08-02,2023-08-03,train_in_sample,QQQ,0.5571185350418091,0,0
2023-08-02,2023-08-03,train_in_sample,IWM,0.49448397755622864,0,1
2023-08-03,2023-08-04,train_in_sample,SPY,0.5518119931221008,0,0
2023-08-03,2023-08-04,train_in_sample,QQQ,0.5452107787132263,0,0
2023-08-03,2023-08-04,train_in_sample,IWM,0.5348926186561584,0,0
2023-08-04,2023-08-07,train_in_sample,SPY,0.5762386322021484,1,1
2023-08-04,2023-08-07,train_in_sample,QQQ,0.5187857747077942,1,1
2023-08-04,2023-08-07,train_in_sample,IWM,0.5026752352714539,1,1
2023-08-07,2023-08-08,train_in_sample,SPY,0.5576514005661011,0,0
2023-08-07,2023-08-08,train_in_sample,QQQ,0.513430118560791,0,0
2023-08-07,2023-08-08,train_in_sample,IWM,0.5400963425636292,0,0
2023-08-08,2023-08-09,train_in_sample,SPY,0.5834980010986328,0,0
2023-08-08,2023-08-09,train_in_sample,QQQ,0.5288124680519104,0,0
2023-08-08,2023-08-09,train_in_sample,IWM,0.5373557806015015,0,0
2023-08-09,2023-08-10,train_in_sample,SPY,0.5872354507446289,1,1
2023-08-09,2023-08-10,train_in_sample,QQQ,0.5226779580116272,1,1
2023-08-09,2023-08-10,train_in_sample,IWM,0.5319976210594177,0,0
2023-08-10,2023-08-11,train_in_sample,SPY,0.563438892364502,0,0
2023-08-10,2023-08-11,train_in_sample,QQQ,0.5069143176078796,0,0
2023-08-10,2023-08-11,train_in_sample,IWM,0.5125287175178528,1,1
2023-08-11,2023-08-14,train_in_sample,SPY,0.5783684253692627,1,1
2023-08-11,2023-08-14,train_in_sample,QQQ,0.5306527614593506,1,1
2023-08-11,2023-08-14,train_in_sample,IWM,0.5431150197982788,0,0
2023-08-14,2023-08-15,train_in_sample,SPY,0.5422273278236389,0,0
2023-08-14,2023-08-15,train_in_sample,QQQ,0.5123566389083862,0,0
2023-08-14,2023-08-15,train_in_sample,IWM,0.548704981803894,0,0
2023-08-15,2023-08-16,train_in_sample,SPY,0.5819222927093506,0,0
2023-08-15,2023-08-16,train_in_sample,QQQ,0.5276326537132263,0,0
2023-08-15,2023-08-16,train_in_sample,IWM,0.5236756205558777,0,0
2023-08-16,2023-08-17,train_in_sample,SPY,0.564456582069397,0,0
2023-08-16,2023-08-17,train_in_sample,QQQ,0.5109834671020508,0,0
2023-08-16,2023-08-17,train_in_sample,IWM,0.5297896862030029,0,0
2023-08-17,2023-08-18,train_in_sample,SPY,0.5707042813301086,1,1
2023-08-17,2023-08-18,train_in_sample,QQQ,0.5167883634567261,0,0
2023-08-17,2023-08-18,train_in_sample,IWM,0.5019004344940186,1,1
2023-08-18,2023-08-21,train_in_sample,SPY,0.585740327835083,1,1
2023-08-18,2023-08-21,train_in_sample,QQQ,0.5166420340538025,1,1
2023-08-18,2023-08-21,train_in_sample,IWM,0.5265071988105774,0,0
2023-08-21,2023-08-22,train_in_sample,SPY,0.5526474714279175,0,0
2023-08-21,2023-08-22,train_in_sample,QQQ,0.48242104053497314,0,1
2023-08-21,2023-08-22,train_in_sample,IWM,0.5398183465003967,0,0
2023-08-22,2023-08-23,train_in_sample,SPY,0.5745546817779541,1,1
2023-08-22,2023-08-23,train_in_sample,QQQ,0.49728021025657654,1,0
2023-08-22,2023-08-23,train_in_sample,IWM,0.5224493145942688,1,1
2023-08-23,2023-08-24,train_in_sample,SPY,0.5572836995124817,0,0
2023-08-23,2023-08-24,train_in_sample,QQQ,0.503459095954895,0,0
2023-08-23,2023-08-24,train_in_sample,IWM,0.5393538475036621,0,0
2023-08-24,2023-08-25,train_in_sample,SPY,0.5521582961082458,1,1
2023-08-24,2023-08-25,train_in_sample,QQQ,0.51804518699646,1,1
2023-08-24,2023-08-25,train_in_sample,IWM,0.5262367129325867,1,1
2023-08-25,2023-08-28,train_in_sample,SPY,0.5572521090507507,1,1
2023-08-25,2023-08-28,train_in_sample,QQQ,0.49058103561401367,1,0
2023-08-25,2023-08-28,train_in_sample,IWM,0.5310958623886108,1,1
2023-08-28,2023-08-29,train_in_sample,SPY,0.5749014616012573,1,1
2023-08-28,2023-08-29,train_in_sample,QQQ,0.48889949917793274,1,0
2023-08-28,2023-08-29,train_in_sample,IWM,0.5334616899490356,1,1
2023-08-29,2023-08-30,train_in_sample,SPY,0.5499871969223022,1,1
2023-08-29,2023-08-30,train_in_sample,QQQ,0.511518657207489,1,1
2023-08-29,2023-08-30,train_in_sample,IWM,0.5345443487167358,1,1
2023-08-30,2023-08-31,train_in_sample,SPY,0.5909292101860046,0,0
2023-08-30,2023-08-31,train_in_sample,QQQ,0.5123246908187866,1,1
2023-08-30,2023-08-31,train_in_sample,IWM,0.550282895565033,0,0
2023-08-31,2023-09-01,train_in_sample,SPY,0.590488076210022,1,1
2023-08-31,2023-09-01,train_in_sample,QQQ,0.5146259665489197,0,0
2023-08-31,2023-09-01,train_in_sample,IWM,0.5491409301757812,1,1
2023-09-01,2023-09-05,train_in_sample,SPY,0.5814248919487,0,0
2023-09-01,2023-09-05,train_in_sample,QQQ,0.5076523423194885,1,1
2023-09-01,2023-09-05,train_in_sample,IWM,0.5473337769508362,0,0
2023-09-05,2023-09-06,train_in_sample,SPY,0.5717570185661316,0,0
2023-09-05,2023-09-06,train_in_sample,QQQ,0.5165554285049438,0,0
2023-09-05,2023-09-06,train_in_sample,IWM,0.5621750950813293,0,0
2023-09-06,2023-09-07,train_in_sample,SPY,0.5703330039978027,0,0
2023-09-06,2023-09-07,train_in_sample,QQQ,0.5154491662979126,0,0
2023-09-06,2023-09-07,train_in_sample,IWM,0.5402249693870544,0,0
2023-09-07,2023-09-08,train_in_sample,SPY,0.5674350261688232,1,1
2023-09-07,2023-09-08,train_in_sample,QQQ,0.5208274126052856,1,1
2023-09-07,2023-09-08,train_in_sample,IWM,0.5591362714767456,0,0
2023-09-08,2023-09-11,train_in_sample,SPY,0.5619289875030518,1,1
2023-09-08,2023-09-11,train_in_sample,QQQ,0.5069757699966431,1,1
2023-09-08,2023-09-11,train_in_sample,IWM,0.5254496932029724,1,1
2023-09-11,2023-09-12,train_in_sample,SPY,0.5634720325469971,0,0
2023-09-11,2023-09-12,train_in_sample,QQQ,0.5067424178123474,0,0
2023-09-11,2023-09-12,train_in_sample,IWM,0.5376731753349304,0,0
2023-09-12,2023-09-13,train_in_sample,SPY,0.5906421542167664,1,1
2023-09-12,2023-09-13,train_in_sample,QQQ,0.5219312310218811,1,1
2023-09-12,2023-09-13,train_in_sample,IWM,0.5365141034126282,0,0
2023-09-13,2023-09-14,train_in_sample,SPY,0.545555055141449,1,1
2023-09-13,2023-09-14,train_in_sample,QQQ,0.5150798559188843,1,1
2023-09-13,2023-09-14,train_in_sample,IWM,0.5441089868545532,1,1
2023-09-14,2023-09-15,train_in_sample,SPY,0.5637536644935608,0,0
2023-09-14,2023-09-15,train_in_sample,QQQ,0.5133851766586304,0,0
2023-09-14,2023-09-15,train_in_sample,IWM,0.5241402983665466,0,0
2023-09-15,2023-09-18,train_in_sample,SPY,0.5790982246398926,1,1
2023-09-15,2023-09-18,train_in_sample,QQQ,0.5355978608131409,1,1
2023-09-15,2023-09-18,train_in_sample,IWM,0.5201627016067505,0,0
2023-09-18,2023-09-19,train_in_sample,SPY,0.5671159625053406,0,0
2023-09-18,2023-09-19,train_in_sample,QQQ,0.5046965479850769,0,0
2023-09-18,2023-09-19,train_in_sample,IWM,0.5399194359779358,0,0
2023-09-19,2023-09-20,train_in_sample,SPY,0.5572818517684937,0,0
2023-09-19,2023-09-20,train_in_sample,QQQ,0.5163886547088623,0,0
2023-09-19,2023-09-20,train_in_sample,IWM,0.5615089535713196,0,0
2023-09-20,2023-09-21,train_in_sample,SPY,0.568080484867096,0,0
2023-09-20,2023-09-21,train_in_sample,QQQ,0.511276125907898,0,0
2023-09-20,2023-09-21,train_in_sample,IWM,0.5346929430961609,0,0
2023-09-21,2023-09-22,train_in_sample,SPY,0.5917819142341614,0,0
2023-09-21,2023-09-22,train_in_sample,QQQ,0.5250857472419739,1,1
2023-09-21,2023-09-22,train_in_sample,IWM,0.5326352715492249,0,0
2023-09-22,2023-09-25,train_in_sample,SPY,0.5937324166297913,1,1
2023-09-22,2023-09-25,train_in_sample,QQQ,0.4915402829647064,1,0
2023-09-22,2023-09-25,train_in_sample,IWM,0.537241518497467,1,1
2023-09-25,2023-09-26,train_in_sample,SPY,0.5866421461105347,0,0
2023-09-25,2023-09-26,train_in_sample,QQQ,0.5021299719810486,0,0
2023-09-25,2023-09-26,train_in_sample,IWM,0.5447731018066406,0,0
2023-09-26,2023-09-27,train_in_sample,SPY,0.5918614268302917,1,1
2023-09-26,2023-09-27,train_in_sample,QQQ,0.5147261023521423,1,1
2023-09-26,2023-09-27,train_in_sample,IWM,0.5387659668922424,1,1
2023-09-27,2023-09-28,train_in_sample,SPY,0.5873212218284607,1,1
2023-09-27,2023-09-28,train_in_sample,QQQ,0.5009249448776245,1,1
2023-09-27,2023-09-28,train_in_sample,IWM,0.5446265935897827,1,1
2023-09-28,2023-09-29,train_in_sample,SPY,0.5569238662719727,0,0
2023-09-28,2023-09-29,train_in_sample,QQQ,0.5255774259567261,1,1
2023-09-28,2023-09-29,train_in_sample,IWM,0.5377556681632996,0,0
2023-09-29,2023-10-02,train_in_sample,SPY,0.5718145966529846,0,0
2023-09-29,2023-10-02,train_in_sample,QQQ,0.500116229057312,1,1
2023-09-29,2023-10-02,train_in_sample,IWM,0.5051988363265991,0,0
2023-10-02,2023-10-03,train_in_sample,SPY,0.5529145002365112,0,0
2023-10-02,2023-10-03,train_in_sample,QQQ,0.5014536380767822,0,0
2023-10-02,2023-10-03,train_in_sample,IWM,0.5204282402992249,0,0
2023-10-03,2023-10-04,train_in_sample,SPY,0.5864258408546448,1,1
2023-10-03,2023-10-04,train_in_sample,QQQ,0.5055023431777954,1,1
2023-10-03,2023-10-04,train_in_sample,IWM,0.5203531980514526,1,1
2023-10-04,2023-10-05,train_in_sample,SPY,0.5660680532455444,0,0
2023-10-04,2023-10-05,train_in_sample,QQQ,0.48314031958580017,0,1
2023-10-04,2023-10-05,train_in_sample,IWM,0.520646333694458,1,1
2023-10-05,2023-10-06,train_in_sample,SPY,0.5664318799972534,1,1
2023-10-05,2023-10-06,train_in_sample,QQQ,0.5012831687927246,1,1
2023-10-05,2023-10-06,train_in_sample,IWM,0.5372959971427917,1,1
2023-10-06,2023-10-09,train_in_sample,SPY,0.5495921969413757,1,1
2023-10-06,2023-10-09,train_in_sample,QQQ,0.49887749552726746,1,0
2023-10-06,2023-10-09,train_in_sample,IWM,0.5524048805236816,1,1
2023-10-09,2023-10-10,train_in_sample,SPY,0.5735794305801392,1,1
2023-10-09,2023-10-10,train_in_sample,QQQ,0.5148230791091919,1,1
2023-10-09,2023-10-10,train_in_sample,IWM,0.5443753600120544,1,1
2023-10-10,2023-10-11,train_in_sample,SPY,0.581774890422821,1,1
2023-10-10,2023-10-11,train_in_sample,QQQ,0.4964263141155243,1,0
2023-10-10,2023-10-11,train_in_sample,IWM,0.5248138904571533,0,0
2023-10-11,2023-10-12,train_in_sample,SPY,0.554502546787262,0,0
2023-10-11,2023-10-12,train_in_sample,QQQ,0.5043429732322693,0,0
2023-10-11,2023-10-12,train_in_sample,IWM,0.525655210018158,0,0
2023-10-12,2023-10-13,train_in_sample,SPY,0.5559781789779663,0,0
2023-10-12,2023-10-13,train_in_sample,QQQ,0.5227180123329163,0,0
2023-10-12,2023-10-13,train_in_sample,IWM,0.5365737080574036,0,0
2023-10-13,2023-10-16,train_in_sample,SPY,0.5767725110054016,1,1
2023-10-13,2023-10-16,train_in_sample,QQQ,0.5148209929466248,1,1
2023-10-13,2023-10-16,train_in_sample,IWM,0.5219408273696899,1,1
2023-10-16,2023-10-17,train_in_sample,SPY,0.5718370079994202,0,0
2023-10-16,2023-10-17,train_in_sample,QQQ,0.501168966293335,0,0
2023-10-16,2023-10-17,train_in_sample,IWM,0.5059407949447632,1,1
2023-10-17,2023-10-18,train_in_sample,SPY,0.561052680015564,0,0
2023-10-17,2023-10-18,train_in_sample,QQQ,0.4999852180480957,0,1
2023-10-17,2023-10-18,train_in_sample,IWM,0.5298840403556824,0,0
2023-10-18,2023-10-19,train_in_sample,SPY,0.5833169221878052,0,0
2023-10-18,2023-10-19,train_in_sample,QQQ,0.5047450065612793,0,0
2023-10-18,2023-10-19,train_in_sample,IWM,0.541388750076294,0,0
2023-10-19,2023-10-20,train_in_sample,SPY,0.5658910870552063,0,0
2023-10-19,2023-10-20,train_in_sample,QQQ,0.5033074021339417,0,0
2023-10-19,2023-10-20,train_in_sample,IWM,0.5155688524246216,0,0
2023-10-20,2023-10-23,train_in_sample,SPY,0.584481954574585,0,0
2023-10-20,2023-10-23,train_in_sample,QQQ,0.5246742367744446,1,1
2023-10-20,2023-10-23,train_in_sample,IWM,0.5139285922050476,0,0
2023-10-23,2023-10-24,train_in_sample,SPY,0.56072998046875,1,1
2023-10-23,2023-10-24,train_in_sample,QQQ,0.4977031946182251,1,0
2023-10-23,2023-10-24,train_in_sample,IWM,0.5454621315002441,1,1
2023-10-24,2023-10-25,train_in_sample,SPY,0.5600827932357788,0,0
2023-10-24,2023-10-25,train_in_sample,QQQ,0.486496239900589,0,1
2023-10-24,2023-10-25,train_in_sample,IWM,0.5057753920555115,0,0
2023-10-25,2023-10-26,test_prequential,SPY,0.5693976283073425,0,0
2023-10-25,2023-10-26,test_prequential,QQQ,0.5384075045585632,0,0
2023-10-25,2023-10-26,test_prequential,IWM,0.5136216282844543,1,1
2023-10-26,2023-10-27,test_prequential,SPY,0.5601530075073242,0,0
2023-10-26,2023-10-27,test_prequential,QQQ,0.5254412889480591,1,1
2023-10-26,2023-10-27,test_prequential,IWM,0.5122550129890442,0,0
2023-10-27,2023-10-30,test_prequential,SPY,0.5165483355522156,1,1
2023-10-27,2023-10-30,test_prequential,QQQ,0.4896503686904907,1,0
2023-10-27,2023-10-30,test_prequential,IWM,0.5146149396896362,1,1
2023-10-30,2023-10-31,test_prequential,SPY,0.4978219270706177,1,0
2023-10-30,2023-10-31,test_prequential,QQQ,0.5000501275062561,1,1
2023-10-30,2023-10-31,test_prequential,IWM,0.5033591985702515,1,1
2023-10-31,2023-11-01,test_prequential,SPY,0.5037989616394043,1,1
2023-10-31,2023-11-01,test_prequential,QQQ,0.5263597369194031,1,1
2023-10-31,2023-11-01,test_prequential,IWM,0.5292179584503174,1,1
2023-11-01,2023-11-02,test_prequential,SPY,0.500024676322937,1,1
2023-11-01,2023-11-02,test_prequential,QQQ,0.5357130765914917,1,1
2023-11-01,2023-11-02,test_prequential,IWM,0.5569728016853333,1,1
2023-11-02,2023-11-03,test_prequential,SPY,0.51210618019104,1,1
2023-11-02,2023-11-03,test_prequential,QQQ,0.5687079429626465,1,1
2023-11-02,2023-11-03,test_prequential,IWM,0.5582464337348938,1,1
2023-11-03,2023-11-06,test_prequential,SPY,0.5388912558555603,1,1
2023-11-03,2023-11-06,test_prequential,QQQ,0.5888288021087646,1,1
2023-11-03,2023-11-06,test_prequential,IWM,0.5889500975608826,0,0
2023-11-06,2023-11-07,test_prequential,SPY,0.5153397917747498,1,1
2023-11-06,2023-11-07,test_prequential,QQQ,0.6076967120170593,1,1
2023-11-06,2023-11-07,test_prequential,IWM,0.6200180649757385,0,0
2023-11-07,2023-11-08,test_prequential,SPY,0.5485840439796448,1,1
2023-11-07,2023-11-08,test_prequential,QQQ,0.6226292848587036,1,1
2023-11-07,2023-11-08,test_prequential,IWM,0.6385743021965027,0,0
2023-11-08,2023-11-09,test_prequential,SPY,0.586213231086731,0,0
2023-11-08,2023-11-09,test_prequential,QQQ,0.6321123838424683,0,0
2023-11-08,2023-11-09,test_prequential,IWM,0.6292062401771545,0,0
2023-11-09,2023-11-10,test_prequential,SPY,0.5761858820915222,1,1
2023-11-09,2023-11-10,test_prequential,QQQ,0.6685798168182373,1,1
2023-11-09,2023-11-10,test_prequential,IWM,0.5810303092002869,1,1
2023-11-10,2023-11-13,test_prequential,SPY,0.5983660221099854,0,0
2023-11-10,2023-11-13,test_prequential,QQQ,0.6659176349639893,0,0
2023-11-10,2023-11-13,test_prequential,IWM,0.5893335342407227,1,1
2023-11-13,2023-11-14,test_prequential,SPY,0.6225872039794922,1,1
2023-11-13,2023-11-14,test_prequential,QQQ,0.6844052076339722,1,1
2023-11-13,2023-11-14,test_prequential,IWM,0.6164480447769165,1,1
2023-11-14,2023-11-15,test_prequential,SPY,0.639846920967102,1,1
2023-11-14,2023-11-15,test_prequential,QQQ,0.6833862662315369,1,1
2023-11-14,2023-11-15,test_prequential,IWM,0.586561381816864,1,1
2023-11-15,2023-11-16,test_prequential,SPY,0.645613431930542,1,1
2023-11-15,2023-11-16,test_prequential,QQQ,0.6899740695953369,1,1
2023-11-15,2023-11-16,test_prequential,IWM,0.6104646921157837,0,0
2023-11-16,2023-11-17,test_prequential,SPY,0.6587886810302734,1,1
2023-11-16,2023-11-17,test_prequential,QQQ,0.6965275406837463,1,1
2023-11-16,2023-11-17,test_prequential,IWM,0.6116504073143005,1,1
2023-11-17,2023-11-20,test_prequential,SPY,0.7084395885467529,1,1
2023-11-17,2023-11-20,test_prequential,QQQ,0.7185903191566467,1,1
2023-11-17,2023-11-20,test_prequential,IWM,0.6249768733978271,1,1
2023-11-20,2023-11-21,test_prequential,SPY,0.7007033228874207,0,0
2023-11-20,2023-11-21,test_prequential,QQQ,0.7256394028663635,0,0
2023-11-20,2023-11-21,test_prequential,IWM,0.636821985244751,0,0
2023-11-21,2023-11-22,test_prequential,SPY,0.7084453105926514,1,1
2023-11-21,2023-11-22,test_prequential,QQQ,0.7298128604888916,1,1
2023-11-21,2023-11-22,test_prequential,IWM,0.6512356400489807,1,1
2023-11-22,2023-11-24,test_prequential,SPY,0.7404012084007263,1,1
2023-11-22,2023-11-24,test_prequential,QQQ,0.7382818460464478,0,0
2023-11-22,2023-11-24,test_prequential,IWM,0.6636824607849121,1,1
2023-11-24,2023-11-27,test_prequential,SPY,0.7627264857292175,0,0
2023-11-24,2023-11-27,test_prequential,QQQ,0.7227934002876282,0,0
2023-11-24,2023-11-27,test_prequential,IWM,0.710698664188385,0,0
2023-11-27,2023-11-28,test_prequential,SPY,0.7716493606567383,1,1
2023-11-27,2023-11-28,test_prequential,QQQ,0.7315406203269958,1,1
2023-11-27,2023-11-28,test_prequential,IWM,0.7029402256011963,0,0
2023-11-28,2023-11-29,test_prequential,SPY,0.7892690300941467,0,0
2023-11-28,2023-11-29,test_prequential,QQQ,0.7245396375656128,0,0
2023-11-28,2023-11-29,test_prequential,IWM,0.7052160501480103,1,1
2023-11-29,2023-11-30,test_prequential,SPY,0.7909756302833557,1,1
2023-11-29,2023-11-30,test_prequential,QQQ,0.7346349358558655,0,0
2023-11-29,2023-11-30,test_prequential,IWM,0.7001729607582092,1,1
2023-11-30,2023-12-01,test_prequential,SPY,0.7957478165626526,1,1
2023-11-30,2023-12-01,test_prequential,QQQ,0.726115882396698,1,1
2023-11-30,2023-12-01,test_prequential,IWM,0.6772017478942871,1,1
2023-12-01,2023-12-04,test_prequential,SPY,0.8233136534690857,0,0
2023-12-01,2023-12-04,test_prequential,QQQ,0.7120092511177063,0,0
2023-12-01,2023-12-04,test_prequential,IWM,0.7026469707489014,1,1
2023-12-04,2023-12-05,test_prequential,SPY,0.8249222636222839,0,0
2023-12-04,2023-12-05,test_prequential,QQQ,0.7092969417572021,1,1
2023-12-04,2023-12-05,test_prequential,IWM,0.7058902382850647,0,0
2023-12-05,2023-12-06,test_prequential,SPY,0.8067027926445007,0,0
2023-12-05,2023-12-06,test_prequential,QQQ,0.7057511806488037,0,0
2023-12-05,2023-12-06,test_prequential,IWM,0.7148202061653137,0,0
2023-12-06,2023-12-07,test_prequential,SPY,0.8038166165351868,1,1
2023-12-06,2023-12-07,test_prequential,QQQ,0.671620786190033,1,1
2023-12-06,2023-12-07,test_prequential,IWM,0.7009619474411011,1,1
2023-12-07,2023-12-08,test_prequential,SPY,0.8005201816558838,1,1
2023-12-07,2023-12-08,test_prequential,QQQ,0.6982202529907227,1,1
2023-12-07,2023-12-08,test_prequential,IWM,0.7243695855140686,1,1
2023-12-08,2023-12-11,test_prequential,SPY,0.8193897008895874,1,1
2023-12-08,2023-12-11,test_prequential,QQQ,0.6827645897865295,1,1
2023-12-08,2023-12-11,test_prequential,IWM,0.7252230048179626,1,1
2023-12-11,2023-12-12,test_prequential,SPY,0.8014453053474426,1,1
2023-12-11,2023-12-12,test_prequential,QQQ,0.707344651222229,1,1
2023-12-11,2023-12-12,test_prequential,IWM,0.7335411310195923,0,0
2023-12-12,2023-12-13,test_prequential,SPY,0.8038651943206787,1,1
2023-12-12,2023-12-13,test_prequential,QQQ,0.7110175490379333,1,1
2023-12-12,2023-12-13,test_prequential,IWM,0.75262051820755,1,1
2023-12-13,2023-12-14,test_prequential,SPY,0.8037527203559875,1,1
2023-12-13,2023-12-14,test_prequential,QQQ,0.7217602133750916,0,0
2023-12-13,2023-12-14,test_prequential,IWM,0.7464328408241272,1,1
2023-12-14,2023-12-15,test_prequential,SPY,0.8205183744430542,0,0
2023-12-14,2023-12-15,test_prequential,QQQ,0.728607177734375,1,1
2023-12-14,2023-12-15,test_prequential,IWM,0.7373344302177429,0,0
2023-12-15,2023-12-18,test_prequential,SPY,0.818343460559845,1,1
2023-12-15,2023-12-18,test_prequential,QQQ,0.7419070601463318,1,1
2023-12-15,2023-12-18,test_prequential,IWM,0.7396336197853088,1,1
2023-12-18,2023-12-19,test_prequential,SPY,0.8035759925842285,1,1
2023-12-18,2023-12-19,test_prequential,QQQ,0.7400630712509155,1,1
2023-12-18,2023-12-19,test_prequential,IWM,0.7593308687210083,1,1
2023-12-19,2023-12-20,test_prequential,SPY,0.798007071018219,0,0
2023-12-19,2023-12-20,test_prequential,QQQ,0.653481662273407,0,0
2023-12-19,2023-12-20,test_prequential,IWM,0.7622944712638855,0,0
2023-12-20,2023-12-21,test_prequential,SPY,0.7950170636177063,1,1
2023-12-20,2023-12-21,test_prequential,QQQ,0.6697321534156799,1,1
2023-12-20,2023-12-21,test_prequential,IWM,0.7565975785255432,1,1
2023-12-21,2023-12-22,test_prequential,SPY,0.7973297238349915,1,1
2023-12-21,2023-12-22,test_prequential,QQQ,0.6708717346191406,1,1
2023-12-21,2023-12-22,test_prequential,IWM,0.7674698233604431,1,1
2023-12-22,2023-12-26,test_prequential,SPY,0.7989214658737183,1,1
2023-12-22,2023-12-26,test_prequential,QQQ,0.6889132857322693,1,1
2023-12-22,2023-12-26,test_prequential,IWM,0.7817482948303223,1,1
2023-12-26,2023-12-27,test_prequential,SPY,0.8024259805679321,1,1
2023-12-26,2023-12-27,test_prequential,QQQ,0.7023287415504456,1,1
2023-12-26,2023-12-27,test_prequential,IWM,0.796844482421875,1,1
2023-12-27,2023-12-28,test_prequential,SPY,0.8046358823776245,1,1
2023-12-27,2023-12-28,test_prequential,QQQ,0.7334274053573608,0,0
2023-12-27,2023-12-28,test_prequential,IWM,0.8047030568122864,0,0
2023-12-28,2023-12-29,test_prequential,SPY,0.8137568831443787,0,0
2023-12-28,2023-12-29,test_prequential,QQQ,0.7440392374992371,0,0
2023-12-28,2023-12-29,test_prequential,IWM,0.8124991655349731,0,0
2023-12-29,2024-01-02,test_prequential,SPY,0.8143248558044434,0,0
2023-12-29,2024-01-02,test_prequential,QQQ,0.7601814270019531,0,0
2023-12-29,2024-01-02,test_prequential,IWM,0.8093112111091614,0,0
2024-01-02,2024-01-03,test_prequential,SPY,0.8084269165992737,0,0
2024-01-02,2024-01-03,test_prequential,QQQ,0.777018129825592,0,0
2024-01-02,2024-01-03,test_prequential,IWM,0.801480770111084,0,0
2024-01-03,2024-01-04,test_prequential,SPY,0.8066028356552124,0,0
2024-01-03,2024-01-04,test_prequential,QQQ,0.7732341885566711,0,0
2024-01-03,2024-01-04,test_prequential,IWM,0.8005304336547852,0,0
2024-01-04,2024-01-05,test_prequential,SPY,0.8050633668899536,1,1
2024-01-04,2024-01-05,test_prequential,QQQ,0.764311671257019,1,1
2024-01-04,2024-01-05,test_prequential,IWM,0.8003047704696655,0,0
2024-01-05,2024-01-08,test_prequential,SPY,0.7990819215774536,1,1
2024-01-05,2024-01-08,test_prequential,QQQ,0.765225887298584,1,1
2024-01-05,2024-01-08,test_prequential,IWM,0.7884193658828735,1,1
2024-01-08,2024-01-09,test_prequential,SPY,0.7851794362068176,0,0
2024-01-08,2024-01-09,test_prequential,QQQ,0.7608080506324768,1,1
2024-01-08,2024-01-09,test_prequential,IWM,0.7839829325675964,0,0
2024-01-09,2024-01-10,test_prequential,SPY,0.787462055683136,1,1
2024-01-09,2024-01-10,test_prequential,QQQ,0.7759334444999695,1,1
2024-01-09,2024-01-10,test_prequential,IWM,0.7791038751602173,1,1
2024-01-10,2024-01-11,test_prequential,SPY,0.7853021621704102,0,0
2024-01-10,2024-01-11,test_prequential,QQQ,0.7788368463516235,1,1
2024-01-10,2024-01-11,test_prequential,IWM,0.770344078540802,0,0
2024-01-11,2024-01-12,test_prequential,SPY,0.7713735103607178,1,1
2024-01-11,2024-01-12,test_prequential,QQQ,0.7924683094024658,1,1
2024-01-11,2024-01-12,test_prequential,IWM,0.7551548480987549,0,0
2024-01-12,2024-01-16,test_prequential,SPY,0.7669423222541809,0,0
2024-01-12,2024-01-16,test_prequential,QQQ,0.8005103468894958,0,0
2024-01-12,2024-01-16,test_prequential,IWM,0.7400255799293518,0,0
2024-01-16,2024-01-17,test_prequential,SPY,0.765890896320343,0,0
2024-01-16,2024-01-17,test_prequential,QQQ,0.8112201690673828,0,0
2024-01-16,2024-01-17,test_prequential,IWM,0.7224716544151306,0,0
2024-01-17,2024-01-18,test_prequential,SPY,0.7528843283653259,1,1
2024-01-17,2024-01-18,test_prequential,QQQ,0.8153805136680603,1,1
2024-01-17,2024-01-18,test_prequential,IWM,0.7059236764907837,1,1
2024-01-18,2024-01-19,test_prequential,SPY,0.745721697807312,1,1
2024-01-18,2024-01-19,test_prequential,QQQ,0.8145461082458496,1,1
2024-01-18,2024-01-19,test_prequential,IWM,0.6830873489379883,1,1
2024-01-19,2024-01-22,test_prequential,SPY,0.7413898706436157,1,1
2024-01-19,2024-01-22,test_prequential,QQQ,0.8161402940750122,1,1
2024-01-19,2024-01-22,test_prequential,IWM,0.6779749989509583,1,1
2024-01-22,2024-01-23,test_prequential,SPY,0.7526159882545471,1,1
2024-01-22,2024-01-23,test_prequential,QQQ,0.8204337954521179,1,1
2024-01-22,2024-01-23,test_prequential,IWM,0.6729841828346252,0,0
2024-01-23,2024-01-24,test_prequential,SPY,0.7469481825828552,1,1
2024-01-23,2024-01-24,test_prequential,QQQ,0.8242056965827942,1,1
2024-01-23,2024-01-24,test_prequential,IWM,0.6799173355102539,0,0
2024-01-24,2024-01-25,test_prequential,SPY,0.7539230585098267,1,1
2024-01-24,2024-01-25,test_prequential,QQQ,0.8298754096031189,1,1
2024-01-24,2024-01-25,test_prequential,IWM,0.6525818109512329,1,1
2024-01-25,2024-01-26,test_prequential,SPY,0.7586420178413391,0,0
2024-01-25,2024-01-26,test_prequential,QQQ,0.8357540369033813,0,0
2024-01-25,2024-01-26,test_prequential,IWM,0.6448646187782288,1,1
2024-01-26,2024-01-29,test_prequential,SPY,0.772771954536438,1,1
2024-01-26,2024-01-29,test_prequential,QQQ,0.8366962671279907,1,1
2024-01-26,2024-01-29,test_prequential,IWM,0.6490327715873718,1,1
2024-01-29,2024-01-30,test_prequential,SPY,0.7680187225341797,0,0
2024-01-29,2024-01-30,test_prequential,QQQ,0.8353615403175354,0,0
2024-01-29,2024-01-30,test_prequential,IWM,0.6542608737945557,0,0
2024-01-30,2024-01-31,test_prequential,SPY,0.7721827626228333,0,0
2024-01-30,2024-01-31,test_prequential,QQQ,0.840922474861145,0,0
2024-01-30,2024-01-31,test_prequential,IWM,0.6490707993507385,0,0
2024-01-31,2024-02-01,test_prequential,SPY,0.7767983675003052,1,1
2024-01-31,2024-02-01,test_prequential,QQQ,0.841018795967102,1,1
2024-01-31,2024-02-01,test_prequential,IWM,0.6283362507820129,1,1
2024-02-01,2024-02-02,test_prequential,SPY,0.7727145552635193,1,1
2024-02-01,2024-02-02,test_prequential,QQQ,0.8353632092475891,1,1
2024-02-01,2024-02-02,test_prequential,IWM,0.6424868702888489,0,0
2024-02-02,2024-02-05,test_prequential,SPY,0.7724688053131104,0,0
2024-02-02,2024-02-05,test_prequential,QQQ,0.8349076509475708,0,0
2024-02-02,2024-02-05,test_prequential,IWM,0.6445188522338867,0,0
2024-02-05,2024-02-06,test_prequential,SPY,0.7819088101387024,1,1
2024-02-05,2024-02-06,test_prequential,QQQ,0.8332918286323547,0,0
2024-02-05,2024-02-06,test_prequential,IWM,0.6332223415374756,1,1
2024-02-06,2024-02-07,test_prequential,SPY,0.7825474143028259,1,1
2024-02-06,2024-02-07,test_prequential,QQQ,0.8281219005584717,1,1
2024-02-06,2024-02-07,test_prequential,IWM,0.6249570846557617,0,0
2024-02-07,2024-02-08,test_prequential,SPY,0.7879034876823425,1,1
2024-02-07,2024-02-08,test_prequential,QQQ,0.8218581080436707,1,1
2024-02-07,2024-02-08,test_prequential,IWM,0.6134146451950073,1,1
2024-02-08,2024-02-09,test_prequential,SPY,0.7997252345085144,1,1
2024-02-08,2024-02-09,test_prequential,QQQ,0.8135945200920105,1,1
2024-02-08,2024-02-09,test_prequential,IWM,0.6143115758895874,1,1
2024-02-09,2024-02-12,test_prequential,SPY,0.8011550903320312,0,0
2024-02-09,2024-02-12,test_prequential,QQQ,0.8146955370903015,0,0
2024-02-09,2024-02-12,test_prequential,IWM,0.6101295948028564,1,1
2024-02-12,2024-02-13,test_prequential,SPY,0.8084591627120972,0,0
2024-02-12,2024-02-13,test_prequential,QQQ,0.8073731660842896,0,0
2024-02-12,2024-02-13,test_prequential,IWM,0.6181255578994751,0,0
2024-02-13,2024-02-14,test_prequential,SPY,0.8108742237091064,1,1
2024-02-13,2024-02-14,test_prequential,QQQ,0.8147901892662048,1,1
2024-02-13,2024-02-14,test_prequential,IWM,0.6116018295288086,1,1
2024-02-14,2024-02-15,test_prequential,SPY,0.8070235848426819,1,1
2024-02-14,2024-02-15,test_prequential,QQQ,0.7971423268318176,1,1
2024-02-14,2024-02-15,test_prequential,IWM,0.6189611554145813,1,1
2024-02-15,2024-02-16,test_prequential,SPY,0.8109115362167358,0,0
2024-02-15,2024-02-16,test_prequential,QQQ,0.7974499464035034,0,0
2024-02-15,2024-02-16,test_prequential,IWM,0.6287305355072021,0,0
2024-02-16,2024-02-20,test_prequential,SPY,0.8161140084266663,0,0
2024-02-16,2024-02-20,test_prequential,QQQ,0.796094536781311,0,0
2024-02-16,2024-02-20,test_prequential,IWM,0.6412284970283508,0,0
2024-02-20,2024-02-21,test_prequential,SPY,0.8119341135025024,1,1
2024-02-20,2024-02-21,test_prequential,QQQ,0.7938517332077026,0,0
2024-02-20,2024-02-21,test_prequential,IWM,0.6441844701766968,0,0
2024-02-21,2024-02-22,test_prequential,SPY,0.8116196990013123,1,1
2024-02-21,2024-02-22,test_prequential,QQQ,0.7844123840332031,1,1
2024-02-21,2024-02-22,test_prequential,IWM,0.6415808200836182,1,1
2024-02-22,2024-02-23,test_prequential,SPY,0.8066273331642151,1,1
2024-02-22,2024-02-23,test_prequential,QQQ,0.7632335424423218,0,0
2024-02-22,2024-02-23,test_prequential,IWM,0.6392552256584167,1,1
2024-02-23,2024-02-26,test_prequential,SPY,0.8215238451957703,0,0
2024-02-23,2024-02-26,test_prequential,QQQ,0.757209300994873,0,0
2024-02-23,2024-02-26,test_prequential,IWM,0.6481587290763855,1,1
2024-02-26,2024-02-27,test_prequential,SPY,0.827168345451355,1,1
2024-02-26,2024-02-27,test_prequential,QQQ,0.7379565834999084,1,1
2024-02-26,2024-02-27,test_prequential,IWM,0.6619473695755005,1,1
2024-02-27,2024-02-28,test_prequential,SPY,0.8243036270141602,0,0
2024-02-27,2024-02-28,test_prequential,QQQ,0.7308719754219055,0,0
2024-02-27,2024-02-28,test_prequential,IWM,0.6678682565689087,0,0
2024-02-28,2024-02-29,test_prequential,SPY,0.8281010389328003,1,1
2024-02-28,2024-02-29,test_prequential,QQQ,0.7283877730369568,1,1
2024-02-28,2024-02-29,test_prequential,IWM,0.6755481958389282,1,1
2024-02-29,2024-03-01,test_prequential,SPY,0.8277965784072876,1,1
2024-02-29,2024-03-01,test_prequential,QQQ,0.7165127396583557,1,1
2024-02-29,2024-03-01,test_prequential,IWM,0.6745446920394897,1,1
2024-03-01,2024-03-04,test_prequential,SPY,0.8250066041946411,0,0
2024-03-01,2024-03-04,test_prequential,QQQ,0.7120835781097412,0,0
2024-03-01,2024-03-04,test_prequential,IWM,0.6964675784111023,0,0
2024-03-04,2024-03-05,test_prequential,SPY,0.8232443332672119,0,0
2024-03-04,2024-03-05,test_prequential,QQQ,0.7084956765174866,0,0
2024-03-04,2024-03-05,test_prequential,IWM,0.7050374746322632,0,0
2024-03-05,2024-03-06,test_prequential,SPY,0.8213984966278076,1,1
2024-03-05,2024-03-06,test_prequential,QQQ,0.7094557881355286,1,1
2024-03-05,2024-03-06,test_prequential,IWM,0.7065279483795166,1,1
2024-03-06,2024-03-07,test_prequential,SPY,0.8178849220275879,1,1
2024-03-06,2024-03-07,test_prequential,QQQ,0.6974701881408691,1,1
2024-03-06,2024-03-07,test_prequential,IWM,0.7102908492088318,1,1
2024-03-07,2024-03-08,test_prequential,SPY,0.8125023245811462,0,0
2024-03-07,2024-03-08,test_prequential,QQQ,0.6903542876243591,0,0
2024-03-07,2024-03-08,test_prequential,IWM,0.7288734316825867,0,0
2024-03-08,2024-03-11,test_prequential,SPY,0.8097429275512695,0,0
2024-03-08,2024-03-11,test_prequential,QQQ,0.7045209407806396,0,0
2024-03-08,2024-03-11,test_prequential,IWM,0.7269553542137146,0,0
2024-03-11,2024-03-12,test_prequential,SPY,0.8118142485618591,1,1
2024-03-11,2024-03-12,test_prequential,QQQ,0.6976516246795654,1,1
2024-03-11,2024-03-12,test_prequential,IWM,0.739538311958313,0,0
2024-03-12,2024-03-13,test_prequential,SPY,0.7999127507209778,0,0
2024-03-12,2024-03-13,test_prequential,QQQ,0.689546525478363,0,0
2024-03-12,2024-03-13,test_prequential,IWM,0.7377368211746216,1,1
2024-03-13,2024-03-14,test_prequential,SPY,0.8025406002998352,0,0
2024-03-13,2024-03-14,test_prequential,QQQ,0.6908528208732605,0,0
2024-03-13,2024-03-14,test_prequential,IWM,0.7342622876167297,0,0
2024-03-14,2024-03-15,test_prequential,SPY,0.7990677356719971,0,0
2024-03-14,2024-03-15,test_prequential,QQQ,0.6889148950576782,0,0
2024-03-14,2024-03-15,test_prequential,IWM,0.7277330756187439,1,1
2024-03-15,2024-03-18,test_prequential,SPY,0.789958119392395,1,1
2024-03-15,2024-03-18,test_prequential,QQQ,0.6959302425384521,1,1
2024-03-15,2024-03-18,test_prequential,IWM,0.7191864848136902,0,0
2024-03-18,2024-03-19,test_prequential,SPY,0.7799113988876343,1,1
2024-03-18,2024-03-19,test_prequential,QQQ,0.6744143962860107,1,1
2024-03-18,2024-03-19,test_prequential,IWM,0.7180150747299194,1,1
2024-03-19,2024-03-20,test_prequential,SPY,0.7677868008613586,1,1
2024-03-19,2024-03-20,test_prequential,QQQ,0.6720842123031616,1,1
2024-03-19,2024-03-20,test_prequential,IWM,0.7257329225540161,1,1
2024-03-20,2024-03-21,test_prequential,SPY,0.7629927396774292,1,1
2024-03-20,2024-03-21,test_prequential,QQQ,0.6694074869155884,1,1
2024-03-20,2024-03-21,test_prequential,IWM,0.721685528755188,1,1
2024-03-21,2024-03-22,test_prequential,SPY,0.7614922523498535,0,0
2024-03-21,2024-03-22,test_prequential,QQQ,0.6783661842346191,1,1
2024-03-21,2024-03-22,test_prequential,IWM,0.7196592688560486,0,0
2024-03-22,2024-03-25,test_prequential,SPY,0.7655819654464722,0,0
2024-03-22,2024-03-25,test_prequential,QQQ,0.6918560266494751,0,0
2024-03-22,2024-03-25,test_prequential,IWM,0.7303392887115479,1,1
2024-03-25,2024-03-26,test_prequential,SPY,0.7452911138534546,0,0
2024-03-25,2024-03-26,test_prequential,QQQ,0.6980323791503906,0,0
2024-03-25,2024-03-26,test_prequential,IWM,0.7332980036735535,0,0
2024-03-26,2024-03-27,test_prequential,SPY,0.7364216446876526,1,1
2024-03-26,2024-03-27,test_prequential,QQQ,0.6995534896850586,1,1
2024-03-26,2024-03-27,test_prequential,IWM,0.7257521748542786,1,1
2024-03-27,2024-03-28,test_prequential,SPY,0.7291632294654846,0,0
2024-03-27,2024-03-28,test_prequential,QQQ,0.7040095329284668,0,0
2024-03-27,2024-03-28,test_prequential,IWM,0.7204762101173401,1,1
2024-03-28,2024-04-01,test_prequential,SPY,0.730438768863678,0,0
2024-03-28,2024-04-01,test_prequential,QQQ,0.714257001876831,1,1
2024-03-28,2024-04-01,test_prequential,IWM,0.7242853045463562,0,0
2024-04-01,2024-04-02,test_prequential,SPY,0.6985069513320923,0,0
2024-04-01,2024-04-02,test_prequential,QQQ,0.7151140570640564,0,0
2024-04-01,2024-04-02,test_prequential,IWM,0.7326342463493347,0,0
2024-04-02,2024-04-03,test_prequential,SPY,0.6905893087387085,1,1
2024-04-02,2024-04-03,test_prequential,QQQ,0.7259336113929749,1,1
2024-04-02,2024-04-03,test_prequential,IWM,0.7307137250900269,1,1
2024-04-03,2024-04-04,test_prequential,SPY,0.6722828149795532,0,0
2024-04-03,2024-04-04,test_prequential,QQQ,0.7247917652130127,0,0
2024-04-03,2024-04-04,test_prequential,IWM,0.7285235524177551,0,0
2024-04-04,2024-04-05,test_prequential,SPY,0.6576055288314819,1,1
2024-04-04,2024-04-05,test_prequential,QQQ,0.7158093452453613,1,1
2024-04-04,2024-04-05,test_prequential,IWM,0.7146731019020081,1,1
2024-04-05,2024-04-08,test_prequential,SPY,0.6407163143157959,1,1
2024-04-05,2024-04-08,test_prequential,QQQ,0.7228302955627441,1,1
2024-04-05,2024-04-08,test_prequential,IWM,0.7263163328170776,1,1
2024-04-08,2024-04-09,test_prequential,SPY,0.644807755947113,1,1
2024-04-08,2024-04-09,test_prequential,QQQ,0.7276462912559509,1,1
2024-04-08,2024-04-09,test_prequential,IWM,0.7262685298919678,1,1
2024-04-09,2024-04-10,test_prequential,SPY,0.6458939909934998,0,0
2024-04-09,2024-04-10,test_prequential,QQQ,0.7303191423416138,0,0
2024-04-09,2024-04-10,test_prequential,IWM,0.7295956611633301,0,0
2024-04-10,2024-04-11,test_prequential,SPY,0.6502091288566589,1,1
2024-04-10,2024-04-11,test_prequential,QQQ,0.7465665340423584,1,1
2024-04-10,2024-04-11,test_prequential,IWM,0.7329303622245789,1,1
2024-04-11,2024-04-12,test_prequential,SPY,0.632290244102478,0,0
2024-04-11,2024-04-12,test_prequential,QQQ,0.7347643375396729,0,0
2024-04-11,2024-04-12,test_prequential,IWM,0.7380976676940918,0,0
2024-04-12,2024-04-15,test_prequential,SPY,0.6510341763496399,0,0
2024-04-12,2024-04-15,test_prequential,QQQ,0.7478550672531128,0,0
2024-04-12,2024-04-15,test_prequential,IWM,0.730261504650116,0,0
2024-04-15,2024-04-16,test_prequential,SPY,0.6351872682571411,0,0
2024-04-15,2024-04-16,test_prequential,QQQ,0.7361816167831421,1,1
2024-04-15,2024-04-16,test_prequential,IWM,0.7219906449317932,0,0
2024-04-16,2024-04-17,test_prequential,SPY,0.6372836232185364,0,0
2024-04-16,2024-04-17,test_prequential,QQQ,0.7402965426445007,0,0
2024-04-16,2024-04-17,test_prequential,IWM,0.7288331389427185,0,0
2024-04-17,2024-04-18,test_prequential,SPY,0.617764413356781,0,0
2024-04-17,2024-04-18,test_prequential,QQQ,0.7423021197319031,0,0
2024-04-17,2024-04-18,test_prequential,IWM,0.7116629481315613,0,0
2024-04-18,2024-04-19,test_prequential,SPY,0.6158468127250671,0,0
2024-04-18,2024-04-19,test_prequential,QQQ,0.7379654049873352,0,0
2024-04-18,2024-04-19,test_prequential,IWM,0.7057892084121704,1,1
2024-04-19,2024-04-22,test_prequential,SPY,0.6075848340988159,1,1
2024-04-19,2024-04-22,test_prequential,QQQ,0.7393792271614075,1,1
2024-04-19,2024-04-22,test_prequential,IWM,0.6898500323295593,1,1
2024-04-22,2024-04-23,test_prequential,SPY,0.583570122718811,1,1
2024-04-22,2024-04-23,test_prequential,QQQ,0.7236456274986267,1,1
2024-04-22,2024-04-23,test_prequential,IWM,0.6937894821166992,1,1
2024-04-23,2024-04-24,test_prequential,SPY,0.5830273628234863,0,0
2024-04-23,2024-04-24,test_prequential,QQQ,0.716518223285675,1,1
2024-04-23,2024-04-24,test_prequential,IWM,0.6970581412315369,0,0
2024-04-24,2024-04-25,test_prequential,SPY,0.5769917368888855,0,0
2024-04-24,2024-04-25,test_prequential,QQQ,0.7240220904350281,0,0
2024-04-24,2024-04-25,test_prequential,IWM,0.6908472180366516,0,0
2024-04-25,2024-04-26,test_prequential,SPY,0.5712699294090271,1,1
2024-04-25,2024-04-26,test_prequential,QQQ,0.7314670085906982,1,1
2024-04-25,2024-04-26,test_prequential,IWM,0.6906059980392456,1,1
2024-04-26,2024-04-29,test_prequential,SPY,0.5667248368263245,1,1
2024-04-26,2024-04-29,test_prequential,QQQ,0.7170435786247253,1,1
2024-04-26,2024-04-29,test_prequential,IWM,0.6802523136138916,1,1
2024-04-29,2024-04-30,test_prequential,SPY,0.5715005397796631,0,0
2024-04-29,2024-04-30,test_prequential,QQQ,0.7157456874847412,0,0
2024-04-29,2024-04-30,test_prequential,IWM,0.6812391877174377,0,0
2024-04-30,2024-05-01,test_prequential,SPY,0.5806970596313477,0,0
2024-04-30,2024-05-01,test_prequential,QQQ,0.72417813539505,0,0
2024-04-30,2024-05-01,test_prequential,IWM,0.6702566742897034,1,1
2024-05-01,2024-05-02,test_prequential,SPY,0.5688611268997192,1,1
2024-05-01,2024-05-02,test_prequential,QQQ,0.7204813361167908,1,1
2024-05-01,2024-05-02,test_prequential,IWM,0.6706360578536987,1,1
2024-05-02,2024-05-03,test_prequential,SPY,0.5924729704856873,1,1
2024-05-02,2024-05-03,test_prequential,QQQ,0.7013083100318909,1,1
2024-05-02,2024-05-03,test_prequential,IWM,0.6717913746833801,1,1
2024-05-03,2024-05-06,test_prequential,SPY,0.5968925356864929,1,1
2024-05-03,2024-05-06,test_prequential,QQQ,0.6988261342048645,1,1
2024-05-03,2024-05-06,test_prequential,IWM,0.6715278625488281,1,1
2024-05-06,2024-05-07,test_prequential,SPY,0.60379558801651,1,1
2024-05-06,2024-05-07,test_prequential,QQQ,0.6971428990364075,1,1
2024-05-06,2024-05-07,test_prequential,IWM,0.6888065338134766,1,1
2024-05-07,2024-05-08,test_prequential,SPY,0.6232835650444031,1,1
2024-05-07,2024-05-08,test_prequential,QQQ,0.7037393450737,0,0
2024-05-07,2024-05-08,test_prequential,IWM,0.6944555640220642,0,0
2024-05-08,2024-05-09,test_prequential,SPY,0.6320909261703491,1,1
2024-05-08,2024-05-09,test_prequential,QQQ,0.7013049125671387,1,1
2024-05-08,2024-05-09,test_prequential,IWM,0.7066720128059387,1,1
2024-05-09,2024-05-10,test_prequential,SPY,0.6453618407249451,1,1
2024-05-09,2024-05-10,test_prequential,QQQ,0.6964866518974304,1,1
2024-05-09,2024-05-10,test_prequential,IWM,0.7057545185089111,0,0
2024-05-10,2024-05-13,test_prequential,SPY,0.6597759127616882,1,1
2024-05-10,2024-05-13,test_prequential,QQQ,0.6981400847434998,1,1
2024-05-10,2024-05-13,test_prequential,IWM,0.7058752179145813,1,1
2024-05-13,2024-05-14,test_prequential,SPY,0.6714061498641968,1,1
2024-05-13,2024-05-14,test_prequential,QQQ,0.695106029510498,1,1
2024-05-13,2024-05-14,test_prequential,IWM,0.7104584574699402,1,1
2024-05-14,2024-05-15,test_prequential,SPY,0.6881114840507507,1,1
2024-05-14,2024-05-15,test_prequential,QQQ,0.7068618535995483,1,1
2024-05-14,2024-05-15,test_prequential,IWM,0.7107225656509399,1,1
2024-05-15,2024-05-16,test_prequential,SPY,0.6941036581993103,0,0
2024-05-15,2024-05-16,test_prequential,QQQ,0.7088118195533752,0,0
2024-05-15,2024-05-16,test_prequential,IWM,0.7164787650108337,0,0
2024-05-16,2024-05-17,test_prequential,SPY,0.7171284556388855,1,1
2024-05-16,2024-05-17,test_prequential,QQQ,0.7108625769615173,0,0
2024-05-16,2024-05-17,test_prequential,IWM,0.7249786853790283,1,1
2024-05-17,2024-05-20,test_prequential,SPY,0.7315751314163208,1,1
2024-05-17,2024-05-20,test_prequential,QQQ,0.7081363797187805,1,1
2024-05-17,2024-05-20,test_prequential,IWM,0.725544810295105,1,1
2024-05-20,2024-05-21,test_prequential,SPY,0.739684522151947,1,1
2024-05-20,2024-05-21,test_prequential,QQQ,0.700466513633728,1,1
2024-05-20,2024-05-21,test_prequential,IWM,0.7382223606109619,0,0
2024-05-21,2024-05-22,test_prequential,SPY,0.7505546808242798,0,0
2024-05-21,2024-05-22,test_prequential,QQQ,0.7001969218254089,0,0
2024-05-21,2024-05-22,test_prequential,IWM,0.7415962815284729,0,0
2024-05-22,2024-05-23,test_prequential,SPY,0.7666911482810974,0,0
2024-05-22,2024-05-23,test_prequential,QQQ,0.6962399482727051,0,0
2024-05-22,2024-05-23,test_prequential,IWM,0.7385450601577759,0,0
2024-05-23,2024-05-24,test_prequential,SPY,0.7617663741111755,1,1
2024-05-23,2024-05-24,test_prequential,QQQ,0.690619945526123,1,1
2024-05-23,2024-05-24,test_prequential,IWM,0.7265701293945312,1,1
2024-05-24,2024-05-28,test_prequential,SPY,0.7716920971870422,1,1
2024-05-24,2024-05-28,test_prequential,QQQ,0.6927266716957092,1,1
2024-05-24,2024-05-28,test_prequential,IWM,0.7306801080703735,0,0
2024-05-28,2024-05-29,test_prequential,SPY,0.7800902128219604,0,0
2024-05-28,2024-05-29,test_prequential,QQQ,0.6920880079269409,0,0
2024-05-28,2024-05-29,test_prequential,IWM,0.7289320230484009,0,0
2024-05-29,2024-05-30,test_prequential,SPY,0.7902030348777771,0,0
2024-05-29,2024-05-30,test_prequential,QQQ,0.6980262994766235,0,0
2024-05-29,2024-05-30,test_prequential,IWM,0.7231268286705017,1,1
2024-05-30,2024-05-31,test_prequential,SPY,0.7907606363296509,1,1
2024-05-30,2024-05-31,test_prequential,QQQ,0.6956168413162231,0,0
2024-05-30,2024-05-31,test_prequential,IWM,0.707950234413147,1,1
2024-05-31,2024-06-03,test_prequential,SPY,0.792153537273407,1,1
2024-05-31,2024-06-03,test_prequential,QQQ,0.6912559270858765,1,1
2024-05-31,2024-06-03,test_prequential,IWM,0.7034130096435547,0,0
2024-06-03,2024-06-04,test_prequential,SPY,0.7932670712471008,1,1
2024-06-03,2024-06-04,test_prequential,QQQ,0.6774280667304993,1,1
2024-06-03,2024-06-04,test_prequential,IWM,0.7020491361618042,0,0
2024-06-04,2024-06-05,test_prequential,SPY,0.8000332117080688,1,1
2024-06-04,2024-06-05,test_prequential,QQQ,0.6679670810699463,1,1
2024-06-04,2024-06-05,test_prequential,IWM,0.7002254128456116,1,1
2024-06-05,2024-06-06,test_prequential,SPY,0.7999875545501709,0,0
2024-06-05,2024-06-06,test_prequential,QQQ,0.6699979305267334,0,0
2024-06-05,2024-06-06,test_prequential,IWM,0.684967041015625,0,0
2024-06-06,2024-06-07,test_prequential,SPY,0.8098661303520203,0,0
2024-06-06,2024-06-07,test_prequential,QQQ,0.6629573702812195,0,0
2024-06-06,2024-06-07,test_prequential,IWM,0.6844033002853394,0,0
2024-06-07,2024-06-10,test_prequential,SPY,0.8120434880256653,1,1
2024-06-07,2024-06-10,test_prequential,QQQ,0.6648874878883362,1,1
2024-06-07,2024-06-10,test_prequential,IWM,0.6723936796188354,1,1
2024-06-10,2024-06-11,test_prequential,SPY,0.8134028911590576,1,1
2024-06-10,2024-06-11,test_prequential,QQQ,0.6601576805114746,1,1
2024-06-10,2024-06-11,test_prequential,IWM,0.6676731109619141,0,0
2024-06-11,2024-06-12,test_prequential,SPY,0.8116603493690491,1,1
2024-06-11,2024-06-12,test_prequential,QQQ,0.6613474488258362,1,1
2024-06-11,2024-06-12,test_prequential,IWM,0.660714864730835,1,1
2024-06-12,2024-06-13,test_prequential,SPY,0.8131657242774963,1,1
2024-06-12,2024-06-13,test_prequential,QQQ,0.6744011640548706,1,1
2024-06-12,2024-06-13,test_prequential,IWM,0.6345744132995605,0,0
2024-06-13,2024-06-14,test_prequential,SPY,0.8150965571403503,1,1
2024-06-13,2024-06-14,test_prequential,QQQ,0.6741410493850708,1,1
2024-06-13,2024-06-14,test_prequential,IWM,0.6369545459747314,0,0
2024-06-14,2024-06-17,test_prequential,SPY,0.8174158930778503,1,1
2024-06-14,2024-06-17,test_prequential,QQQ,0.6811361908912659,1,1
2024-06-14,2024-06-17,test_prequential,IWM,0.6297484040260315,1,1
2024-06-17,2024-06-18,test_prequential,SPY,0.8136271238327026,1,1
2024-06-17,2024-06-18,test_prequential,QQQ,0.6953986883163452,1,1
2024-06-17,2024-06-18,test_prequential,IWM,0.6110239028930664,1,1
2024-06-18,2024-06-20,test_prequential,SPY,0.8193781971931458,0,0
2024-06-18,2024-06-20,test_prequential,QQQ,0.7067545056343079,0,0
2024-06-18,2024-06-20,test_prequential,IWM,0.6067432165145874,0,0
2024-06-20,2024-06-21,test_prequential,SPY,0.8227018713951111,0,0
2024-06-20,2024-06-21,test_prequential,QQQ,0.7151510119438171,0,0
2024-06-20,2024-06-21,test_prequential,IWM,0.6007653474807739,1,1
2024-06-21,2024-06-24,test_prequential,SPY,0.8204120397567749,0,0
2024-06-21,2024-06-24,test_prequential,QQQ,0.7219445109367371,0,0
2024-06-21,2024-06-24,test_prequential,IWM,0.5962209105491638,1,1
2024-06-24,2024-06-25,test_prequential,SPY,0.8108131289482117,1,1
2024-06-24,2024-06-25,test_prequential,QQQ,0.7261003255844116,1,1
2024-06-24,2024-06-25,test_prequential,IWM,0.595170795917511,0,0
2024-06-25,2024-06-26,test_prequential,SPY,0.805842936038971,1,1
2024-06-25,2024-06-26,test_prequential,QQQ,0.7218474745750427,1,1
2024-06-25,2024-06-26,test_prequential,IWM,0.5969586968421936,0,0
2024-06-26,2024-06-27,test_prequential,SPY,0.8107435703277588,1,1
2024-06-26,2024-06-27,test_prequential,QQQ,0.7250683903694153,1,1
2024-06-26,2024-06-27,test_prequential,IWM,0.5918753743171692,1,1
2024-06-27,2024-06-28,test_prequential,SPY,0.8050106763839722,0,0
2024-06-27,2024-06-28,test_prequential,QQQ,0.7352790236473083,0,0
2024-06-27,2024-06-28,test_prequential,IWM,0.5785431265830994,1,1
2024-06-28,2024-07-01,test_prequential,SPY,0.8079661726951599,1,1
2024-06-28,2024-07-01,test_prequential,QQQ,0.7417476177215576,1,1
2024-06-28,2024-07-01,test_prequential,IWM,0.5707300305366516,0,0
2024-07-01,2024-07-02,test_prequential,SPY,0.7985985279083252,1,1
2024-07-01,2024-07-02,test_prequential,QQQ,0.7451843023300171,1,1
2024-07-01,2024-07-02,test_prequential,IWM,0.573222279548645,1,1
2024-07-02,2024-07-03,test_prequential,SPY,0.7959374189376831,1,1
2024-07-02,2024-07-03,test_prequential,QQQ,0.7524519562721252,1,1
2024-07-02,2024-07-03,test_prequential,IWM,0.5686911344528198,0,0
2024-07-03,2024-07-05,test_prequential,SPY,0.8005697727203369,1,1
2024-07-03,2024-07-05,test_prequential,QQQ,0.7505365610122681,1,1
2024-07-03,2024-07-05,test_prequential,IWM,0.5705994367599487,0,0
2024-07-05,2024-07-08,test_prequential,SPY,0.7992205023765564,1,1
2024-07-05,2024-07-08,test_prequential,QQQ,0.7606765031814575,1,1
2024-07-05,2024-07-08,test_prequential,IWM,0.5558538436889648,1,1
2024-07-08,2024-07-09,test_prequential,SPY,0.8031909465789795,1,1
2024-07-08,2024-07-09,test_prequential,QQQ,0.7661317586898804,1,1
2024-07-08,2024-07-09,test_prequential,IWM,0.5484796166419983,0,0
2024-07-09,2024-07-10,test_prequential,SPY,0.7975318431854248,1,1
2024-07-09,2024-07-10,test_prequential,QQQ,0.7738574147224426,1,1
2024-07-09,2024-07-10,test_prequential,IWM,0.5429059863090515,1,1
2024-07-10,2024-07-11,test_prequential,SPY,0.8017656803131104,0,0
2024-07-10,2024-07-11,test_prequential,QQQ,0.7812048196792603,0,0
2024-07-10,2024-07-11,test_prequential,IWM,0.5328684449195862,1,1
2024-07-11,2024-07-12,test_prequential,SPY,0.7965955138206482,1,1
2024-07-11,2024-07-12,test_prequential,QQQ,0.7914059162139893,1,1
2024-07-11,2024-07-12,test_prequential,IWM,0.519768476486206,1,1
2024-07-12,2024-07-15,test_prequential,SPY,0.8042800426483154,1,1
2024-07-12,2024-07-15,test_prequential,QQQ,0.7908667922019958,1,1
2024-07-12,2024-07-15,test_prequential,IWM,0.5340734720230103,1,1
2024-07-15,2024-07-16,test_prequential,SPY,0.8035174608230591,1,1
2024-07-15,2024-07-16,test_prequential,QQQ,0.7964749336242676,1,1
2024-07-15,2024-07-16,test_prequential,IWM,0.54210364818573,1,1
2024-07-16,2024-07-17,test_prequential,SPY,0.8062586784362793,0,0
2024-07-16,2024-07-17,test_prequential,QQQ,0.800790011882782,0,0
2024-07-16,2024-07-17,test_prequential,IWM,0.5531197190284729,0,0
2024-07-17,2024-07-18,test_prequential,SPY,0.8066740036010742,0,0
2024-07-17,2024-07-18,test_prequential,QQQ,0.8185455799102783,0,0
2024-07-17,2024-07-18,test_prequential,IWM,0.5598251223564148,0,0
2024-07-18,2024-07-19,test_prequential,SPY,0.803277313709259,0,0
2024-07-18,2024-07-19,test_prequential,QQQ,0.808021068572998,0,0
2024-07-18,2024-07-19,test_prequential,IWM,0.5707026720046997,0,0
2024-07-19,2024-07-22,test_prequential,SPY,0.807634711265564,1,1
2024-07-19,2024-07-22,test_prequential,QQQ,0.8121477961540222,1,1
2024-07-19,2024-07-22,test_prequential,IWM,0.5714609622955322,1,1
2024-07-22,2024-07-23,test_prequential,SPY,0.800355851650238,0,0
2024-07-22,2024-07-23,test_prequential,QQQ,0.8086794018745422,0,0
2024-07-22,2024-07-23,test_prequential,IWM,0.5730478763580322,1,1
2024-07-23,2024-07-24,test_prequential,SPY,0.8039127588272095,0,0
2024-07-23,2024-07-24,test_prequential,QQQ,0.8079829812049866,0,0
2024-07-23,2024-07-24,test_prequential,IWM,0.5911276340484619,0,0
2024-07-24,2024-07-25,test_prequential,SPY,0.794094979763031,0,0
2024-07-24,2024-07-25,test_prequential,QQQ,0.815541684627533,0,0
2024-07-24,2024-07-25,test_prequential,IWM,0.5867924094200134,1,1
2024-07-25,2024-07-26,test_prequential,SPY,0.7870996594429016,1,1
2024-07-25,2024-07-26,test_prequential,QQQ,0.8103910088539124,1,1
2024-07-25,2024-07-26,test_prequential,IWM,0.5893964767456055,1,1
2024-07-26,2024-07-29,test_prequential,SPY,0.785219669342041,1,1
2024-07-26,2024-07-29,test_prequential,QQQ,0.8067820072174072,1,1
2024-07-26,2024-07-29,test_prequential,IWM,0.595960795879364,0,0
2024-07-29,2024-07-30,test_prequential,SPY,0.7829104065895081,0,0
2024-07-29,2024-07-30,test_prequential,QQQ,0.8035006523132324,0,0
2024-07-29,2024-07-30,test_prequential,IWM,0.612593948841095,1,1
2024-07-30,2024-07-31,test_prequential,SPY,0.7742350697517395,1,1
2024-07-30,2024-07-31,test_prequential,QQQ,0.8028722405433655,1,1
2024-07-30,2024-07-31,test_prequential,IWM,0.6103739142417908,1,1
2024-07-31,2024-08-01,test_prequential,SPY,0.7781825065612793,0,0
2024-07-31,2024-08-01,test_prequential,QQQ,0.8003286719322205,0,0
2024-07-31,2024-08-01,test_prequential,IWM,0.6124051213264465,0,0
2024-08-01,2024-08-02,test_prequential,SPY,0.7595260143280029,0,0
2024-08-01,2024-08-02,test_prequential,QQQ,0.8021669387817383,0,0
2024-08-01,2024-08-02,test_prequential,IWM,0.6213866472244263,0,0
2024-08-02,2024-08-05,test_prequential,SPY,0.7749768495559692,0,0
2024-08-02,2024-08-05,test_prequential,QQQ,0.8066574335098267,0,0
2024-08-02,2024-08-05,test_prequential,IWM,0.6284008026123047,0,0
2024-08-05,2024-08-06,test_prequential,SPY,0.7656061053276062,1,1
2024-08-05,2024-08-06,test_prequential,QQQ,0.8103317022323608,1,1
2024-08-05,2024-08-06,test_prequential,IWM,0.6337564587593079,1,1
2024-08-06,2024-08-07,test_prequential,SPY,0.7579541802406311,0,0
2024-08-06,2024-08-07,test_prequential,QQQ,0.7912306785583496,0,0
2024-08-06,2024-08-07,test_prequential,IWM,0.6255030035972595,0,0
2024-08-07,2024-08-08,test_prequential,SPY,0.7434718608856201,1,1
2024-08-07,2024-08-08,test_prequential,QQQ,0.7840229272842407,1,1
2024-08-07,2024-08-08,test_prequential,IWM,0.6213259100914001,1,1
2024-08-08,2024-08-09,test_prequential,SPY,0.7418174743652344,1,1
2024-08-08,2024-08-09,test_prequential,QQQ,0.7814337611198425,1,1
2024-08-08,2024-08-09,test_prequential,IWM,0.626396119594574,0,0
2024-08-09,2024-08-12,test_prequential,SPY,0.7504320740699768,1,1
2024-08-09,2024-08-12,test_prequential,QQQ,0.7830855250358582,1,1
2024-08-09,2024-08-12,test_prequential,IWM,0.6351252794265747,0,0
2024-08-12,2024-08-13,test_prequential,SPY,0.7524838447570801,1,1
2024-08-12,2024-08-13,test_prequential,QQQ,0.7782202959060669,1,1
2024-08-12,2024-08-13,test_prequential,IWM,0.632227897644043,1,1
2024-08-13,2024-08-14,test_prequential,SPY,0.7497099041938782,1,1
2024-08-13,2024-08-14,test_prequential,QQQ,0.7764170169830322,1,1
2024-08-13,2024-08-14,test_prequential,IWM,0.6208122372627258,0,0
2024-08-14,2024-08-15,test_prequential,SPY,0.7508714199066162,1,1
2024-08-14,2024-08-15,test_prequential,QQQ,0.7799547910690308,1,1
2024-08-14,2024-08-15,test_prequential,IWM,0.6216852068901062,1,1
2024-08-15,2024-08-16,test_prequential,SPY,0.7572970390319824,1,1
2024-08-15,2024-08-16,test_prequential,QQQ,0.7781327962875366,1,1
2024-08-15,2024-08-16,test_prequential,IWM,0.6077598929405212,1,1
2024-08-16,2024-08-19,test_prequential,SPY,0.7647752165794373,1,1
2024-08-16,2024-08-19,test_prequential,QQQ,0.7828262448310852,1,1
2024-08-16,2024-08-19,test_prequential,IWM,0.6224375367164612,1,1
2024-08-19,2024-08-20,test_prequential,SPY,0.7678705453872681,0,0
2024-08-19,2024-08-20,test_prequential,QQQ,0.7795557975769043,0,0
2024-08-19,2024-08-20,test_prequential,IWM,0.6303154826164246,0,0
2024-08-20,2024-08-21,test_prequential,SPY,0.7673702836036682,1,1
2024-08-20,2024-08-21,test_prequential,QQQ,0.7816157937049866,1,1
2024-08-20,2024-08-21,test_prequential,IWM,0.6394463777542114,1,1
2024-08-21,2024-08-22,test_prequential,SPY,0.7788483500480652,0,0
2024-08-21,2024-08-22,test_prequential,QQQ,0.7779996991157532,0,0
2024-08-21,2024-08-22,test_prequential,IWM,0.6387923955917358,0,0
2024-08-22,2024-08-23,test_prequential,SPY,0.7723119854927063,1,1
2024-08-22,2024-08-23,test_prequential,QQQ,0.7807626128196716,1,1
2024-08-22,2024-08-23,test_prequential,IWM,0.6455047130584717,1,1
2024-08-23,2024-08-26,test_prequential,SPY,0.779447615146637,0,0
2024-08-23,2024-08-26,test_prequential,QQQ,0.7802443504333496,0,0
2024-08-23,2024-08-26,test_prequential,IWM,0.6388663649559021,1,1
2024-08-26,2024-08-27,test_prequential,SPY,0.7768222093582153,1,1
2024-08-26,2024-08-27,test_prequential,QQQ,0.7808281183242798,1,1
2024-08-26,2024-08-27,test_prequential,IWM,0.6604320406913757,0,0
2024-08-27,2024-08-28,test_prequential,SPY,0.7791370153427124,0,0
2024-08-27,2024-08-28,test_prequential,QQQ,0.7828267812728882,0,0
2024-08-27,2024-08-28,test_prequential,IWM,0.6651872992515564,0,0
2024-08-28,2024-08-29,test_prequential,SPY,0.7765830159187317,1,1
2024-08-28,2024-08-29,test_prequential,QQQ,0.7812690734863281,0,0
2024-08-28,2024-08-29,test_prequential,IWM,0.6627880930900574,1,1
2024-08-29,2024-08-30,test_prequential,SPY,0.7785333395004272,1,1
2024-08-29,2024-08-30,test_prequential,QQQ,0.7751803994178772,1,1
2024-08-29,2024-08-30,test_prequential,IWM,0.6566881537437439,1,1
2024-08-30,2024-09-03,test_prequential,SPY,0.790885329246521,0,0
2024-08-30,2024-09-03,test_prequential,QQQ,0.7686190009117126,0,0
2024-08-30,2024-09-03,test_prequential,IWM,0.6584047079086304,0,0
2024-09-03,2024-09-04,test_prequential,SPY,0.780174195766449,0,0
2024-09-03,2024-09-04,test_prequential,QQQ,0.7715466618537903,0,0
2024-09-03,2024-09-04,test_prequential,IWM,0.667706310749054,0,0
2024-09-04,2024-09-05,test_prequential,SPY,0.7909213304519653,0,0
2024-09-04,2024-09-05,test_prequential,QQQ,0.7653361558914185,1,1
2024-09-04,2024-09-05,test_prequential,IWM,0.6672272086143494,0,0
2024-09-05,2024-09-06,test_prequential,SPY,0.785790741443634,0,0
2024-09-05,2024-09-06,test_prequential,QQQ,0.7601945996284485,0,0
2024-09-05,2024-09-06,test_prequential,IWM,0.6659517288208008,0,0
2024-09-06,2024-09-09,test_prequential,SPY,0.7771351337432861,1,1
2024-09-06,2024-09-09,test_prequential,QQQ,0.7535061836242676,1,1
2024-09-06,2024-09-09,test_prequential,IWM,0.6611957550048828,1,1
2024-09-09,2024-09-10,test_prequential,SPY,0.7760573029518127,1,1
2024-09-09,2024-09-10,test_prequential,QQQ,0.7528122067451477,1,1
2024-09-09,2024-09-10,test_prequential,IWM,0.6498018503189087,0,0
2024-09-10,2024-09-11,test_prequential,SPY,0.7739809155464172,1,1
2024-09-10,2024-09-11,test_prequential,QQQ,0.7513045072555542,1,1
2024-09-10,2024-09-11,test_prequential,IWM,0.6499127149581909,1,1
2024-09-11,2024-09-12,test_prequential,SPY,0.7664580941200256,1,1
2024-09-11,2024-09-12,test_prequential,QQQ,0.752139151096344,1,1
2024-09-11,2024-09-12,test_prequential,IWM,0.6452176570892334,1,1
2024-09-12,2024-09-13,test_prequential,SPY,0.7751601338386536,1,1
2024-09-12,2024-09-13,test_prequential,QQQ,0.756893515586853,1,1
2024-09-12,2024-09-13,test_prequential,IWM,0.6406696438789368,1,1
2024-09-13,2024-09-16,test_prequential,SPY,0.7782515287399292,1,1
2024-09-13,2024-09-16,test_prequential,QQQ,0.7567771077156067,0,0
2024-09-13,2024-09-16,test_prequential,IWM,0.6455674767494202,1,1
2024-09-16,2024-09-17,test_prequential,SPY,0.7826083898544312,1,1
2024-09-16,2024-09-17,test_prequential,QQQ,0.7542331218719482,1,1
2024-09-16,2024-09-17,test_prequential,IWM,0.6595763564109802,1,1
2024-09-17,2024-09-18,test_prequential,SPY,0.785591185092926,0,0
2024-09-17,2024-09-18,test_prequential,QQQ,0.7541639804840088,0,0
2024-09-17,2024-09-18,test_prequential,IWM,0.6638814210891724,1,1
2024-09-18,2024-09-19,test_prequential,SPY,0.7877917289733887,1,1
2024-09-18,2024-09-19,test_prequential,QQQ,0.7520548105239868,1,1
2024-09-18,2024-09-19,test_prequential,IWM,0.6781495809555054,1,1
2024-09-19,2024-09-20,test_prequential,SPY,0.7871697545051575,0,0
2024-09-19,2024-09-20,test_prequential,QQQ,0.75263911485672,0,0
2024-09-19,2024-09-20,test_prequential,IWM,0.6685780882835388,0,0
2024-09-20,2024-09-23,test_prequential,SPY,0.7957713007926941,1,1
2024-09-20,2024-09-23,test_prequential,QQQ,0.7582727670669556,1,1
2024-09-20,2024-09-23,test_prequential,IWM,0.6937743425369263,0,0
2024-09-23,2024-09-24,test_prequential,SPY,0.7935897707939148,1,1
2024-09-23,2024-09-24,test_prequential,QQQ,0.751997172832489,1,1
2024-09-23,2024-09-24,test_prequential,IWM,0.6956368088722229,1,1
2024-09-24,2024-09-25,test_prequential,SPY,0.7944261431694031,0,0
2024-09-24,2024-09-25,test_prequential,QQQ,0.7550217509269714,1,1
2024-09-24,2024-09-25,test_prequential,IWM,0.700604259967804,0,0
2024-09-25,2024-09-26,test_prequential,SPY,0.7915764451026917,1,1
2024-09-25,2024-09-26,test_prequential,QQQ,0.7527275681495667,1,1
2024-09-25,2024-09-26,test_prequential,IWM,0.7128993272781372,1,1
2024-09-26,2024-09-27,test_prequential,SPY,0.7891548275947571,0,0
2024-09-26,2024-09-27,test_prequential,QQQ,0.75855952501297,0,0
2024-09-26,2024-09-27,test_prequential,IWM,0.7047968506813049,1,1
2024-09-27,2024-09-30,test_prequential,SPY,0.7911030054092407,1,1
2024-09-27,2024-09-30,test_prequential,QQQ,0.7609403729438782,1,1
2024-09-27,2024-09-30,test_prequential,IWM,0.7138493061065674,1,1
2024-09-30,2024-10-01,test_prequential,SPY,0.7936776876449585,0,0
2024-09-30,2024-10-01,test_prequential,QQQ,0.7692961096763611,0,0
2024-09-30,2024-10-01,test_prequential,IWM,0.7201057076454163,0,0
2024-10-01,2024-10-02,test_prequential,SPY,0.7854173183441162,1,1
2024-10-01,2024-10-02,test_prequential,QQQ,0.7749156951904297,1,1
2024-10-01,2024-10-02,test_prequential,IWM,0.7252317070960999,0,0
2024-10-02,2024-10-03,test_prequential,SPY,0.7838713526725769,0,0
2024-10-02,2024-10-03,test_prequential,QQQ,0.7726986408233643,0,0
2024-10-02,2024-10-03,test_prequential,IWM,0.7299797534942627,0,0
2024-10-03,2024-10-04,test_prequential,SPY,0.7825375199317932,1,1
2024-10-03,2024-10-04,test_prequential,QQQ,0.7721248865127563,1,1
2024-10-03,2024-10-04,test_prequential,IWM,0.7318968772888184,1,1
2024-10-04,2024-10-07,test_prequential,SPY,0.7776169180870056,0,0
2024-10-04,2024-10-07,test_prequential,QQQ,0.7715753316879272,0,0
2024-10-04,2024-10-07,test_prequential,IWM,0.7192726135253906,0,0
2024-10-07,2024-10-08,test_prequential,SPY,0.7828847169876099,1,1
2024-10-07,2024-10-08,test_prequential,QQQ,0.7741726636886597,1,1
2024-10-07,2024-10-08,test_prequential,IWM,0.7289817333221436,1,1
2024-10-08,2024-10-09,test_prequential,SPY,0.7711268067359924,1,1
2024-10-08,2024-10-09,test_prequential,QQQ,0.7774636149406433,1,1
2024-10-08,2024-10-09,test_prequential,IWM,0.7233003377914429,1,1
2024-10-09,2024-10-10,test_prequential,SPY,0.7756776213645935,0,0
2024-10-09,2024-10-10,test_prequential,QQQ,0.7779025435447693,0,0
2024-10-09,2024-10-10,test_prequential,IWM,0.7301387786865234,0,0
2024-10-10,2024-10-11,test_prequential,SPY,0.7814837694168091,1,1
2024-10-10,2024-10-11,test_prequential,QQQ,0.7792300581932068,1,1
2024-10-10,2024-10-11,test_prequential,IWM,0.735405445098877,1,1
2024-10-11,2024-10-14,test_prequential,SPY,0.7827453017234802,1,1
2024-10-11,2024-10-14,test_prequential,QQQ,0.7767704129219055,1,1
2024-10-11,2024-10-14,test_prequential,IWM,0.7305060029029846,1,1
2024-10-14,2024-10-15,test_prequential,SPY,0.7770425081253052,0,0
2024-10-14,2024-10-15,test_prequential,QQQ,0.7817369103431702,0,0
2024-10-14,2024-10-15,test_prequential,IWM,0.7365618944168091,1,1
2024-10-15,2024-10-16,test_prequential,SPY,0.7777867317199707,1,1
2024-10-15,2024-10-16,test_prequential,QQQ,0.7884683609008789,1,1
2024-10-15,2024-10-16,test_prequential,IWM,0.7408533096313477,1,1
2024-10-16,2024-10-17,test_prequential,SPY,0.7764338850975037,1,1
2024-10-16,2024-10-17,test_prequential,QQQ,0.7852084636688232,1,1
2024-10-16,2024-10-17,test_prequential,IWM,0.7488675713539124,0,0
2024-10-17,2024-10-18,test_prequential,SPY,0.7771174907684326,1,1
2024-10-17,2024-10-18,test_prequential,QQQ,0.7894117832183838,1,1
2024-10-17,2024-10-18,test_prequential,IWM,0.7537393569946289,0,0
2024-10-18,2024-10-21,test_prequential,SPY,0.7845937013626099,0,0
2024-10-18,2024-10-21,test_prequential,QQQ,0.7915555238723755,1,1
2024-10-18,2024-10-21,test_prequential,IWM,0.7539780139923096,0,0
2024-10-21,2024-10-22,test_prequential,SPY,0.7771687507629395,0,0
2024-10-21,2024-10-22,test_prequential,QQQ,0.8009920716285706,1,1
2024-10-21,2024-10-22,test_prequential,IWM,0.7567030787467957,0,0
2024-10-22,2024-10-23,test_prequential,SPY,0.7750828862190247,0,0
2024-10-22,2024-10-23,test_prequential,QQQ,0.8061476349830627,0,0
2024-10-22,2024-10-23,test_prequential,IWM,0.7505794763565063,0,0
2024-10-23,2024-10-24,test_prequential,SPY,0.7709035277366638,1,1
2024-10-23,2024-10-24,test_prequential,QQQ,0.8098934292793274,1,1
2024-10-23,2024-10-24,test_prequential,IWM,0.743864119052887,1,1
2024-10-24,2024-10-25,test_prequential,SPY,0.7700784206390381,0,0
2024-10-24,2024-10-25,test_prequential,QQQ,0.8089641332626343,1,1
2024-10-24,2024-10-25,test_prequential,IWM,0.7352871894836426,0,0
2024-10-25,2024-10-28,test_prequential,SPY,0.7624465823173523,1,1
2024-10-25,2024-10-28,test_prequential,QQQ,0.8169832825660706,1,1
2024-10-25,2024-10-28,test_prequential,IWM,0.7315524220466614,1,1
2024-10-28,2024-10-29,test_prequential,SPY,0.7597483992576599,1,1
2024-10-28,2024-10-29,test_prequential,QQQ,0.8195133805274963,1,1
2024-10-28,2024-10-29,test_prequential,IWM,0.7236471772193909,0,0
2024-10-29,2024-10-30,test_prequential,SPY,0.7568402290344238,0,0
2024-10-29,2024-10-30,test_prequential,QQQ,0.8287205100059509,0,0
2024-10-29,2024-10-30,test_prequential,IWM,0.7248194217681885,0,0
2024-10-30,2024-10-31,test_prequential,SPY,0.7558211088180542,0,0
2024-10-30,2024-10-31,test_prequential,QQQ,0.8314954042434692,0,0
2024-10-30,2024-10-31,test_prequential,IWM,0.7144848704338074,0,0
2024-10-31,2024-11-01,test_prequential,SPY,0.7508014440536499,1,1
2024-10-31,2024-11-01,test_prequential,QQQ,0.8359692096710205,1,1
2024-10-31,2024-11-01,test_prequential,IWM,0.7067371010780334,1,1
2024-11-01,2024-11-04,test_prequential,SPY,0.7463927268981934,0,0
2024-11-01,2024-11-04,test_prequential,QQQ,0.8343701362609863,0,0
2024-11-01,2024-11-04,test_prequential,IWM,0.6975480318069458,1,1
2024-11-04,2024-11-05,test_prequential,SPY,0.7486324310302734,1,1
2024-11-04,2024-11-05,test_prequential,QQQ,0.8324126601219177,1,1
2024-11-04,2024-11-05,test_prequential,IWM,0.6975076794624329,1,1
2024-11-05,2024-11-06,test_prequential,SPY,0.743342936038971,1,1
2024-11-05,2024-11-06,test_prequential,QQQ,0.8299026489257812,1,1
2024-11-05,2024-11-06,test_prequential,IWM,0.690311074256897,1,1
2024-11-06,2024-11-07,test_prequential,SPY,0.7317930459976196,1,1
2024-11-06,2024-11-07,test_prequential,QQQ,0.8364614248275757,1,1
2024-11-06,2024-11-07,test_prequential,IWM,0.6674615144729614,0,0
2024-11-07,2024-11-08,test_prequential,SPY,0.7431617975234985,1,1
2024-11-07,2024-11-08,test_prequential,QQQ,0.8414307832717896,1,1
2024-11-07,2024-11-08,test_prequential,IWM,0.6887457966804504,1,1
2024-11-08,2024-11-11,test_prequential,SPY,0.7543496489524841,1,1
2024-11-08,2024-11-11,test_prequential,QQQ,0.8399438261985779,0,0
2024-11-08,2024-11-11,test_prequential,IWM,0.6895430088043213,1,1
2024-11-11,2024-11-12,test_prequential,SPY,0.7550954222679138,0,0
2024-11-11,2024-11-12,test_prequential,QQQ,0.8363028764724731,0,0
2024-11-11,2024-11-12,test_prequential,IWM,0.6933583617210388,0,0
2024-11-12,2024-11-13,test_prequential,SPY,0.7600934505462646,1,1
2024-11-12,2024-11-13,test_prequential,QQQ,0.8349798321723938,0,0
2024-11-12,2024-11-13,test_prequential,IWM,0.7038145065307617,0,0
2024-11-13,2024-11-14,test_prequential,SPY,0.7654906511306763,0,0
2024-11-13,2024-11-14,test_prequential,QQQ,0.8317460417747498,0,0
2024-11-13,2024-11-14,test_prequential,IWM,0.6957075595855713,0,0
2024-11-14,2024-11-15,test_prequential,SPY,0.7676321864128113,0,0
2024-11-14,2024-11-15,test_prequential,QQQ,0.8244214057922363,0,0
2024-11-14,2024-11-15,test_prequential,IWM,0.6938144564628601,0,0
2024-11-15,2024-11-18,test_prequential,SPY,0.7729938626289368,1,1
2024-11-15,2024-11-18,test_prequential,QQQ,0.8247203826904297,1,1
2024-11-15,2024-11-18,test_prequential,IWM,0.6827516555786133,1,1
2024-11-18,2024-11-19,test_prequential,SPY,0.7727319598197937,1,1
2024-11-18,2024-11-19,test_prequential,QQQ,0.8112033009529114,1,1
2024-11-18,2024-11-19,test_prequential,IWM,0.6780993342399597,1,1
2024-11-19,2024-11-20,test_prequential,SPY,0.7846978306770325,1,1
2024-11-19,2024-11-20,test_prequential,QQQ,0.8024700880050659,0,0
2024-11-19,2024-11-20,test_prequential,IWM,0.6847065687179565,1,1
2024-11-20,2024-11-21,test_prequential,SPY,0.7897093892097473,1,1
2024-11-20,2024-11-21,test_prequential,QQQ,0.7976586818695068,1,1
2024-11-20,2024-11-21,test_prequential,IWM,0.6846893429756165,1,1
2024-11-21,2024-11-22,test_prequential,SPY,0.7911459803581238,1,1
2024-11-21,2024-11-22,test_prequential,QQQ,0.7893191576004028,1,1
2024-11-21,2024-11-22,test_prequential,IWM,0.6818383932113647,1,1
2024-11-22,2024-11-25,test_prequential,SPY,0.8023760914802551,1,1
2024-11-22,2024-11-25,test_prequential,QQQ,0.7844951152801514,1,1
2024-11-22,2024-11-25,test_prequential,IWM,0.688679039478302,1,1
2024-11-25,2024-11-26,test_prequential,SPY,0.8064008355140686,1,1
2024-11-25,2024-11-26,test_prequential,QQQ,0.7798594236373901,1,1
2024-11-25,2024-11-26,test_prequential,IWM,0.6974195837974548,0,0
2024-11-26,2024-11-27,test_prequential,SPY,0.8156578540802002,0,0
2024-11-26,2024-11-27,test_prequential,QQQ,0.7805258631706238,0,0
2024-11-26,2024-11-27,test_prequential,IWM,0.7083052396774292,1,1
2024-11-27,2024-11-29,test_prequential,SPY,0.8158199191093445,1,1
2024-11-27,2024-11-29,test_prequential,QQQ,0.7760499119758606,1,1
2024-11-27,2024-11-29,test_prequential,IWM,0.7156216502189636,1,1
2024-11-29,2024-12-02,test_prequential,SPY,0.8215529918670654,1,1
2024-11-29,2024-12-02,test_prequential,QQQ,0.7683161497116089,1,1
2024-11-29,2024-12-02,test_prequential,IWM,0.7221297025680542,0,0
2024-12-02,2024-12-03,test_prequential,SPY,0.8227362632751465,1,1
2024-12-02,2024-12-03,test_prequential,QQQ,0.7743827700614929,1,1
2024-12-02,2024-12-03,test_prequential,IWM,0.7218480706214905,0,0
2024-12-03,2024-12-04,test_prequential,SPY,0.8274902701377869,1,1
2024-12-03,2024-12-04,test_prequential,QQQ,0.7727090716362,1,1
2024-12-03,2024-12-04,test_prequential,IWM,0.7246474027633667,1,1
2024-12-04,2024-12-05,test_prequential,SPY,0.8348731994628906,0,0
2024-12-04,2024-12-05,test_prequential,QQQ,0.7729816436767578,0,0
2024-12-04,2024-12-05,test_prequential,IWM,0.7177078127861023,0,0
2024-12-05,2024-12-06,test_prequential,SPY,0.8353856801986694,1,1
2024-12-05,2024-12-06,test_prequential,QQQ,0.7723572254180908,1,1
2024-12-05,2024-12-06,test_prequential,IWM,0.7258262038230896,1,1
2024-12-06,2024-12-09,test_prequential,SPY,0.8366605639457703,0,0
2024-12-06,2024-12-09,test_prequential,QQQ,0.7769712805747986,0,0
2024-12-06,2024-12-09,test_prequential,IWM,0.7212170362472534,0,0
2024-12-09,2024-12-10,test_prequential,SPY,0.840544581413269,0,0
2024-12-09,2024-12-10,test_prequential,QQQ,0.7774951457977295,0,0
2024-12-09,2024-12-10,test_prequential,IWM,0.7255656123161316,0,0
2024-12-10,2024-12-11,test_prequential,SPY,0.8395326137542725,1,1
2024-12-10,2024-12-11,test_prequential,QQQ,0.7749709486961365,1,1
2024-12-10,2024-12-11,test_prequential,IWM,0.723875105381012,1,1
2024-12-11,2024-12-12,test_prequential,SPY,0.8327590227127075,0,0
2024-12-11,2024-12-12,test_prequential,QQQ,0.7773778438568115,0,0
2024-12-11,2024-12-12,test_prequential,IWM,0.7158800363540649,0,0
2024-12-12,2024-12-13,test_prequential,SPY,0.8392841219902039,0,0
2024-12-12,2024-12-13,test_prequential,QQQ,0.7750226259231567,1,1
2024-12-12,2024-12-13,test_prequential,IWM,0.7276673913002014,0,0
2024-12-13,2024-12-16,test_prequential,SPY,0.8352529406547546,1,1
2024-12-13,2024-12-16,test_prequential,QQQ,0.7748827338218689,1,1
2024-12-13,2024-12-16,test_prequential,IWM,0.7201579213142395,1,1
2024-12-16,2024-12-17,test_prequential,SPY,0.8342382311820984,0,0
2024-12-16,2024-12-17,test_prequential,QQQ,0.781049907207489,0,0
2024-12-16,2024-12-17,test_prequential,IWM,0.7124977707862854,0,0
2024-12-17,2024-12-18,test_prequential,SPY,0.8370594382286072,0,0
2024-12-17,2024-12-18,test_prequential,QQQ,0.784512460231781,0,0
2024-12-17,2024-12-18,test_prequential,IWM,0.7179098129272461,0,0
2024-12-18,2024-12-19,test_prequential,SPY,0.8178728818893433,0,0
2024-12-18,2024-12-19,test_prequential,QQQ,0.779421865940094,0,0
2024-12-18,2024-12-19,test_prequential,IWM,0.7142294645309448,0,0
2024-12-19,2024-12-20,test_prequential,SPY,0.8706881999969482,1,1
2024-12-19,2024-12-20,test_prequential,QQQ,0.7951526641845703,1,1
2024-12-19,2024-12-20,test_prequential,IWM,0.7194130420684814,1,1
2024-12-20,2024-12-23,test_prequential,SPY,0.8247573375701904,1,1
2024-12-20,2024-12-23,test_prequential,QQQ,0.8337319493293762,1,1
2024-12-20,2024-12-23,test_prequential,IWM,0.7404575943946838,0,0
2024-12-23,2024-12-24,test_prequential,SPY,0.8129677176475525,1,1
2024-12-23,2024-12-24,test_prequential,QQQ,0.8310719132423401,1,1
2024-12-23,2024-12-24,test_prequential,IWM,0.7199751734733582,1,1
2024-12-24,2024-12-26,test_prequential,SPY,0.8263683319091797,1,1
2024-12-24,2024-12-26,test_prequential,QQQ,0.8295062184333801,0,0
2024-12-24,2024-12-26,test_prequential,IWM,0.7222848534584045,1,1
2024-12-26,2024-12-27,test_prequential,SPY,0.8343422412872314,0,0
2024-12-26,2024-12-27,test_prequential,QQQ,0.8093056082725525,0,0
2024-12-26,2024-12-27,test_prequential,IWM,0.7330880165100098,0,0
2024-12-27,2024-12-30,test_prequential,SPY,0.8366509675979614,0,0
2024-12-27,2024-12-30,test_prequential,QQQ,0.8205348253250122,0,0
2024-12-27,2024-12-30,test_prequential,IWM,0.7353196740150452,0,0
2024-12-30,2024-12-31,test_prequential,SPY,0.8284493684768677,0,0
2024-12-30,2024-12-31,test_prequential,QQQ,0.8270314335823059,0,0
2024-12-30,2024-12-31,test_prequential,IWM,0.7261192798614502,1,1
2024-12-31,2025-01-02,test_prequential,SPY,0.783902645111084,0,0
2024-12-31,2025-01-02,test_prequential,QQQ,0.8386107087135315,0,0
2024-12-31,2025-01-02,test_prequential,IWM,0.6847473978996277,1,1
2025-01-02,2025-01-03,test_prequential,SPY,0.8289890289306641,1,1
2025-01-02,2025-01-03,test_prequential,QQQ,0.8030522465705872,1,1
2025-01-02,2025-01-03,test_prequential,IWM,0.7336828708648682,1,1
2025-01-03,2025-01-06,test_prequential,SPY,0.8187580108642578,1,1
2025-01-03,2025-01-06,test_prequential,QQQ,0.7824421525001526,1,1
2025-01-03,2025-01-06,test_prequential,IWM,0.7279773950576782,1,1
2025-01-06,2025-01-07,test_prequential,SPY,0.8038541674613953,0,0
2025-01-06,2025-01-07,test_prequential,QQQ,0.803780198097229,0,0
2025-01-06,2025-01-07,test_prequential,IWM,0.7324059009552002,0,0
2025-01-07,2025-01-08,test_prequential,SPY,0.7970236539840698,1,1
2025-01-07,2025-01-08,test_prequential,QQQ,0.8061223030090332,1,1
2025-01-07,2025-01-08,test_prequential,IWM,0.7299909591674805,0,0
2025-01-08,2025-01-10,test_prequential,SPY,0.7795936465263367,0,0
2025-01-08,2025-01-10,test_prequential,QQQ,0.8027883768081665,0,0
2025-01-08,2025-01-10,test_prequential,IWM,0.7186381220817566,0,0
2025-01-10,2025-01-13,test_prequential,SPY,0.8049294948577881,1,1
2025-01-10,2025-01-13,test_prequential,QQQ,0.8010798096656799,0,0
2025-01-10,2025-01-13,test_prequential,IWM,0.7329140305519104,1,1
2025-01-13,2025-01-14,test_prequential,SPY,0.7983939051628113,1,1
2025-01-13,2025-01-14,test_prequential,QQQ,0.7944202423095703,0,0
2025-01-13,2025-01-14,test_prequential,IWM,0.7042670845985413,1,1
2025-01-14,2025-01-15,test_prequential,SPY,0.8157742023468018,1,1
2025-01-14,2025-01-15,test_prequential,QQQ,0.7733179330825806,1,1
2025-01-14,2025-01-15,test_prequential,IWM,0.7174286246299744,1,1
2025-01-15,2025-01-16,test_prequential,SPY,0.805995762348175,0,0
2025-01-15,2025-01-16,test_prequential,QQQ,0.7634962797164917,0,0
2025-01-15,2025-01-16,test_prequential,IWM,0.6886901259422302,1,1
2025-01-16,2025-01-17,test_prequential,SPY,0.8059211373329163,1,1
2025-01-16,2025-01-17,test_prequential,QQQ,0.7515003681182861,1,1
2025-01-16,2025-01-17,test_prequential,IWM,0.7148274779319763,1,1
2025-01-17,2025-01-21,test_prequential,SPY,0.8053390979766846,1,1
2025-01-17,2025-01-21,test_prequential,QQQ,0.7497664093971252,1,1
2025-01-17,2025-01-21,test_prequential,IWM,0.7088429927825928,1,1
2025-01-21,2025-01-22,test_prequential,SPY,0.8113272786140442,1,1
2025-01-21,2025-01-22,test_prequential,QQQ,0.734099805355072,1,1
2025-01-21,2025-01-22,test_prequential,IWM,0.7259860634803772,0,0
2025-01-22,2025-01-23,test_prequential,SPY,0.8045139312744141,1,1
2025-01-22,2025-01-23,test_prequential,QQQ,0.7467308044433594,1,1
2025-01-22,2025-01-23,test_prequential,IWM,0.7392823100090027,1,1
2025-01-23,2025-01-24,test_prequential,SPY,0.8135983943939209,0,0
2025-01-23,2025-01-24,test_prequential,QQQ,0.7383537888526917,0,0
2025-01-23,2025-01-24,test_prequential,IWM,0.742536723613739,0,0
2025-01-24,2025-01-27,test_prequential,SPY,0.8170545101165771,0,0
2025-01-24,2025-01-27,test_prequential,QQQ,0.7375398874282837,0,0
2025-01-24,2025-01-27,test_prequential,IWM,0.7575460076332092,0,0
2025-01-27,2025-01-28,test_prequential,SPY,0.812939465045929,1,1
2025-01-27,2025-01-28,test_prequential,QQQ,0.7580596804618835,1,1
2025-01-27,2025-01-28,test_prequential,IWM,0.7342592477798462,1,1
2025-01-28,2025-01-29,test_prequential,SPY,0.8255123496055603,0,0
2025-01-28,2025-01-29,test_prequential,QQQ,0.7346295714378357,0,0
2025-01-28,2025-01-29,test_prequential,IWM,0.7508686184883118,0,0
2025-01-29,2025-01-30,test_prequential,SPY,0.8118323087692261,1,1
2025-01-29,2025-01-30,test_prequential,QQQ,0.7163906693458557,1,1
2025-01-29,2025-01-30,test_prequential,IWM,0.7504824995994568,1,1
2025-01-30,2025-01-31,test_prequential,SPY,0.8091236352920532,0,0
2025-01-30,2025-01-31,test_prequential,QQQ,0.7189875245094299,0,0
2025-01-30,2025-01-31,test_prequential,IWM,0.735149621963501,0,0
2025-01-31,2025-02-03,test_prequential,SPY,0.8140791654586792,0,0
2025-01-31,2025-02-03,test_prequential,QQQ,0.71775221824646,0,0
2025-01-31,2025-02-03,test_prequential,IWM,0.7437671422958374,0,0
2025-02-03,2025-02-04,test_prequential,SPY,0.8070778846740723,1,1
2025-02-03,2025-02-04,test_prequential,QQQ,0.7282854914665222,1,1
2025-02-03,2025-02-04,test_prequential,IWM,0.7513684034347534,1,1
2025-02-04,2025-02-05,test_prequential,SPY,0.8051837682723999,1,1
2025-02-04,2025-02-05,test_prequential,QQQ,0.707013726234436,1,1
2025-02-04,2025-02-05,test_prequential,IWM,0.7550781965255737,1,1
2025-02-05,2025-02-06,test_prequential,SPY,0.79817795753479,1,1
2025-02-05,2025-02-06,test_prequential,QQQ,0.7348124384880066,1,1
2025-02-05,2025-02-06,test_prequential,IWM,0.741952657699585,0,0
2025-02-06,2025-02-07,test_prequential,SPY,0.796440839767456,0,0
2025-02-06,2025-02-07,test_prequential,QQQ,0.7284358143806458,0,0
2025-02-06,2025-02-07,test_prequential,IWM,0.7553135752677917,0,0
2025-02-07,2025-02-10,test_prequential,SPY,0.7951299548149109,1,1
2025-02-07,2025-02-10,test_prequential,QQQ,0.726410448551178,1,1
2025-02-07,2025-02-10,test_prequential,IWM,0.742045521736145,1,1
2025-02-10,2025-02-11,test_prequential,SPY,0.7819033861160278,1,1
2025-02-10,2025-02-11,test_prequential,QQQ,0.7298908829689026,0,0
2025-02-10,2025-02-11,test_prequential,IWM,0.7339490652084351,0,0
2025-02-11,2025-02-12,test_prequential,SPY,0.7904577255249023,0,0
2025-02-11,2025-02-12,test_prequential,QQQ,0.741886556148529,1,1
2025-02-11,2025-02-12,test_prequential,IWM,0.7344471216201782,0,0
2025-02-12,2025-02-13,test_prequential,SPY,0.7917013168334961,1,1
2025-02-12,2025-02-13,test_prequential,QQQ,0.734475314617157,1,1
2025-02-12,2025-02-13,test_prequential,IWM,0.7333796620368958,1,1
2025-02-13,2025-02-14,test_prequential,SPY,0.7868909239768982,0,0
2025-02-13,2025-02-14,test_prequential,QQQ,0.7363241314888,1,1
2025-02-13,2025-02-14,test_prequential,IWM,0.7274547815322876,0,0
2025-02-14,2025-02-18,test_prequential,SPY,0.7797449827194214,1,1
2025-02-14,2025-02-18,test_prequential,QQQ,0.7502468824386597,1,1
2025-02-14,2025-02-18,test_prequential,IWM,0.7252908945083618,1,1
2025-02-18,2025-02-19,test_prequential,SPY,0.7723901867866516,1,1
2025-02-18,2025-02-19,test_prequential,QQQ,0.7489601969718933,1,1
2025-02-18,2025-02-19,test_prequential,IWM,0.7270000576972961,0,0
2025-02-19,2025-02-20,test_prequential,SPY,0.7705218195915222,0,0
2025-02-19,2025-02-20,test_prequential,QQQ,0.7598965764045715,0,0
2025-02-19,2025-02-20,test_prequential,IWM,0.7222378253936768,0,0
2025-02-20,2025-02-21,test_prequential,SPY,0.7884056568145752,0,0
2025-02-20,2025-02-21,test_prequential,QQQ,0.7630491256713867,0,0
2025-02-20,2025-02-21,test_prequential,IWM,0.7189885973930359,0,0
2025-02-21,2025-02-24,test_prequential,SPY,0.7706138491630554,0,0
2025-02-21,2025-02-24,test_prequential,QQQ,0.7648499011993408,0,0
2025-02-21,2025-02-24,test_prequential,IWM,0.7012589573860168,0,0
2025-02-24,2025-02-25,test_prequential,SPY,0.7547532916069031,0,0
2025-02-24,2025-02-25,test_prequential,QQQ,0.7726031541824341,0,0
2025-02-24,2025-02-25,test_prequential,IWM,0.6963999271392822,0,0
2025-02-25,2025-02-26,test_prequential,SPY,0.7680841684341431,1,1
2025-02-25,2025-02-26,test_prequential,QQQ,0.7614375948905945,1,1
2025-02-25,2025-02-26,test_prequential,IWM,0.6973210573196411,1,1
2025-02-26,2025-02-27,test_prequential,SPY,0.7629386186599731,0,0
2025-02-26,2025-02-27,test_prequential,QQQ,0.765788197517395,0,0
2025-02-26,2025-02-27,test_prequential,IWM,0.6896159052848816,0,0
2025-02-27,2025-02-28,test_prequential,SPY,0.737488329410553,1,1
2025-02-27,2025-02-28,test_prequential,QQQ,0.7660088539123535,1,1
2025-02-27,2025-02-28,test_prequential,IWM,0.6745198965072632,1,1
2025-02-28,2025-03-03,test_prequential,SPY,0.7526761889457703,0,0
2025-02-28,2025-03-03,test_prequential,QQQ,0.7730377316474915,0,0
2025-02-28,2025-03-03,test_prequential,IWM,0.6709359884262085,0,0
2025-03-03,2025-03-04,test_prequential,SPY,0.7315583825111389,0,0
2025-03-03,2025-03-04,test_prequential,QQQ,0.7610177993774414,0,0
2025-03-03,2025-03-04,test_prequential,IWM,0.6596298217773438,0,0
2025-03-04,2025-03-05,test_prequential,SPY,0.7424938678741455,1,1
2025-03-04,2025-03-05,test_prequential,QQQ,0.76893550157547,1,1
2025-03-04,2025-03-05,test_prequential,IWM,0.6639188528060913,1,1
2025-03-05,2025-03-06,test_prequential,SPY,0.7476024627685547,0,0
2025-03-05,2025-03-06,test_prequential,QQQ,0.7597641348838806,0,0
2025-03-05,2025-03-06,test_prequential,IWM,0.6531765460968018,0,0
2025-03-06,2025-03-07,test_prequential,SPY,0.7299461960792542,1,1
2025-03-06,2025-03-07,test_prequential,QQQ,0.7643055319786072,1,1
2025-03-06,2025-03-07,test_prequential,IWM,0.6585412621498108,1,1
2025-03-07,2025-03-10,test_prequential,SPY,0.7288323640823364,0,0
2025-03-07,2025-03-10,test_prequential,QQQ,0.7633628845214844,0,0
2025-03-07,2025-03-10,test_prequential,IWM,0.6312704086303711,0,0
2025-03-10,2025-03-11,test_prequential,SPY,0.7219142913818359,0,0
2025-03-10,2025-03-11,test_prequential,QQQ,0.764202892780304,0,0
2025-03-10,2025-03-11,test_prequential,IWM,0.6336445808410645,0,0
2025-03-11,2025-03-12,test_prequential,SPY,0.7360508441925049,1,1
2025-03-11,2025-03-12,test_prequential,QQQ,0.7506179213523865,1,1
2025-03-11,2025-03-12,test_prequential,IWM,0.624946653842926,1,1
2025-03-12,2025-03-13,test_prequential,SPY,0.7254139184951782,0,0
2025-03-12,2025-03-13,test_prequential,QQQ,0.7466948628425598,0,0
2025-03-12,2025-03-13,test_prequential,IWM,0.6215867400169373,0,0
2025-03-13,2025-03-14,test_prequential,SPY,0.699430525302887,1,1
2025-03-13,2025-03-14,test_prequential,QQQ,0.7481659054756165,1,1
2025-03-13,2025-03-14,test_prequential,IWM,0.6194834113121033,1,1
2025-03-14,2025-03-17,test_prequential,SPY,0.7223317623138428,1,1
2025-03-14,2025-03-17,test_prequential,QQQ,0.7329963445663452,1,1
2025-03-14,2025-03-17,test_prequential,IWM,0.6111012101173401,1,1
2025-03-17,2025-03-18,test_prequential,SPY,0.714922308921814,0,0
2025-03-17,2025-03-18,test_prequential,QQQ,0.7445573210716248,0,0
2025-03-17,2025-03-18,test_prequential,IWM,0.6175491213798523,0,0
2025-03-18,2025-03-19,test_prequential,SPY,0.7201859354972839,1,1
2025-03-18,2025-03-19,test_prequential,QQQ,0.747122585773468,1,1
2025-03-18,2025-03-19,test_prequential,IWM,0.6524569988250732,1,1
2025-03-19,2025-03-20,test_prequential,SPY,0.7068930268287659,0,0
2025-03-19,2025-03-20,test_prequential,QQQ,0.733259379863739,0,0
2025-03-19,2025-03-20,test_prequential,IWM,0.6151921153068542,0,0
2025-03-20,2025-03-21,test_prequential,SPY,0.70661461353302,1,1
2025-03-20,2025-03-21,test_prequential,QQQ,0.7484644055366516,1,1
2025-03-20,2025-03-21,test_prequential,IWM,0.63309645652771,0,0
2025-03-21,2025-03-24,test_prequential,SPY,0.7164260149002075,1,1
2025-03-21,2025-03-24,test_prequential,QQQ,0.7462073564529419,1,1
2025-03-21,2025-03-24,test_prequential,IWM,0.6277218461036682,1,1
2025-03-24,2025-03-25,test_prequential,SPY,0.698814332485199,1,1
2025-03-24,2025-03-25,test_prequential,QQQ,0.7369878888130188,1,1
2025-03-24,2025-03-25,test_prequential,IWM,0.5916831493377686,0,0
2025-03-25,2025-03-26,test_prequential,SPY,0.7114622592926025,0,0
2025-03-25,2025-03-26,test_prequential,QQQ,0.7487626671791077,0,0
2025-03-25,2025-03-26,test_prequential,IWM,0.6419035792350769,0,0
2025-03-26,2025-03-27,test_prequential,SPY,0.6979023814201355,0,0
2025-03-26,2025-03-27,test_prequential,QQQ,0.7478252649307251,0,0
2025-03-26,2025-03-27,test_prequential,IWM,0.6419777274131775,0,0
2025-03-27,2025-03-28,test_prequential,SPY,0.703448474407196,0,0
2025-03-27,2025-03-28,test_prequential,QQQ,0.7443484663963318,0,0
2025-03-27,2025-03-28,test_prequential,IWM,0.6106798648834229,0,0
